VEH_NO,PER_NO,ST_CASE,P1,P2,P3,P4,P5,P6,P7,P8,P9,P10
1,1,10001,13,13,13,13,13,13,13,13,13,13
1,1,10002,0,0,0,0,0,0,0,0,0,0
1,1,10003,27,27,27,27,27,27,27,27,27,27
2,1,10003,0,0,0,0,0,0,0,0,0,0
1,1,10004,0,0,0,0,0,0,0,0,0,0
2,1,10004,0,0,0,0,0,0,0,0,0,0
1,1,10005,10,10,10,10,10,10,10,10,10,10
2,1,10005,22,22,22,22,22,22,22,22,22,22
1,1,10006,0,0,0,0,0,0,0,0,0,0
2,1,10006,0,0,0,0,0,0,0,0,0,0
3,1,10006,0,0,0,0,0,0,0,0,0,0
1,1,10007,0,0,0,0,0,0,0,0,0,0
2,1,10007,0,0,0,0,0,0,0,0,0,0
1,1,10008,0,0,0,0,0,0,0,0,0,0
1,1,10009,0,0,0,0,0,0,0,0,0,0
2,1,10009,0,0,0,0,0,0,0,0,0,0
3,1,10009,0,0,0,0,0,0,0,0,0,0
4,1,10009,0,0,0,0,0,0,0,0,0,0
1,1,10010,27,27,27,27,27,27,27,27,27,27
1,1,10011,14,15,31,0,20,17,11,12,17,28
1,1,10012,37,37,37,37,37,37,37,37,37,37
0,1,10013,0,0,0,0,0,0,0,0,0,0
1,1,10013,21,0,0,0,0,0,0,0,0,0
2,1,10013,0,30,0,0,22,3,0,0,0,0
1,1,10014,17,17,17,17,17,17,17,17,17,17
1,1,10015,27,27,27,27,27,27,27,27,27,27
1,1,10016,0,23,0,0,0,0,0,0,0,0
0,1,10017,0,0,0,0,37,0,0,17,0,0
1,1,10017,0,0,0,0,0,0,0,0,0,0
0,1,10018,0,0,0,0,0,0,0,0,0,0
1,1,10018,0,0,0,0,0,0,0,0,0,0
1,1,10019,0,10,0,0,0,0,0,0,0,20
1,1,10020,0,0,0,0,0,0,0,0,0,0
2,1,10020,0,0,0,0,0,0,0,0,0,0
1,1,10021,24,24,24,24,24,24,24,24,24,24
1,1,10022,0,0,0,0,0,0,0,0,0,0
2,1,10022,0,0,0,0,13,0,0,0,0,0
3,1,10022,0,0,0,0,0,0,0,0,0,0
4,1,10022,0,0,0,0,0,0,0,0,0,0
5,1,10022,0,0,0,0,0,0,0,0,0,0
1,1,10023,0,0,0,0,0,0,0,0,0,0
2,1,10023,0,0,0,0,0,0,0,0,0,0
1,1,10024,0,0,0,0,0,0,0,0,0,0
1,1,10025,11,11,11,11,11,11,11,11,11,11
2,1,10025,0,0,0,0,0,0,11,0,0,0
1,1,10026,18,18,18,18,18,18,18,18,18,18
0,1,10027,0,0,30,0,35,0,36,20,15,16
1,1,10027,0,0,0,0,0,0,0,0,0,0
1,1,10028,10,22,7,22,9,2,13,0,0,12
2,1,10028,0,0,0,0,0,0,0,0,0,0
1,1,10029,0,0,0,0,0,0,0,0,0,0
2,1,10029,0,0,0,0,0,0,0,0,7,0
1,1,10030,0,0,0,0,0,0,0,0,0,0
1,1,10031,0,0,0,0,0,0,0,0,0,0
2,1,10031,25,0,26,0,0,0,0,0,0,0
1,1,10032,54,22,11,21,13,29,20,15,17,28
1,1,10033,26,26,26,26,26,26,26,26,26,26
1,1,10034,18,18,18,18,18,18,18,18,18,18
1,1,10035,0,0,0,0,0,0,0,10,25,10
1,1,10036,10,0,0,8,22,0,0,12,0,19
2,1,10036,0,0,0,0,0,0,0,0,0,0
1,1,10037,0,0,0,0,0,0,11,0,0,0
2,1,10037,0,0,0,0,0,0,0,0,0,0
1,1,10038,0,0,0,0,0,0,0,0,0,0
2,1,10038,0,0,0,0,0,0,0,0,0,0
1,1,10039,0,0,0,0,0,0,0,0,0,0
2,1,10039,0,0,0,0,0,0,0,0,0,0
1,1,10040,0,0,0,12,0,0,2,0,12,0
2,1,10040,0,0,0,0,0,0,0,0,0,0
0,1,10041,26,0,35,8,36,24,36,0,25,46
1,1,10041,0,12,0,0,6,0,26,0,0,0
1,1,10042,0,0,0,0,0,0,0,0,0,0
2,1,10042,0,0,0,0,0,0,11,0,0,0
1,1,10043,0,0,0,0,0,0,0,0,0,0
1,1,10044,0,0,0,0,0,9,0,0,0,5
2,1,10044,0,0,0,0,0,0,0,14,0,0
1,1,10045,0,0,0,0,0,0,0,0,0,0
1,1,10046,0,0,0,0,0,0,0,0,0,0
1,1,10047,0,0,0,0,0,0,0,0,0,7
1,1,10048,0,0,0,0,0,0,0,0,0,0
1,1,10049,0,0,0,0,0,0,0,0,0,0
2,1,10049,0,0,0,0,0,0,0,0,0,0
1,1,10050,0,0,0,0,0,0,0,0,0,0
1,1,10051,0,0,0,0,0,0,0,0,0,0
2,1,10051,0,0,0,0,0,12,0,10,0,0
1,1,10052,9,16,0,0,25,0,0,0,16,0
1,1,10053,0,0,0,0,0,0,0,0,0,0
1,1,10054,11,0,13,0,0,0,10,20,18,11
1,1,10055,0,0,0,22,0,23,3,12,0,11
2,1,10055,0,0,0,0,0,0,0,0,0,0
1,1,10056,35,35,35,35,35,35,35,35,35,35
1,1,10057,0,0,0,0,0,0,0,0,0,0
2,1,10057,0,0,0,0,0,0,0,0,0,0
1,1,10058,0,0,5,0,2,0,0,0,7,12
2,1,10058,0,0,0,0,0,0,0,0,0,0
3,1,10058,0,0,0,0,0,0,0,0,0,10
1,1,10059,7,7,7,7,7,7,7,7,7,7
1,1,10060,0,0,0,0,0,0,7,0,0,0
2,1,10060,0,0,0,0,0,0,0,0,0,0
1,1,10061,0,0,0,10,0,16,22,0,0,0
0,1,10062,1,0,13,21,16,0,0,13,0,38
1,1,10062,0,0,0,0,0,0,27,11,0,0
1,1,10063,0,0,0,0,0,0,0,0,0,0
2,1,10063,0,0,0,0,0,0,0,0,0,0
1,1,10064,24,24,24,24,24,24,24,24,24,24
1,1,10065,19,24,9,19,21,15,29,17,20,6
1,1,10066,0,0,0,0,0,0,0,0,0,0
1,1,10067,0,0,0,0,0,0,0,0,0,0
1,1,10068,0,0,0,0,0,0,0,0,0,0
0,1,10069,0,20,0,15,26,12,26,34,23,0
1,1,10069,0,0,0,0,0,0,0,0,0,0
1,1,10070,0,0,14,0,0,0,0,0,0,0
1,1,10071,0,0,0,0,0,0,0,10,0,0
2,1,10071,0,0,0,0,0,0,0,0,0,0
1,1,10072,35,23,16,11,20,14,18,6,14,21
2,1,10072,8,0,0,0,0,0,0,0,0,0
1,1,10073,0,0,0,0,0,0,0,0,0,0
2,1,10073,0,0,0,0,0,0,0,0,0,0
1,1,10074,0,0,0,0,0,0,0,0,0,0
2,1,10074,0,0,0,0,0,0,0,0,0,0
1,1,10075,0,0,0,0,0,0,0,0,0,0
1,1,10076,3,3,3,3,3,3,3,3,3,3
2,1,10076,0,0,0,0,0,0,0,0,0,0
1,1,10077,20,20,20,20,20,20,20,20,20,20
1,1,10078,0,0,0,0,0,0,0,0,0,0
2,1,10078,0,0,0,0,0,0,0,0,0,0
1,1,10079,0,0,0,0,0,0,0,0,0,0
1,1,10080,0,0,0,0,0,0,0,0,0,0
2,1,10080,0,0,0,0,0,0,0,0,0,0
1,1,10081,16,16,16,16,16,16,16,16,16,16
1,1,10082,24,0,13,28,33,11,21,13,13,22
1,1,10083,0,0,0,0,0,0,0,0,0,0
2,1,10083,11,0,0,0,0,0,0,0,0,0
0,1,10084,0,0,0,0,0,0,0,0,0,0
1,1,10084,0,0,0,0,0,0,0,0,0,0
1,1,10085,25,25,25,25,25,25,25,25,25,25
2,1,10085,0,0,0,0,0,0,0,0,0,0
3,1,10085,0,0,0,0,0,0,0,0,0,0
1,1,10086,41,41,41,41,41,41,41,41,41,41
1,1,10087,11,11,11,11,11,11,11,11,11,11
1,1,10088,18,20,0,19,8,2,17,3,0,0
2,1,10088,7,14,0,19,0,0,0,0,0,0
0,1,10089,32,22,20,22,48,17,0,10,13,15
1,1,10089,7,7,7,7,7,7,7,7,7,7
1,1,10090,0,0,0,0,0,0,0,0,0,0
0,1,10091,0,0,0,0,0,0,0,0,0,0
1,1,10091,0,0,0,0,0,0,0,0,0,0
1,1,10092,16,18,17,26,24,17,11,12,25,24
1,1,10093,25,25,25,25,25,25,25,25,25,25
2,1,10093,0,0,0,0,0,0,0,0,0,0
1,1,10094,0,0,0,0,0,0,0,0,0,0
1,1,10095,7,7,0,19,0,0,5,16,11,11
2,1,10095,0,0,0,0,0,0,0,0,0,0
1,1,10096,0,0,0,0,15,0,0,0,0,0
1,1,10097,25,25,25,25,25,25,25,25,25,25
1,1,10098,0,0,0,0,0,0,0,0,0,0
2,1,10098,0,0,5,0,0,0,12,0,25,0
1,1,10099,0,0,0,0,0,0,0,0,0,0
2,1,10099,0,0,0,0,0,0,0,0,0,0
1,1,10100,0,0,0,0,0,0,0,0,0,0
1,1,10101,0,0,23,0,0,0,0,19,0,0
1,1,10102,0,13,13,0,0,0,0,0,0,12
2,1,10102,0,0,0,0,0,0,0,0,0,0
3,1,10102,0,0,0,0,0,0,0,0,0,0
1,1,10103,0,0,0,0,0,0,0,0,0,0
2,1,10103,0,0,0,0,0,0,0,0,0,0
1,1,10104,0,0,0,0,0,0,0,0,0,0
1,1,10105,0,0,0,0,0,0,0,0,0,0
2,1,10105,0,0,0,0,0,0,0,0,0,0
1,1,10106,0,0,0,0,0,0,0,0,0,0
1,1,10107,0,32,0,41,20,11,18,16,26,6
1,1,10108,33,33,33,33,33,33,33,33,33,33
1,1,10109,0,0,0,0,0,0,0,0,0,0
1,1,10110,0,0,0,0,0,0,0,0,0,0
2,1,10110,0,0,0,0,0,0,0,0,0,0
1,1,10111,15,3,0,0,0,2,8,6,0,0
1,1,10112,17,17,17,17,17,17,17,17,17,17
1,1,10113,0,0,0,0,0,0,0,0,0,0
1,1,10114,13,13,13,13,13,13,13,13,13,13
1,1,10115,0,0,0,17,37,23,21,0,19,0
1,1,10116,20,20,20,20,20,20,20,20,20,20
1,1,10117,9,9,9,9,9,9,9,9,9,9
2,1,10117,0,0,0,0,0,0,0,0,0,0
1,1,10118,10,0,0,6,13,16,0,0,0,0
1,1,10119,0,0,0,0,0,0,0,0,0,0
2,1,10119,0,0,0,0,0,0,0,0,0,0
0,1,10120,0,0,0,0,0,0,0,0,0,0
1,1,10120,0,0,0,0,0,0,0,0,0,0
1,1,10121,16,18,20,18,28,10,21,18,17,19
0,1,10122,0,0,0,0,0,0,0,0,0,0
1,1,10122,0,0,0,0,0,0,0,0,0,0
1,1,10123,4,4,4,4,4,4,4,4,4,4
1,1,10124,0,0,0,0,0,0,0,0,0,0
1,1,10125,15,15,15,15,15,15,15,15,15,15
2,1,10125,0,13,0,0,0,0,0,0,0,0
1,1,10126,0,0,12,25,15,0,0,0,0,0
2,1,10126,0,0,0,0,0,0,0,0,0,3
1,1,10127,17,17,17,17,17,17,17,17,17,17
1,1,10128,25,11,29,12,26,14,29,14,18,5
1,1,10129,0,0,0,0,0,0,0,0,0,0
2,1,10129,0,15,0,0,13,0,0,0,0,0
1,1,10130,0,28,15,13,19,32,0,23,13,18
1,1,10131,0,0,0,0,0,0,0,0,0,0
2,1,10131,29,0,0,15,0,0,0,0,0,0
1,1,10132,8,17,5,13,21,16,8,17,21,9
1,1,10133,0,21,14,18,12,26,0,25,14,20
2,1,10133,0,0,0,0,0,0,0,0,0,0
1,1,10134,0,0,0,0,0,0,0,17,0,0
1,1,10135,12,12,12,12,12,12,12,12,12,12
1,1,10136,0,9,0,0,0,0,0,0,0,0
1,1,10137,18,3,14,0,0,4,23,0,27,4
1,1,10138,0,0,0,0,0,0,0,0,0,0
2,1,10138,0,0,0,0,0,0,0,0,0,0
1,1,10139,0,0,0,0,0,0,0,0,0,0
2,1,10139,0,0,0,0,0,0,0,0,0,0
1,1,10140,16,16,16,16,16,16,16,16,16,16
2,1,10140,0,0,0,0,0,0,0,0,0,0
3,1,10140,0,0,0,0,0,0,0,0,0,0
4,1,10140,0,0,0,0,0,0,0,0,0,0
1,1,10141,21,21,21,21,21,21,21,21,21,21
2,1,10141,0,0,0,0,0,0,0,0,0,0
3,1,10141,0,0,0,0,13,0,0,0,0,11
1,1,10142,0,30,0,22,0,0,0,0,0,0
2,1,10142,0,0,0,0,0,0,0,0,0,0
1,1,10143,0,0,0,0,0,0,0,0,0,0
2,1,10143,0,0,0,0,0,0,0,0,0,0
1,1,10144,0,0,0,0,0,0,0,0,0,0
1,1,10145,0,0,0,0,0,0,0,0,0,0
1,1,10146,0,0,6,0,0,0,0,0,0,0
1,1,10147,0,0,0,0,0,0,0,0,0,0
2,1,10147,0,0,0,0,0,25,0,0,0,0
1,1,10148,0,0,0,0,0,0,0,0,0,0
2,1,10148,0,0,0,0,0,0,0,0,0,0
1,1,10149,0,0,7,0,10,29,24,24,4,0
1,1,10150,18,0,16,21,37,24,14,16,17,17
1,1,10151,0,0,0,0,0,0,0,0,0,0
2,1,10151,0,0,0,0,0,0,0,0,0,0
1,1,10152,0,0,0,0,0,0,0,0,0,0
1,1,10153,0,0,0,0,0,0,0,0,0,0
1,1,10154,0,0,0,0,0,0,0,0,0,0
1,1,10155,0,0,0,0,0,0,0,0,0,0
2,1,10155,0,0,0,0,0,0,0,0,0,0
3,1,10155,0,0,8,0,0,0,0,0,0,0
1,1,10156,0,0,0,0,0,0,0,0,0,0
2,1,10156,0,0,0,0,0,0,0,0,0,0
1,1,10157,0,0,0,0,0,0,0,0,0,0
1,1,10158,0,0,0,0,0,0,0,0,0,0
1,1,10159,0,0,0,0,0,0,0,0,0,0
1,1,10160,0,0,0,0,0,0,0,0,0,0
2,1,10160,0,0,0,0,0,0,0,0,0,0
1,1,10161,0,0,0,0,0,0,0,0,0,0
1,1,10162,9,9,9,9,9,9,9,9,9,9
1,1,10163,0,0,0,0,0,0,0,0,0,0
2,1,10163,0,0,0,0,0,0,0,0,0,0
1,1,10164,0,0,0,0,0,0,0,0,0,0
2,1,10164,0,0,0,0,0,0,0,0,0,0
1,1,10165,21,21,21,21,21,21,21,21,21,21
1,1,10166,0,0,0,0,0,0,0,0,0,0
2,1,10166,0,0,12,0,0,0,22,0,0,0
1,1,10167,0,0,0,0,0,0,0,0,0,0
2,1,10167,0,0,0,0,0,0,0,0,0,0
0,1,10168,0,0,0,0,0,0,0,0,0,0
1,1,10168,0,0,0,0,0,0,0,0,0,0
1,1,10169,0,0,0,0,0,0,0,0,0,0
2,1,10169,0,0,0,0,0,0,0,0,0,0
1,1,10170,0,0,19,0,0,0,0,0,0,0
1,1,10171,0,0,0,0,0,0,0,0,0,0
2,1,10171,0,0,0,0,0,0,0,0,0,0
1,1,10172,0,0,0,0,0,0,0,0,0,0
2,1,10172,0,0,0,0,0,0,0,0,0,0
1,1,10173,0,0,0,0,0,0,0,0,0,0
2,1,10173,0,0,0,0,0,12,31,0,21,0
3,1,10173,0,0,0,9,0,0,0,0,0,0
1,1,10174,0,0,0,25,0,0,0,14,24,15
2,1,10174,7,3,0,0,16,0,0,17,18,0
1,1,10175,0,0,0,0,0,0,0,0,0,0
1,1,10176,0,17,0,11,0,0,0,0,0,0
2,1,10176,0,0,0,0,0,0,0,0,0,0
1,1,10177,0,0,0,0,16,0,14,0,0,0
2,1,10177,0,0,11,0,0,0,0,0,0,0
1,1,10178,15,6,25,24,38,21,15,17,7,17
0,1,10179,0,14,0,0,0,0,5,0,0,0
1,1,10179,8,8,8,8,8,8,8,8,8,8
1,1,10180,20,14,17,9,4,14,11,14,3,13
2,1,10180,0,0,0,0,0,0,0,0,0,0
3,1,10180,0,0,0,0,0,0,0,0,0,0
1,1,10182,24,13,13,23,23,35,22,15,24,13
1,1,10183,12,12,12,12,12,12,12,12,12,12
1,1,10184,0,0,0,0,0,0,0,0,0,0
1,1,10185,0,0,0,0,0,0,0,0,0,0
2,1,10185,0,0,0,0,0,0,0,0,0,0
1,1,10186,0,0,0,0,0,0,0,0,0,0
1,1,10187,0,0,0,0,0,0,0,0,0,0
1,1,10188,11,11,11,11,11,11,11,11,11,11
1,1,10189,0,0,33,0,10,12,0,0,10,0
2,1,10189,0,0,0,0,0,0,0,0,0,0
1,1,10190,13,0,11,14,6,2,12,23,5,5
1,1,10191,20,20,20,20,20,20,20,20,20,20
2,1,10191,0,0,0,0,0,0,0,0,0,0
1,1,10192,0,13,0,0,0,0,0,12,0,0
2,1,10192,0,0,0,0,0,8,0,0,0,0
1,1,10193,0,0,0,0,0,0,0,0,0,0
2,1,10193,0,0,0,0,0,0,0,0,0,0
3,1,10193,0,0,0,0,0,0,0,0,0,0
1,1,10194,4,26,18,0,19,19,9,9,8,11
1,1,10195,0,0,0,0,0,0,0,0,0,0
1,1,10196,6,0,0,0,0,0,0,0,0,0
2,1,10196,0,0,0,0,0,0,0,0,0,0
1,1,10197,0,0,0,0,0,0,0,0,0,0
2,1,10197,0,0,0,0,0,0,0,0,0,0
1,1,10198,26,26,26,26,26,26,26,26,26,26
0,1,10199,1,1,1,1,1,1,1,1,1,1
0,2,10199,37,0,0,19,30,0,31,22,0,19
1,1,10199,21,21,21,21,21,21,21,21,21,21
2,1,10199,0,0,0,0,0,0,0,0,0,0
1,1,10200,0,0,0,0,0,0,0,0,0,0
2,1,10200,0,0,0,0,0,0,0,0,0,0
3,1,10200,0,0,0,0,0,0,0,0,0,0
4,1,10200,0,0,0,0,0,0,0,0,0,0
5,1,10200,0,0,0,0,0,0,0,0,0,0
1,1,10201,0,0,0,0,0,0,0,0,0,0
0,1,10202,0,23,5,30,16,22,25,18,14,0
1,1,10202,0,0,0,25,0,26,17,0,0,0
1,1,10203,0,0,0,0,0,0,0,0,0,0
2,1,10203,0,0,0,0,0,0,0,0,0,0
1,1,10204,11,0,0,0,24,0,24,15,0,17
1,1,10205,0,0,0,8,0,9,6,0,10,0
2,1,10205,9,9,9,9,9,9,9,9,9,9
1,1,10206,10,0,0,0,0,0,8,0,0,0
2,1,10206,0,0,0,0,0,0,0,0,0,0
1,1,10207,0,0,0,0,0,0,0,0,0,0
0,1,10208,15,15,15,15,15,15,15,15,15,15
1,1,10208,0,0,0,2,0,0,0,0,0,0
2,1,10208,0,0,0,0,0,0,0,0,0,0
1,1,10209,0,0,0,0,0,0,0,0,0,0
2,1,10209,0,0,0,0,0,0,0,0,0,0
1,1,10210,13,17,17,22,18,13,13,8,6,6
2,1,10210,11,0,10,5,14,0,15,13,0,17
1,1,10211,0,0,15,0,24,0,0,0,0,0
2,1,10211,0,0,0,0,0,0,0,0,14,0
1,1,10212,0,0,0,0,0,0,0,0,0,0
1,1,10213,13,13,13,13,13,13,13,13,13,13
1,1,10214,20,20,20,20,20,20,20,20,20,20
2,1,10215,0,0,0,0,0,0,0,8,14,0
1,1,10216,0,0,10,0,19,0,0,0,0,0
1,1,10217,0,21,0,0,0,0,19,0,0,10
1,1,10218,9,30,13,0,7,0,0,5,3,9
0,1,10219,0,30,37,19,14,18,29,29,9,12
1,1,10219,26,27,8,0,21,0,0,24,38,5
2,1,10219,28,7,18,17,9,10,10,19,20,8
1,1,10220,0,0,0,0,0,0,0,0,0,0
2,1,10220,0,0,0,0,0,0,0,0,0,0
1,1,10221,20,20,20,20,20,20,20,20,20,20
2,1,10221,0,0,0,0,0,0,0,0,0,0
1,1,10222,26,26,26,26,26,26,26,26,26,26
0,1,10223,0,0,0,0,0,0,0,0,0,0
1,1,10223,0,0,0,0,0,0,0,0,0,0
1,1,10224,0,0,0,17,0,0,0,0,0,0
1,1,10225,0,0,0,0,0,2,0,0,0,0
1,1,10226,9,9,9,9,9,9,9,9,9,9
1,1,10227,19,23,18,8,18,35,15,27,5,17
1,1,10228,0,0,0,0,0,0,0,0,0,0
2,1,10228,0,0,0,0,13,0,0,0,20,11
1,1,10229,0,0,0,0,0,11,0,0,0,0
2,1,10229,0,0,0,0,0,0,0,0,0,0
1,1,10230,0,0,0,0,0,0,0,0,0,0
2,1,10230,0,0,0,0,0,0,0,0,0,0
1,1,10231,0,0,0,0,0,0,0,0,0,0
2,1,10231,0,0,0,0,0,0,0,0,0,0
1,1,10232,0,0,0,0,0,0,0,0,0,0
2,1,10232,0,0,0,0,0,0,0,0,0,0
1,1,10233,0,0,0,0,0,0,0,0,0,0
2,1,10233,0,0,0,0,0,0,0,0,0,0
1,1,10234,0,0,0,0,0,0,0,0,0,9
2,1,10234,0,0,0,0,0,0,0,0,0,0
1,1,10235,0,0,0,0,0,0,0,0,0,0
2,1,10235,0,0,0,0,0,0,0,0,0,0
3,1,10235,0,0,0,0,0,0,0,0,0,0
1,1,10236,0,0,17,0,0,21,0,0,0,17
1,1,10237,0,0,5,0,0,0,0,0,0,0
2,1,10237,0,0,0,0,0,0,0,0,0,0
1,1,10238,7,7,7,7,7,7,7,7,7,7
2,1,10238,21,9,6,0,6,17,11,15,10,12
3,1,10238,0,0,0,0,0,0,0,0,0,0
1,1,10239,0,10,24,5,0,0,0,6,36,0
1,1,10240,0,0,0,0,0,0,0,0,0,0
2,1,10240,1,1,1,1,1,1,1,1,1,1
3,1,10240,0,0,0,12,0,0,0,0,0,0
1,1,10241,5,0,0,0,0,0,0,0,0,17
1,1,10242,0,0,0,0,0,0,0,0,0,0
1,1,10243,0,11,0,0,4,0,0,0,0,0
1,1,10244,21,22,13,0,3,20,8,18,19,14
1,1,10245,0,0,17,19,0,0,0,0,0,36
1,1,10246,0,0,0,0,0,0,0,0,0,0
2,1,10246,0,0,0,0,0,0,0,0,0,0
1,1,10247,6,6,6,6,6,6,6,6,6,6
2,1,10247,0,0,0,0,0,0,0,0,0,0
1,1,10248,18,18,18,18,18,18,18,18,18,18
1,1,10249,26,26,26,26,26,26,26,26,26,26
1,1,10250,0,0,0,0,0,0,0,0,0,0
2,1,10250,13,13,13,13,13,13,13,13,13,13
1,1,10251,0,0,0,0,0,0,0,0,0,0
2,1,10251,0,0,0,0,0,0,0,0,0,0
1,1,10252,0,0,0,0,0,0,0,0,0,0
2,1,10252,0,0,0,0,0,0,0,0,0,0
3,1,10252,0,0,0,0,0,0,0,0,0,0
4,1,10252,0,0,17,0,0,0,0,0,0,0
1,1,10253,26,25,0,8,7,13,17,9,3,0
2,1,10253,0,0,0,0,0,0,0,0,0,0
1,1,10254,0,0,0,0,0,0,0,0,0,0
1,1,10255,0,0,0,0,17,0,0,0,0,23
2,1,10255,0,0,0,0,0,0,16,0,0,0
1,1,10256,0,0,14,0,0,0,4,27,10,0
2,1,10256,0,0,0,0,0,0,0,0,0,0
1,1,10257,33,33,33,33,33,33,33,33,33,33
0,1,10258,0,0,0,0,0,0,0,0,0,0
1,1,10258,0,0,0,0,0,0,0,0,0,0
1,1,10259,0,0,0,0,0,0,0,0,0,0
0,1,10260,5,49,26,0,14,0,6,0,32,0
1,1,10260,0,0,0,0,0,0,0,0,0,0
1,1,10261,17,14,19,0,11,19,11,14,20,0
1,1,10262,0,0,0,0,0,0,0,0,0,0
2,1,10262,0,0,0,0,0,0,0,0,0,0
1,1,10263,0,0,0,0,0,21,6,0,0,0
1,1,10264,0,0,0,0,0,0,0,0,0,0
2,1,10264,0,0,0,0,0,0,0,0,0,0
1,1,10265,26,26,26,26,26,26,26,26,26,26
1,1,10266,22,26,26,27,7,9,29,33,11,17
1,1,10267,2,2,2,2,2,2,2,2,2,2
1,1,10268,0,0,0,0,0,0,0,0,0,0
2,1,10268,0,0,0,0,0,0,0,0,0,0
1,1,10269,21,3,24,31,16,16,30,0,11,25
2,1,10269,0,0,0,0,0,0,0,0,0,0
1,1,10270,0,0,0,0,0,0,0,0,0,0
2,1,10270,0,0,0,0,0,0,0,0,0,0
1,1,10271,21,21,21,21,21,21,21,21,21,21
1,1,10272,0,0,0,0,0,0,0,0,0,0
2,1,10272,0,0,0,0,0,0,0,0,0,0
1,1,10273,0,0,0,0,0,0,0,0,0,0
1,1,10274,8,8,8,8,8,8,8,8,8,8
1,1,10275,22,0,0,7,24,9,18,0,21,0
1,1,10276,0,0,0,0,0,0,0,0,0,0
2,1,10276,0,0,0,0,0,0,0,0,0,0
1,1,10277,19,19,19,19,19,19,19,19,19,19
1,1,10278,0,0,0,7,12,0,0,0,0,15
1,1,10279,0,0,0,0,0,0,0,0,0,0
0,1,10280,0,29,0,24,0,0,0,0,16,0
1,1,10280,0,0,0,0,14,0,0,0,0,0
1,1,10281,14,14,14,14,14,14,14,14,14,14
1,1,10282,0,0,0,0,0,0,0,15,14,11
1,1,10283,0,0,0,0,0,0,0,0,0,0
1,1,10284,0,0,0,0,0,0,0,0,0,0
1,1,10285,0,0,0,8,6,0,0,0,0,0
1,1,10286,0,0,0,0,0,0,0,0,0,0
2,1,10286,0,10,21,0,16,0,0,0,7,0
1,1,10287,0,0,0,0,0,0,0,0,0,0
2,1,10287,0,0,0,0,0,0,0,0,0,0
1,1,10288,23,23,23,23,23,23,23,23,23,23
1,1,10289,0,10,11,0,0,12,5,10,8,0
1,1,10290,0,0,0,0,0,0,0,0,0,0
1,1,10291,0,0,0,0,0,0,0,0,0,0
2,1,10291,0,0,0,0,0,0,0,0,0,0
1,1,10292,0,0,0,0,0,0,0,0,0,0
2,1,10292,0,0,0,0,0,0,0,0,0,6
3,1,10292,0,0,0,0,0,0,0,0,0,0
1,1,10293,0,0,0,0,0,0,0,0,0,0
1,1,10294,0,0,4,0,0,0,0,0,0,17
1,1,10295,0,0,0,0,0,0,0,0,0,0
1,1,10296,0,0,22,11,13,16,0,0,11,25
1,1,10297,6,6,6,6,6,6,6,6,6,6
2,1,10297,0,0,0,0,0,0,0,0,0,0
1,1,10298,5,0,0,0,0,0,0,0,0,19
2,1,10298,0,0,0,0,0,0,0,0,0,0
3,1,10298,0,0,0,0,0,0,0,0,0,0
1,1,10299,0,0,0,0,0,0,0,0,0,0
2,1,10299,0,9,0,0,0,0,0,0,0,0
1,1,10300,0,0,0,0,0,0,0,0,0,0
1,1,10301,0,0,0,0,0,0,0,0,0,0
2,1,10301,0,0,0,0,0,0,0,0,0,0
1,1,10302,0,0,0,0,0,0,0,0,0,0
2,1,10302,0,0,0,0,0,0,0,0,0,0
3,1,10302,0,0,0,0,0,0,0,0,0,0
1,1,10303,0,0,0,0,0,0,0,0,0,0
1,1,10304,21,21,21,21,21,21,21,21,21,21
2,1,10304,0,0,0,0,0,0,0,0,0,0
1,1,10305,0,0,0,0,15,9,0,0,0,3
1,1,10306,0,0,0,0,0,0,0,0,0,0
2,1,10306,0,0,0,0,0,0,0,0,0,0
0,1,10307,16,16,16,16,16,16,16,16,16,16
1,1,10307,0,0,0,0,0,0,0,0,0,0
1,1,10308,11,11,11,11,11,11,11,11,11,11
1,1,10309,0,0,0,0,0,0,0,0,0,0
2,1,10309,0,0,0,0,0,0,0,0,0,0
1,1,10310,21,28,19,9,12,26,16,38,35,12
1,1,10311,17,17,16,14,19,16,9,20,19,3
1,1,10312,15,16,16,38,0,0,12,0,22,18
1,1,10313,0,0,0,0,0,0,0,0,0,0
0,1,10314,0,0,0,0,0,0,0,0,0,0
0,2,10314,0,0,0,0,0,0,0,0,0,0
1,1,10314,0,0,0,0,0,0,0,0,7,0
1,1,10315,0,0,0,0,0,0,0,0,0,0
1,1,10316,22,22,22,22,22,22,22,22,22,22
1,1,10317,25,37,10,19,26,34,19,14,21,38
1,1,10318,0,15,18,8,20,8,8,39,7,23
2,1,10318,0,0,0,0,0,0,0,0,0,0
1,1,10319,17,17,17,17,17,17,17,17,17,17
1,1,10320,23,0,0,17,7,15,14,7,0,0
2,1,10320,0,0,0,0,0,0,0,0,0,0
1,1,10321,0,0,0,0,0,0,0,0,0,0
1,1,10322,0,0,0,0,0,0,0,0,0,0
1,1,10323,0,0,0,0,0,0,0,0,0,0
2,1,10323,0,0,0,0,0,0,0,0,0,0
1,1,10324,0,0,0,0,0,0,0,0,0,0
1,1,10325,0,0,0,0,0,0,0,0,0,0
1,1,10326,0,0,0,0,0,0,0,0,0,0
2,1,10326,0,0,0,0,0,0,0,0,0,0
3,1,10326,0,0,0,0,0,0,0,0,0,0
4,1,10326,0,0,0,0,0,0,0,0,0,0
1,1,10327,0,0,0,0,0,0,0,0,0,0
1,1,10328,0,0,0,0,0,0,0,0,0,0
1,1,10329,0,0,0,0,0,0,0,0,0,0
2,1,10329,0,0,0,0,0,0,0,22,0,0
1,1,10330,9,29,12,32,24,21,19,7,24,28
2,1,10330,0,0,0,0,0,10,0,0,11,0
1,1,10331,0,0,0,0,0,0,0,0,0,0
1,1,10332,0,0,0,0,0,0,0,0,0,0