VEH_NO,PER_NO,ST_CASE,P1,P2,P3,P4,P5,P6,P7,P8,P9,P10
2,1,10685,0,0,0,0,0,0,0,0,0,0
1,1,10686,0,0,0,0,0,0,0,0,0,0
1,1,10687,0,0,0,0,0,0,0,0,0,0
2,1,10687,0,0,0,0,0,0,0,0,0,0
1,1,10688,0,20,0,0,0,0,0,0,0,0
2,1,10688,0,0,0,0,0,0,0,0,0,0
0,1,10690,0,0,0,0,0,0,0,0,0,0
1,1,10690,0,0,0,0,0,0,0,0,0,0
1,1,10691,0,0,0,0,0,0,0,0,0,0
2,1,10691,0,17,0,0,0,10,0,0,0,0
1,1,10692,23,10,8,0,35,17,22,11,0,0
1,1,10693,27,27,27,27,27,27,27,27,27,27
1,1,10694,0,0,0,0,0,0,0,0,0,0
2,1,10694,0,0,0,0,0,0,0,0,0,0
1,1,10695,0,0,18,0,0,0,0,0,0,0
1,1,10696,28,28,28,28,28,28,28,28,28,28
1,1,10697,15,15,15,15,15,15,15,15,15,15
1,1,10698,0,0,0,0,0,0,20,0,0,0
1,1,10699,0,0,0,0,0,0,0,0,0,0
2,1,10699,0,0,0,0,0,0,0,0,0,5
1,1,10700,23,20,25,15,22,20,20,19,17,0
1,1,10701,15,8,9,14,0,0,0,22,17,7
1,1,10702,12,0,16,0,9,0,28,0,0,22
1,1,10703,22,27,10,9,25,27,17,16,0,20
1,1,10704,0,0,0,0,0,0,0,0,0,0
2,1,10704,0,0,11,14,0,9,0,0,0,0
1,1,10705,20,20,20,20,20,20,20,20,20,20
2,1,10705,0,0,0,0,0,0,0,0,0,0
1,1,10706,20,20,20,20,20,20,20,20,20,20
1,1,10707,20,24,22,15,26,25,14,15,16,20
2,1,10707,0,15,0,0,0,0,0,0,0,0
1,1,10708,0,0,7,0,8,0,0,0,0,0
2,1,10708,0,0,0,0,0,0,0,0,0,0
1,1,10709,0,0,0,0,0,0,0,0,0,0
2,1,10709,0,0,0,0,0,0,0,0,0,0
1,1,10710,0,0,0,0,0,0,0,0,0,0
1,1,10711,0,0,0,0,0,0,0,0,0,0
1,1,10712,0,0,0,0,0,0,0,0,0,0
1,1,10713,0,0,0,0,0,0,0,0,0,0
2,1,10713,0,0,0,0,0,0,0,0,0,0
1,1,10714,0,0,15,0,0,21,0,0,0,0
2,1,10714,0,0,16,0,0,0,0,0,0,0
1,1,10715,0,0,0,0,0,0,0,0,0,0
2,1,10715,0,0,0,0,0,0,0,0,0,0
1,1,10716,0,0,0,0,0,0,0,0,16,0
1,1,10717,0,0,0,0,0,0,0,0,0,0
1,1,10718,0,0,0,0,0,0,0,0,0,0
1,1,10719,0,16,10,14,0,14,0,30,0,2
1,1,10720,0,0,0,0,0,0,0,0,0,0
2,1,10720,0,0,0,0,0,0,0,0,0,0
1,1,10721,5,5,5,5,5,5,5,5,5,5
1,1,10722,0,12,0,0,0,0,0,0,0,0
1,1,10723,9,9,21,12,19,5,21,38,26,16
2,1,10723,0,0,13,0,0,0,0,0,0,0
1,1,10724,23,22,23,13,0,10,21,23,18,22
1,1,10725,0,0,0,0,0,0,0,0,0,0
1,1,10726,10,8,22,21,27,15,19,20,20,0
0,1,10727,0,0,0,0,0,13,0,0,0,0
1,1,10727,0,12,0,22,0,14,0,0,0,7
1,1,10728,0,0,0,0,0,0,0,0,0,0
2,1,10728,0,0,0,0,0,0,0,0,0,0
1,1,10729,0,3,0,11,25,0,0,19,8,32
1,1,10730,0,0,0,0,0,0,0,0,0,0
1,1,10731,0,0,0,0,0,0,0,0,0,0
1,1,10732,28,28,28,28,28,28,28,28,28,28
1,1,10733,0,0,0,0,0,0,0,0,0,0
2,1,10733,0,0,0,0,0,0,0,0,10,0
1,1,10734,0,0,14,0,0,0,0,0,0,0
1,1,10735,0,0,0,0,0,0,0,0,0,0
1,1,10736,0,10,7,0,18,23,0,3,0,0
1,1,10737,9,0,5,0,0,0,17,0,0,0
0,1,10738,0,0,0,0,0,0,13,20,33,0
1,1,10738,0,0,0,0,17,0,0,17,0,12
1,1,10739,25,25,25,25,25,25,25,25,25,25
2,1,10739,0,0,0,0,0,0,0,0,0,0
1,1,10740,0,12,0,0,37,0,17,0,12,0
1,1,10741,0,14,6,11,6,16,11,17,0,11
2,1,10741,0,0,0,0,0,0,0,0,0,0
1,1,10742,0,0,0,0,0,0,0,0,0,0
0,1,10743,23,9,26,25,19,12,11,16,0,36
1,1,10743,0,0,0,0,0,0,0,0,0,0
1,1,10744,0,0,0,0,0,0,0,0,0,0
2,1,10744,0,0,0,0,0,0,0,0,0,0
3,1,10744,0,0,0,0,0,0,0,0,0,0
1,1,10745,3,3,3,3,3,3,3,3,3,3
2,1,10745,0,0,0,0,0,0,0,0,0,0
1,1,10746,0,6,16,0,9,20,28,21,20,24
1,1,10747,0,0,0,0,26,0,0,0,0,0
1,1,10748,0,0,0,0,0,0,0,0,0,0
2,1,10748,0,0,0,0,0,14,0,0,0,0
1,1,10749,12,20,8,20,30,23,25,25,9,19
1,1,10750,12,0,0,0,0,0,12,16,6,0
1,1,10751,0,0,0,0,0,0,0,0,0,0
1,1,10752,10,0,0,0,0,9,0,9,0,0
1,1,10753,0,0,0,0,0,0,0,0,0,0
1,1,10754,23,19,8,16,20,11,18,12,8,10
1,1,10755,0,0,0,0,0,0,0,0,0,0
2,1,10755,0,0,0,0,0,0,0,0,0,0
1,1,10756,0,0,0,0,0,0,0,0,0,0
2,1,10756,0,0,0,0,0,5,0,0,0,0
1,1,10757,0,0,0,0,0,0,0,0,0,0
2,1,10757,0,0,0,0,0,0,0,0,0,0
1,1,10758,0,0,0,0,0,0,0,0,0,0
2,1,10758,0,0,19,0,0,0,0,0,0,0
0,1,10759,24,24,24,24,24,24,24,24,24,24
1,1,10759,0,0,0,0,0,0,0,0,0,0
1,1,10760,29,15,22,9,17,6,17,14,37,14
1,1,10761,0,0,0,0,0,0,0,0,0,0
2,1,10761,0,0,0,0,0,0,0,0,0,0
1,1,10762,0,0,0,0,0,0,0,0,0,0
1,1,10763,17,17,17,17,17,17,17,17,17,17
1,1,10764,0,0,0,0,0,0,5,0,0,0
1,1,10765,0,0,0,0,0,0,0,0,0,0
2,1,10765,0,0,0,0,0,0,0,0,0,0
1,1,10766,25,13,27,13,4,12,0,19,16,21
1,1,10767,0,13,0,0,0,0,0,0,0,0
2,1,10767,0,0,0,0,0,0,0,0,0,0
1,1,10768,22,25,29,25,21,43,28,21,18,35
1,1,10769,0,0,0,0,0,0,0,0,0,0
2,1,10769,0,0,0,0,0,0,0,0,0,0
1,1,10770,10,48,22,24,8,30,12,26,10,19
2,1,10770,0,0,0,0,0,12,0,0,0,0
1,1,10771,0,0,0,0,0,0,0,0,0,0
1,1,10772,0,0,0,0,0,0,0,0,0,0
0,1,10773,37,8,0,0,0,28,30,0,0,3
0,2,10773,0,0,0,0,0,0,0,0,0,0
1,1,10773,14,0,19,12,21,17,16,13,19,9
1,1,10775,0,22,0,0,0,0,0,0,0,0
1,1,10776,21,21,30,18,26,16,16,11,17,32
0,1,10777,14,0,12,21,29,33,15,7,32,26
1,1,10777,0,0,0,0,0,0,0,0,0,0
1,1,10778,0,0,0,0,0,0,0,0,0,0
0,1,10779,21,21,21,21,21,21,21,21,21,21
1,1,10779,0,0,0,0,0,0,0,0,0,0
1,1,10780,0,0,0,0,0,0,0,0,0,0
2,1,10780,0,0,0,10,0,0,0,0,0,0
1,1,10781,0,23,10,0,0,27,0,6,22,6
1,1,10782,29,29,29,29,29,29,29,29,29,29
2,1,10782,0,0,0,0,0,0,0,13,0,0
3,1,10782,0,0,0,0,0,0,0,0,0,0
1,1,10783,9,0,10,0,14,0,12,12,0,0
0,1,10784,28,23,29,18,16,30,13,9,19,14
1,1,10784,11,0,0,0,0,0,0,0,0,0
1,1,10785,10,0,0,0,0,0,25,0,6,0
1,1,10786,0,0,0,0,0,0,0,0,0,0
2,1,10786,3,3,3,3,3,3,3,3,3,3
1,1,10787,0,0,0,0,0,0,0,0,0,0
2,1,10787,0,0,0,0,0,0,0,0,0,0
3,1,10787,0,0,0,0,0,0,0,0,0,0
4,1,10787,0,0,3,0,0,0,0,0,0,0
5,1,10787,0,0,0,0,0,0,0,0,0,0
1,1,10788,0,0,0,0,0,0,0,0,0,0
1,1,10789,0,0,0,0,0,0,0,0,0,0
2,1,10789,0,0,23,0,0,15,0,10,21,0
1,1,10790,0,0,0,0,0,0,0,0,0,0
2,1,10790,0,0,0,0,0,0,0,0,0,0
1,1,10791,0,31,0,0,0,15,15,0,12,0
2,1,10791,0,0,0,0,0,0,0,0,0,0
1,1,10792,17,17,17,17,17,17,17,17,17,17
0,1,10793,23,0,12,0,24,0,18,0,0,0
1,1,10793,0,0,0,0,0,0,27,0,0,0
1,1,10794,0,0,29,0,0,13,0,19,0,34
1,1,10795,32,32,32,32,32,32,32,32,32,32
1,1,10796,0,0,0,0,0,0,0,0,0,0
2,1,10796,0,0,0,0,30,0,0,0,0,0
1,1,10797,0,0,0,0,0,0,0,0,0,0
2,1,10797,0,0,0,0,0,0,0,0,0,0
1,1,10798,0,0,0,0,0,0,0,0,0,0
2,1,10798,6,9,0,0,0,23,0,0,0,0
1,1,10799,0,0,0,0,0,0,0,0,0,0
1,1,10800,0,0,0,0,0,0,0,0,0,0
2,1,10800,0,0,0,0,0,0,0,0,0,23
1,1,10801,0,0,0,0,0,0,0,0,0,0
2,1,10801,0,0,0,0,0,0,0,0,0,0
3,1,10801,0,0,0,0,0,0,0,0,0,0
1,1,10802,0,0,0,0,19,0,0,0,9,0
2,1,10802,0,0,0,0,0,0,0,0,0,0
1,1,10803,0,0,0,0,0,0,0,3,0,12
2,1,10803,0,0,0,0,0,0,0,0,0,0
3,1,10803,0,0,0,0,0,0,0,0,0,0
0,1,10804,0,0,0,0,0,0,0,0,0,0
1,1,10804,0,0,0,0,0,0,0,0,0,21
1,1,10805,0,0,0,0,0,0,0,0,0,0
2,1,10805,0,0,0,0,0,0,0,0,0,0
0,1,10806,0,0,0,0,0,0,0,0,0,0
1,1,10806,0,0,0,0,0,0,0,0,0,0
1,1,10807,0,0,0,0,0,0,0,0,0,0
2,1,10807,0,0,0,0,0,0,0,0,0,0
1,1,10808,0,0,0,0,0,0,0,0,0,0
2,1,10808,0,0,0,0,0,0,0,0,0,0
1,1,10809,9,14,17,9,11,3,32,3,14,11
2,1,10809,0,0,0,16,0,0,28,0,0,7
1,1,10810,24,0,0,21,6,22,10,0,0,0
1,1,10811,0,0,0,0,0,0,0,20,0,0
2,1,10811,0,0,0,0,0,0,0,0,0,0
1,1,10812,0,0,0,0,0,0,0,0,0,0
2,1,10812,2,2,2,2,2,2,2,2,2,2
1,1,10813,0,0,0,14,0,0,0,0,0,0
2,1,10813,0,0,0,0,0,0,0,0,0,0
3,1,10813,0,0,0,0,0,0,0,0,0,0
4,1,10813,0,0,0,0,0,0,0,0,0,0
5,1,10813,0,0,0,0,0,0,0,0,0,0
6,1,10813,0,0,0,0,0,0,0,4,0,0
7,1,10813,0,0,0,0,0,0,0,17,0,0
0,1,10814,0,4,0,11,23,14,0,24,2,0
1,1,10814,0,11,0,0,0,0,0,0,0,0
0,1,10815,0,10,18,48,7,26,29,24,18,17
1,1,10815,0,25,0,0,10,17,11,0,0,0
1,1,10816,0,0,0,0,0,0,0,0,0,0
1,1,10817,0,0,0,0,0,0,0,0,0,9
1,1,10818,0,0,0,0,0,0,0,0,0,0
1,1,10819,0,0,0,10,0,0,0,0,0,0
1,1,10820,0,0,0,0,0,0,0,0,0,0
1,1,10821,0,0,0,0,0,0,0,0,0,0
2,1,10821,0,0,0,0,0,0,0,0,0,0
3,1,10821,0,2,0,0,0,0,0,0,0,0
1,1,10822,0,0,0,13,0,0,0,0,0,0
1,1,10823,0,0,0,0,0,0,0,0,0,0
1,1,10824,19,0,0,0,0,0,0,0,0,14
1,1,10825,0,0,0,0,0,0,0,0,0,0
2,1,10825,0,0,0,0,0,0,0,0,0,0
1,1,10826,20,20,20,20,20,20,20,20,20,20
2,1,10826,0,0,0,0,11,0,0,0,0,0
1,1,10827,20,20,20,20,20,20,20,20,20,20
1,1,10828,0,0,0,0,0,0,0,0,4,0
1,1,10829,0,0,0,0,3,0,0,0,16,0
2,1,10829,0,0,0,0,0,9,0,0,0,0
1,1,10830,0,0,0,0,0,0,0,0,0,0
2,1,10830,0,0,0,0,0,0,0,0,0,0
1,1,10831,0,0,0,0,0,0,0,25,0,0
2,1,10831,0,0,0,0,0,0,0,0,0,0
0,1,10832,0,10,26,11,8,0,17,10,17,11
1,1,10832,0,0,0,0,0,0,0,0,0,0
1,1,10833,0,0,0,0,0,0,0,0,0,0
1,1,10834,11,27,11,17,6,31,0,15,8,13
1,1,10835,11,33,21,19,33,26,14,7,33,21
1,1,10836,0,0,0,29,26,0,0,15,0,0
2,1,10836,0,0,0,0,0,0,0,0,0,19
1,1,10837,0,0,0,0,0,0,0,0,0,0
1,1,10838,0,13,20,0,11,0,0,0,0,0
1,1,10839,27,0,0,0,0,0,14,0,16,0
1,1,10840,15,23,14,26,25,15,26,0,11,10
1,1,10841,0,0,0,0,0,0,0,0,0,0
2,1,10841,0,0,0,22,6,0,0,0,0,0
3,1,10841,0,0,5,0,0,0,0,0,0,13
1,2,10842,12,20,14,0,0,0,29,0,0,9
1,1,10843,0,0,0,9,0,0,0,0,0,6
2,1,10843,0,0,0,0,0,0,0,0,0,0
1,1,10844,0,0,0,0,11,0,21,0,0,9
1,1,10845,24,24,24,24,24,24,24,24,24,24
1,1,10846,36,30,19,31,31,17,9,19,31,11
1,1,10847,0,0,0,0,18,0,9,0,0,0
1,1,10848,0,0,0,0,0,0,0,0,10,13
2,1,10848,0,0,0,0,0,0,0,0,0,0
1,1,10849,0,0,0,0,0,0,0,0,13,0
2,1,10849,0,0,0,0,0,0,0,0,0,0
1,1,10850,0,0,0,0,9,0,0,0,4,0
1,1,10851,0,0,0,0,0,0,0,0,0,0
2,1,10851,17,0,21,8,0,0,26,15,0,0
1,1,10852,0,0,0,0,12,0,0,0,0,18
2,1,10852,0,0,0,0,0,0,0,0,0,0
1,1,10853,23,20,26,12,40,13,15,15,27,38
2,1,10853,0,0,0,0,0,0,0,0,0,0
0,1,10854,0,0,0,0,0,0,0,0,0,0
1,1,10854,0,0,0,0,0,0,0,0,0,0
0,1,10855,8,12,19,0,36,27,27,28,26,29
1,1,10855,0,20,8,23,23,24,10,13,18,8
1,1,10856,0,17,10,11,0,0,0,15,18,17
1,1,10857,0,0,0,0,0,0,0,0,0,0
2,1,10857,0,0,0,0,0,0,0,0,0,0
0,1,10858,0,0,0,0,0,0,0,0,0,0
1,1,10858,0,0,0,0,0,0,0,0,0,0
0,1,10859,0,0,0,0,0,0,0,0,0,0
0,2,10859,0,0,0,0,0,0,0,0,0,0
1,1,10859,0,0,0,0,0,0,0,0,0,0
0,1,10860,26,0,0,0,0,0,69,0,0,0
1,1,10860,0,0,0,0,0,0,0,0,0,0
1,1,10861,0,24,28,21,0,14,0,22,0,8
1,1,10862,21,21,21,21,21,21,21,21,21,21
1,1,10863,0,0,0,0,0,0,0,0,0,0
2,1,10863,0,0,0,0,0,0,0,0,0,0
3,1,10863,0,0,0,0,0,14,0,0,0,0
1,1,10864,0,0,0,0,0,0,0,0,0,0
2,1,10864,0,0,0,0,0,0,0,0,0,0
1,1,10865,0,0,0,0,0,0,7,0,3,0
1,1,10866,32,0,0,0,0,0,0,0,0,30
1,1,10867,13,13,13,13,13,13,13,13,13,13
2,1,10867,0,0,0,0,0,0,0,27,0,0
3,1,10867,0,0,0,0,0,0,0,0,0,0
1,1,10868,0,0,0,0,0,0,0,0,0,0
1,1,10869,45,45,45,45,45,45,45,45,45,45
2,1,10869,0,0,0,0,0,0,0,0,0,0
1,1,10870,0,0,0,0,0,0,0,0,0,0
2,1,10870,17,0,0,0,0,0,0,0,0,0
1,1,10871,0,0,0,0,0,0,0,0,0,0
2,1,10871,0,0,0,0,0,0,0,0,0,0
1,1,10872,0,0,0,0,0,13,0,11,0,0
1,1,10873,4,0,0,18,0,0,19,17,19,18
1,1,10874,4,0,0,0,0,0,5,0,0,0
1,1,10875,0,0,0,0,0,0,0,0,0,0
2,1,10875,0,0,0,0,0,0,0,0,0,0
1,1,10876,17,13,0,7,0,0,0,0,0,0
0,1,10877,14,24,58,12,22,13,14,20,27,20
1,1,10877,0,0,0,0,0,0,0,0,0,0
2,1,10877,0,0,0,0,0,0,0,0,0,0
1,1,10878,0,14,0,0,0,0,0,0,0,0
1,1,10879,26,18,18,9,10,19,21,28,22,23
1,1,10880,0,0,0,0,0,0,0,0,0,0
2,1,10880,0,0,0,0,0,0,0,0,0,0
1,1,10881,0,0,10,0,3,0,0,0,0,0
2,1,10881,0,0,0,0,0,0,0,0,0,0
3,1,10881,0,0,0,0,0,0,0,0,0,0
1,1,10882,0,0,0,0,0,0,0,0,0,0
2,1,10882,0,0,0,16,0,0,0,0,0,21
3,1,10882,0,0,0,0,0,0,0,0,0,0
1,1,10883,0,0,0,0,0,0,0,0,0,0
2,1,10883,0,0,0,0,0,0,0,0,0,0
1,1,10884,0,0,0,0,0,0,0,0,0,13
2,1,10884,0,0,0,0,0,0,0,0,0,0
1,1,10885,0,0,0,0,0,0,0,0,0,0
0,1,10886,0,0,0,0,0,0,0,0,0,0
0,2,10886,0,0,0,0,0,0,0,0,0,0
1,1,10886,0,0,0,0,0,0,0,0,0,0
1,1,10887,18,18,18,18,18,18,18,18,18,18
1,1,10888,19,19,19,19,19,19,19,19,19,19
1,1,10889,0,0,0,0,0,0,5,0,0,0
1,1,10890,12,12,12,12,12,12,12,12,12,12
0,1,10891,0,0,0,0,0,0,0,0,0,0
1,1,10891,21,0,16,0,0,0,0,9,0,0
1,1,10892,0,0,0,0,0,0,0,0,0,0
2,1,10892,0,0,0,0,0,0,0,0,0,0
1,1,10893,0,0,0,11,0,6,0,0,0,0
1,1,10894,0,0,0,0,0,0,0,0,0,0
1,1,10895,16,0,0,0,0,24,15,12,0,12
1,1,10896,0,0,0,0,0,0,0,0,0,0
1,1,10897,0,0,0,0,0,0,0,0,0,0
2,1,10897,0,0,0,0,0,0,0,0,0,0
1,1,10898,19,19,19,19,19,19,19,19,19,19
1,1,10899,14,10,9,0,19,11,0,13,18,0
1,1,10900,9,9,9,9,9,9,9,9,9,9
2,1,10900,0,0,0,0,0,0,0,0,0,0
3,1,10900,0,0,0,0,0,0,0,0,0,0
1,1,10901,0,0,25,25,7,0,0,15,3,0
1,1,10902,25,25,25,25,25,25,25,25,25,25
1,1,10903,0,0,0,0,0,0,3,0,0,0
2,1,10903,0,0,0,0,0,0,0,0,0,0
3,1,10903,0,0,0,0,0,0,0,0,0,0
1,1,10904,4,0,0,0,0,0,0,0,0,0
1,1,10905,20,0,0,4,0,0,0,0,11,0
1,1,10906,24,18,14,0,28,33,10,18,15,16
1,1,10907,0,0,0,0,0,0,0,0,0,0
2,1,10907,0,0,0,0,0,0,0,0,0,0
1,1,10908,0,0,0,0,0,0,0,0,0,0
2,1,10908,0,0,0,0,0,0,0,0,0,0
1,1,10909,0,0,0,0,0,0,0,0,0,0
2,1,10909,0,0,0,0,0,14,0,0,0,0
1,1,10910,21,21,21,21,21,21,21,21,21,21
1,1,10911,20,20,20,20,20,20,20,20,20,20
1,1,10912,0,0,0,0,0,0,0,0,0,0
2,1,10912,14,8,7,5,15,24,25,19,16,11
1,1,10913,0,0,0,0,0,0,0,0,0,6
2,1,10913,6,0,0,0,0,0,0,0,0,0
1,1,10914,0,0,0,0,0,0,0,0,0,0
2,1,10914,0,0,0,0,0,0,0,0,0,0
1,1,10915,0,0,0,0,0,0,0,0,0,0
1,1,10916,0,0,0,0,0,3,0,0,22,0
2,1,10916,0,0,0,0,0,2,0,0,17,0
1,1,10917,32,10,23,12,25,10,25,17,14,23
1,1,10918,10,33,0,13,22,18,8,23,22,14
1,1,10919,21,21,21,21,21,21,21,21,21,21
1,1,10920,15,0,14,14,0,2,11,19,0,12
1,1,10921,0,0,0,22,22,0,0,25,0,0
0,1,10922,0,0,0,11,0,0,0,0,0,0
1,1,10922,0,0,0,0,0,0,0,0,0,0
0,1,10923,13,13,13,13,13,13,13,13,13,13
1,1,10923,10,14,8,20,13,12,11,18,7,1
1,1,10924,0,12,0,0,0,0,0,0,0,0
1,1,10925,0,0,0,0,0,0,0,0,0,0
2,1,10925,0,0,0,0,0,0,42,0,0,0
1,1,10926,1,1,1,1,1,1,1,1,1,1
2,1,10926,0,0,0,0,0,0,0,0,0,0
1,1,10927,0,0,0,0,0,0,0,0,0,0
2,1,10927,0,0,0,0,0,0,0,0,0,0
1,1,10928,0,0,0,0,0,0,0,0,0,0
2,1,10928,0,0,0,0,0,0,0,0,0,0
3,1,10928,0,0,0,0,0,0,0,0,0,0
1,1,10929,19,0,17,9,15,0,0,0,17,15
1,1,10930,12,12,12,12,12,12,12,12,12,12
1,1,10931,0,0,0,0,0,0,0,0,0,0
2,1,10931,0,0,0,0,0,0,0,0,0,0
1,1,10932,13,9,21,40,10,11,27,18,15,14
2,1,10932,0,0,0,0,0,0,0,0,0,0
1,1,10933,4,0,0,6,27,21,0,27,30,26
2,1,10933,0,0,0,0,26,0,0,0,0,0
1,1,10934,23,23,23,23,23,23,23,23,23,23
1,1,10935,0,0,0,0,0,0,0,0,0,0
2,1,10935,0,0,0,0,0,0,0,0,0,0
0,1,10936,0,0,0,0,0,0,0,0,0,10
1,1,10936,0,0,0,0,0,0,0,0,0,0
0,1,10937,0,25,5,0,0,8,29,19,10,27
1,1,10937,0,13,0,0,0,0,24,0,18,0
1,1,10938,0,0,0,0,0,0,0,0,0,0
2,1,10938,0,0,0,0,0,0,0,0,0,0
1,1,10939,10,10,10,27,8,13,22,15,16,13
1,1,10940,0,0,0,0,0,0,0,0,0,0
1,1,10941,0,0,0,0,0,0,0,0,0,0
2,1,10941,0,0,0,0,0,0,0,0,0,0
3,1,10941,0,0,0,0,0,0,0,10,0,0
0,1,10942,0,0,26,0,12,24,0,29,15,13
1,1,10942,13,0,0,0,0,27,3,0,0,0
1,1,10943,0,0,2,0,2,0,0,0,0,0
2,1,10943,0,0,0,0,0,0,0,0,0,0
1,1,10944,12,12,12,12,12,12,12,12,12,12
1,1,10945,0,0,0,0,0,0,0,0,0,0
2,1,10945,0,0,0,0,0,0,0,0,0,0
1,1,10946,0,0,0,0,0,0,0,0,0,0
2,1,10946,0,0,0,0,0,0,0,0,0,0
1,1,10947,0,0,0,0,0,0,0,0,0,0
2,1,10947,0,0,0,0,0,0,0,0,0,0
1,1,10948,0,0,0,0,0,0,0,0,0,0
2,1,10948,0,0,0,0,0,0,0,0,0,0
1,1,10949,0,0,0,7,0,16,17,0,0,0
1,1,10950,24,16,18,16,0,0,30,0,0,0
1,1,10951,32,24,8,18,38,15,6,16,20,9
1,1,10952,23,20,0,23,0,6,0,12,9,27
1,1,10953,0,0,19,0,0,0,0,0,0,0
2,1,10953,0,6,22,0,0,0,0,0,0,9
1,1,10954,0,0,0,10,0,0,0,0,0,0
1,1,10955,18,18,18,18,18,18,18,18,18,18
0,1,10956,0,0,0,0,0,0,0,0,0,0
1,1,10956,0,0,0,0,0,0,0,0,0,0
1,1,10957,0,0,0,0,0,0,0,0,0,0
0,1,10958,13,28,14,23,9,20,30,15,29,9
1,1,10958,0,0,0,17,0,0,0,0,0,8
1,1,10959,20,0,18,25,18,31,17,15,16,14
0,1,10960,0,0,0,0,0,0,0,0,0,0
1,1,10960,0,0,0,0,0,0,0,0,0,0
1,1,10961,25,0,0,25,17,0,0,0,0,0
2,1,10961,0,0,0,0,0,0,0,0,0,0
1,1,10962,0,0,0,0,0,0,0,0,0,0
2,1,10962,0,0,0,0,0,0,0,0,0,0
3,1,10962,0,0,0,0,0,0,0,0,0,0
1,1,10963,26,26,26,26,26,26,26,26,26,26
2,1,10963,0,0,0,0,0,0,0,0,0,0
3,1,10963,0,0,0,0,0,0,0,0,0,0
1,1,10964,0,0,0,0,0,0,0,0,16,21
1,1,10965,7,7,7,7,7,7,7,7,7,7
1,1,10966,0,0,0,0,0,0,0,0,0,0
1,1,10967,0,12,15,0,0,25,16,0,4,13
1,1,10968,24,24,24,24,24,24,24,24,24,24
1,1,10969,0,0,13,0,8,0,13,3,0,10
1,1,10970,0,0,0,0,0,0,0,0,0,0
1,1,10971,12,9,17,23,13,7,12,19,16,41
1,1,10972,13,21,6,19,19,14,31,13,19,10
1,1,10973,0,10,0,14,0,0,0,15,0,0
1,1,10974,0,0,0,0,0,0,0,0,0,0
2,1,10974,0,0,0,0,0,0,0,0,0,0
3,1,10974,0,0,0,0,0,0,0,0,0,0
1,1,10975,0,0,0,0,0,16,18,0,0,16
1,1,10976,0,0,0,0,0,0,0,0,0,0
1,1,10977,26,0,14,10,15,15,9,13,13,11
1,1,10978,0,0,0,0,0,0,0,0,0,0
1,1,10979,15,15,15,15,15,15,15,15,15,15
1,1,10980,0,0,0,0,0,0,0,0,0,0
1,1,10981,0,0,0,23,0,3,0,14,0,0
1,1,10982,0,26,0,0,22,0,0,20,0,0
1,1,10984,0,15,0,0,15,0,20,0,0,0
1,1,10986,0,0,0,0,0,0,0,0,12,18
1,1,10987,0,0,0,10,15,0,15,0,16,0
1,1,10988,0,0,14,0,0,0,0,0,0,0
1,1,10989,0,0,0,0,0,0,0,0,0,0
2,1,10989,7,0,0,0,0,0,0,0,0,0
1,1,10990,13,9,18,0,16,0,15,22,0,28
1,1,10991,0,0,0,0,0,0,0,0,0,0
2,1,10991,0,0,3,0,0,0,0,0,0,7
1,1,10992,0,22,0,0,0,0,0,0,0,0
1,1,10993,0,0,0,0,0,0,7,0,0,0
2,1,10993,0,0,8,0,0,0,0,0,0,0
1,1,10994,0,0,0,0,15,0,16,0,30,19
1,1,10995,0,0,0,0,0,0,0,0,0,0
1,1,10996,0,0,0,0,0,0,0,21,0,0
0,1,10997,0,0,0,0,0,0,10,22,0,0
1,1,10997,0,0,0,0,0,0,0,0,0,0
2,1,10997,0,0,0,0,0,0,0,0,0,0
1,1,10998,14,14,14,14,14,14,14,14,14,14
2,1,10998,15,20,10,20,32,0,27,9,9,22
1,1,10999,0,0,0,0,0,0,0,0,0,0
2,1,10999,0,0,0,0,0,0,0,0,0,0
1,1,11000,0,0,0,0,0,0,0,0,0,0
1,1,11001,0,0,0,0,0,0,0,0,0,0
1,1,11002,3,0,0,0,0,0,0,0,0,0
1,1,11003,23,23,23,23,23,23,23,23,23,23
1,1,11004,0,3,0,0,0,0,0,0,0,0
2,1,11004,0,0,0,0,0,0,0,0,0,0
1,1,11005,0,0,0,0,0,0,0,0,0,0
2,1,11005,0,0,0,0,0,0,0,0,0,0
1,1,11006,0,0,0,0,0,0,0,0,0,0
2,1,11006,7,0,0,0,0,0,0,0,0,0
1,1,11007,0,0,0,0,0,0,0,0,0,0
1,1,11008,34,11,16,8,0,0,11,11,15,0
0,1,11009,0,0,0,0,0,0,0,0,0,0
1,1,11009,0,0,0,0,0,0,0,0,0,0
1,1,11010,10,0,0,0,0,13,0,10,0,0
2,1,11010,0,0,0,0,0,0,0,0,0,0
3,1,11010,0,0,0,0,0,0,0,0,0,0
1,1,11011,0,0,0,0,0,18,0,0,0,0
2,1,11011,0,0,0,0,0,0,6,0,0,0
0,1,11012,16,25,27,20,33,29,15,17,0,36
1,1,11012,0,0,6,6,0,21,0,0,0,0
1,1,11013,7,17,26,22,20,12,18,9,16,0
0,1,11014,0,0,0,0,25,11,0,0,0,0
1,1,11014,0,0,0,0,0,0,0,0,0,0
0,1,11015,0,0,0,0,0,0,0,0,0,0
1,1,11015,22,22,22,22,22,22,22,22,22,22
1,1,11016,7,20,26,9,25,14,13,7,27,0
1,1,11017,0,0,0,0,0,0,0,0,0,0
2,1,11017,0,20,26,0,0,0,0,0,15,0
1,1,11018,14,0,28,0,0,7,10,0,0,27
1,1,11019,0,20,0,0,11,0,17,6,0,0
1,1,11020,0,16,0,0,19,0,0,0,0,0
2,1,11020,0,0,0,0,0,0,0,0,0,0
1,1,11021,0,0,0,0,0,0,0,0,0,0
2,1,11021,0,0,0,0,0,0,0,0,0,0
1,1,11022,27,7,22,14,24,21,25,16,12,9
1,1,11023,14,25,0,0,0,19,12,0,0,0