VEH_NO,PER_NO,ST_CASE,P1,P2,P3,P4,P5,P6,P7,P8,P9,P10
2,1,11023,0,0,0,0,0,0,0,0,0,0
1,1,11024,0,0,0,0,0,0,0,0,0,0
2,1,11024,0,0,0,0,0,0,11,0,0,0
1,1,11025,0,0,0,0,12,0,0,0,10,0
2,1,11025,0,0,0,0,0,0,0,0,0,0
3,1,11025,0,0,0,0,0,0,0,0,5,0
0,1,11026,20,4,17,30,17,0,29,23,34,17
1,1,11026,0,0,0,0,0,0,0,0,0,0
2,1,11026,0,0,0,0,0,0,0,0,0,9
0,1,11027,0,0,0,0,0,15,25,27,20,6
1,1,11027,0,0,3,0,8,0,0,15,25,0
1,1,11028,0,0,0,0,0,0,0,8,0,0
2,1,11028,0,0,0,0,0,0,0,0,0,0
3,1,11028,0,0,0,0,0,0,0,26,0,0
1,1,11029,0,0,0,0,0,0,18,0,0,0
2,1,11029,0,0,0,0,0,0,0,0,0,0
1,1,11030,0,0,0,0,0,0,0,0,0,0
2,1,11030,0,2,0,0,0,32,0,0,0,0
1,1,11031,5,0,16,23,0,11,5,7,0,11
1,1,11032,5,0,0,0,0,0,0,0,0,0
2,1,11032,6,0,0,0,0,0,0,0,0,0
1,1,11033,0,0,0,0,0,0,0,0,0,0
2,1,11033,0,0,0,0,0,0,0,0,0,6
1,1,11034,15,0,22,13,8,0,14,19,47,22
1,1,11035,0,0,0,0,0,0,0,0,0,0
2,1,11035,0,16,11,0,0,0,0,0,0,0
1,1,11036,0,0,0,0,13,0,0,0,0,0
1,1,11037,19,0,0,12,38,0,0,0,0,0
1,1,11038,0,0,0,0,0,0,36,0,0,0
2,1,11038,0,0,0,0,0,0,0,0,0,0
3,1,11038,0,0,0,0,0,0,0,0,0,0
1,1,11039,2,2,2,2,2,2,2,2,2,2
1,1,11040,0,0,0,0,23,0,5,0,20,0
2,1,11040,0,0,0,0,0,0,0,0,0,0
1,1,11041,0,0,0,2,0,0,0,0,0,14
2,1,11041,0,0,0,0,0,0,0,0,0,0
1,1,11042,0,0,0,0,24,0,0,0,0,0
2,1,11042,8,0,0,10,0,0,0,0,0,0
1,1,11043,13,7,13,18,2,17,15,6,30,5
1,1,11044,0,0,6,0,0,0,0,0,0,0
2,1,11044,0,0,0,0,0,0,0,0,0,0
1,1,11045,0,0,0,0,0,0,27,0,0,0
2,1,11045,0,0,0,0,0,0,0,0,0,0
1,1,11046,0,0,0,0,0,0,0,0,0,0
2,1,11046,0,0,0,0,0,0,0,0,0,0
1,1,11047,22,22,22,22,22,22,22,22,22,22
2,1,11047,0,0,0,0,0,0,0,0,0,0
1,1,11049,14,13,29,0,5,16,15,24,14,0
1,1,11050,0,0,0,0,0,0,0,0,0,0
2,1,11050,0,0,0,0,0,0,0,0,0,0
1,1,11051,0,0,0,0,0,0,0,0,0,0
2,1,11051,0,0,0,0,0,0,0,0,0,0
1,1,11052,20,0,9,12,0,0,0,29,0,0
1,1,11053,0,0,0,0,0,0,0,0,0,6
2,1,11053,0,0,0,11,0,0,0,0,0,0
1,1,11054,0,0,0,36,18,0,14,29,21,28
1,1,11055,18,21,6,18,18,11,13,17,16,11
1,1,11056,0,0,0,0,0,0,0,0,0,0
2,1,11056,0,10,0,0,0,0,0,0,0,0
3,1,11056,0,0,0,0,0,0,0,0,0,0
1,1,11057,0,13,0,0,0,0,0,0,0,0
2,1,11057,0,0,0,0,0,0,0,0,0,0
3,1,11057,0,0,0,0,0,0,0,0,0,0
4,1,11057,0,0,0,0,0,0,0,0,0,0
1,1,11058,0,0,0,0,0,0,0,0,0,0
1,1,11059,4,4,4,4,4,4,4,4,4,4
2,1,11059,12,12,12,12,12,12,12,12,12,12
0,1,11060,0,0,0,0,0,0,0,0,0,0
1,1,11060,0,0,0,0,0,0,0,0,0,0
1,1,11061,7,0,0,20,7,6,17,15,8,7
1,1,11062,22,9,25,6,10,9,22,14,9,22
1,1,11063,13,13,13,13,13,13,13,13,13,13
1,1,11064,0,0,0,0,0,15,0,0,0,0
0,1,11065,26,31,16,27,33,30,25,35,19,14
1,1,11065,10,15,17,12,15,11,0,14,10,15
0,1,11066,18,31,0,21,0,6,35,0,15,27
1,1,11066,0,0,0,28,0,0,0,0,0,0
1,1,11067,0,0,0,0,0,0,0,0,0,0
1,1,11068,0,0,0,0,0,0,0,0,0,0
2,1,11068,0,0,0,0,0,0,0,0,0,0
3,1,11068,0,0,0,0,0,0,0,0,0,0
4,1,11068,0,0,0,0,0,0,0,0,0,0
5,1,11068,0,0,0,0,0,0,0,0,0,0
6,1,11068,0,0,0,0,0,0,0,0,0,0
1,1,11069,0,0,0,0,0,0,0,0,0,0
2,1,11069,0,0,0,0,0,0,0,0,0,0
1,1,11070,18,20,10,11,12,15,34,30,19,24
1,1,11071,13,28,13,8,14,23,29,28,12,16
1,1,11072,7,16,20,18,12,11,6,11,8,6
1,1,11073,11,20,36,0,0,0,0,15,5,0
2,1,11073,0,0,0,0,0,0,0,0,0,0
0,1,11074,21,21,21,21,21,21,21,21,21,21
1,1,11074,5,5,5,5,5,5,5,5,5,5
1,1,11075,28,28,28,28,28,28,28,28,28,28
1,1,11076,0,0,0,0,0,0,3,0,0,0
2,1,11076,0,0,0,0,0,0,0,0,0,0
1,1,11077,0,0,10,0,6,0,25,0,12,0
1,1,11078,0,0,0,5,0,0,20,10,0,5
1,1,11079,15,15,15,15,15,15,15,15,15,15
2,1,11079,0,0,0,0,0,0,0,0,0,0
1,1,11080,0,0,0,0,29,11,0,32,0,0
1,1,11081,5,12,23,18,15,0,10,18,16,23
1,1,11082,10,0,18,8,0,18,0,17,13,0
1,1,20001,0,0,0,0,0,0,0,0,0,0
2,1,20001,0,0,0,0,0,0,0,0,0,0
3,1,20001,0,0,0,17,0,0,0,0,0,0
0,1,20002,0,0,0,0,0,0,0,0,0,0
1,1,20002,0,0,0,0,0,0,0,0,0,0
1,1,20003,0,0,0,0,20,0,0,0,0,0
2,1,20003,0,0,0,0,0,0,0,0,0,0
1,1,20004,1,1,1,1,1,1,1,1,1,1
1,1,20005,21,13,9,27,31,19,14,29,15,14
2,1,20005,16,18,0,0,0,0,0,0,0,0
3,1,20005,0,0,11,0,0,0,0,0,0,0
4,1,20005,0,0,0,0,0,0,0,0,0,0
5,1,20005,0,0,0,0,0,0,10,0,0,0
6,1,20005,0,0,0,0,0,0,0,0,0,0
7,1,20005,0,0,0,0,0,0,0,0,0,0
1,1,20006,0,0,0,0,0,0,0,0,0,0
2,1,20006,0,0,0,0,0,0,0,0,0,0
1,1,20007,0,0,0,0,0,0,0,0,0,0
2,1,20007,0,0,0,0,0,0,0,0,0,0
3,1,20007,0,0,0,0,0,0,0,0,0,0
4,1,20007,0,0,0,0,0,0,0,0,0,0
1,1,20008,27,27,27,27,27,27,27,27,27,27
1,1,20009,0,0,0,0,0,0,0,0,0,0
1,1,20010,0,0,0,0,0,0,0,0,0,0
2,1,20010,0,0,0,0,0,0,0,0,0,0
1,1,20011,0,0,0,0,0,0,0,0,0,0
2,1,20011,0,0,0,0,0,0,0,0,0,0
0,1,20012,0,0,0,0,0,0,0,0,0,0
1,1,20012,0,0,0,0,0,0,0,0,0,0
1,1,20013,17,17,17,17,17,17,17,17,17,17
1,1,20014,0,0,0,0,0,0,0,0,0,0
2,1,20014,0,0,0,0,0,0,0,0,0,0
1,1,20015,0,0,0,0,0,0,0,0,0,0
2,1,20015,0,0,0,0,0,0,0,0,0,0
1,1,20016,0,0,0,0,0,0,0,0,0,0
1,1,20017,0,0,0,0,0,0,0,0,0,0
1,1,20018,0,0,0,0,0,0,0,0,0,0
2,1,20018,14,14,14,14,14,14,14,14,14,14
1,1,20019,0,0,0,0,0,0,0,0,0,0
1,1,20020,0,12,16,0,0,0,0,0,16,35
1,1,20021,12,12,12,12,12,12,12,12,12,12
1,1,20022,0,0,0,0,0,0,0,0,0,0
1,1,20023,0,0,0,0,0,0,0,0,0,0
2,1,20023,0,0,0,0,0,0,0,0,0,0
1,1,20024,27,27,27,27,27,27,27,27,27,27
1,1,20025,0,0,0,0,0,0,0,0,0,0
1,1,20026,0,0,0,0,0,0,0,0,0,0
2,1,20026,0,0,0,0,0,0,0,0,0,0
1,1,20027,0,0,0,5,0,0,0,0,7,0
2,1,20027,0,0,0,0,0,0,0,0,0,0
1,1,20028,0,0,0,0,0,0,0,0,0,0
1,1,20029,0,0,0,0,0,0,0,3,0,0
2,1,20029,0,0,0,0,0,0,0,0,0,0
1,1,20030,0,0,0,6,0,0,0,0,0,0
0,1,20031,0,0,0,0,0,0,0,0,0,0
1,1,20031,0,0,0,0,0,0,0,0,0,0
1,1,20032,0,0,0,0,0,0,0,0,0,0
2,1,20032,0,0,0,0,0,0,0,0,0,0
1,1,20033,20,20,20,20,20,20,20,20,20,20
1,1,20034,0,0,0,0,0,0,0,0,0,0
1,1,20035,0,0,0,0,0,0,0,0,0,0
0,1,20036,0,0,0,0,0,0,0,0,0,0
1,1,20036,3,11,7,19,26,25,26,8,16,35
0,1,20037,0,0,0,0,0,0,0,0,0,0
1,1,20037,0,0,0,0,0,0,0,0,0,0
1,1,20038,24,0,0,0,0,0,0,16,0,5
2,1,20038,0,7,0,0,0,0,0,0,8,0
1,1,20039,19,19,19,19,19,19,19,19,19,19
2,1,20039,0,0,13,9,0,0,6,0,0,0
1,1,20040,37,37,37,37,37,37,37,37,37,37
2,1,20040,0,19,0,0,0,7,0,0,0,0
3,1,20040,0,0,0,0,19,0,0,0,0,0
1,1,20041,0,0,0,0,0,0,0,0,10,0
2,1,20041,0,0,0,0,0,0,0,0,0,0
1,1,20042,0,0,0,0,0,0,0,0,0,0
1,1,20043,19,19,19,19,19,19,19,19,19,19
1,1,20044,18,0,0,0,0,0,0,0,0,0
2,1,20044,0,0,0,0,0,0,0,0,0,0
0,1,20045,0,0,35,0,0,0,0,0,0,7
1,1,20045,17,19,5,6,6,6,7,11,18,13
1,1,20046,0,0,0,0,10,0,0,0,0,0
1,1,20047,0,0,0,0,0,0,0,0,0,2
0,1,20048,0,0,0,19,0,0,0,0,0,0
1,1,20048,0,0,0,0,0,0,0,0,0,0
1,1,20049,0,0,0,0,0,0,0,0,0,0
0,1,20050,0,0,0,0,0,0,0,0,0,0
1,1,20050,0,0,0,4,0,0,0,0,0,0
1,1,20051,15,15,15,15,15,15,15,15,15,15
1,1,20052,0,0,0,0,0,0,0,0,0,0
1,1,20053,0,4,0,0,0,0,0,14,0,5
1,1,20054,0,0,0,0,0,0,17,0,0,0
1,1,20055,0,0,0,0,0,0,0,0,0,0
2,1,20055,0,0,0,0,0,0,0,0,0,0
1,1,20057,41,22,23,14,16,5,7,11,18,43
1,1,20058,0,0,0,0,0,0,0,3,0,0
2,1,20058,0,0,0,0,0,0,0,0,0,0
1,1,20059,0,0,0,0,0,0,0,0,23,0
1,1,20060,0,0,0,0,0,0,0,0,0,0
2,1,20060,0,0,0,0,0,0,0,0,0,0
1,1,20061,15,11,10,7,12,18,31,13,1,22
2,1,20061,15,21,0,13,0,0,0,18,9,8
0,1,20062,31,0,0,0,19,35,15,21,0,0
1,1,20062,25,32,16,21,25,26,3,0,0,12
1,1,20063,0,0,0,0,0,0,0,0,0,0
1,1,20064,0,0,0,0,0,0,0,0,0,0
1,1,20065,0,0,0,0,0,0,0,0,0,0
2,1,20065,0,0,0,0,0,0,0,0,0,0
1,1,20066,20,20,20,20,20,20,20,20,20,20
2,1,20066,0,0,0,0,0,0,0,0,12,0
1,1,20067,0,0,21,12,17,18,14,4,8,33
1,1,20068,0,0,0,0,0,0,0,0,0,0
2,1,20068,0,0,0,0,0,0,0,0,0,0
3,1,20068,0,0,0,0,14,0,0,0,0,0
1,1,20069,0,0,0,0,0,0,0,0,0,0
1,1,20070,0,0,0,0,0,0,0,0,0,0
2,1,20070,0,0,0,0,0,0,0,0,0,0
0,1,20071,32,20,40,25,15,29,0,23,22,31
1,1,20071,16,16,16,16,16,16,16,16,16,16
0,1,20072,11,3,0,25,0,0,0,0,0,0
1,1,20072,0,0,0,0,9,0,0,0,0,0
0,1,40001,0,0,0,0,0,0,0,0,0,0
1,1,40001,0,0,0,0,0,0,0,0,0,0
1,1,40002,16,16,16,16,16,16,16,16,16,16
1,1,40003,21,21,21,21,21,21,21,21,21,21
2,1,40003,0,0,0,0,0,0,0,0,0,0
1,1,40004,0,0,0,0,0,0,0,0,0,0
2,1,40004,0,0,0,0,0,0,0,4,0,0
1,1,40005,2,2,2,2,2,2,2,2,2,2
1,1,40006,19,24,16,0,0,11,0,33,0,0
1,1,40007,0,0,0,0,0,0,0,0,0,0
1,1,40008,25,0,14,0,35,17,7,20,37,18
1,1,40009,31,0,32,5,11,11,12,23,13,23
1,1,40010,0,0,0,0,0,0,0,0,0,0
2,1,40010,0,0,0,0,0,0,0,0,0,0
1,1,40011,0,0,0,15,0,0,0,0,0,0
2,1,40011,0,0,0,0,0,0,0,0,0,0
1,1,40012,0,0,0,0,0,0,0,0,0,0
2,1,40012,0,0,0,0,0,0,0,0,0,0
3,1,40012,0,0,0,0,0,0,0,0,0,0
1,1,40013,15,0,0,0,0,0,0,0,0,0
2,1,40013,0,0,0,0,0,0,0,0,0,0
0,1,40014,0,0,0,0,0,0,0,0,0,0
0,2,40014,0,0,19,0,0,0,0,12,0,0
1,1,40014,0,0,0,0,0,0,0,0,0,0
1,1,40015,0,0,0,0,0,0,0,0,0,0
1,1,40016,0,0,0,0,0,0,0,0,0,0
2,1,40016,0,0,0,0,0,0,0,0,0,0
0,1,40017,0,0,0,0,0,0,0,0,0,0
1,1,40017,0,0,0,0,0,0,0,0,0,0
1,1,40018,10,10,10,10,10,10,10,10,10,10
1,1,40019,16,16,16,16,16,16,16,16,16,16
2,1,40019,9,9,9,9,9,9,9,9,9,9
1,1,40020,2,2,2,2,2,2,2,2,2,2
2,1,40020,0,0,0,4,0,0,0,0,0,0
1,1,40021,30,30,30,30,30,30,30,30,30,30
1,1,40022,0,0,0,0,0,0,0,0,0,0
1,1,40023,0,0,0,0,0,0,0,0,0,0
2,1,40023,0,0,0,0,0,0,0,0,0,0
0,1,40024,22,22,22,22,22,22,22,22,22,22
1,1,40024,18,0,19,0,15,0,0,18,7,0
1,1,40025,0,0,0,0,0,0,12,0,0,0
1,1,40026,30,30,30,30,30,30,30,30,30,30
2,1,40026,0,0,0,0,18,0,0,0,0,0
1,1,40027,0,0,0,0,0,0,0,0,0,0
2,1,40027,0,0,0,0,0,0,0,0,0,0
1,1,40028,0,24,24,15,13,9,16,16,22,12
2,1,40028,17,17,17,17,17,17,17,17,17,17
1,1,40029,16,16,16,16,16,16,16,16,16,16
1,1,40030,0,0,0,0,0,0,0,0,0,0
1,1,40031,0,0,0,0,0,0,0,0,0,0
2,1,40031,0,0,0,0,0,0,0,0,0,0
1,1,40032,0,0,0,0,0,0,0,0,0,0
2,1,40032,0,8,0,0,0,0,0,0,0,0
3,1,40032,0,5,0,0,0,0,0,0,0,0
1,1,40033,0,11,22,9,20,0,14,0,0,8
2,1,40033,0,0,8,0,0,0,5,0,0,0
1,1,40034,0,32,0,0,34,18,0,10,15,0
1,1,40035,0,0,0,0,0,0,0,0,0,0
2,1,40035,0,0,0,0,0,0,0,0,0,0
1,1,40036,17,17,17,17,17,17,17,17,17,17
1,1,40037,0,0,0,0,0,0,0,0,0,0
2,1,40037,0,10,0,4,0,0,0,0,0,0
1,1,40038,0,0,0,0,0,0,0,0,0,0
0,1,40039,0,0,0,0,0,0,0,0,0,0
1,1,40039,0,0,0,0,0,0,0,0,0,0
1,1,40040,0,0,0,0,0,0,0,0,0,0
2,1,40040,0,0,0,0,0,0,0,0,0,0
1,1,40041,0,0,0,0,0,0,0,0,0,0
2,1,40041,0,0,0,0,0,0,0,0,0,0
3,1,40041,0,0,0,0,0,0,0,0,0,0
1,1,40042,19,19,19,19,19,19,19,19,19,19
2,1,40042,0,0,12,0,0,0,3,0,11,0
0,1,40043,35,35,35,35,35,35,35,35,35,35
1,1,40043,24,24,24,24,24,24,24,24,24,24
2,1,40043,0,0,0,0,0,0,0,0,0,0
0,1,40044,0,0,0,0,0,0,0,0,0,0
1,1,40044,15,7,0,21,0,0,37,0,18,21
1,5,40045,14,0,15,0,12,9,10,0,0,31
1,1,40046,0,0,0,0,0,0,0,0,0,0
2,1,40046,0,0,0,0,0,0,0,0,0,0
3,1,40046,0,0,0,0,0,0,0,0,0,0
0,1,40047,25,25,25,25,25,25,25,25,25,25
1,1,40047,0,0,0,0,0,0,20,0,0,23
0,1,40048,11,11,11,11,11,11,11,11,11,11
1,1,40048,0,0,0,0,0,0,0,0,0,0
1,1,40049,0,0,0,0,0,0,0,0,0,0
2,1,40049,0,0,0,0,0,0,0,0,0,0
1,1,40050,0,0,0,0,0,0,0,0,0,0
2,1,40050,0,0,0,0,0,0,0,0,0,0
3,1,40050,0,0,0,0,0,0,7,10,0,0
0,1,40051,17,35,0,17,0,0,0,13,0,21
1,1,40051,0,0,0,0,0,0,0,0,0,0
0,1,40052,34,34,34,34,34,34,34,34,34,34
1,1,40052,16,17,6,0,0,0,0,0,12,12
1,1,40053,0,0,0,0,0,0,0,0,0,0
2,1,40053,0,0,0,0,0,0,0,0,0,0
1,1,40054,0,0,0,0,0,0,0,0,0,2
2,1,40054,0,0,0,0,0,0,0,0,0,0
1,1,40055,0,0,0,0,0,0,0,0,0,0
2,1,40055,0,0,0,0,0,0,0,0,0,0
1,1,40056,0,0,0,0,0,0,0,0,0,28
2,1,40056,0,8,8,0,0,11,0,0,0,18
0,1,40057,0,0,0,0,0,0,0,0,0,0
1,1,40057,0,0,0,0,0,0,0,0,0,0
1,1,40058,0,0,0,0,13,0,0,0,0,0
2,1,40058,0,0,0,0,0,0,0,24,0,0
0,1,40059,8,8,8,8,8,8,8,8,8,8
1,1,40059,0,0,0,0,0,0,0,0,0,0
2,1,40059,0,0,0,0,0,0,0,0,0,0
0,1,40060,0,0,0,0,0,0,0,0,0,0
1,1,40060,0,0,0,12,0,0,0,0,0,0
1,1,40061,0,0,0,0,0,0,0,0,0,0
2,1,40061,0,0,0,0,0,0,0,0,0,0
1,1,40062,8,8,8,8,8,8,8,8,8,8
1,1,40063,0,0,0,0,0,0,0,0,0,0
2,1,40063,0,0,0,0,0,0,0,0,0,0
1,1,40064,16,16,16,16,16,16,16,16,16,16
1,1,40065,0,0,0,0,0,0,0,0,0,0
2,1,40065,0,0,0,0,0,0,0,0,0,0
1,1,40066,21,21,21,21,21,21,21,21,21,21
1,1,40067,1,1,1,1,1,1,1,1,1,1
1,1,40068,0,0,0,0,9,0,0,0,0,0
2,1,40068,0,0,0,0,0,0,0,0,0,0
1,1,40069,18,18,18,18,18,18,18,18,18,18
2,1,40069,7,0,0,0,0,16,0,0,10,0
1,1,40070,4,4,4,4,4,4,4,4,4,4
1,1,40071,8,8,8,8,8,8,8,8,8,8
1,1,40072,0,0,0,0,0,0,0,0,0,0
1,1,40073,22,18,0,0,0,0,0,24,0,0
1,1,40074,0,0,0,13,9,0,0,0,0,0
1,1,40075,0,0,0,0,0,0,0,0,0,0
2,1,40075,0,0,0,0,0,0,0,0,0,0
1,1,40076,0,0,0,0,0,0,0,0,0,0
2,1,40076,0,0,0,0,0,0,0,11,0,0
3,1,40076,0,0,0,0,0,0,0,0,0,0
4,1,40076,0,0,0,0,0,0,0,0,0,0
5,1,40076,0,0,0,0,0,0,0,0,0,0
0,1,40077,0,0,0,0,0,0,0,0,0,0
1,1,40077,1,1,1,1,1,1,1,1,1,1
1,1,40078,19,19,19,19,19,19,19,19,19,19
1,1,40079,0,0,0,0,0,0,0,0,0,0
2,1,40079,0,0,0,0,0,0,0,0,0,0
1,1,40080,0,0,0,0,0,0,0,0,0,0
2,1,40080,0,0,0,0,0,0,0,0,0,0
1,1,40081,0,0,0,0,0,0,0,0,0,0
1,1,40082,0,0,0,0,0,0,0,0,0,0
1,1,40083,0,0,0,0,0,0,0,11,0,0
2,1,40083,0,0,0,0,0,0,0,0,0,0
1,1,40084,14,14,14,14,14,14,14,14,14,14
1,1,40085,17,17,17,17,17,17,17,17,17,17
1,1,40086,18,18,18,18,18,18,18,18,18,18
2,1,40086,0,4,0,0,0,0,13,0,0,0
0,1,40087,0,0,0,0,0,0,0,0,0,0
1,1,40087,12,0,0,0,0,0,0,0,0,0
1,1,40088,14,14,14,14,14,14,14,14,14,14
2,1,40088,0,0,0,0,0,0,0,0,0,0
3,1,40088,0,0,0,0,0,0,0,0,0,0
1,1,40089,0,0,0,0,0,0,0,0,0,22
2,1,40089,0,0,0,0,0,0,0,0,0,0
1,1,40090,17,17,17,17,17,17,17,17,17,17
1,1,40091,0,0,0,0,0,0,0,0,0,0
0,1,40092,28,28,28,28,28,28,28,28,28,28
1,1,40092,0,0,19,0,34,0,0,0,16,13
1,1,40093,19,19,19,19,19,19,19,19,19,19
1,1,40094,0,0,0,0,0,0,0,0,0,0
2,1,40094,0,0,0,0,0,0,0,0,0,0
1,1,40095,0,0,0,0,0,0,0,0,0,0
2,1,40095,0,0,0,0,0,0,0,0,0,0
0,1,40096,0,0,0,0,0,0,0,0,0,0
1,1,40096,0,0,0,0,0,0,0,0,0,0
1,1,40097,27,34,20,25,18,13,19,14,15,30
2,1,40097,0,0,0,0,0,0,0,0,0,0
0,1,40098,7,0,0,12,30,8,26,18,18,23
1,1,40098,0,28,4,12,0,0,18,13,0,0
1,1,40099,0,0,0,0,0,0,0,0,0,0
2,1,40099,0,0,0,0,0,0,0,0,0,0
1,1,40100,0,12,0,30,0,0,0,0,22,0
1,1,40101,18,18,18,18,18,18,18,18,18,18
1,1,40102,0,0,0,0,0,0,0,0,0,0
2,1,40102,0,0,0,0,0,0,0,0,0,0
1,1,40103,19,19,19,19,19,19,19,19,19,19
2,1,40103,10,0,0,0,0,0,9,0,0,0
1,1,40104,0,0,0,0,0,0,0,0,0,0
2,1,40104,0,0,0,0,0,0,0,0,0,0
1,1,40105,0,0,0,0,0,0,0,0,0,0
1,1,40106,0,0,0,0,0,0,0,0,0,0
1,1,40107,0,0,0,0,0,0,0,0,0,0
2,1,40107,0,0,0,0,0,4,0,0,0,0
1,1,40108,0,13,9,0,0,0,0,0,16,14
2,1,40108,33,33,33,33,33,33,33,33,33,33
1,1,40109,23,23,23,23,23,23,23,23,23,23
0,1,40110,9,9,9,9,9,9,9,9,9,9
0,2,40110,18,33,6,23,23,21,25,25,30,7
1,1,40110,19,19,19,19,19,19,19,19,19,19
1,1,40111,16,16,16,16,16,16,16,16,16,16
2,1,40111,0,0,0,0,0,0,0,0,0,0
1,1,40112,0,0,0,0,0,0,0,0,0,0
2,1,40112,0,0,0,0,0,0,0,0,0,0
1,1,40113,13,13,13,13,13,13,13,13,13,13
2,1,40113,0,0,0,0,0,0,0,0,0,0
0,1,40114,11,11,11,11,11,11,11,11,11,11
1,1,40114,0,0,12,0,0,0,0,0,0,0
0,1,40115,0,0,0,0,0,0,26,0,0,0
1,1,40115,0,0,0,0,0,0,0,0,0,0
1,1,40116,0,0,0,0,0,0,0,0,0,0
1,1,40117,0,0,0,0,0,0,0,0,0,0
1,1,40118,0,0,0,0,0,0,0,0,0,0
0,1,40119,0,0,0,0,0,0,0,0,0,0
1,1,40119,0,0,0,0,0,0,0,0,0,0
1,1,40120,0,0,0,0,0,0,0,0,0,0
1,1,40121,20,20,20,20,20,20,20,20,20,20
2,1,40121,5,0,0,0,0,0,0,0,0,0
1,1,40122,8,8,8,8,8,8,8,8,8,8
2,1,40122,0,0,0,0,0,0,0,0,0,0
1,1,40123,0,0,0,0,0,0,0,0,0,0
2,1,40123,0,0,0,0,0,0,0,0,0,0
1,1,40124,4,0,10,0,15,0,0,0,0,0
2,1,40124,0,0,0,0,0,0,0,0,0,0
1,1,40125,21,21,21,21,21,21,21,21,21,21
2,1,40125,0,0,0,0,0,0,0,0,0,0
1,1,40126,4,4,4,4,4,4,4,4,4,4
0,1,40127,0,0,0,0,0,0,0,0,0,0
1,1,40127,0,0,0,0,0,0,0,0,0,0
1,1,40128,12,12,12,12,12,12,12,12,12,12
2,1,40128,9,0,6,0,0,0,0,0,13,0
0,1,40129,3,3,3,3,3,3,3,3,3,3
1,1,40129,0,0,0,0,0,0,0,0,0,0
1,1,40130,0,0,0,0,0,0,0,0,0,0
2,1,40130,0,0,0,0,0,0,0,0,0,0
1,1,40131,19,19,19,19,19,19,19,19,19,19
2,1,40131,19,19,19,19,19,19,19,19,19,19
3,1,40131,0,0,0,0,0,0,0,0,0,10
1,1,40132,0,0,0,0,0,0,0,0,0,0
1,1,40133,0,0,0,0,0,0,0,0,0,0
1,1,40134,0,0,0,0,0,0,0,0,0,0
2,1,40134,0,0,0,0,0,0,0,0,0,0
1,1,40135,15,15,15,15,15,15,15,15,15,15
1,1,40136,0,0,0,0,0,0,0,0,0,0
1,1,40137,0,0,0,0,0,0,0,0,0,0
1,1,40138,0,0,0,0,0,0,0,16,4,0
1,1,40139,0,0,0,0,0,0,0,0,0,0
0,1,40140,0,46,0,13,0,34,17,20,5,20
1,1,40140,0,0,0,0,4,0,0,0,0,0
1,1,40141,24,24,24,24,24,24,24,24,24,24
1,1,40142,0,0,0,0,0,0,0,0,0,0
0,1,40143,21,21,21,21,21,21,21,21,21,21
1,1,40143,0,0,0,0,0,0,0,0,0,0
1,1,40144,0,0,0,0,0,0,0,0,0,0
2,1,40144,0,0,0,0,10,0,0,0,0,0
1,1,40145,0,0,0,0,0,0,0,0,0,0
1,1,40146,0,0,0,0,27,0,22,0,0,0
2,1,40146,0,0,0,0,0,6,0,0,0,0
1,1,40147,19,19,19,19,19,19,19,19,19,19
2,1,40147,0,0,0,0,0,0,0,0,0,0
0,1,40148,0,0,0,0,0,0,0,0,0,0
1,1,40148,0,0,0,0,0,0,0,0,0,0
1,1,40149,0,0,0,0,0,0,0,0,0,0
2,1,40149,0,0,0,0,0,0,0,0,0,0
1,1,40150,8,8,8,8,8,8,8,8,8,8
1,1,40151,0,0,0,0,0,0,0,0,0,0
1,1,40152,11,11,11,11,11,11,11,11,11,11
1,1,40153,0,0,0,0,0,0,0,0,0,0
2,1,40153,0,0,0,0,0,0,0,0,0,0
1,1,40154,17,17,17,17,17,17,17,17,17,17
2,1,40154,0,0,0,0,0,0,0,0,0,0
0,1,40155,0,0,0,0,0,0,0,0,0,0
1,1,40155,0,0,0,0,0,0,0,0,0,0
2,1,40155,0,0,0,0,0,0,0,0,0,0
1,1,40156,37,37,37,37,37,37,37,37,37,37
2,1,40156,0,0,0,0,0,0,0,0,0,0
3,1,40156,0,0,0,0,0,0,0,0,0,0
0,1,40157,26,26,26,26,26,26,26,26,26,26
1,1,40157,0,3,0,0,0,0,0,0,0,0
0,1,40158,30,30,30,30,30,30,30,30,30,30
1,1,40158,0,0,0,0,0,0,0,0,0,0
1,1,40159,18,18,18,18,18,18,18,18,18,18
1,1,40160,1,1,1,1,1,1,1,1,1,1
1,1,40161,0,0,0,0,0,0,0,0,0,0
1,1,40162,17,17,17,17,17,17,17,17,17,17
2,1,40162,0,0,0,0,0,0,8,0,0,0
1,1,40163,9,9,9,9,9,9,9,9,9,9
0,1,40164,0,0,0,0,0,0,0,0,0,0
1,1,40164,0,0,0,0,0,0,0,0,0,0
0,1,40166,25,25,25,25,25,25,25,25,25,25
1,1,40166,0,0,0,0,0,10,0,0,0,0
0,1,40167,0,0,0,0,0,0,0,0,0,0
1,1,40167,0,0,0,0,0,0,0,0,0,0
0,1,40168,29,29,29,29,29,29,29,29,29,29
1,1,40168,0,0,0,0,30,7,0,0,20,0
1,1,40169,0,0,0,0,0,0,0,25,0,0
2,1,40169,0,0,0,0,0,0,0,0,0,0
3,1,40169,0,0,0,0,0,0,0,0,0,0
1,1,40171,0,0,0,0,0,0,0,0,0,0
1,1,40172,0,0,0,0,0,0,0,0,0,0
2,1,40172,0,0,0,0,0,0,0,0,0,0
1,1,40173,0,0,0,0,0,0,0,0,0,0
1,1,40174,0,8,0,0,0,0,0,0,0,0
2,1,40174,0,0,0,0,0,0,0,0,0,0
3,1,40174,0,0,0,0,0,0,0,0,0,0
1,1,40175,0,0,0,0,0,0,0,0,0,9
2,1,40175,0,0,0,0,0,0,0,0,0,0
1,1,40176,0,0,0,0,0,0,0,0,0,0
2,1,40176,9,0,18,7,14,0,0,0,0,0