VEH_NO,PER_NO,ST_CASE,P1,P2,P3,P4,P5,P6,P7,P8,P9,P10
1,1,40488,0,14,27,0,0,0,0,0,0,0
1,1,40489,0,17,0,0,0,21,12,17,17,25
2,1,40489,0,0,0,0,0,0,0,0,0,0
1,1,40490,24,26,0,23,0,36,20,0,0,0
1,1,40491,0,0,0,0,0,0,0,0,0,0
1,1,40492,0,0,0,0,0,0,0,0,0,0
2,1,40492,13,0,0,0,0,0,0,0,6,29
1,1,40493,0,0,0,0,0,0,0,0,0,0
1,1,40494,21,21,21,21,21,21,21,21,21,21
1,1,40495,12,32,9,0,0,3,11,13,4,8
1,1,40496,0,0,0,0,0,0,0,0,0,0
1,1,40497,0,17,0,0,0,22,0,11,0,21
1,1,40499,30,30,30,30,30,30,30,30,30,30
1,1,40500,14,14,14,14,14,14,14,14,14,14
2,1,40500,0,0,0,0,0,0,0,0,0,0
1,1,40501,0,0,0,0,0,0,0,0,0,0
1,1,40502,11,11,11,11,11,11,11,11,11,11
2,1,40502,0,0,0,4,0,0,5,0,0,0
0,1,40503,15,15,15,15,15,15,15,15,15,15
1,1,40503,0,0,0,0,0,0,0,0,0,0
2,1,40503,0,0,0,0,0,0,0,8,0,0
3,1,40503,0,16,0,0,0,0,0,0,0,0
4,1,40503,0,0,0,0,20,0,0,0,0,0
1,2,40504,0,0,7,0,0,0,0,0,0,0
1,1,40505,22,22,22,22,22,22,22,22,22,22
1,1,40506,9,14,0,0,0,0,21,0,0,8
1,1,40507,0,0,0,0,0,0,0,0,0,0
2,1,40507,0,0,0,0,0,0,0,0,0,0
3,1,40507,0,0,0,0,0,16,0,0,0,0
4,1,40507,0,0,0,0,0,0,0,12,0,0
1,1,40508,0,0,0,0,0,0,0,0,0,0
1,1,40509,6,6,6,6,6,6,6,6,6,6
2,1,40509,0,0,0,0,0,0,0,0,0,0
1,1,40510,0,0,0,0,0,0,0,0,0,0
2,1,40510,0,0,0,0,0,0,0,0,0,0
0,1,40511,26,26,26,26,26,26,26,26,26,26
1,1,40511,0,0,0,0,0,0,0,0,0,0
1,1,40512,0,0,0,0,0,0,0,0,0,0
2,1,40512,0,0,0,0,0,0,0,0,11,16
1,1,40513,0,0,0,0,0,0,0,0,0,0
1,1,40514,0,0,0,0,0,0,0,0,0,0
2,1,40514,0,0,0,0,0,0,0,0,0,0
3,1,40514,0,0,0,0,0,0,0,0,0,0
1,1,40515,0,0,0,0,0,0,0,0,0,0
2,1,40515,22,22,22,22,22,22,22,22,22,22
1,1,40516,0,0,0,0,0,0,0,0,0,0
2,1,40516,0,0,0,0,0,0,0,0,0,0
0,1,40517,0,0,0,0,0,0,0,0,0,0
1,1,40517,0,0,0,0,0,0,0,0,0,0
1,1,40518,18,18,18,18,18,18,18,18,18,18
1,1,40519,0,0,0,4,0,0,0,0,0,0
2,1,40519,0,0,0,0,0,0,0,0,0,0
1,1,40520,0,0,0,0,0,0,0,0,0,0
1,1,40521,0,0,0,0,0,0,0,0,0,0
1,1,40522,0,0,0,0,0,0,20,0,0,13
2,1,40522,0,0,0,0,0,15,0,0,0,0
1,1,40523,0,0,0,0,0,0,0,0,0,0
2,1,40523,0,0,0,0,0,0,0,0,0,0
1,1,40524,0,0,0,0,0,0,0,0,0,0
2,1,40524,18,18,18,18,18,18,18,18,18,18
1,1,40525,0,0,17,16,0,0,0,0,0,0
2,1,40525,0,0,0,18,0,0,0,0,0,0
1,1,40526,5,5,5,5,5,5,5,5,5,5
2,1,40526,5,5,5,5,5,5,5,5,5,5
1,1,40527,0,0,0,0,0,0,0,0,0,0
2,1,40527,0,0,0,0,0,0,0,0,0,0
1,1,40528,0,0,0,0,0,0,0,0,0,0
2,1,40528,0,0,0,0,0,0,0,0,0,0
1,1,40529,24,24,24,24,24,24,24,24,24,24
2,1,40529,0,0,0,0,0,0,0,22,0,0
3,1,40529,0,0,0,0,0,0,10,0,0,0
1,1,40530,15,15,15,15,15,15,15,15,15,15
1,1,40531,24,0,0,0,0,0,0,0,0,0
2,1,40531,0,0,0,0,0,0,0,0,0,0
1,1,40532,0,0,0,0,0,0,0,0,0,0
2,1,40532,0,0,0,0,0,0,0,0,0,0
1,1,40533,30,0,18,23,22,0,0,0,0,0
1,1,40534,0,0,0,0,0,0,0,0,0,0
1,1,40535,0,0,0,0,0,0,0,0,0,0
2,1,40535,0,0,0,0,0,0,10,0,0,0
1,1,40536,0,0,0,0,0,0,0,0,0,0
1,1,40537,0,0,0,0,0,0,0,0,0,0
1,1,40538,0,0,0,0,0,0,0,18,0,13
1,1,40539,17,17,17,17,17,17,17,17,17,17
2,1,40539,0,0,0,0,0,0,0,0,0,0
3,1,40539,0,0,0,0,0,0,0,0,0,0
0,1,40540,23,23,23,23,23,23,23,23,23,23
1,1,40540,0,0,0,12,0,0,0,0,0,0
0,1,40541,25,25,25,25,25,25,25,25,25,25
1,1,40541,11,6,0,0,0,0,0,0,0,0
1,1,40542,0,0,0,0,0,0,0,0,0,0
1,1,40543,0,0,0,0,0,0,0,0,0,0
1,1,40544,0,0,0,0,21,0,0,0,0,0
1,1,40545,0,0,0,0,0,14,0,0,18,0
1,1,40546,0,0,0,0,0,0,0,0,0,0
1,1,40547,0,0,0,0,0,0,0,0,0,0
2,1,40547,0,0,0,0,0,0,0,0,0,0
1,1,40548,0,35,0,0,0,0,0,0,31,20
2,1,40548,0,0,0,0,0,0,0,0,0,0
1,1,40549,0,0,0,0,0,0,0,0,0,0
1,1,40550,9,9,9,9,9,9,9,9,9,9
1,1,40551,0,0,20,0,0,0,0,0,0,23
1,1,40552,8,8,8,8,8,8,8,8,8,8
2,1,40552,0,0,0,0,0,0,0,0,0,9
1,1,40553,0,0,0,0,19,0,0,20,0,0
1,1,40554,0,0,0,0,0,0,0,0,0,0
2,1,40554,0,0,0,0,0,0,0,0,0,0
1,1,40555,0,0,0,0,0,0,0,0,0,0
1,1,40556,0,0,0,0,0,0,0,0,0,0
2,1,40556,0,0,0,0,0,0,0,0,0,0
1,1,40557,14,7,0,0,0,0,9,0,0,0
1,1,40558,0,0,0,0,0,0,0,0,0,0
2,1,40558,0,0,0,0,0,0,0,0,0,0
1,1,40559,26,26,26,26,26,26,26,26,26,26
1,1,40560,15,17,0,19,0,0,0,0,11,0
2,1,40560,0,0,0,0,0,0,0,0,0,0
1,1,40561,25,25,25,25,25,25,25,25,25,25
2,1,40561,0,0,0,0,0,0,0,0,0,0
1,1,40562,0,0,0,0,0,0,0,0,0,0
2,1,40562,0,0,0,0,0,0,0,0,0,0
1,1,40563,10,0,0,0,0,0,0,0,0,0
0,1,40564,13,13,13,13,13,13,13,13,13,13
1,1,40564,0,0,0,0,0,0,0,0,0,0
1,1,40565,0,0,0,0,0,10,0,0,27,27
1,1,40566,15,0,26,25,0,0,6,0,16,0
1,1,40567,24,24,24,24,24,24,24,24,24,24
1,1,40568,0,0,0,0,0,0,0,0,0,0
1,1,40569,0,0,0,0,0,0,0,0,0,0
2,1,40569,0,0,0,0,0,0,0,0,0,0
1,1,40570,10,23,0,20,0,14,8,0,18,15
1,1,40571,24,24,24,24,24,24,24,24,24,24
1,1,40572,0,0,0,0,0,0,0,0,0,0
1,1,40573,0,0,0,0,0,0,0,0,0,0
2,1,40573,0,0,0,0,0,0,0,0,0,0
0,1,40574,0,0,0,9,0,0,0,0,33,0
1,1,40574,0,9,0,0,0,0,0,0,0,0
1,1,40575,10,10,10,10,10,10,10,10,10,10
2,1,40575,10,25,0,0,0,0,0,0,4,0
1,1,40576,0,0,0,0,0,0,0,0,0,0
1,1,40577,0,0,0,0,0,0,0,0,0,0
2,1,40577,0,0,0,0,0,0,0,0,0,0
3,1,40577,0,0,0,0,0,0,0,0,0,0
1,1,40578,0,0,3,0,0,0,0,0,0,0
2,1,40578,0,0,0,0,0,0,0,0,0,0
1,1,40579,26,26,26,26,26,26,26,26,26,26
0,1,40580,0,0,0,0,0,0,0,0,0,0
1,1,40580,0,0,0,0,0,0,0,0,0,0
0,1,40581,34,0,0,0,0,0,0,18,15,8
1,1,40581,0,0,0,0,0,0,19,0,0,0
1,1,40582,20,20,20,20,20,20,20,20,20,20
1,1,40583,0,0,0,0,0,0,0,0,0,0
2,1,40583,0,0,0,0,0,0,3,0,0,0
3,1,40583,0,0,0,0,0,0,0,0,0,0
1,1,40584,0,0,0,0,0,0,0,0,0,0
2,1,40584,0,0,0,0,0,0,3,0,0,0
1,1,40585,17,17,17,17,17,17,17,17,17,17
1,1,40586,17,17,17,17,17,17,17,17,17,17
1,1,40587,22,0,0,0,0,8,0,0,0,0
0,1,40588,0,0,0,0,0,0,0,0,0,0
1,1,40588,0,0,6,0,0,0,0,0,0,0
2,1,40588,0,0,0,0,0,0,0,0,0,0
1,1,40589,0,0,0,0,0,0,0,0,0,0
2,1,40589,0,0,0,0,0,0,0,0,0,0
1,1,40590,20,20,20,20,20,20,20,20,20,20
2,1,40590,0,0,0,0,0,0,0,0,0,0
1,1,40591,13,23,9,13,18,31,23,7,17,24
1,1,40592,21,21,21,21,21,21,21,21,21,21
1,1,40593,16,16,16,16,16,16,16,16,16,16
0,1,40594,0,0,0,0,0,0,0,0,0,0
1,1,40594,0,0,0,0,0,0,0,0,0,0
1,1,40595,24,24,24,24,24,24,24,24,24,24
1,1,40596,0,0,0,0,0,0,0,0,0,0
2,1,40596,0,0,0,0,0,0,0,0,0,0
3,1,40596,0,0,0,0,0,0,0,0,0,0
0,1,40597,11,11,11,11,11,11,11,11,11,11
1,1,40597,0,0,0,0,0,0,7,0,0,0
1,1,40598,0,0,0,0,0,0,0,0,0,0
1,1,40599,0,0,0,0,0,0,0,0,0,0
1,1,40600,0,0,0,0,0,0,0,0,0,0
1,1,40601,8,8,8,8,8,8,8,8,8,8
1,1,40602,23,23,23,23,23,23,23,23,23,23
2,1,40602,0,0,0,0,0,0,0,0,0,0
3,1,40602,0,0,0,0,0,0,23,0,0,0
4,1,40602,0,0,0,0,0,0,0,0,0,0
1,1,40603,14,14,14,14,14,14,14,14,14,14
2,1,40603,0,0,0,0,0,0,0,0,0,0
1,1,40604,0,0,0,0,0,0,0,0,0,0
1,1,40605,18,18,18,18,18,18,18,18,18,18
1,1,40606,0,11,0,0,0,0,12,0,13,0
2,1,40606,0,0,0,0,0,0,0,0,0,3
1,1,40607,0,0,0,0,0,0,0,0,0,0
1,1,40608,0,0,0,10,0,0,0,0,0,0
2,1,40608,0,0,0,0,0,0,0,0,0,0
1,1,40609,13,13,13,13,13,13,13,13,13,13
2,1,40609,0,0,0,0,0,0,0,0,0,0
1,1,40610,0,0,0,0,0,0,0,0,0,0
2,1,40610,0,0,0,0,0,0,0,0,0,0
1,1,40611,0,0,0,0,0,0,0,0,0,0
2,1,40611,0,0,0,0,0,0,0,0,0,0
1,1,40612,12,12,12,12,12,12,12,12,12,12
2,1,40612,0,0,0,0,0,0,0,0,0,0
1,1,40613,17,17,17,17,17,17,17,17,17,17
2,1,40613,0,0,0,0,0,0,0,0,0,0
1,1,40614,0,0,0,19,0,20,4,0,19,0
1,1,40615,17,17,17,17,17,17,17,17,17,17
1,1,40616,15,15,15,15,15,15,15,15,15,15
2,1,40616,0,0,0,0,0,0,0,0,0,0
1,1,40617,27,27,27,27,27,27,27,27,27,27
1,1,40618,0,0,0,0,0,0,0,0,0,0
2,1,40618,0,0,0,0,0,0,0,0,0,0
1,1,40619,12,12,12,12,12,12,12,12,12,12
1,1,40620,0,0,0,0,0,0,0,0,0,0
2,1,40620,6,6,6,6,6,6,6,6,6,6
1,1,40621,0,0,0,0,0,0,0,0,0,0
0,1,40622,0,0,0,0,0,0,0,0,0,0
1,1,40622,0,0,0,0,0,0,0,0,0,0
0,1,40623,0,0,0,0,0,0,0,0,0,18
1,1,40623,0,0,0,0,0,0,0,0,0,0
2,1,40623,0,0,0,0,0,0,0,0,0,0
3,1,40623,0,0,0,0,0,0,0,0,0,0
4,1,40623,0,0,0,3,0,0,0,0,7,0
5,1,40623,0,0,0,0,0,0,0,0,0,15
6,1,40623,0,0,0,0,0,0,0,0,0,0
1,1,40624,0,0,0,0,0,6,0,0,0,0
2,1,40624,0,0,0,0,0,0,0,0,0,0
1,1,40625,8,8,8,8,8,8,8,8,8,8
2,1,40625,0,0,0,0,0,0,0,0,0,0
1,1,40626,0,12,0,0,0,0,18,0,5,0
2,1,40626,0,0,6,0,0,0,0,0,0,0
1,1,40627,22,22,22,22,22,22,22,22,22,22
2,1,40627,0,0,0,0,0,0,0,0,0,0
1,1,40628,18,18,18,18,18,18,18,18,18,18
2,1,40628,0,0,0,0,0,0,0,0,0,0
3,1,40628,0,0,0,0,0,0,0,0,0,0
1,1,40629,0,0,0,0,0,0,0,0,0,0
1,1,40630,0,0,0,0,0,0,0,0,28,0
2,1,40630,0,0,0,0,0,0,0,0,0,0
0,1,40631,0,0,0,0,0,0,0,0,0,0
1,1,40631,0,0,0,0,0,0,0,0,0,0
1,1,40632,0,0,0,0,0,0,0,0,0,0
0,1,40633,0,0,0,0,0,0,0,0,0,0
1,1,40633,0,0,0,0,0,0,0,0,0,0
0,1,40634,0,0,0,0,0,0,0,0,0,0
1,1,40634,0,0,0,0,0,0,0,0,0,0
1,1,40635,0,0,0,0,0,0,0,0,0,0
2,1,40635,0,0,0,0,0,0,0,0,0,0
0,1,40636,0,0,0,0,0,0,0,0,0,0
1,1,40636,10,10,10,10,10,10,10,10,10,10
1,1,40637,0,0,0,0,0,0,0,0,0,0
2,1,40637,0,0,0,0,0,0,0,0,0,0
1,1,40638,0,0,0,0,0,0,0,0,0,0
1,1,40639,0,0,4,0,0,0,0,0,0,0
1,1,40640,13,13,13,13,13,13,13,13,13,13
1,1,40641,1,1,1,1,1,1,1,1,1,1
1,1,40642,0,0,0,0,0,0,0,0,0,0
2,1,40642,0,0,0,0,0,0,0,0,0,0
2,1,40643,0,0,0,0,0,0,0,0,0,0
1,1,40644,0,0,0,0,0,0,0,0,0,0
1,1,40645,0,0,0,0,0,0,0,0,0,0
1,1,40646,0,0,0,0,0,0,0,0,0,12
2,1,40646,0,0,0,0,0,0,0,0,0,0
1,1,40647,23,23,23,23,23,23,23,23,23,23
2,1,40647,0,0,0,0,0,0,0,0,0,0
1,1,40648,3,3,3,3,3,3,3,3,3,3
2,1,40648,0,0,0,0,0,0,0,0,0,0
1,1,40649,0,0,0,0,0,0,0,0,0,0
2,1,40649,0,0,0,0,0,0,0,0,0,7
1,1,40650,22,22,22,22,22,22,22,22,22,22
1,1,40651,0,0,0,0,0,0,0,0,0,0
2,1,40651,0,0,0,0,0,0,0,0,0,0
0,1,40652,19,19,19,19,19,19,19,19,19,19
1,1,40652,0,0,0,0,0,0,0,0,0,0
1,1,40653,2,2,2,2,2,2,2,2,2,2
2,1,40653,0,0,0,0,0,0,0,0,0,0
1,1,40654,0,0,0,0,0,0,0,0,0,0
1,1,40655,12,12,12,12,12,12,12,12,12,12
1,1,40656,28,28,28,28,28,28,28,28,28,28
1,1,40657,24,23,19,9,21,13,22,20,18,19
1,1,40658,0,0,0,0,0,0,0,0,0,0
1,1,40659,0,0,0,0,0,0,0,0,0,0
2,1,40659,0,0,0,0,0,0,0,0,0,0
1,1,40660,14,0,0,20,0,0,0,0,7,13
2,1,40660,0,0,0,0,0,0,0,0,0,0
1,1,40661,0,0,0,0,0,0,0,0,0,0
2,1,40661,0,0,0,0,0,0,0,0,0,0
1,1,40662,0,0,0,0,0,4,0,0,0,7
2,1,40662,0,0,0,0,0,0,0,16,0,0
3,1,40662,0,0,0,0,0,0,0,0,0,0
1,1,40663,0,0,0,7,0,0,0,0,0,0
2,1,40663,0,2,0,0,8,0,0,0,0,12
3,1,40663,0,0,0,0,0,0,0,0,0,0
1,1,40664,0,0,0,0,0,0,0,0,21,0
1,1,40665,0,0,0,0,20,0,0,0,0,0
2,1,40665,0,0,0,0,0,0,14,0,0,0
3,1,40665,8,0,0,0,0,0,0,0,0,0
1,1,40666,15,15,15,15,15,15,15,15,15,15
2,1,40666,8,8,8,8,8,8,8,8,8,8
1,1,40667,0,0,0,0,0,0,0,0,0,0
2,1,40667,0,0,0,0,0,0,0,0,0,0
1,1,40668,0,0,0,0,0,0,0,0,0,0
2,1,40668,0,0,0,0,0,0,0,0,0,0
1,1,40669,0,0,0,0,0,0,0,0,0,0
2,1,40669,0,0,0,0,0,0,0,0,0,0
1,1,40670,0,0,0,0,0,0,0,0,0,0
1,1,40671,2,2,2,2,2,2,2,2,2,2
1,1,40672,24,0,0,0,0,20,0,0,6,0
2,1,40672,0,0,0,0,0,0,0,0,0,0
1,1,40673,23,23,23,23,23,23,23,23,23,23
0,1,40674,0,0,0,0,0,0,0,0,0,0
1,1,40674,0,0,0,0,0,0,0,0,0,0
1,1,40675,0,0,0,0,0,0,0,0,0,0
2,1,40675,0,0,0,0,0,0,0,0,0,0
3,1,40675,0,0,0,0,0,0,0,0,0,0
1,1,40676,22,22,22,22,22,22,22,22,22,22
2,1,40676,12,5,17,20,10,9,14,0,12,3
0,1,40677,24,24,24,24,24,24,24,24,24,24
1,1,40677,0,0,0,0,0,0,0,0,0,0
0,1,40678,0,0,0,0,0,0,0,0,0,0
2,1,40678,0,0,0,0,0,0,6,0,0,0
1,1,40679,0,0,0,0,0,0,0,0,0,0
2,1,40679,0,0,0,0,0,0,0,0,0,0
3,1,40679,0,0,0,0,0,0,0,0,0,0
1,1,40680,0,0,0,0,0,0,0,0,0,0
2,1,40680,0,0,0,0,0,0,0,0,5,0
1,1,40681,27,27,27,27,27,27,27,27,27,27
1,1,40682,0,0,0,0,0,0,0,0,0,0
2,1,40682,0,0,0,0,17,0,0,0,0,9
1,1,40683,18,18,18,18,18,18,18,18,18,18
1,1,40684,0,0,0,0,0,0,0,0,0,0
2,1,40684,0,0,0,0,0,0,0,0,0,0
3,1,40684,16,16,16,16,16,16,16,16,16,16
0,1,40685,18,0,0,0,33,0,0,23,0,15
1,1,40685,18,0,0,0,0,0,6,0,0,0
1,1,40686,10,10,10,10,10,10,10,10,10,10
1,1,40687,0,0,0,0,0,0,0,0,0,0
2,1,40687,0,0,0,0,0,0,0,0,0,0
1,1,40688,19,19,19,19,19,19,19,19,19,19
1,1,40689,0,0,0,0,0,0,0,0,0,19
2,1,40689,0,0,0,0,0,0,0,0,0,0
1,1,40690,0,0,0,9,0,0,0,0,0,0
1,1,40691,17,17,17,17,17,17,17,17,17,17
1,1,40692,0,24,19,25,24,9,9,17,11,19
1,1,40693,0,0,0,0,0,0,0,0,0,0
1,1,40694,0,0,0,24,14,0,17,29,0,0
2,1,40694,0,0,0,0,0,0,0,0,0,0
3,1,40694,0,0,0,0,0,0,0,0,0,6
1,1,40695,0,0,0,0,0,0,0,0,0,0
1,1,40696,0,0,0,0,0,0,0,0,0,0
2,1,40696,0,0,0,0,0,0,0,0,0,0
1,1,40697,7,14,29,25,20,8,21,17,12,0
0,1,40698,0,0,0,0,0,0,0,0,0,0
1,1,40698,0,0,0,0,0,0,0,0,0,22
1,1,40699,11,0,17,0,13,18,9,5,14,0
1,1,40700,31,31,31,31,31,31,31,31,31,31
1,1,40701,0,0,0,0,0,0,0,0,0,0
2,1,40701,0,0,0,0,0,0,0,0,0,0
1,1,40702,0,0,0,0,0,0,0,0,0,0
1,1,40703,0,0,0,0,0,0,0,0,0,0
1,1,40704,0,0,0,16,0,22,0,0,20,0
0,1,40705,19,19,19,19,19,19,19,19,19,19
1,1,40705,1,1,1,1,1,1,1,1,1,1
1,1,40706,9,9,9,9,9,9,9,9,9,9
2,1,40706,0,0,0,0,0,0,0,0,0,0
1,1,40707,12,12,12,12,12,12,12,12,12,12
1,1,40708,0,0,23,19,0,15,10,0,0,0
2,1,40708,0,0,14,0,0,0,0,0,0,0
3,1,40708,0,0,0,0,0,0,0,0,0,0
4,1,40708,0,0,0,0,0,0,0,0,0,10
1,1,40709,0,0,0,0,0,0,0,0,0,0
2,1,40709,0,0,0,0,0,0,0,0,0,0
3,1,40709,0,0,0,0,0,0,0,0,0,0
1,1,40710,0,0,0,0,0,0,0,0,0,0
1,1,40711,14,14,14,14,14,14,14,14,14,14
1,1,40712,18,18,18,18,18,18,18,18,18,18
2,1,40712,0,0,0,14,0,0,0,0,0,0
1,1,40713,0,0,0,0,0,0,0,0,0,0
0,1,40714,0,0,0,0,0,0,0,0,0,0
1,1,40714,0,16,0,0,0,0,0,0,0,0
0,1,40715,0,0,0,0,0,0,0,0,0,0
1,1,40715,0,0,0,0,0,0,0,0,0,0
2,1,40715,0,0,0,0,0,0,0,0,0,0
0,1,40716,17,17,17,17,17,17,17,17,17,17
1,1,40716,0,0,0,0,0,0,0,0,0,0
1,1,40718,0,0,0,0,0,0,0,0,0,20
2,1,40718,0,0,0,0,0,0,0,0,0,0
1,1,40719,22,22,22,22,22,22,22,22,22,22
1,1,40720,15,15,15,15,15,15,15,15,15,15
2,1,40720,0,0,0,8,16,0,5,0,0,26
0,1,40721,0,0,0,0,0,0,0,0,0,0
0,2,40721,0,0,0,0,0,0,0,0,0,0
1,1,40721,0,7,0,0,0,0,0,0,0,0
1,1,40722,10,10,10,10,10,10,10,10,10,10
0,1,40723,21,21,21,21,21,21,21,21,21,21
1,1,40723,0,0,0,0,0,0,0,0,0,0
1,1,40724,0,0,0,0,0,0,0,0,0,0
1,1,40725,9,9,9,9,9,9,9,9,9,9
2,1,40725,0,0,0,0,0,0,0,0,0,0
3,1,40725,0,0,0,0,0,0,0,0,0,0
1,1,40726,34,34,34,34,34,34,34,34,34,34
1,1,40728,0,0,0,0,0,0,0,0,0,0
2,1,40728,20,16,7,9,19,21,17,11,22,25
1,1,40729,15,15,15,15,15,15,15,15,15,15
2,1,40729,0,0,0,0,0,0,0,0,0,0
1,1,40730,44,44,44,44,44,44,44,44,44,44
1,1,40731,0,0,0,0,0,0,0,0,0,0
2,1,40731,0,0,0,0,0,0,0,0,0,0
0,1,40732,32,32,32,32,32,32,32,32,32,32
1,1,40732,0,0,0,3,0,0,0,0,11,0
1,1,40733,1,1,1,1,1,1,1,1,1,1
2,1,40733,0,0,0,0,0,0,0,0,0,0
0,1,40734,33,0,0,0,0,0,0,0,0,24
1,1,40734,0,7,0,0,0,0,0,0,0,0
2,1,40734,0,0,0,0,0,0,0,0,34,0
0,1,40735,45,45,45,45,45,45,45,45,45,45
1,1,40735,0,0,0,0,0,0,0,0,0,0
1,1,40736,0,0,0,0,0,0,0,0,0,0
1,1,40737,22,22,22,22,22,22,22,22,22,22
2,1,40737,21,0,0,0,0,0,0,0,0,0
1,1,40738,0,0,0,0,0,0,0,0,0,0
1,1,40739,0,0,0,0,0,0,0,0,0,0
1,1,40740,0,0,0,0,0,0,0,0,0,0
1,1,40741,24,24,24,24,24,24,24,24,24,24
1,1,40742,0,0,0,0,0,0,0,0,0,0
0,1,40743,0,0,0,0,0,0,0,0,0,0
1,1,40743,0,0,0,0,6,11,0,0,22,8
1,1,40744,0,0,0,0,0,0,0,0,0,0
2,1,40744,0,0,0,0,0,0,0,0,0,0
3,1,40744,0,0,0,0,0,0,0,0,0,0
4,1,40744,0,0,0,0,0,0,0,0,0,0
1,1,40745,0,0,0,0,0,0,0,0,0,0
1,1,40746,17,17,17,17,17,17,17,17,17,17
1,1,40747,0,7,0,0,0,0,0,0,0,0
2,1,40747,0,0,0,0,0,0,0,0,0,0
1,1,40748,11,11,11,11,11,11,11,11,11,11
2,1,40748,0,0,0,0,10,0,0,5,0,0
1,1,40749,0,0,0,0,0,0,0,0,0,0
2,1,40749,0,0,0,17,0,0,0,0,0,0
3,1,40749,5,0,0,0,0,0,0,0,0,0
1,1,40750,0,0,0,0,0,0,0,0,0,0
1,1,40751,0,0,0,0,0,0,0,0,0,0
1,1,40752,3,3,3,3,3,3,3,3,3,3
1,1,40753,16,16,16,16,16,16,16,16,16,16
1,1,40754,23,23,23,23,23,23,23,23,23,23
0,1,40755,10,10,10,10,10,10,10,10,10,10
1,1,40755,0,0,0,8,0,0,0,9,0,0
1,1,40756,0,0,0,0,0,0,0,0,0,0
2,1,40756,0,0,0,0,0,0,0,0,0,0
1,1,40757,0,0,0,0,0,0,0,0,0,0
2,1,40757,0,0,0,0,0,0,0,0,0,0
1,1,40758,0,0,0,0,0,0,0,0,0,0
2,1,40758,0,0,0,0,0,0,0,0,0,0
1,1,40759,0,0,0,0,0,0,0,0,0,0
2,1,40759,0,0,0,0,0,0,0,0,0,0
1,1,40760,0,0,0,0,0,0,0,0,0,0
2,1,40760,0,0,0,0,0,0,0,0,0,0
1,1,40761,0,0,0,0,0,0,0,0,0,0
2,1,40761,17,13,4,11,13,23,17,13,21,6
1,1,40762,0,0,0,0,0,0,0,0,0,0
2,1,40762,11,11,11,11,11,11,11,11,11,11
1,1,40763,0,0,0,0,0,0,0,0,0,0
2,1,40763,0,0,0,0,0,0,0,0,0,0
1,1,40764,9,9,9,9,9,9,9,9,9,9
0,1,40765,17,17,17,17,17,17,17,17,17,17
1,1,40765,0,0,0,0,13,0,0,0,0,0
1,1,40766,0,0,0,0,0,0,0,0,0,0
2,1,40766,0,0,0,0,0,0,0,0,0,0
3,1,40766,0,0,0,0,0,0,0,0,0,0
0,1,40767,0,0,0,0,0,0,0,0,0,0
0,2,40767,0,0,0,0,0,0,0,0,0,0
1,1,40767,0,0,0,9,0,0,0,0,0,0
1,1,40768,23,23,23,23,23,23,23,23,23,23
2,1,40768,0,0,0,0,0,0,0,0,0,0
1,1,40769,0,0,0,0,0,0,0,0,0,0
2,1,40769,0,0,0,0,0,0,0,12,0,0
1,1,40770,26,22,40,24,13,28,30,21,26,30
0,1,40771,0,0,0,0,0,0,0,0,0,0
1,1,40771,0,0,0,0,0,0,0,0,0,33
1,1,40772,0,0,0,0,0,0,0,0,0,0
2,1,40772,0,0,0,0,0,0,0,0,0,0
1,1,40773,0,0,0,0,0,0,0,0,0,0
2,1,40773,0,0,0,0,0,0,0,0,0,0
0,1,40774,55,55,55,55,55,55,55,55,55,55
1,1,40774,0,0,0,0,0,0,0,0,0,0
2,1,40774,0,0,0,0,0,0,12,0,4,0
0,1,40775,0,0,27,0,0,0,0,36,0,0
1,1,40775,0,0,0,0,0,0,0,0,0,0
1,1,40776,0,0,22,0,0,0,0,6,11,0
2,1,40776,0,0,0,0,0,0,0,0,0,0
1,1,40777,0,0,0,0,0,0,7,0,0,0
2,1,40777,0,0,0,0,0,0,0,0,0,0
0,1,40778,0,0,0,0,0,0,0,0,0,0
1,1,40778,0,0,0,0,0,0,0,0,0,0
1,1,40779,13,13,13,13,13,13,13,13,13,13
0,1,40780,0,0,0,0,0,0,0,0,0,0
1,1,40780,0,0,0,0,0,0,0,0,0,0
1,1,40781,0,0,0,0,0,0,0,0,0,0
2,1,40781,0,0,0,0,0,0,0,0,0,0
1,1,40782,0,0,0,0,0,0,0,0,0,0
2,1,40782,0,0,0,0,0,0,0,0,0,0
1,1,40783,2,2,2,2,2,2,2,2,2,2
1,1,40784,0,0,0,0,0,0,0,5,0,0
1,1,40785,0,14,0,0,0,0,22,0,0,0
1,1,40786,18,18,18,18,18,18,18,18,18,18
2,1,40786,11,11,11,11,11,11,11,11,11,11
1,1,40787,8,8,8,8,8,8,8,8,8,8
2,1,40787,9,9,9,9,9,9,9,9,9,9
1,1,40788,0,0,0,0,0,0,0,12,0,0
2,1,40788,0,0,0,0,0,0,0,0,0,0
1,1,40789,6,6,6,6,6,6,6,6,6,6
1,1,40790,0,0,0,0,0,0,0,0,0,0
2,1,40790,0,0,0,0,0,0,0,0,0,0
1,1,40791,19,19,19,19,19,19,19,19,19,19
1,1,40792,0,0,0,0,0,0,0,0,0,0
1,1,40793,0,0,0,0,0,0,0,0,0,0
2,1,40793,10,10,10,10,10,10,10,10,10,10
1,1,40794,0,0,26,17,0,20,16,11,17,0
2,1,40794,0,0,0,0,0,0,0,0,0,12
1,1,40795,0,0,0,24,7,0,0,19,0,0
1,1,40796,22,22,22,22,22,22,22,22,22,22
2,1,40796,0,0,0,0,0,0,0,0,0,0
1,1,40797,0,0,0,0,0,0,0,0,0,0
1,1,40798,22,19,0,21,3,0,0,23,6,0
2,1,40798,15,19,23,13,3,16,27,9,14,18
0,1,40799,0,16,20,14,8,12,0,40,0,13