VEH_NO,PER_NO,ST_CASE,P1,P2,P3,P4,P5,P6,P7,P8,P9,P10
1,1,41095,9,9,9,9,9,9,9,9,9,9
1,1,41096,4,0,8,15,16,0,0,0,0,30
1,1,41097,15,15,15,15,15,15,15,15,15,15
2,1,41097,0,0,0,0,0,0,0,0,0,0
1,1,41099,0,14,22,0,18,12,0,11,0,0
1,1,41101,0,0,0,0,0,0,0,0,0,0
0,1,41103,20,0,28,22,14,18,24,15,13,15
1,1,41103,0,0,0,8,13,0,3,4,0,0
0,1,41104,0,0,0,0,0,0,0,0,0,0
1,1,41104,0,0,0,0,0,0,0,0,0,0
1,1,41105,0,0,0,12,0,4,14,0,0,0
1,1,41106,0,0,0,0,0,0,0,0,0,0
2,1,41106,0,0,0,0,0,0,0,0,0,0
1,1,41107,0,21,5,0,0,0,0,0,0,11
1,1,41108,15,27,4,0,0,11,0,0,0,0
2,1,41108,0,0,0,0,0,0,16,0,0,0
1,1,41109,0,0,24,18,0,15,0,0,0,0
1,1,41111,0,0,21,0,25,0,0,0,0,0
2,1,41111,0,0,0,0,21,0,20,5,0,0
1,1,41112,19,19,19,19,19,19,19,19,19,19
1,1,41113,0,6,0,0,12,0,0,19,0,0
0,1,41114,0,0,11,0,6,0,0,0,0,0
1,1,41114,0,0,0,0,0,0,7,0,0,0
1,1,41115,0,0,0,0,0,0,0,0,0,0
1,1,41116,0,0,0,0,0,7,0,7,0,21
2,1,41116,6,0,0,0,0,0,11,25,15,17
1,1,41117,4,4,4,4,4,4,4,4,4,4
1,1,41118,0,0,0,15,0,11,14,11,0,8
2,1,41118,0,8,0,0,0,0,3,0,0,0
1,1,41119,0,0,0,0,0,0,0,0,0,0
2,1,41119,0,0,0,0,0,0,0,0,0,0
1,1,41120,12,12,12,12,12,12,12,12,12,12
0,1,41122,0,0,0,0,0,0,0,0,0,0
0,2,41122,0,8,0,0,8,24,14,24,0,0
1,1,41122,17,17,17,17,17,17,17,17,17,17
1,1,41123,15,15,15,15,15,15,15,15,15,15
2,1,41123,0,0,0,0,0,0,0,0,0,0
1,1,41124,21,21,21,21,21,21,21,21,21,21
2,1,41124,0,0,0,0,0,0,0,0,0,0
1,1,41125,0,0,0,0,0,0,0,0,0,0
2,1,41125,0,14,0,0,0,0,0,0,0,0
1,1,41126,0,22,0,0,0,0,0,0,0,0
2,1,41126,0,5,0,0,0,4,0,0,0,0
3,1,41126,0,0,0,0,0,0,0,0,0,0
1,1,41127,0,0,0,0,0,0,0,0,0,0
2,1,41127,0,0,0,0,0,0,0,0,0,0
1,1,41128,0,0,0,0,0,0,0,0,0,0
2,1,41128,29,24,0,0,0,0,0,0,0,0
1,1,41129,0,0,0,0,0,0,0,0,0,0
1,1,41130,13,27,5,16,21,15,10,17,20,11
2,1,41130,0,0,15,9,0,0,0,0,0,0
1,1,41131,0,0,0,0,0,0,0,0,0,0
2,1,41131,13,0,0,0,0,0,0,15,0,0
1,1,41132,13,9,9,12,11,17,20,18,11,12
1,1,41133,18,14,14,29,28,14,12,16,28,16
0,1,41134,12,20,0,22,19,3,26,20,0,19
1,1,41134,0,0,0,0,0,0,0,0,0,0
1,1,50001,0,0,0,0,0,0,0,0,0,0
1,1,50002,0,23,0,0,0,17,0,31,17,12
2,1,50002,0,0,0,0,0,0,0,0,0,0
1,1,50004,0,0,0,0,0,0,0,0,0,0
1,1,50005,0,0,0,0,0,0,0,0,0,0
2,1,50005,0,0,0,0,0,0,0,0,0,0
0,1,50006,0,0,0,0,0,0,0,0,0,0
1,1,50006,0,0,0,8,0,0,0,0,0,0
1,1,50007,0,0,0,0,0,0,0,0,0,0
1,1,50008,0,0,0,0,0,0,0,0,0,0
2,1,50008,0,0,0,0,0,0,0,0,0,0
1,1,50009,2,2,2,2,2,2,2,2,2,2
1,1,50010,0,0,0,0,0,0,0,0,0,0
2,1,50010,0,0,0,0,0,0,0,0,0,11
1,1,50011,0,0,0,0,0,0,0,0,0,0
2,1,50011,0,0,0,0,0,0,0,0,0,0
1,1,50012,0,0,0,0,0,0,0,0,0,0
2,1,50012,0,0,0,0,0,0,0,0,0,0
1,1,50013,0,0,0,0,0,0,0,0,0,0
2,1,50013,0,0,0,0,0,0,0,0,0,0
1,1,50014,0,0,0,0,0,0,0,0,0,0
0,1,50015,0,0,0,0,0,0,0,0,0,0
1,1,50015,0,0,0,0,0,0,0,0,0,0
0,1,50016,0,0,0,0,0,0,0,0,0,0
0,2,50016,0,0,0,0,0,0,0,0,0,0
1,1,50016,0,0,0,0,0,0,0,0,0,0
1,1,50017,6,6,6,6,6,6,6,6,6,6
1,1,50018,0,0,0,0,0,0,0,0,0,0
2,1,50018,0,0,0,0,0,0,0,0,0,0
1,1,50019,29,29,29,29,29,29,29,29,29,29
1,1,50020,0,0,0,0,0,0,0,0,0,0
1,1,50021,0,0,0,0,0,0,0,0,0,0
2,1,50021,0,0,0,0,0,0,0,0,0,0
1,1,50022,0,0,0,0,0,0,0,0,0,0
1,1,50023,0,0,0,0,0,0,0,0,0,0
1,1,50024,25,25,25,25,25,25,25,25,25,25
1,1,50025,11,11,11,11,11,11,11,11,11,11
2,1,50025,0,0,0,0,0,0,0,0,0,0
3,1,50025,0,0,0,0,0,0,0,0,0,0
1,1,50026,0,0,0,0,0,0,0,0,0,0
2,1,50026,0,0,0,0,0,0,0,0,0,0
1,1,50027,0,0,0,0,0,0,0,0,0,0
1,1,50028,0,0,0,0,0,0,0,0,0,0
1,1,50029,0,0,0,0,0,0,0,0,0,0
2,1,50029,0,0,0,0,0,0,10,0,0,0
1,1,50030,0,0,0,0,0,0,0,0,0,0
1,1,50031,0,0,0,0,0,0,0,0,0,0
1,1,50032,0,0,0,0,0,0,0,0,0,0
1,1,50033,14,14,14,14,14,14,14,14,14,14
1,1,50034,32,32,32,32,32,32,32,32,32,32
1,1,50035,0,0,0,0,0,0,0,0,0,0
1,1,50036,0,0,0,0,0,0,0,0,0,0
2,1,50036,0,0,0,0,0,0,0,0,0,0
1,1,50037,0,0,0,0,0,0,0,0,0,0
2,1,50037,0,0,0,0,0,0,0,0,0,0
0,1,50038,0,0,0,0,0,0,0,0,0,0
0,2,50038,0,0,0,0,0,0,0,0,0,0
1,1,50038,0,0,0,0,0,0,0,0,0,0
1,1,50039,0,0,0,0,0,0,0,0,0,0
2,1,50039,11,11,11,11,11,11,11,11,11,11
1,1,50040,0,0,0,0,0,0,0,16,0,0
0,1,50041,0,0,0,0,0,0,0,0,0,0
1,1,50041,0,0,0,0,0,0,0,0,0,0
1,1,50042,0,0,0,0,0,0,0,0,0,0
2,1,50042,18,18,18,18,18,18,18,18,18,18
1,1,50043,0,0,0,0,0,0,0,0,0,0
1,1,50044,15,15,15,15,15,15,15,15,15,15
1,1,50045,0,0,0,0,0,0,0,0,0,0
1,1,50046,0,0,0,0,0,0,0,0,0,0
2,1,50046,30,30,30,30,30,30,30,30,30,30
1,1,50047,0,0,0,0,0,0,0,0,0,0
2,1,50047,0,0,0,0,0,0,0,0,0,0
1,1,50048,24,24,24,24,24,24,24,24,24,24
1,1,50049,0,0,0,0,0,0,0,0,0,0
2,1,50049,0,0,0,0,0,0,0,0,0,0
1,1,50050,0,0,0,0,0,0,0,0,0,0
2,1,50050,0,0,0,0,0,0,0,0,0,0
1,1,50051,0,0,0,0,0,0,0,0,0,0
2,1,50051,0,0,0,0,0,0,0,0,0,0
3,1,50051,0,0,0,0,0,0,0,0,0,0
1,1,50052,0,0,0,0,0,0,0,0,0,0
2,1,50052,0,0,14,0,5,0,0,0,0,0
1,1,50053,0,0,0,0,0,0,0,0,0,0
2,1,50053,0,0,0,0,0,0,0,0,0,0
3,1,50053,0,0,0,0,0,0,0,0,0,0
1,1,50054,29,29,29,29,29,29,29,29,29,29
1,1,50055,0,0,0,0,0,0,0,0,0,0
1,1,50056,0,0,0,0,0,0,0,0,0,0
1,1,50057,0,0,0,0,0,0,0,0,0,0
1,1,50058,11,11,11,11,11,11,11,11,11,11
1,1,50059,0,0,0,0,0,0,0,0,0,0
1,1,50060,0,0,0,0,0,0,0,0,0,0
2,1,50060,25,25,25,25,25,25,25,25,25,25
1,1,50061,7,7,7,7,7,7,7,7,7,7
1,1,50062,0,18,0,21,11,0,0,0,21,14
1,1,50063,0,0,0,0,0,0,0,0,0,0
2,1,50063,0,0,0,0,0,0,0,0,0,0
1,1,50064,16,16,16,16,16,16,16,16,16,16
2,1,50064,0,0,0,0,0,0,0,0,0,0
1,1,50065,10,10,10,10,10,10,10,10,10,10
2,1,50065,0,0,0,0,0,0,0,0,0,0
1,1,50066,39,39,39,39,39,39,39,39,39,39
1,1,50067,0,0,0,0,0,0,0,0,0,0
2,1,50067,0,0,0,0,0,0,0,0,0,0
3,1,50067,0,0,0,0,0,0,0,0,0,0
1,1,50068,0,0,0,0,0,0,0,0,0,0
1,1,50069,0,0,0,0,0,0,0,0,17,0
2,1,50069,0,0,0,0,0,0,0,0,0,0
1,1,50070,19,19,19,19,19,19,19,19,19,19
2,1,50070,3,3,3,3,3,3,3,3,3,3
1,1,50071,0,10,15,5,3,0,8,4,12,0
2,1,50071,0,0,0,0,0,0,0,0,0,0
1,1,50072,7,7,7,7,7,7,7,7,7,7
1,1,50073,0,0,0,0,0,0,0,0,0,0
2,1,50073,11,0,10,0,0,0,0,8,11,0
3,1,50073,0,0,0,0,17,0,0,0,0,14
1,1,50074,0,0,0,0,15,0,0,0,0,0
2,1,50074,0,0,0,0,0,0,0,0,0,0
1,1,50075,15,15,15,15,15,15,15,15,15,15
1,1,50076,14,14,14,14,14,14,14,14,14,14
1,1,50077,18,18,18,18,18,18,18,18,18,18
0,1,50078,0,0,0,0,0,0,0,0,0,0
1,1,50078,0,0,0,0,0,0,0,0,0,0
2,1,50078,0,0,0,0,0,13,0,0,0,0
3,1,50078,0,0,0,0,10,0,0,0,0,0
4,1,50078,0,0,0,0,0,0,0,0,0,0
6,1,50078,0,0,0,0,0,0,0,0,0,0
7,1,50078,0,0,0,0,0,0,0,0,0,0
1,1,50079,0,0,0,0,0,0,0,0,0,0
1,1,50080,0,0,0,0,0,0,0,0,0,0
2,1,50080,0,0,0,0,0,0,0,0,0,0
1,1,50081,0,0,0,0,0,0,0,0,0,0
1,1,50082,0,0,0,0,0,0,0,0,0,0
1,1,50083,0,0,0,0,0,0,0,0,0,0
2,1,50083,0,0,0,0,0,0,0,0,0,0
3,1,50083,0,0,0,0,0,0,0,0,0,0
4,1,50083,0,0,0,0,0,7,0,0,0,0
5,1,50083,0,0,0,0,0,0,0,0,0,13
6,1,50083,0,0,0,0,0,0,0,0,0,0
7,1,50083,0,0,0,0,0,0,0,0,0,0
1,1,50084,3,3,3,3,3,3,3,3,3,3
2,1,50084,0,12,0,0,0,14,0,0,18,0
1,1,50085,0,0,0,0,0,0,0,0,0,0
1,1,50086,0,0,0,0,0,0,0,0,0,0
2,1,50086,0,0,0,0,21,0,0,0,0,0
1,1,50087,19,19,19,19,19,19,19,19,19,19
1,1,50088,0,0,0,0,0,0,0,0,0,0
1,1,50089,0,0,0,0,0,0,0,0,0,0
1,1,50090,0,0,0,0,0,0,0,0,0,0
2,1,50090,0,0,0,0,0,0,0,0,0,0
1,1,50091,0,0,0,0,0,0,0,0,0,0
1,1,50092,35,35,35,35,35,35,35,35,35,35
1,1,50093,0,0,0,0,0,0,0,0,0,0
1,1,50094,0,0,0,0,0,0,0,0,0,0
2,1,50094,0,0,0,0,0,0,0,0,0,0
1,1,50095,0,0,0,0,0,0,0,0,0,0
1,1,50096,11,11,11,11,11,11,11,11,11,11
1,1,50097,0,0,0,0,0,0,0,0,0,0
2,1,50097,0,0,0,0,0,0,0,0,0,0
1,1,50098,17,17,17,17,17,17,17,17,17,17
1,1,50099,0,0,0,0,0,0,0,0,0,0
2,1,50099,0,0,0,0,0,0,0,0,0,0
3,1,50099,0,0,0,0,0,11,0,0,15,16
4,1,50099,0,0,0,0,0,0,0,0,0,0
1,1,50100,0,0,0,0,0,0,0,0,0,0
1,1,50101,0,0,0,0,0,0,0,0,0,0
1,1,50102,0,0,0,0,0,0,0,0,0,0
2,1,50102,13,22,0,0,0,0,0,0,0,0
3,1,50102,0,0,0,0,0,0,0,0,0,0
1,1,50103,0,0,0,0,0,0,0,0,0,0
1,1,50104,0,0,0,0,0,0,0,0,0,0
1,1,50105,0,0,0,0,0,0,0,0,0,0
2,1,50105,19,19,19,19,19,19,19,19,19,19
1,1,50106,12,12,12,12,12,12,12,12,12,12
1,1,50107,0,0,0,0,0,0,0,0,0,0
1,1,50108,0,0,0,0,0,0,0,0,0,0
1,1,50109,18,18,18,18,18,18,18,18,18,18
2,1,50109,0,0,0,0,0,0,0,0,0,0
1,1,50110,0,0,0,0,0,0,0,0,0,0
2,1,50110,0,0,0,0,0,0,0,0,0,0
1,1,50111,26,26,26,26,26,26,26,26,26,26
1,1,50112,0,0,0,0,0,0,0,0,0,0
2,1,50112,0,0,0,0,0,0,0,0,0,0
1,1,50113,0,0,0,0,0,0,0,0,0,0
2,1,50113,0,0,0,0,0,0,0,0,0,0
1,1,50114,0,0,0,0,0,0,0,0,0,0
1,1,50115,20,20,20,20,20,20,20,20,20,20
1,1,50116,25,25,25,25,25,25,25,25,25,25
1,1,50117,0,0,0,0,0,0,0,0,0,0
2,1,50117,0,0,0,0,0,0,0,0,0,0
1,1,50118,0,0,0,0,0,0,0,0,0,0
2,1,50118,0,0,0,0,0,0,0,0,0,0
1,1,50119,0,0,0,0,0,0,0,0,0,0
2,1,50119,0,0,0,0,0,0,0,0,0,0
1,1,50120,28,28,28,28,28,28,28,28,28,28
1,1,50121,0,0,0,0,0,21,13,0,0,0
1,1,50122,0,0,0,0,0,0,0,0,0,0
1,1,50123,0,0,0,0,0,0,0,0,0,0
1,1,50124,0,0,0,0,0,0,0,0,0,0
1,1,50125,0,0,0,0,0,0,0,0,0,0
2,1,50125,0,0,0,0,0,0,0,0,0,0
1,1,50126,0,0,0,0,0,0,0,0,0,0
2,1,50126,0,0,0,0,0,0,0,0,0,0
3,1,50126,0,0,0,0,0,0,0,0,0,0
1,1,50127,0,0,0,0,0,0,0,0,0,0
1,1,50128,2,2,2,2,2,2,2,2,2,2
2,1,50128,0,0,0,13,0,0,0,0,0,0
1,1,50129,10,10,10,10,10,10,10,10,10,10
1,1,50130,0,0,0,0,0,0,0,0,0,0
2,1,50130,0,0,0,0,0,0,0,0,0,0
1,1,50131,0,0,0,0,0,0,0,0,0,0
2,1,50131,0,0,0,0,0,0,0,0,0,0
1,1,50132,0,0,0,0,0,0,0,0,0,0
2,1,50132,4,4,4,4,4,4,4,4,4,4
1,1,50133,10,10,10,10,10,10,10,10,10,10
0,1,50134,0,0,0,0,0,0,0,0,0,0
1,1,50134,0,0,0,0,0,0,0,0,0,0
1,1,50135,0,0,0,0,0,0,0,0,0,0
1,1,50136,0,0,0,0,0,0,0,0,0,0
1,1,50137,0,0,0,0,0,0,0,0,0,0
2,1,50137,0,0,0,0,0,0,0,0,0,0
1,1,50138,3,6,15,15,18,0,11,16,0,22
1,1,50139,4,4,4,4,4,4,4,4,4,4
1,1,50140,25,25,25,25,25,25,25,25,25,25
1,1,50141,0,0,0,0,0,0,0,0,0,0
2,1,50141,0,0,0,0,0,0,0,0,0,0
0,1,50142,0,0,0,0,0,0,0,0,0,0
1,1,50142,0,0,0,0,0,0,0,0,0,0
1,1,50143,18,18,18,18,18,18,18,18,18,18
2,1,50143,0,0,0,0,0,0,0,0,0,0
1,1,50144,0,0,0,0,0,0,12,0,0,0
2,1,50144,0,0,0,0,0,0,0,0,0,0
3,1,50144,0,0,0,0,0,0,0,0,0,0
4,1,50144,0,9,0,0,0,0,0,0,0,0
5,1,50144,0,0,0,0,0,0,0,0,0,0
1,1,50145,0,0,0,0,0,0,0,0,0,0
2,1,50145,0,0,0,0,0,0,0,0,0,0
3,1,50145,0,0,0,0,0,0,0,0,0,0
1,1,50146,0,0,0,0,0,0,0,0,0,0
2,1,50146,0,0,0,0,0,0,0,0,0,0
1,1,50147,39,39,39,39,39,39,39,39,39,39
1,1,50148,0,0,0,0,0,0,0,0,0,0
1,1,50149,0,0,0,0,0,0,0,0,0,0
1,1,50150,17,17,17,17,17,17,17,17,17,17
1,1,50151,23,0,0,15,0,19,19,0,0,0
2,1,50151,0,0,0,0,0,0,0,0,0,0
1,1,50152,0,0,0,0,0,0,0,0,0,0
2,1,50152,0,0,0,0,0,0,0,0,0,0
1,1,50153,17,17,17,17,17,17,17,17,17,17
1,1,50154,0,7,0,0,0,0,0,0,0,0
1,1,50155,22,22,22,22,22,22,22,22,22,22
1,1,50156,0,0,0,0,0,0,0,0,0,0
1,1,50157,0,0,0,0,0,0,0,0,0,0
2,1,50157,0,0,0,0,0,0,0,0,0,0
1,1,50158,16,0,0,0,0,0,0,0,0,9
1,1,50159,0,0,0,0,0,0,0,0,0,0
2,1,50159,10,0,0,0,0,0,0,0,0,0
1,1,50160,0,0,0,0,0,0,0,0,0,0
1,1,50161,30,30,30,30,30,30,30,30,30,30
1,1,50162,17,17,17,17,17,17,17,17,17,17
1,1,50163,0,0,0,0,0,0,0,0,0,0
2,1,50163,0,0,0,0,0,0,0,0,0,0
1,1,50164,0,0,0,0,0,0,0,0,0,0
1,1,50165,0,0,0,0,0,0,0,0,0,0
1,1,50166,2,2,2,2,2,2,2,2,2,2
1,1,50167,0,0,0,0,0,0,0,0,0,0
1,1,50168,0,0,0,0,0,0,0,0,0,8
1,1,50169,21,0,0,18,0,0,0,0,0,0
1,1,50170,0,0,0,0,0,0,0,0,0,0
1,1,50171,14,14,14,14,14,14,14,14,14,14
2,1,50171,0,0,0,0,0,0,0,0,0,0
1,1,50172,0,0,0,0,0,0,0,0,0,0
1,1,50173,11,11,11,11,11,11,11,11,11,11
1,1,50174,0,0,0,0,0,0,0,0,0,0
1,1,50175,7,0,20,29,0,0,0,6,22,0
1,1,50176,6,6,6,6,6,6,6,6,6,6
1,1,50177,0,0,0,0,0,0,0,0,0,0
2,1,50177,0,0,0,0,0,0,0,0,0,0
3,1,50177,0,0,0,0,0,0,0,0,0,0
4,1,50177,0,0,0,0,0,0,0,0,0,0
1,1,50178,6,6,6,6,6,6,6,6,6,6
1,1,50179,15,15,15,15,15,15,15,15,15,15
1,1,50180,0,0,0,0,0,0,0,0,0,0
2,1,50180,0,0,0,0,0,0,0,0,0,0
0,1,50181,0,0,0,0,0,0,0,0,0,0
1,1,50181,0,0,0,0,0,0,0,0,0,0
1,1,50182,17,17,17,17,17,17,17,17,17,17
1,1,50183,0,0,0,0,0,0,0,0,0,0
1,1,50184,0,0,0,0,0,0,0,0,0,0
2,1,50184,0,0,0,0,0,0,0,0,0,0
1,1,50185,0,0,0,0,0,0,0,0,0,0
1,1,50186,0,0,0,0,0,0,0,0,0,0
2,1,50186,0,0,0,0,0,0,0,0,0,0
1,1,50187,0,0,0,0,0,0,0,0,0,0
2,1,50187,0,0,0,0,0,0,0,0,0,0
1,1,50188,0,7,0,0,0,24,0,0,0,10
2,1,50188,10,10,10,10,10,10,10,10,10,10
1,1,50189,23,23,23,23,23,23,23,23,23,23
1,1,50190,0,0,5,0,0,0,9,0,0,0
1,1,50191,1,1,1,1,1,1,1,1,1,1
2,1,50191,25,25,25,25,25,25,25,25,25,25
1,1,50192,0,0,0,0,0,0,0,0,0,0
2,1,50192,0,0,0,0,0,0,0,0,0,0
0,1,50193,7,7,7,7,7,7,7,7,7,7
1,1,50193,0,0,0,0,0,0,0,0,0,0
2,1,50193,0,0,0,0,0,0,0,0,0,0
1,1,50194,20,20,20,20,20,20,20,20,20,20
1,1,50195,0,0,0,0,0,0,0,0,0,0
2,1,50195,0,0,0,0,0,0,0,0,0,0
3,1,50195,0,0,0,0,0,0,0,0,0,0
1,1,50196,0,0,0,0,0,0,0,0,0,0
2,1,50196,0,0,0,0,0,0,0,0,0,0
1,1,50197,0,0,0,0,0,0,0,0,0,0
1,1,50198,26,26,26,26,26,26,26,26,26,26
1,1,50199,0,0,0,0,0,0,0,0,0,0
2,1,50199,0,0,0,0,29,0,0,0,0,0
3,1,50199,0,0,0,0,0,0,0,0,0,0
4,1,50199,0,0,0,0,0,0,0,0,0,0
5,1,50199,0,0,0,0,0,0,0,0,0,0
6,1,50199,0,0,0,0,0,0,0,0,0,0
7,1,50199,16,0,0,0,0,13,0,0,0,0
8,1,50199,0,0,0,0,0,0,0,0,0,0
9,1,50199,0,0,0,0,0,0,0,0,0,0
10,1,50199,0,0,0,14,0,0,0,0,0,0
11,1,50199,0,0,0,0,0,0,0,0,0,0
1,1,50200,12,12,12,12,12,12,12,12,12,12
2,1,50200,10,0,0,0,11,0,0,10,0,0
1,1,50201,3,3,3,3,3,3,3,3,3,3
0,1,50202,0,0,0,0,0,0,0,0,0,0
1,1,50202,0,0,0,0,0,6,0,0,13,0
1,1,50203,0,0,0,0,0,0,0,0,0,25
1,1,50204,12,0,0,0,0,0,0,0,0,8
2,1,50204,0,14,0,0,22,0,0,0,4,0
1,1,50205,0,0,0,0,0,0,0,0,0,0
1,1,50206,0,0,0,0,0,0,0,0,0,0
2,1,50206,0,0,0,0,0,0,0,0,0,0
1,1,50207,11,11,11,11,11,11,11,11,11,11
1,1,50208,0,0,0,0,0,0,0,0,0,0
1,1,50209,3,0,9,0,0,0,0,0,0,0
1,1,50210,0,0,0,0,0,0,0,0,0,0
1,1,50211,30,30,30,30,30,30,30,30,30,30
1,1,50212,0,0,0,0,0,0,0,0,0,0
1,1,50213,0,0,0,0,0,0,0,0,0,0
2,1,50213,5,5,5,5,5,5,5,5,5,5
3,1,50213,6,6,6,6,6,6,6,6,6,6
1,1,50214,0,0,0,0,0,0,0,0,0,0
2,1,50214,0,0,0,0,0,0,0,0,0,0
1,1,50215,0,0,0,0,0,0,0,0,0,0
2,1,50215,0,0,14,0,0,0,0,0,0,0
1,1,50216,18,14,0,0,9,0,0,0,10,0
1,1,50217,28,28,28,28,28,28,28,28,28,28
1,1,50218,0,0,0,0,0,0,0,0,0,0
1,1,50219,0,0,0,0,0,0,0,0,0,0
2,1,50219,0,0,0,0,0,0,0,0,0,0
1,1,50220,0,0,0,0,0,0,0,0,0,0
2,1,50220,0,0,0,0,0,0,0,0,0,0
1,1,50221,9,9,9,9,9,9,9,9,9,9
0,1,50222,30,30,30,30,30,30,30,30,30,30
1,1,50222,1,1,1,1,1,1,1,1,1,1
1,1,50223,5,5,5,5,5,5,5,5,5,5
1,1,50224,0,0,0,0,0,0,0,0,0,0
1,1,50225,0,0,0,0,0,0,0,0,0,0
2,1,50225,0,0,0,0,0,16,0,0,0,0
1,1,50226,25,25,25,25,25,25,25,25,25,25
1,1,50227,13,13,13,13,13,13,13,13,13,13
2,1,50227,0,0,0,0,0,0,0,0,0,0
1,1,50228,0,0,0,0,0,0,0,0,0,0
2,1,50228,6,0,0,0,0,0,0,0,0,0
3,1,50228,0,0,0,0,0,0,0,0,0,0
1,1,50229,0,0,0,0,0,0,0,0,0,0
2,1,50229,0,0,0,0,0,0,0,0,0,0
1,1,50230,37,0,11,19,2,0,17,0,18,6
1,1,50231,0,0,0,15,0,0,7,0,0,0
1,1,50232,0,0,0,0,0,0,0,0,0,0
2,1,50232,0,0,0,0,0,0,0,0,0,0
1,1,50233,0,0,0,0,0,0,0,0,0,0
2,1,50233,0,0,0,0,0,0,0,0,0,0
1,1,50234,19,19,19,19,19,19,19,19,19,19
2,1,50234,0,0,0,0,0,0,0,0,0,0
1,1,50235,0,0,0,0,0,0,0,0,0,0
1,1,50236,0,0,0,0,0,0,0,0,0,0
1,1,50237,20,20,20,20,20,20,20,20,20,20
1,1,50238,14,14,14,14,14,14,14,14,14,14
1,1,50239,0,0,0,0,0,0,0,0,0,0
1,1,50240,14,15,11,19,16,23,23,4,22,14
1,1,50241,0,0,0,0,0,0,0,0,0,0
2,1,50241,7,0,0,0,0,0,0,0,0,0
1,1,50242,0,0,0,0,0,0,0,0,0,0
2,1,50242,0,0,0,0,0,0,0,0,0,0
3,1,50242,0,0,0,0,0,0,0,0,0,0
1,1,50243,0,0,0,0,0,0,0,0,0,0
1,1,50244,0,0,0,0,0,0,0,0,0,0
1,1,50245,19,19,19,19,19,19,19,19,19,19
1,1,50246,0,0,0,17,7,18,0,0,0,0
1,1,50247,0,0,0,0,0,0,0,0,0,0
2,1,50247,10,0,0,0,0,0,0,0,0,0
1,1,50248,0,0,0,0,0,0,0,0,0,0
2,1,50248,0,0,0,0,0,0,0,0,0,0
1,1,50249,0,0,0,0,0,0,0,0,0,0
1,1,50250,0,0,0,0,0,0,0,0,0,0
1,1,50251,0,0,0,0,0,0,0,0,0,0
1,1,50252,0,0,0,0,0,0,0,0,0,0
1,1,50253,22,22,22,22,22,22,22,22,22,22
1,1,50254,6,6,6,6,6,6,6,6,6,6
2,1,50254,0,0,0,0,0,0,0,0,0,0
1,1,50255,19,19,19,19,19,19,19,19,19,19
0,1,50256,0,0,0,0,0,0,0,0,0,0
1,1,50256,6,6,6,6,6,6,6,6,6,6
1,1,50257,0,0,0,0,0,0,0,0,0,0
2,1,50257,0,0,0,0,0,0,0,0,0,0
1,1,50258,0,0,0,0,22,0,0,0,0,0
2,1,50258,0,0,0,0,0,0,0,0,0,0
1,1,50259,0,0,0,0,0,0,0,0,0,0
1,1,50260,28,15,8,0,0,0,0,10,0,0
1,1,50261,0,0,0,0,0,0,0,0,0,0
2,1,50261,0,0,0,0,0,0,0,0,0,0
1,1,50262,33,33,33,33,33,33,33,33,33,33
2,1,50262,0,0,0,9,0,0,0,0,0,0
1,1,50263,29,29,29,29,29,29,29,29,29,29
1,1,50264,5,29,0,0,0,10,26,17,0,6
1,1,50265,0,0,0,0,0,0,0,0,0,0
2,1,50265,0,0,0,0,0,0,0,0,0,0
1,1,50266,0,0,0,0,0,0,0,0,0,0
2,1,50266,0,0,0,0,0,0,0,0,0,0
3,1,50266,0,0,0,0,0,0,0,0,0,0
1,1,50267,12,12,12,12,12,12,12,12,12,12
0,1,50268,0,0,0,0,0,0,0,0,0,0
1,1,50268,0,0,0,8,0,0,0,0,0,0
1,1,50269,23,23,23,23,23,23,23,23,23,23
1,1,50270,0,0,0,0,0,0,0,0,0,0
1,1,50271,4,4,4,4,4,4,4,4,4,4
2,1,50271,0,0,0,0,0,0,0,0,0,0
1,1,50272,0,0,0,0,0,0,0,0,0,0
2,1,50272,0,0,0,0,0,0,0,0,0,0
1,1,50273,0,0,0,0,0,0,0,0,0,0
2,1,50273,0,0,0,0,0,0,0,0,0,0
1,1,50274,7,0,0,0,0,0,0,0,0,0
1,1,50275,0,0,0,0,0,0,0,0,0,0
1,1,50276,0,0,0,0,0,0,0,0,0,0
2,1,50276,0,0,0,0,0,0,0,0,0,0
1,1,50277,30,30,30,30,30,30,30,30,30,30
1,1,50278,0,0,0,0,0,0,0,0,0,0
1,1,50279,0,0,0,0,0,0,0,0,0,0
2,1,50279,0,0,0,0,0,0,0,0,0,0
1,1,50280,0,0,0,0,0,0,8,0,0,0
2,1,50280,0,0,0,0,0,0,0,0,0,0
1,1,50281,0,0,0,0,0,0,0,0,0,0
2,1,50281,0,0,0,0,0,0,0,0,0,0
1,1,50282,0,0,0,0,0,0,0,0,0,0
2,1,50282,0,0,0,0,0,0,0,0,0,0
1,1,50283,0,0,0,0,0,0,0,0,0,0
1,1,50284,19,11,0,0,0,0,15,0,0,0
1,1,50285,0,0,0,0,0,0,0,0,0,0
2,1,50285,0,0,0,0,16,0,0,0,0,0
1,1,50286,0,0,0,0,0,0,0,0,0,0
1,1,50287,10,10,10,10,10,10,10,10,10,10
1,1,50288,14,14,14,14,14,14,14,14,14,14
1,1,50289,16,16,16,16,16,16,16,16,16,16
2,1,50289,0,0,0,0,0,0,0,0,0,0
1,1,50290,0,0,0,0,0,0,0,0,0,0
1,1,50291,0,0,0,0,0,0,0,0,0,0
1,1,50292,0,0,0,0,0,0,5,0,0,0
1,1,50293,0,0,0,0,0,0,0,10,0,0
1,1,50294,0,0,0,0,0,0,0,0,0,0
1,1,50295,20,20,20,20,20,20,20,20,20,20
1,1,50296,0,0,0,0,0,0,0,0,0,0
1,1,50297,0,0,0,0,0,2,0,0,0,0
1,1,50298,11,11,11,11,11,11,11,11,11,11
2,1,50298,29,29,29,29,29,29,29,29,29,29
1,1,50299,0,0,0,0,0,0,0,0,0,0
1,1,50300,0,0,0,0,0,0,0,0,0,0
1,1,50301,0,0,0,0,0,0,0,0,0,12