VEH_NO,PER_NO,ST_CASE,P1,P2,P3,P4,P5,P6,P7,P8,P9,P10
2,1,50301,0,0,0,0,0,0,0,0,0,0
0,1,50302,0,0,0,0,0,0,0,0,0,0
0,2,50302,0,0,0,0,0,0,0,0,0,0
0,3,50302,0,0,0,0,0,0,0,0,0,0
1,1,50302,0,0,0,0,0,0,0,0,0,0
3,1,50302,0,0,0,0,0,0,0,0,0,0
1,1,50303,0,2,0,0,0,0,0,0,0,0
1,1,50304,0,0,0,0,0,0,0,0,0,0
1,1,50305,0,0,0,0,0,0,0,0,0,0
1,1,50306,0,0,0,0,0,0,0,0,0,0
1,1,50307,7,7,7,7,7,7,7,7,7,7
2,1,50307,0,0,0,0,0,0,0,0,0,0
1,1,50308,23,23,23,23,23,23,23,23,23,23
1,1,50309,0,0,0,0,0,0,0,0,0,0
2,1,50309,0,0,0,0,0,0,0,0,0,0
1,1,50310,0,0,0,0,0,0,0,0,0,0
1,1,50311,12,12,12,12,12,12,12,12,12,12
1,1,50312,0,0,0,0,0,0,0,0,0,0
2,1,50312,5,5,5,5,5,5,5,5,5,5
1,1,50313,17,17,17,17,17,17,17,17,17,17
1,1,50314,0,0,0,15,0,9,0,0,0,0
1,1,50315,0,0,0,0,0,0,0,0,0,0
1,1,50316,0,0,0,0,0,0,0,0,0,0
2,1,50316,0,0,0,0,0,0,0,0,0,0
1,1,50317,0,0,0,0,0,0,0,0,0,0
1,1,50318,0,0,0,0,0,0,0,0,0,0
2,1,50318,0,0,0,0,0,0,0,0,0,0
1,1,50319,10,10,10,10,10,10,10,10,10,10
1,1,50320,0,0,0,0,0,0,0,0,0,0
1,1,50321,0,0,0,0,0,0,0,0,0,0
2,1,50321,0,0,0,0,0,0,0,0,0,0
1,1,50322,9,0,16,24,28,0,36,36,14,25
1,1,50323,0,0,0,0,0,0,0,0,0,0
1,1,50324,12,12,12,12,12,12,12,12,12,12
1,1,50325,19,19,19,19,19,19,19,19,19,19
1,1,50326,0,0,0,0,0,0,0,0,0,0
1,1,50327,0,0,0,0,0,0,0,0,0,0
1,1,50328,0,0,0,0,0,0,0,0,0,0
0,1,50329,4,4,4,4,4,4,4,4,4,4
1,1,50329,0,0,0,0,0,0,0,0,0,15
1,1,50330,27,27,27,27,27,27,27,27,27,27
1,1,50331,0,0,0,0,0,0,2,0,0,0
1,1,50332,24,24,24,24,24,24,24,24,24,24
1,1,50333,0,0,0,0,0,0,0,0,0,0
1,1,50334,0,0,0,0,0,0,0,0,0,0
1,1,50335,0,0,0,12,0,0,0,0,0,0
2,1,50335,0,0,0,0,0,0,0,0,0,0
1,1,50336,0,0,0,0,0,0,0,0,0,0
1,1,50337,13,13,13,13,13,13,13,13,13,13
1,1,50338,10,10,10,10,10,10,10,10,10,10
1,1,50339,0,0,0,0,0,0,0,0,0,0
1,1,50340,7,7,7,7,7,7,7,7,7,7
2,1,50340,0,0,0,0,0,0,0,0,0,0
1,1,50341,8,8,8,8,8,8,8,8,8,8
1,1,50342,20,20,20,20,20,20,20,20,20,20
1,1,50343,1,1,1,1,1,1,1,1,1,1
1,1,50344,24,24,24,24,24,24,24,24,24,24
1,1,50345,0,0,0,0,0,0,0,0,0,0
1,1,50346,0,0,0,0,0,0,0,0,0,0
1,1,50347,0,0,0,0,0,0,0,0,0,0
2,1,50347,0,0,0,0,0,0,0,0,0,0
1,1,50348,0,0,0,0,0,0,0,0,0,0
2,1,50348,0,0,0,8,0,0,0,0,0,0
1,1,50349,0,0,0,0,0,0,0,0,0,0
1,1,50350,22,22,22,22,22,22,22,22,22,22
1,1,50351,24,24,24,24,24,24,24,24,24,24
1,1,50352,10,10,10,10,10,10,10,10,10,10
1,1,50353,0,0,0,0,0,0,0,0,0,0
1,1,50354,0,0,0,0,0,0,0,0,0,0
2,1,50354,0,0,0,0,0,0,0,0,0,0
1,1,50355,0,0,0,0,0,0,0,0,0,0
2,1,50355,0,0,0,0,0,0,0,0,0,0
1,1,50356,0,0,0,0,0,0,0,0,0,0
2,1,50356,0,0,14,0,0,0,0,0,0,0
1,1,50357,0,0,0,0,0,0,0,0,0,0
2,1,50357,0,0,0,0,0,0,0,0,0,0
1,1,50358,9,9,9,9,9,9,9,9,9,9
1,1,50359,0,0,0,0,0,0,0,0,0,0
1,1,50360,15,15,15,15,15,15,15,15,15,15
1,1,50361,12,16,24,14,7,10,18,19,21,15
1,1,50362,14,22,0,0,0,0,15,0,0,0
1,1,50363,0,0,0,0,0,0,0,0,0,24
2,1,50363,0,0,0,21,13,0,0,0,11,0
1,1,50364,21,21,21,21,21,21,21,21,21,21
1,1,50365,0,0,0,0,0,0,0,0,0,0
2,1,50365,0,0,0,0,0,0,0,0,0,0
1,1,50366,0,0,0,0,0,0,0,0,0,0
2,1,50366,0,0,0,0,0,0,0,10,0,0
1,1,50367,0,0,0,0,0,0,0,0,0,0
2,1,50367,0,0,0,0,0,0,0,0,0,0
1,1,50368,0,0,0,0,0,0,0,0,0,0
1,1,50369,20,20,20,20,20,20,20,20,20,20
1,1,50370,0,0,0,0,0,0,0,0,0,0
2,1,50370,0,0,0,0,0,0,0,0,0,0
3,1,50370,0,0,0,0,0,0,0,0,0,0
1,1,50371,0,0,0,0,0,0,0,0,0,0
2,1,50371,9,9,9,9,9,9,9,9,9,9
1,1,50372,0,0,0,0,0,0,0,0,0,0
1,1,50373,0,0,0,5,11,0,0,4,21,4
1,1,50374,17,17,17,17,17,17,17,17,17,17
1,1,50375,0,0,0,0,0,0,0,0,0,0
2,1,50375,0,0,0,0,0,0,0,0,0,0
1,1,50376,0,0,0,0,0,0,0,0,8,0
1,1,50377,0,0,0,0,0,0,0,0,0,0
2,1,50377,0,0,0,0,0,0,0,0,0,0
1,1,50378,29,29,29,29,29,29,29,29,29,29
0,1,50379,0,0,0,15,0,15,0,3,0,0
1,1,50379,0,0,0,26,0,0,0,0,0,0
1,1,50380,0,0,0,0,0,0,0,0,0,0
2,1,50380,19,19,19,19,19,19,19,19,19,19
1,1,50381,25,25,25,25,25,25,25,25,25,25
2,1,50381,0,0,0,0,0,0,0,0,0,0
1,1,50382,0,0,0,0,0,0,0,0,0,0
1,1,50383,1,1,1,1,1,1,1,1,1,1
1,1,50384,25,0,0,0,0,0,0,0,0,0
2,1,50384,0,0,0,0,0,0,0,0,14,0
1,1,50385,0,0,0,0,0,0,0,0,0,0
1,1,50386,0,21,0,0,0,7,0,0,0,0
1,1,50387,0,0,0,0,0,0,0,0,0,0
1,1,50388,0,0,0,0,0,0,0,0,0,0
1,1,50389,0,0,0,0,0,0,0,0,0,0
1,1,50390,0,0,14,0,19,0,0,0,0,0
1,1,50391,0,11,0,0,7,0,0,0,18,0
2,1,50391,0,0,0,0,0,0,0,0,0,0
1,1,50392,0,0,0,0,0,0,0,0,0,0
2,1,50392,19,39,24,6,21,9,14,12,10,23
1,1,50393,0,0,0,0,0,0,0,0,0,0
1,1,50394,0,0,25,0,0,0,16,0,0,30
1,1,50395,0,10,0,0,0,0,0,0,0,0
1,1,50396,7,7,7,7,7,7,7,7,7,7
2,1,50396,18,18,18,18,18,18,18,18,18,18
1,1,50397,15,0,0,4,10,18,0,0,0,18
1,1,50398,0,0,0,0,0,0,0,0,0,0
2,1,50398,5,5,5,5,5,5,5,5,5,5
1,1,50399,18,18,18,18,18,18,18,18,18,18
1,1,50400,0,0,0,0,0,0,0,0,0,0
1,1,50401,0,0,0,0,0,0,0,0,0,0
1,1,50402,4,4,4,4,4,4,4,4,4,4
1,1,50403,0,0,0,0,0,0,0,0,0,0
1,1,50404,14,14,14,14,14,14,14,14,14,14
1,1,50405,18,18,18,18,18,18,18,18,18,18
2,1,50405,0,0,0,0,0,0,0,0,0,0
1,1,50406,0,0,15,0,0,0,0,0,0,0
1,1,50407,0,0,0,0,0,0,0,0,0,0
2,1,50407,0,0,0,0,0,0,4,0,0,0
1,1,50408,0,0,0,0,0,0,0,0,0,0
2,1,50408,16,16,16,16,16,16,16,16,16,16
1,1,50409,0,0,0,0,0,0,0,0,0,0
1,1,50410,12,12,12,12,12,12,12,12,12,12
1,1,50411,0,0,0,0,0,0,0,0,0,0
1,1,50412,0,0,0,0,0,0,0,0,0,0
2,1,50412,0,0,0,0,0,0,0,0,0,0
0,1,50413,0,0,0,0,0,0,0,0,0,0
0,2,50413,0,0,0,0,0,0,0,0,0,0
0,3,50413,0,0,0,0,0,0,0,0,0,0
0,4,50413,0,0,0,0,0,0,0,0,0,0
0,5,50413,0,0,0,0,0,0,0,0,0,0
0,6,50413,0,0,0,0,0,0,0,0,0,0
0,7,50413,0,0,0,0,9,0,18,0,0,0
1,1,50413,0,0,0,0,0,0,0,0,0,0
1,1,50414,0,0,0,0,0,0,0,0,0,0
2,1,50414,0,0,0,0,0,0,0,0,0,0
1,1,50415,0,0,0,0,0,0,0,0,0,0
1,1,50416,0,0,0,0,0,0,0,0,0,0
2,1,50416,0,0,0,0,0,0,0,0,0,0
3,1,50416,0,0,0,0,0,0,0,0,0,0
1,1,50417,0,0,0,0,0,0,0,0,0,0
2,1,50417,0,0,0,8,0,0,0,0,0,0
1,1,50418,0,0,0,0,0,0,0,0,0,0
2,1,50418,0,0,0,0,0,0,0,0,0,0
3,1,50418,0,0,0,0,0,0,0,0,0,0
1,1,50419,0,0,0,0,0,0,0,0,0,0
2,1,50419,0,0,0,0,0,0,0,0,0,0
1,1,50420,17,17,17,17,17,17,17,17,17,17
1,1,50421,0,0,0,0,0,0,0,0,0,0
2,1,50421,0,0,0,0,0,0,0,0,0,0
3,1,50421,0,0,0,0,0,0,0,0,0,0
4,1,50421,0,0,0,0,0,0,0,0,0,0
1,1,50422,0,0,0,0,0,0,0,0,0,0
2,1,50422,0,0,0,0,0,0,0,0,0,0
1,1,50423,0,0,0,0,0,0,0,0,0,0
2,1,50423,0,0,0,0,0,0,0,0,0,0
1,1,50424,0,0,0,0,0,0,0,0,0,0
2,1,50424,0,0,0,0,0,0,0,0,0,0
1,1,50425,27,27,27,27,27,27,27,27,27,27
1,1,50426,0,0,0,0,0,0,0,0,0,0
2,1,50426,0,0,0,0,0,0,0,0,0,0
1,1,50427,0,0,0,0,0,0,0,0,0,0
2,1,50427,0,0,0,0,0,0,0,0,0,0
1,1,50428,0,0,0,0,0,0,0,0,0,0
1,1,50429,20,20,20,20,20,20,20,20,20,20
1,1,50430,14,14,14,14,14,14,14,14,14,14
1,1,50431,0,0,0,0,0,0,0,0,0,0
2,1,50431,23,23,23,23,23,23,23,23,23,23
0,1,50432,5,5,5,5,5,5,5,5,5,5
1,1,50432,0,0,0,0,0,0,0,0,0,0
1,1,50433,0,0,0,0,0,0,0,0,0,0
1,1,50434,15,15,15,15,15,15,15,15,15,15
1,1,50435,0,0,0,0,0,0,0,0,0,0
1,1,50436,1,1,1,1,1,1,1,1,1,1
1,1,50437,0,0,0,0,0,0,0,0,0,0
1,1,50438,0,0,0,0,0,0,0,0,0,0
2,1,50438,0,0,0,0,0,0,0,20,0,0
1,1,50439,0,0,0,0,0,0,0,0,0,0
2,1,50439,0,0,13,8,0,0,0,0,0,0
1,1,50440,0,0,0,0,0,0,0,0,0,0
2,1,50440,19,19,19,19,19,19,19,19,19,19
1,1,50441,0,0,0,0,0,0,0,0,0,0
1,1,50442,0,0,0,0,0,0,0,0,0,0
1,1,50443,0,0,0,0,0,0,0,0,0,0
1,1,50444,0,0,0,0,0,0,0,0,0,0
2,1,50444,0,0,0,0,0,0,0,0,0,0
3,1,50444,0,0,0,0,0,0,0,0,0,0
4,1,50444,0,0,0,0,0,0,0,0,0,0
1,1,50445,0,0,0,0,0,0,0,0,0,0
1,1,50446,0,0,0,0,0,0,0,0,0,0
2,1,50446,0,0,0,0,0,0,0,0,0,0
3,1,50446,0,0,0,0,0,0,0,0,0,0
4,1,50446,0,0,0,0,0,0,0,0,0,0
5,1,50446,0,0,0,0,0,0,0,0,0,0
6,1,50446,0,0,0,0,0,0,0,8,0,0
7,1,50446,0,0,0,0,0,0,0,0,0,0
1,1,50447,0,0,0,0,0,0,0,0,0,0
1,1,50448,0,0,0,0,0,0,0,0,0,0
2,1,50448,9,9,9,9,9,9,9,9,9,9
1,1,50449,37,37,37,37,37,37,37,37,37,37
0,1,50450,0,0,0,0,0,0,0,0,0,0
0,2,50450,0,0,0,0,0,0,0,0,0,0
1,1,50450,17,17,17,17,17,17,17,17,17,17
1,1,50451,0,0,10,0,26,0,0,0,10,18
1,1,50452,0,0,17,0,0,0,0,0,0,13
1,1,50453,4,4,4,4,4,4,4,4,4,4
1,1,50454,11,11,11,11,11,11,11,11,11,11
2,1,50454,0,27,0,10,17,0,0,0,18,0
1,1,50455,0,0,0,0,0,0,0,0,0,0
1,1,50456,0,0,0,18,0,0,0,0,0,0
2,1,50456,0,0,0,0,0,0,0,0,0,0
1,1,50458,1,1,1,1,1,1,1,1,1,1
1,1,50459,0,0,0,0,0,0,0,0,0,0
1,1,50460,23,23,23,23,23,23,23,23,23,23
1,1,50461,0,0,0,0,0,0,0,0,0,0
2,1,50461,19,0,12,0,0,0,0,0,11,0
3,1,50461,0,0,0,0,0,4,0,0,0,0
1,1,50462,0,0,0,0,0,0,0,0,0,0
1,1,50463,0,0,0,0,0,0,0,0,0,0
2,1,50463,0,0,0,0,0,0,0,0,9,0
1,1,50464,0,0,0,0,0,0,0,0,0,0
2,1,50464,0,0,0,0,0,0,0,0,0,0
1,1,50465,0,0,0,0,0,0,0,0,0,0
2,1,50465,0,0,0,0,0,0,0,0,0,0
1,1,50466,14,0,0,9,3,8,0,0,0,0
2,1,50466,0,0,0,0,0,0,0,0,0,0
1,1,50467,0,0,0,0,0,0,0,0,0,0
1,1,50468,5,5,5,5,5,5,5,5,5,5
1,1,50469,0,0,0,0,0,0,0,0,0,0
1,1,50470,0,0,0,0,0,0,0,0,0,0
2,1,50470,0,0,0,0,0,0,0,0,0,0
1,1,50471,0,0,0,0,0,0,0,0,0,0
1,1,50472,0,0,0,0,0,0,0,0,0,16
1,1,50473,0,0,0,0,0,0,0,0,0,0
2,1,50473,0,0,0,0,0,0,0,0,0,0
1,1,50474,0,0,0,0,0,0,0,0,0,0
1,1,50475,0,0,0,0,0,0,0,0,0,0
2,1,50475,0,0,0,0,0,0,0,0,0,0
3,1,50475,0,0,0,0,0,0,0,0,0,0
1,1,50476,0,0,0,0,0,0,0,0,0,0
2,1,50476,1,1,1,1,1,1,1,1,1,1
1,1,50477,0,0,0,0,0,0,0,0,0,0
2,1,50477,0,0,0,0,0,0,0,0,0,0
1,1,50478,25,6,0,0,0,0,0,0,0,0
2,1,50478,0,0,0,0,0,0,0,0,0,0
1,1,50479,23,23,23,23,23,23,23,23,23,23
0,1,50480,0,0,0,0,0,0,0,0,0,0
1,1,50480,0,0,0,0,0,0,0,0,0,0
1,1,50481,0,0,0,0,0,0,0,0,0,0
2,1,50481,0,0,0,0,0,0,0,0,0,0
1,1,50482,0,0,0,0,0,0,0,0,0,0
0,1,50483,32,8,32,24,0,22,6,0,0,0
1,1,50483,0,0,0,12,0,0,0,24,0,0
1,1,50484,29,29,29,29,29,29,29,29,29,29
2,1,50484,0,0,0,0,0,0,0,0,0,0
1,1,50485,17,17,17,17,17,17,17,17,17,17
2,1,50485,0,0,0,0,0,0,0,0,0,0
1,1,50486,0,0,0,0,0,0,0,0,0,0
2,1,50486,0,0,0,0,0,0,0,0,0,0
1,1,50487,0,0,0,0,0,0,0,0,0,0
2,1,50487,0,0,0,0,0,0,0,0,0,0
3,1,50487,0,0,0,0,0,0,0,0,0,0
4,1,50487,0,0,0,0,0,0,0,0,0,0
5,1,50487,11,11,11,11,11,11,11,11,11,11
1,1,50488,0,0,0,0,0,0,0,0,0,0
1,1,50489,11,11,11,11,11,11,11,11,11,11
1,1,50490,0,0,0,0,0,0,0,0,0,0
1,1,50491,0,0,0,0,0,0,0,0,0,0
1,1,50492,17,17,17,17,17,17,17,17,17,17
1,1,50493,0,0,0,0,0,0,0,0,0,0
1,1,50494,10,10,10,10,10,10,10,10,10,10
2,1,50494,0,0,0,0,0,0,0,0,0,0
1,1,50495,0,0,0,0,0,0,0,0,0,0
1,1,50496,0,0,0,0,0,0,0,0,0,0
1,1,50497,0,14,17,0,9,14,0,0,21,0
1,1,50498,0,0,0,0,0,0,0,0,0,0
2,1,50498,0,0,0,0,0,0,0,0,0,0
1,1,50499,0,0,0,0,0,0,0,0,0,0
2,1,50499,0,0,0,0,0,0,0,0,0,0
1,1,50500,0,0,0,0,0,0,0,0,0,0
1,1,50501,0,0,0,0,0,0,0,0,0,0
2,1,50501,0,0,0,0,0,0,0,0,0,0
1,1,50502,0,0,0,0,0,0,0,0,0,0
1,1,50503,0,0,0,0,0,0,0,0,0,0
2,1,50503,0,0,0,0,0,0,0,0,0,0
3,1,50503,0,0,0,0,0,0,0,0,0,0
4,1,50503,0,0,0,0,0,0,0,0,0,0
1,1,50504,0,0,0,0,0,0,0,0,0,11
0,1,50505,0,0,0,0,0,0,0,0,0,0
1,1,50505,0,0,0,0,0,0,0,0,0,0
1,1,50506,26,26,26,26,26,26,26,26,26,26
0,1,50507,0,0,19,0,0,28,0,0,0,0
1,1,50507,0,0,0,0,0,0,0,0,0,0
1,1,50508,0,0,0,0,0,0,0,0,0,0
2,1,50508,0,0,0,0,0,0,0,0,0,0
3,1,50508,0,0,0,0,0,0,0,0,0,0
1,1,50509,0,0,0,0,0,0,0,0,0,0
1,1,50510,0,0,0,0,0,0,0,0,0,0
1,1,50511,0,0,0,0,0,0,0,0,0,0
0,1,50512,11,11,11,11,11,11,11,11,11,11
1,1,50512,0,0,0,0,0,0,0,0,0,0
1,1,50513,0,0,0,0,0,0,0,0,0,0
1,1,50514,0,0,0,0,0,0,0,0,0,0
1,1,50515,23,23,23,23,23,23,23,23,23,23
2,1,50515,0,0,0,0,0,0,0,0,0,0
3,1,50515,0,0,0,0,0,0,0,0,0,0
1,1,50516,0,0,0,0,0,0,0,0,0,0
1,1,50517,2,2,2,2,2,2,2,2,2,2
1,1,50518,14,14,14,14,14,14,14,14,14,14
2,1,50518,0,0,0,0,0,2,5,0,0,0
1,1,50519,0,0,0,0,0,0,0,0,0,0
2,1,50519,20,20,20,20,20,20,20,20,20,20
1,1,50520,11,0,0,0,0,0,0,41,0,17
1,1,50521,0,0,0,0,0,0,0,0,0,0
2,1,50521,0,0,0,0,0,0,0,0,0,0
0,1,50522,0,0,37,17,0,0,20,0,0,0
1,1,50522,0,0,0,0,11,9,18,0,29,0
1,1,50523,0,0,0,0,0,0,0,0,0,0
2,1,50523,0,0,0,0,0,0,0,0,0,0
1,1,50524,0,0,13,0,0,0,0,0,0,0
1,1,50525,16,16,16,16,16,16,16,16,16,16
1,1,50526,0,0,4,0,0,12,0,0,0,0
2,1,50526,0,0,0,0,0,0,0,0,0,0
1,1,50527,0,0,0,0,0,0,0,0,0,0
1,1,50528,0,0,0,0,0,0,0,0,0,0
2,1,50528,0,0,0,0,0,0,0,0,0,0
1,1,50529,3,3,3,3,3,3,3,3,3,3
1,1,50530,0,0,0,0,0,0,0,0,0,0
1,1,50531,19,19,19,19,19,19,19,19,19,19
1,1,50532,19,19,19,19,19,19,19,19,19,19
1,1,50533,20,20,20,20,20,20,20,20,20,20
1,1,50534,0,0,19,0,0,21,0,0,6,0
1,1,50535,0,0,0,0,0,0,0,0,0,0
2,1,50535,0,0,0,0,0,0,0,0,0,0
1,1,50536,9,9,9,9,9,9,9,9,9,9
1,1,50537,0,0,16,0,16,15,0,29,13,0
1,1,50538,0,0,0,0,7,0,0,0,0,0
1,1,50539,0,18,0,0,0,0,0,0,0,0
0,1,50540,0,0,0,0,0,0,11,0,0,11
1,1,50540,0,0,7,0,0,0,0,0,0,18
1,1,50541,0,0,0,0,0,0,0,0,0,0
1,1,50542,0,10,0,9,0,4,0,0,0,0
1,1,50543,0,0,0,0,0,0,0,0,0,0
2,1,50543,25,25,25,25,25,25,25,25,25,25
3,1,50543,0,0,0,0,0,0,0,0,0,0
1,1,50544,20,20,20,20,20,20,20,20,20,20
2,1,50544,15,7,0,0,0,0,0,0,0,0
1,1,50545,0,0,0,0,0,0,0,0,0,0
2,1,50545,0,0,0,0,0,0,0,0,0,0
1,1,50546,0,0,0,0,0,0,0,0,0,0
2,1,50546,0,0,0,0,0,0,0,0,0,0
1,1,50547,0,0,0,0,0,0,0,0,0,0
1,1,50548,12,12,12,12,12,12,12,12,12,12
1,1,50549,0,0,0,0,0,0,0,0,0,0
2,1,50549,0,0,0,0,0,0,0,0,0,0
1,1,50550,0,0,0,0,0,0,0,0,0,0
2,1,50550,0,0,0,0,0,0,0,0,0,0
3,1,50550,0,0,0,0,0,0,0,0,0,0
1,1,50551,0,0,0,0,0,0,0,0,0,0
2,1,50551,0,0,0,0,0,0,0,0,0,0
1,1,50552,0,0,0,0,0,0,0,0,0,0
1,1,50553,6,0,13,33,0,20,23,0,0,0
1,1,50554,0,0,0,0,0,0,0,0,0,0
2,1,50554,0,0,0,0,0,0,0,0,0,0
3,1,50554,0,4,0,0,0,0,0,0,0,0
1,1,50555,17,17,17,17,17,17,17,17,17,17
1,1,50556,0,0,0,0,14,0,0,0,0,0
2,1,50556,0,0,0,0,0,0,0,0,0,0
1,1,50557,0,0,0,0,0,0,0,0,0,0
1,1,50558,0,0,0,0,0,0,0,0,0,0
1,1,50559,0,0,0,0,0,0,0,0,0,0
1,1,50560,0,0,0,0,0,0,0,0,0,0
1,1,50561,0,0,0,0,0,0,0,0,0,0
2,1,50561,0,0,0,0,0,0,0,0,0,0
1,1,50562,0,0,0,0,0,0,0,0,0,0
2,1,50562,11,11,11,11,11,11,11,11,11,11
0,1,50563,0,0,23,19,0,0,0,0,0,0
1,1,50563,6,25,0,0,0,10,3,0,4,0
1,1,50564,22,22,22,22,22,22,22,22,22,22
1,1,50565,0,0,0,0,0,0,0,0,0,0
2,1,50565,0,0,0,0,0,0,0,0,0,38
1,1,50566,0,0,0,0,0,0,0,0,0,0
1,1,50567,0,0,0,0,0,0,0,0,0,0
1,1,50568,16,16,16,16,16,16,16,16,16,16
1,1,50569,0,0,0,0,0,0,0,0,0,0
2,1,50569,0,0,0,0,0,0,0,0,0,0
3,1,50569,0,0,0,0,0,0,0,0,5,0
1,1,50570,14,14,14,14,14,14,14,14,14,14
1,1,50571,0,0,0,0,0,0,0,0,0,0
2,1,50571,0,0,0,0,0,0,0,0,0,0
3,1,50571,0,0,0,0,0,0,0,0,0,0
1,1,50572,0,0,0,0,0,0,0,0,0,0
2,1,50572,0,0,0,0,0,0,0,0,0,0
0,1,50573,0,0,0,0,0,0,0,0,0,0
1,1,50573,0,0,0,0,0,0,0,0,0,0
1,1,50574,25,25,25,25,25,25,25,25,25,25
1,1,50575,0,0,0,0,0,0,0,0,0,0
1,1,50576,14,14,14,14,14,14,14,14,14,14
1,1,50577,0,0,0,0,0,0,0,0,0,0
1,1,50578,22,22,22,22,22,22,22,22,22,22
1,1,50579,9,9,9,9,9,9,9,9,9,9
1,1,50580,0,0,0,0,0,0,0,0,0,0
2,1,50580,0,0,0,0,0,0,0,0,0,0
1,1,50581,19,19,19,19,19,19,19,19,19,19
1,1,50582,28,0,0,14,28,0,22,0,19,18
1,1,50583,0,0,0,0,0,0,0,0,0,0
2,1,50583,0,0,0,0,0,0,0,0,0,0
1,1,50584,18,18,18,18,18,18,18,18,18,18
1,1,50585,19,19,19,19,19,19,19,19,19,19
0,1,50586,28,28,28,28,28,28,28,28,28,28
1,1,50586,8,8,8,8,8,8,8,8,8,8
0,1,50587,22,22,22,22,22,22,22,22,22,22
1,1,50587,0,0,0,0,0,0,0,0,0,0
1,1,50588,0,0,0,0,0,0,0,0,0,0
2,1,50588,0,0,0,0,0,0,0,0,23,28
1,1,50589,0,0,0,0,0,0,0,0,0,0
0,1,50590,15,15,15,15,15,15,15,15,15,15
1,1,50590,0,0,0,0,0,0,0,0,0,0
1,1,50591,0,0,0,0,0,0,0,0,0,0
2,1,50591,0,0,0,0,0,0,0,0,0,0
1,1,50592,0,0,0,0,0,0,0,0,0,0
2,1,50592,4,4,0,18,6,0,13,24,8,3
1,1,50593,0,0,0,0,0,0,0,0,0,0
2,1,50593,16,2,0,0,0,0,0,0,0,0
0,1,50594,0,0,0,0,0,0,0,0,0,0
1,1,50594,0,0,0,0,0,0,0,0,0,0
1,1,50595,0,20,0,0,0,5,0,0,0,12
0,1,50596,0,0,0,0,0,0,0,0,0,0
1,1,50596,0,0,18,0,0,0,0,0,0,7
0,1,50597,0,0,0,0,0,0,0,0,0,0
0,2,50597,20,21,9,0,20,14,18,20,0,26
1,1,50597,0,20,23,13,10,42,11,21,36,0
1,1,50598,0,0,17,9,0,0,0,0,0,14
2,1,50598,9,0,0,0,0,0,0,7,0,0
0,1,80001,2,2,2,2,2,2,2,2,2,2
1,1,80001,0,0,0,0,0,0,0,0,0,0
1,1,80002,0,0,6,0,0,0,0,0,0,0
1,1,80003,0,0,0,0,0,0,0,0,0,0
1,1,80004,15,15,15,15,15,15,15,15,15,15
1,1,80005,32,32,32,32,32,32,32,32,32,32
2,1,80005,0,0,0,0,0,0,0,0,0,0
1,1,80006,0,0,0,0,0,0,0,0,0,0
2,1,80006,0,0,0,0,0,0,0,0,0,0
1,1,80007,2,2,2,2,2,2,2,2,2,2
1,1,80008,0,0,0,0,0,0,0,0,0,0
1,1,80009,0,0,0,0,0,0,0,0,0,0
2,1,80009,0,0,0,0,0,0,0,0,0,0
0,1,80010,0,0,0,0,0,0,0,0,0,0
1,1,80010,0,0,0,0,0,0,0,0,0,0
2,1,80010,0,0,0,0,0,0,0,0,0,0
1,1,80011,18,18,18,18,18,18,18,18,18,18
2,1,80011,0,0,0,0,0,0,0,0,0,0
1,1,80012,0,0,0,0,0,0,0,0,0,0
2,1,80012,0,0,0,0,0,0,0,0,0,0
1,1,80013,0,8,0,0,0,0,0,0,0,0
1,1,80014,35,35,35,35,35,35,35,35,35,35
1,1,80015,14,14,14,14,14,14,14,14,14,14
2,1,80015,9,9,9,9,9,9,9,9,9,9
1,1,80016,0,0,0,0,0,0,0,0,0,0
1,1,80017,0,0,0,0,0,0,0,0,0,0
2,1,80017,0,0,0,0,0,0,0,0,0,0
1,1,80018,0,0,0,0,0,0,0,0,0,0
1,1,80019,22,22,22,22,22,22,22,22,22,22
0,1,80020,0,0,0,0,0,0,0,14,0,0
1,1,80020,33,33,33,33,33,33,33,33,33,33
1,1,80021,0,0,0,0,0,0,0,0,0,0
2,1,80021,0,0,0,0,0,0,0,0,0,0
0,1,80022,0,0,0,0,0,0,0,0,0,0
1,1,80022,0,0,0,0,0,0,0,0,0,0
2,1,80022,0,0,0,0,9,0,14,0,0,0
0,1,80023,0,0,0,15,0,0,0,24,0,0
1,1,80023,0,0,0,0,0,0,0,0,0,0
1,1,80024,23,23,23,23,23,23,23,23,23,23
1,1,80025,15,15,15,15,15,15,15,15,15,15
0,1,80026,0,0,0,0,0,0,0,0,0,0
1,1,80026,2,0,0,0,0,0,0,0,0,0
1,1,80027,0,0,0,0,0,0,0,0,11,0
2,1,80027,0,0,0,0,0,0,0,0,0,0
1,1,80028,17,17,17,17,17,17,17,17,17,17
1,1,80029,10,16,21,14,28,3,25,32,18,14
2,1,80029,0,0,0,17,0,0,0,0,0,0
3,1,80029,0,0,0,0,0,0,0,0,0,0
1,1,80030,0,0,0,0,0,0,0,0,0,0
2,1,80030,0,0,0,0,0,0,0,0,0,0
1,1,80031,20,13,7,13,0,0,0,0,0,0
1,1,80032,0,0,0,0,0,0,0,0,0,0
2,1,80032,0,0,0,0,0,21,0,0,0,0
1,1,80033,0,0,0,0,0,0,0,0,0,0
1,1,80034,0,0,0,0,0,0,0,0,0,0
2,1,80034,0,0,0,0,0,0,0,0,0,0
1,1,80035,1,1,1,1,1,1,1,1,1,1
1,1,80036,15,15,15,15,15,15,15,15,15,15
1,1,80037,0,0,0,0,0,0,0,0,0,0
2,1,80037,0,0,0,0,0,0,0,0,0,0
1,1,80038,0,0,0,0,0,0,0,0,0,0
2,1,80038,0,0,0,0,0,0,0,0,0,0
1,1,80039,24,24,24,24,24,24,24,24,24,24
2,1,80039,1,1,1,1,1,1,1,1,1,1
1,1,80040,5,5,5,5,5,5,5,5,5,5
1,1,80041,0,0,0,0,0,0,0,0,0,0
1,1,80042,0,0,0,11,0,0,0,0,0,0
1,1,80043,0,0,0,0,0,0,0,0,0,0
2,1,80043,0,0,0,0,0,0,0,0,0,0