VEH_NO,PER_NO,ST_CASE,P1,P2,P3,P4,P5,P6,P7,P8,P9,P10
1,1,80044,0,0,0,0,0,0,0,0,0,0
2,1,80044,0,0,0,0,0,0,0,0,0,0
0,1,80045,0,0,0,0,0,0,0,0,0,0
1,1,80045,0,0,0,0,0,0,0,0,0,0
1,1,80046,0,0,0,0,0,0,0,0,0,0
1,1,80047,0,0,0,0,0,0,0,0,0,0
2,1,80047,0,0,0,0,0,0,0,0,0,0
3,1,80047,0,0,0,0,0,0,0,0,0,0
1,1,80048,26,26,26,26,26,26,26,26,26,26
1,1,80049,15,15,15,15,15,15,15,15,15,15
0,1,80050,0,0,0,0,0,0,0,0,0,0
1,1,80050,6,0,0,0,0,0,0,0,0,0
1,1,80051,0,0,0,0,0,0,0,0,0,0
2,1,80051,13,0,0,0,0,0,0,0,0,0
3,1,80051,24,24,24,24,24,24,24,24,24,24
4,1,80051,0,0,0,0,0,0,0,7,9,0
1,1,80052,23,3,18,13,25,21,15,31,19,15
1,1,80053,0,0,0,0,0,0,0,0,0,0
2,1,80053,0,0,0,0,0,0,0,0,0,0
1,1,80054,21,28,28,33,10,12,20,22,23,7
2,1,80054,7,0,0,0,0,0,0,0,0,0
1,1,80055,0,0,0,0,0,0,0,0,0,0
2,1,80055,0,0,0,0,0,0,0,0,0,0
1,1,80056,0,0,0,0,0,0,0,0,0,0
2,1,80056,0,0,0,0,0,0,0,0,0,0
1,1,80057,20,20,20,20,20,20,20,20,20,20
1,1,80058,0,0,0,0,0,0,0,0,0,0
2,1,80058,0,0,0,0,0,0,0,0,0,0
1,1,80059,17,17,17,17,17,17,17,17,17,17
1,1,80060,0,0,0,0,0,0,0,0,0,0
1,1,80061,0,0,0,17,9,14,0,0,0,12
2,1,80061,0,0,0,0,0,0,0,0,0,0
1,1,80062,0,0,0,0,0,0,9,0,0,0
2,1,80062,0,0,0,9,0,0,0,0,0,0
1,1,80063,0,0,0,0,0,0,0,0,0,0
2,1,80063,0,0,0,0,0,0,0,0,0,0
3,1,80063,0,0,0,13,0,0,0,0,0,0
4,1,80063,0,0,0,0,0,0,0,0,0,0
0,1,80064,0,0,0,0,0,0,0,0,0,0
1,1,80064,0,0,0,0,0,0,0,0,0,0
2,1,80064,0,0,0,0,0,0,0,0,0,0
1,1,80065,2,2,2,2,2,2,2,2,2,2
1,1,80066,28,28,28,28,28,28,28,28,28,28
1,1,80067,0,0,0,0,6,0,0,0,0,0
2,1,80067,0,0,0,0,0,0,0,0,0,0
3,1,80067,0,0,0,0,0,0,0,0,0,0
1,1,80068,23,0,0,0,0,0,0,0,0,0
2,1,80068,0,0,0,0,0,0,0,0,0,29
1,1,80069,18,16,11,17,13,32,20,21,25,7
1,1,80070,0,0,0,0,0,0,0,0,0,0
2,1,80070,0,0,0,0,0,0,0,0,0,0
1,1,80071,15,15,21,15,16,11,18,12,16,13
1,1,80072,0,0,0,0,0,0,0,0,0,0
2,1,80072,0,0,0,0,0,0,20,0,0,0
1,1,80073,3,3,3,3,3,3,3,3,3,3
1,1,80074,7,7,7,7,7,7,7,7,7,7
1,1,80075,14,14,14,14,14,14,14,14,14,14
1,1,80076,0,0,0,0,0,0,0,0,0,0
1,1,80077,0,0,0,0,0,0,0,0,0,0
2,1,80077,0,0,0,0,0,0,0,0,0,0
1,1,80078,24,24,24,24,24,24,24,24,24,24
1,1,80079,16,16,16,16,16,16,16,16,16,16
2,1,80079,0,0,0,0,0,0,0,0,0,0
1,1,80080,20,20,20,20,20,20,20,20,20,20
1,1,80081,16,16,16,16,16,16,16,16,16,16
1,1,80082,0,0,0,0,0,0,0,0,0,0
2,1,80082,0,0,0,0,0,0,0,0,0,0
0,1,80083,0,0,0,0,0,0,0,0,0,0
1,1,80083,0,9,0,0,0,14,0,17,0,0
1,1,80084,11,24,20,33,14,8,17,20,27,27
1,1,80085,41,14,26,19,22,22,15,18,29,18
1,1,80086,0,0,0,0,0,0,0,0,0,0
1,1,80087,19,16,11,19,16,34,8,10,3,20
1,1,80088,12,12,12,12,12,12,12,12,12,12
1,1,80089,22,22,22,22,22,22,22,22,22,22
1,1,80090,10,10,10,10,10,10,10,10,10,10
1,1,80091,0,0,0,0,0,0,0,0,0,0
1,1,80092,0,0,0,0,0,0,0,0,0,0
2,1,80092,0,0,0,0,0,0,0,26,0,0
0,1,80093,0,0,0,0,0,0,0,0,0,0
1,1,80093,0,0,0,0,0,0,0,0,0,0
1,1,80094,0,0,0,27,27,0,0,0,0,0
1,1,80095,0,0,0,0,0,0,0,0,0,0
2,1,80095,0,0,0,0,0,0,0,0,0,0
1,1,80096,5,5,5,5,5,5,5,5,5,5
1,1,80097,0,0,0,0,0,0,0,0,0,0
1,1,80098,0,0,0,0,0,0,0,0,0,0
2,1,80098,12,33,13,0,2,23,13,15,18,18
1,1,80099,22,22,18,14,23,0,10,9,12,7
1,1,80100,4,2,18,15,9,12,3,0,20,3
2,1,80100,0,0,3,0,0,0,0,0,0,0
1,1,80101,0,0,0,0,0,0,0,0,0,0
1,1,80102,0,0,0,0,0,0,0,0,0,0
1,1,80103,20,20,20,20,20,20,20,20,20,20
1,1,80104,0,0,0,0,0,0,0,21,0,0
1,1,80105,0,0,0,0,0,0,0,0,0,0
2,1,80105,0,0,0,0,0,0,0,0,0,0
1,1,80106,0,0,0,0,0,0,0,0,20,0
1,1,80107,22,22,22,22,22,22,22,22,22,22
1,1,80108,9,9,9,9,9,9,9,9,9,9
1,1,80109,0,0,0,0,0,0,10,0,0,0
2,1,80109,0,0,0,0,0,0,0,0,0,0
1,1,80110,11,22,1,7,18,22,37,9,8,5
1,1,80111,2,2,2,2,2,2,2,2,2,2
1,1,80112,0,0,0,0,0,0,0,0,0,0
2,1,80112,0,0,0,0,0,0,0,0,0,0
1,1,80113,3,0,7,0,23,13,0,0,10,11
1,1,80114,31,31,31,31,31,31,31,31,31,31
1,1,80115,0,0,0,24,0,0,0,0,0,0
1,1,80116,30,15,21,24,0,29,25,32,25,17
1,1,80117,0,0,0,0,0,0,0,0,0,0
2,1,80117,0,0,29,0,0,0,0,0,0,0
1,1,80118,0,0,0,0,0,0,0,0,0,0
2,1,80118,0,0,0,0,0,0,0,0,0,0
3,1,80118,0,0,0,0,0,0,0,0,0,0
4,1,80118,0,0,0,0,0,0,0,0,0,0
1,1,80119,0,0,0,0,0,0,0,0,0,0
2,1,80119,0,0,0,0,0,0,0,0,0,0
1,1,80120,0,12,12,0,23,0,7,0,0,3
2,1,80120,0,0,0,0,0,0,0,0,0,0
1,1,80121,23,27,3,19,12,4,9,11,14,17
1,1,80122,0,0,0,0,0,0,0,0,0,0
1,1,80123,0,0,0,0,0,0,0,0,0,0
2,1,80123,0,0,0,0,0,0,0,0,0,0
1,1,80124,0,0,0,0,0,0,0,0,0,0
1,1,80125,0,0,0,0,0,0,0,0,0,0
2,1,80125,0,0,0,0,0,0,0,0,0,0
0,1,80126,0,0,0,0,0,0,0,0,0,0
1,1,80126,0,0,0,0,0,0,7,0,0,0
1,1,80127,0,0,0,0,0,0,0,0,0,0
1,1,80128,0,0,22,0,0,0,0,0,0,0
1,1,80129,0,0,0,0,0,0,0,0,0,0
2,1,80129,0,0,5,0,0,0,0,0,0,0
1,1,80130,26,26,26,26,26,26,26,26,26,26
2,1,80130,0,0,0,0,0,0,0,0,0,0
1,1,80131,0,0,0,0,0,0,0,0,0,0
2,1,80131,0,0,0,0,0,0,0,0,0,0
1,1,80132,0,0,0,0,0,19,0,0,0,0
2,1,80132,0,0,0,0,0,0,0,0,0,0
1,1,80133,23,23,23,23,23,23,23,23,23,23
1,1,80134,23,23,23,23,23,23,23,23,23,23
1,1,80135,0,0,0,22,27,22,17,16,0,0
2,1,80135,0,0,0,0,0,0,0,0,0,0
0,1,80136,0,0,0,0,0,0,0,0,0,0
1,1,80136,0,0,10,0,0,0,0,0,0,0
1,1,80137,0,0,0,0,0,0,0,0,0,0
2,1,80137,0,0,0,13,0,0,0,0,0,0
1,1,80138,24,24,24,24,24,24,24,24,24,24
2,1,80138,0,0,0,0,0,0,0,0,0,0
3,1,80138,6,19,0,0,0,0,0,0,0,0
1,1,80139,10,10,10,10,10,10,10,10,10,10
1,1,80140,9,21,0,0,0,0,0,6,0,5
1,1,80141,23,23,23,23,23,23,23,23,23,23
1,1,80142,0,0,0,0,0,0,0,0,0,0
2,1,80142,0,0,0,0,0,0,0,0,0,0
0,1,80143,0,0,0,0,0,0,0,0,0,0
1,1,80143,0,0,0,0,0,0,0,0,0,5
1,1,80144,0,0,0,0,0,0,0,0,0,0
2,1,80144,7,7,7,7,7,7,7,7,7,7
1,1,80145,0,0,0,0,0,0,0,0,0,0
2,1,80145,0,0,0,0,0,0,0,0,0,0
1,2,80146,3,0,0,0,25,0,0,11,16,11
1,1,80147,0,0,0,0,0,0,0,0,0,0
2,1,80147,0,0,0,0,0,0,0,0,0,0
1,1,80148,0,0,0,0,0,0,0,0,0,0
2,1,80148,0,0,0,0,0,0,0,0,0,0
1,1,80149,0,0,0,0,0,0,0,0,0,11
1,1,80150,9,7,4,19,32,21,20,28,14,27
1,1,80151,0,0,0,0,0,0,0,0,0,0
2,1,80151,0,0,0,0,0,0,0,0,0,0
1,1,80152,2,2,2,2,2,2,2,2,2,2
1,1,80153,15,15,15,15,15,15,15,15,15,15
1,1,80154,0,0,0,0,0,0,0,0,0,0
1,1,80155,0,0,0,0,0,0,0,0,0,0
1,1,80156,0,0,0,0,0,0,0,0,0,0
1,1,80157,0,0,0,0,0,0,0,0,0,0
2,1,80157,0,0,0,0,0,0,0,0,0,0
3,1,80157,0,0,8,0,0,0,0,0,0,0
1,1,80158,0,30,0,30,18,17,15,7,18,13
2,1,80158,0,0,0,0,0,0,0,0,0,0
1,1,80159,0,0,0,0,0,0,0,0,0,0
2,1,80159,0,0,0,0,0,0,0,0,0,0
1,1,80160,0,0,0,0,0,0,0,0,0,0
1,1,80161,10,15,14,7,8,23,7,14,12,16
1,1,80162,0,0,0,0,0,0,0,0,0,0
2,1,80162,0,0,0,0,0,0,0,0,0,0
1,1,80163,33,33,33,33,33,33,33,33,33,33
2,1,80163,0,0,0,0,0,0,0,0,0,0
0,1,80164,25,25,25,25,25,25,25,25,25,25
1,1,80164,18,8,0,16,12,13,31,33,16,8
0,1,80165,0,0,0,0,0,0,0,0,0,0
1,1,80165,0,0,0,0,0,0,0,0,0,0
0,1,80166,0,0,0,23,20,0,0,0,0,0
1,1,80166,0,0,0,0,0,0,0,0,0,0
1,1,80167,0,0,0,20,0,0,15,17,0,0
2,1,80167,0,0,0,0,0,0,0,0,0,0
1,1,80168,0,0,0,0,0,0,0,0,0,0
1,1,80169,0,0,0,0,0,0,0,0,0,0
2,1,80169,0,0,0,0,0,0,0,0,0,0
1,1,80170,0,0,0,0,0,0,0,0,0,0
1,1,80171,13,21,22,21,10,25,15,37,15,0
1,1,80172,0,0,0,0,0,0,0,0,0,0
1,1,80173,0,0,0,0,0,0,0,0,0,0
2,1,80173,0,28,0,0,0,0,0,0,0,0
3,1,80173,0,0,0,0,0,0,0,0,0,0
1,1,80174,0,0,0,0,0,0,0,0,0,0
2,1,80174,0,0,10,0,0,0,0,0,0,0
0,1,80175,28,28,28,28,28,28,28,28,28,28
1,1,80175,0,0,0,0,9,0,0,0,3,0
0,1,80176,0,0,0,0,0,0,0,0,0,0
1,1,80176,0,0,0,0,0,0,0,0,0,0
1,1,80177,0,0,0,0,0,0,0,0,0,0
1,1,80178,0,0,0,0,0,0,0,0,0,0
2,1,80178,0,0,0,0,0,0,21,0,0,0
1,1,80179,24,24,24,24,24,24,24,24,24,24
1,1,80180,0,26,0,0,0,0,0,0,0,0
1,1,80181,12,18,13,3,18,16,10,16,4,33
1,1,80182,9,9,9,9,9,9,9,9,9,9
2,1,80182,0,0,0,0,0,0,0,0,0,0
1,1,80183,0,24,20,0,0,0,0,0,0,0
1,1,80184,12,12,12,12,12,12,12,12,12,12
1,1,80185,25,25,25,25,25,25,25,25,25,25
2,1,80185,0,0,0,0,0,0,0,0,0,0
1,1,80186,0,0,0,0,0,0,0,0,0,0
1,1,80187,18,18,18,18,18,18,18,18,18,18
1,1,80188,0,0,0,0,0,0,0,0,0,0
2,1,80188,0,0,0,0,0,0,0,0,0,0
1,1,80189,0,0,0,0,0,0,0,0,0,0
1,1,80190,0,0,0,0,0,0,0,0,0,0
2,1,80190,0,0,0,0,0,0,0,0,0,0
1,1,80191,0,0,0,0,0,0,0,0,0,0
2,1,80191,0,0,0,0,0,0,0,0,0,0
3,1,80191,0,0,0,0,0,0,0,0,0,0
1,1,80192,0,0,14,0,0,0,0,0,0,0
1,1,80193,20,12,19,16,22,26,12,40,30,31
1,1,80194,0,0,0,0,0,0,0,0,0,0
1,1,80195,0,0,0,0,0,0,0,0,0,0
1,1,80196,0,0,0,0,0,0,0,0,0,0
1,1,80197,0,0,0,0,0,0,0,0,0,0
2,1,80197,0,0,0,0,0,0,0,0,0,0
3,1,80197,0,0,0,0,0,0,0,0,0,0
1,1,80198,0,0,0,0,0,0,0,0,0,0
2,1,80198,0,0,0,0,0,0,0,0,0,0
1,1,80199,13,6,21,11,19,8,21,31,11,17
2,1,80199,0,0,0,0,0,0,0,0,0,0
0,1,80200,0,0,0,0,0,0,0,0,0,0
1,1,80200,19,0,0,8,0,0,0,0,16,0
1,1,80201,0,0,0,0,0,0,0,0,0,0
2,1,80201,0,0,0,0,0,0,0,0,0,0
3,1,80201,0,0,0,0,0,0,0,0,0,0
1,1,80202,0,0,0,0,0,0,0,0,0,0
2,1,80202,0,0,0,0,0,0,0,0,0,0
1,2,80203,31,16,22,25,21,33,22,28,8,18
1,1,80204,0,0,0,0,0,0,0,0,0,0
2,1,80204,0,0,0,0,0,0,0,0,0,0
3,1,80204,0,0,0,0,0,0,0,0,0,0
4,1,80204,0,0,0,0,0,0,0,0,0,0
1,1,80205,0,0,0,0,0,0,0,0,0,0
0,1,80206,0,0,0,0,0,0,0,0,0,0
1,1,80206,0,0,0,0,0,0,0,0,0,0
1,1,80207,0,0,0,8,0,0,0,0,0,0
2,1,80207,0,0,0,0,0,0,0,0,0,0
1,1,80208,19,19,19,19,19,19,19,19,19,19
1,1,80209,0,0,0,0,0,0,0,0,0,0
2,1,80209,0,0,0,0,0,0,0,0,0,0
0,1,80210,0,0,0,0,0,0,0,0,0,0
1,1,80210,0,0,0,0,0,0,0,0,0,0
0,1,80211,6,6,6,6,6,6,6,6,6,6
1,1,80211,20,18,2,0,0,0,5,0,0,0
1,1,80212,24,24,24,24,24,24,24,24,24,24
1,1,80213,15,15,15,15,15,15,15,15,15,15
2,1,80213,0,0,0,0,0,0,0,0,0,0
1,1,80214,0,0,0,0,0,0,0,0,0,0
1,1,80215,0,0,0,8,0,8,0,0,0,0
2,1,80215,0,0,0,0,0,0,0,0,0,0
3,1,80215,0,0,0,0,0,0,0,0,0,0
1,1,80216,0,0,0,0,0,0,0,0,0,0
0,1,80217,0,0,0,0,0,0,0,0,0,0
1,1,80217,0,0,0,0,0,0,0,0,0,0
2,1,80217,0,0,0,0,0,0,0,0,0,0
3,1,80217,0,0,0,0,0,0,0,0,0,0
1,1,80218,0,0,0,0,0,0,0,0,0,0
2,1,80218,0,0,0,0,0,0,0,0,0,0
3,1,80218,0,0,0,0,0,0,0,0,0,23
1,1,80219,0,0,0,0,0,0,0,0,0,0
1,1,80220,0,0,0,0,0,0,0,0,0,0
2,1,80220,0,0,0,0,0,0,0,0,0,0
3,1,80220,0,0,0,0,0,0,0,0,0,0
1,1,80221,0,0,0,0,0,0,0,0,0,0
1,1,80222,14,21,18,7,11,12,11,14,27,21
2,1,80222,0,0,0,0,0,0,0,0,0,0
1,1,80223,0,0,0,0,0,0,0,0,0,0
1,1,80224,9,9,9,9,9,9,9,9,9,9
1,1,80225,0,0,0,0,0,0,0,0,0,0
2,1,80225,0,0,0,0,0,0,0,0,0,0
1,1,80226,0,0,0,0,0,0,0,0,0,0
2,1,80226,0,0,0,0,0,0,0,0,0,0
1,1,80227,0,0,0,0,0,0,0,0,0,0
1,1,80228,9,8,18,9,7,33,4,21,7,17
1,1,80229,2,2,2,2,2,2,2,2,2,2
1,1,80230,0,0,18,0,0,0,0,0,10,9
0,1,80231,0,0,0,0,0,11,0,0,0,0
1,1,80231,0,0,0,0,15,0,0,0,0,0
1,1,80232,4,0,0,0,0,0,0,0,8,0
1,1,80233,0,0,0,0,0,0,0,0,0,0
2,1,80233,0,0,0,0,17,0,0,0,0,0
1,1,80234,25,25,25,25,25,25,25,25,25,25
1,1,80235,17,15,30,61,13,18,7,14,35,17
1,1,80236,5,7,0,17,19,15,11,16,12,8
1,1,80237,22,8,11,9,23,28,18,10,12,7
1,1,80238,0,0,0,0,0,0,0,0,0,0
1,1,80239,0,0,0,0,0,0,0,0,0,0
2,1,80239,0,0,0,0,0,0,0,0,0,0
1,1,80240,0,0,0,0,0,0,0,0,0,0
2,1,80240,0,0,0,0,0,0,0,0,0,0
3,1,80240,0,0,0,0,0,0,0,0,0,0
1,1,80241,0,0,0,0,0,0,0,0,0,27
2,1,80241,0,4,0,0,0,0,0,0,0,0
0,1,80242,0,0,0,0,0,0,0,0,0,0
1,1,80242,0,0,0,0,0,0,0,0,0,0
1,1,80243,0,0,0,0,0,0,0,0,0,0
0,1,80244,0,19,0,0,0,0,0,0,36,0
1,1,80244,0,0,0,0,0,0,0,0,0,0
1,1,80245,0,0,0,0,0,0,0,0,0,0
1,1,80246,0,0,0,0,0,0,0,0,0,0
2,1,80246,0,0,0,0,0,0,0,0,0,0
1,1,80247,0,0,0,0,0,17,0,0,0,0
2,1,80247,0,0,0,0,0,0,0,0,0,0
1,1,80248,25,25,25,25,25,25,25,25,25,25
1,1,80249,5,5,5,5,5,5,5,5,5,5
2,1,80249,0,0,0,0,0,0,0,0,0,0
1,1,80250,20,11,4,18,2,27,32,19,11,17
1,1,80251,0,0,0,0,0,0,0,0,0,0
2,1,80251,0,0,0,0,0,0,0,0,0,0
3,1,80251,0,0,0,0,0,0,0,0,0,0
4,1,80251,0,0,0,0,0,0,0,0,0,0
1,1,80252,0,0,0,0,0,0,0,0,0,0
2,1,80252,0,0,0,0,0,0,0,0,0,0
1,1,80253,0,0,0,0,0,0,0,0,0,0
1,1,80254,0,0,0,0,0,0,0,0,18,0
2,1,80254,0,0,0,0,0,0,0,0,0,0
1,1,80255,0,0,0,0,0,0,0,0,0,0
1,1,80256,0,0,0,0,0,22,0,0,0,0
2,1,80256,0,0,0,0,0,0,0,0,0,0
3,1,80256,0,0,0,0,0,0,0,0,0,0
4,1,80256,0,0,0,0,0,0,0,0,0,0
1,1,80257,21,21,21,21,21,21,21,21,21,21
1,1,80258,0,0,0,0,0,0,13,0,0,0
1,1,80259,0,0,0,0,0,0,0,0,0,0
2,1,80259,0,0,0,0,0,0,0,0,0,0
1,1,80260,14,0,0,16,0,0,0,0,13,8
1,1,80261,17,27,25,19,19,19,10,20,10,13
1,1,80262,0,0,0,0,0,0,0,0,0,0
2,1,80262,0,0,0,0,0,0,0,0,0,0
0,1,80263,0,0,0,0,0,0,0,0,0,0
1,1,80263,0,0,10,0,14,0,0,0,0,0
1,1,80264,13,13,13,13,13,13,13,13,13,13
1,1,80265,28,28,28,28,28,28,28,28,28,28
1,1,80266,25,25,25,25,25,25,25,25,25,25
0,1,80267,0,0,0,0,0,0,0,0,0,0
1,1,80267,0,0,0,0,0,0,0,0,0,0
1,1,80268,0,0,0,0,0,0,0,0,0,0
1,1,80269,0,0,0,0,0,0,0,0,0,0
2,1,80269,0,0,0,0,0,0,0,0,0,0
3,1,80269,0,0,0,0,0,0,0,0,0,0
1,1,80270,0,0,0,0,0,0,0,0,0,0
1,1,80271,40,40,40,40,40,40,40,40,40,40
1,1,80272,19,15,7,13,15,10,22,13,23,22
2,1,80272,0,0,0,0,0,0,0,0,0,0
1,1,80273,0,0,0,0,0,0,0,0,0,0
1,1,80274,0,0,0,0,0,0,0,0,0,0
2,1,80274,12,0,0,0,0,21,0,8,0,0
0,1,80275,0,0,0,0,0,0,0,0,0,0
1,1,80275,5,18,4,10,7,29,0,21,29,8
1,1,80276,0,0,0,0,0,0,0,0,0,0
2,1,80276,0,0,0,10,0,0,0,0,0,0
1,1,80277,0,0,0,0,0,3,11,0,10,0
1,1,80278,0,0,0,0,0,0,12,0,0,0
2,1,80278,0,0,0,0,0,0,0,0,0,0
0,1,80279,18,44,20,34,14,11,41,5,18,10
1,1,80279,0,0,0,0,0,0,0,0,0,0
1,1,80280,0,0,0,0,0,0,0,0,0,0
1,1,80281,24,21,19,23,8,37,8,18,19,28
2,1,80281,7,7,7,7,7,7,7,7,7,7
1,1,80282,0,0,0,0,0,0,0,0,0,0
1,1,80283,5,5,5,5,5,5,5,5,5,5
2,1,80283,12,12,12,12,12,12,12,12,12,12
0,1,80284,32,32,32,32,32,32,32,32,32,32
1,1,80284,0,0,0,0,12,0,0,0,0,8
0,1,80285,0,0,0,0,0,32,0,0,12,0
0,2,80285,0,0,0,0,0,0,0,0,0,0
0,3,80285,2,2,2,2,2,2,2,2,2,2
0,4,80285,0,0,0,0,0,0,0,0,0,0
1,1,80285,0,0,0,0,0,0,0,0,0,0
1,1,80286,0,0,0,0,0,0,0,0,0,0
2,1,80286,0,0,0,0,0,0,0,0,0,0
1,1,80287,0,0,0,0,0,0,0,0,0,0
2,1,80287,0,0,0,0,0,0,0,0,0,0
1,1,80288,0,0,0,2,0,0,0,0,0,0
1,1,80289,15,15,15,15,15,15,15,15,15,15
1,1,80290,0,0,0,0,0,0,0,0,0,0
1,1,80291,0,0,0,11,0,0,0,0,0,0
2,1,80291,0,0,0,0,0,0,0,0,0,0
1,1,80292,0,0,0,0,0,0,0,0,0,0
1,1,80293,28,28,28,28,28,28,28,28,28,28
1,1,80294,18,18,18,18,18,18,18,18,18,18
1,1,80295,0,0,0,0,0,0,0,0,0,0
1,1,80296,0,0,0,0,0,0,0,0,0,0
0,1,80297,17,6,27,14,0,11,14,30,0,0
1,1,80297,30,0,19,0,0,0,0,0,8,11
1,1,80298,33,33,33,33,33,33,33,33,33,33
2,1,80298,0,0,0,0,0,0,0,0,0,0
3,1,80298,0,0,0,0,0,0,0,0,0,0
1,1,80299,0,0,0,0,0,0,0,0,0,0
1,1,80300,19,19,19,19,19,19,19,19,19,19
0,1,80301,11,11,11,11,11,11,11,11,11,11
1,1,80301,0,0,0,0,0,0,0,0,0,0
1,1,80302,0,0,0,0,0,0,0,0,0,0
2,1,80302,0,0,0,0,0,0,0,0,0,0
3,1,80302,0,0,0,0,0,0,0,0,0,0
4,1,80302,0,0,0,0,0,0,12,0,0,0
5,1,80302,0,0,0,0,0,0,0,0,0,0
6,1,80302,0,0,0,0,0,0,0,0,0,0
7,1,80302,0,0,0,0,0,0,0,0,0,0
8,1,80302,0,0,0,0,0,0,0,0,0,0
1,1,80303,0,0,0,0,0,0,0,0,0,0
2,1,80303,0,0,0,0,0,4,0,0,0,0
1,1,80305,0,0,0,0,0,0,0,0,0,0
1,1,80306,0,0,0,0,0,0,0,0,0,0
2,1,80306,0,0,0,0,0,0,0,0,0,0
1,1,80307,24,24,24,24,24,24,24,24,24,24
1,1,80308,0,26,25,10,8,26,11,13,18,21
1,1,80309,23,23,23,23,23,23,23,23,23,23
1,1,80310,0,0,0,0,0,0,0,0,0,0
1,1,80311,0,0,0,0,0,0,0,0,0,0
2,1,80311,0,0,0,0,0,0,0,0,0,0
3,1,80311,0,0,0,0,0,0,12,0,0,19
1,1,80312,22,22,22,22,22,22,22,22,22,22
1,1,80313,0,0,0,0,0,0,0,0,0,0
2,1,80313,0,0,0,0,0,0,0,0,0,0
1,1,80314,4,20,4,37,9,30,17,14,26,12
1,1,80315,10,10,10,10,10,10,10,10,10,10
2,1,80315,0,0,0,0,0,0,0,0,0,0
0,1,80316,0,0,0,0,0,0,0,0,0,0
1,1,80316,0,0,0,0,0,0,0,0,7,0
0,1,80317,2,2,2,2,2,2,2,2,2,2
1,1,80317,0,0,0,0,0,0,0,0,0,0
1,1,80318,0,0,0,0,0,0,0,0,0,0
1,1,80319,21,10,16,8,16,18,17,31,14,24
0,1,80320,0,0,0,0,0,0,0,0,0,0
1,1,80320,0,0,0,0,0,0,0,0,0,0
1,1,80321,17,19,18,28,36,30,22,29,21,24
2,1,80321,0,0,0,0,0,0,0,0,0,0
0,1,80322,0,0,0,0,0,0,0,0,0,0
1,1,80322,0,0,0,0,0,0,0,0,0,0
3,1,80322,0,0,0,0,0,0,0,0,0,0
1,1,80323,18,13,0,12,11,15,13,0,0,27
2,1,80323,0,0,0,0,0,0,0,0,0,0
1,1,80324,0,0,0,0,0,0,0,0,0,0
2,1,80324,0,0,0,0,0,0,0,0,0,0
1,1,80325,23,23,23,23,23,23,23,23,23,23
1,1,80326,26,26,26,26,26,26,26,26,26,26
2,1,80326,0,0,0,0,0,0,0,0,0,0
3,1,80326,0,0,0,0,0,0,0,0,0,0
1,1,80327,19,19,19,19,19,19,19,19,19,19
1,1,80328,0,0,0,0,0,0,0,0,0,0
2,1,80328,0,0,0,0,0,0,0,0,0,0
1,1,80329,0,0,0,0,0,0,16,0,0,0
1,1,80330,12,0,10,7,0,0,19,12,0,0
1,1,80331,0,0,0,0,0,0,0,0,0,0
2,1,80331,0,0,0,0,0,0,0,0,0,0
1,1,80332,0,0,0,0,0,0,0,0,0,0
2,1,80332,0,0,0,0,0,0,0,0,0,0
1,1,80333,0,0,0,0,0,0,0,0,0,0
2,1,80333,0,0,0,0,0,0,0,0,0,0
1,1,80334,0,0,0,0,0,0,0,0,0,0
2,1,80334,0,0,0,0,0,0,0,0,0,0
1,1,80335,0,0,0,0,0,0,5,0,17,0
2,1,80335,0,0,0,18,0,0,0,0,0,0
1,1,80336,17,17,17,17,17,17,17,17,17,17
1,1,80337,0,0,0,0,0,0,0,0,0,0
1,1,80338,3,3,3,3,3,3,3,3,3,3
1,1,80339,18,18,18,18,18,18,18,18,18,18
1,1,80340,18,18,18,18,18,18,18,18,18,18
1,1,80341,18,18,18,18,18,18,18,18,18,18
1,1,80342,16,0,15,0,13,3,12,0,6,13
2,1,80342,0,0,0,0,0,0,0,0,0,0
0,1,80343,0,0,0,0,0,0,0,0,0,0
1,1,80343,0,0,6,0,0,0,0,0,0,0
1,1,80344,12,12,12,12,12,12,12,12,12,12
2,1,80344,0,0,0,0,0,0,0,0,0,0
1,1,80345,0,0,0,0,0,0,0,0,0,0
1,1,80346,17,17,17,17,17,17,17,17,17,17
1,1,80347,24,24,24,24,24,24,24,24,24,24
1,1,80348,0,0,0,0,0,0,0,0,0,0
2,1,80348,0,0,0,0,0,0,0,0,0,0
1,1,80349,0,0,0,0,0,0,0,0,0,0
1,1,80350,0,0,0,0,0,0,0,0,0,0
2,1,80350,0,0,0,0,0,0,0,0,0,0
3,1,80350,0,0,0,0,0,0,0,0,0,0
4,1,80350,0,0,0,0,0,0,0,0,0,0
1,1,80351,0,0,0,0,0,0,0,0,0,0
2,1,80351,0,0,0,0,0,0,0,0,0,0
1,1,80352,2,6,12,20,16,25,15,0,17,9
2,1,80352,0,0,0,0,0,0,0,0,0,0
1,1,80353,0,0,0,0,0,0,0,0,0,0
2,1,80353,0,0,0,0,0,0,0,0,0,0
1,1,80354,0,0,0,0,0,0,0,0,0,0
1,1,80355,21,21,21,21,21,21,21,21,21,21
1,1,80356,6,6,8,8,13,21,3,14,6,18
1,1,80357,0,20,25,7,27,25,23,4,18,27
1,1,80358,0,0,0,0,0,0,0,0,0,0
2,1,80358,0,0,0,0,0,0,0,0,0,0
1,1,80359,0,0,0,0,0,0,0,0,0,0
2,1,80359,7,7,7,7,7,7,7,7,7,7
1,1,80360,27,27,27,27,27,27,27,27,27,27
2,1,80360,0,0,0,0,27,0,0,0,0,0
0,1,80361,0,0,0,0,0,0,0,0,0,0
1,1,80361,0,0,0,0,0,0,0,0,0,0
1,1,80362,16,16,16,16,16,16,16,16,16,16
2,1,80362,0,0,0,0,0,0,0,0,0,0
1,1,80363,0,0,0,0,0,0,0,0,0,0
2,1,80363,0,0,0,0,0,0,0,0,0,0
3,1,80363,0,0,0,0,0,0,0,0,0,20
1,1,80364,0,0,0,0,0,0,0,0,0,0
2,1,80364,0,0,0,0,0,0,0,0,0,0
1,1,80365,0,0,0,0,0,0,0,0,0,0