VEH_NO,PER_NO,ST_CASE,P1,P2,P3,P4,P5,P6,P7,P8,P9,P10
2,1,80365,0,0,0,0,0,0,0,0,0,0
1,1,80366,30,30,30,30,30,30,30,30,30,30
2,1,80366,0,9,0,0,0,0,9,0,0,0
0,1,80367,0,0,0,0,0,0,0,0,0,0
1,1,80367,0,14,8,0,0,0,0,0,0,0
2,1,80367,25,21,15,7,14,12,26,28,0,20
0,1,80368,0,0,0,0,0,0,0,0,0,0
1,1,80368,0,0,0,0,0,0,0,0,0,0
1,1,80369,0,0,0,0,0,0,0,0,0,0
2,1,80369,0,0,0,0,0,0,0,0,0,0
1,1,80370,8,8,8,8,8,8,8,8,8,8
1,1,80371,0,0,0,0,0,0,0,0,0,0
1,1,80372,0,0,0,0,0,0,0,0,0,0
2,1,80372,0,0,0,0,0,0,0,0,0,0
1,1,80373,19,19,19,19,19,19,19,19,19,19
2,1,80373,0,0,0,0,0,0,0,0,0,0
3,1,80373,0,0,0,0,0,0,0,0,0,0
1,1,80374,2,2,2,2,2,2,2,2,2,2
1,1,80375,0,0,0,0,0,0,0,0,0,0
1,1,80376,0,0,0,0,0,0,0,0,0,0
2,1,80376,0,0,0,0,0,0,0,0,0,0
1,1,80377,0,0,0,0,0,0,0,0,0,0
2,1,80377,0,0,0,0,0,0,0,0,0,0
1,1,80378,13,13,13,13,13,13,13,13,13,13
1,1,80379,16,16,16,16,16,16,16,16,16,16
1,1,80380,0,0,0,0,0,0,0,0,0,0
2,1,80380,0,0,0,0,0,0,0,0,0,0
1,1,80381,0,0,0,0,0,0,0,0,0,0
1,1,80382,15,15,15,15,15,15,15,15,15,15
1,1,80383,0,0,0,0,0,0,0,0,0,0
1,1,80384,1,1,1,1,1,1,1,1,1,1
2,1,80384,0,0,0,0,0,0,0,0,0,0
1,1,80385,2,2,2,2,2,2,2,2,2,2
1,1,80386,33,33,33,33,33,33,33,33,33,33
1,1,80387,9,0,12,12,17,12,5,18,7,27
0,1,80388,0,0,0,0,0,0,0,0,0,0
1,1,80388,0,0,0,0,0,0,0,0,0,0
1,1,80389,0,0,0,0,0,0,0,0,0,0
1,1,80390,0,0,0,0,0,0,0,0,0,0
2,1,80390,0,8,0,19,17,0,0,12,0,0
0,1,80391,21,21,21,21,21,21,21,21,21,21
1,1,80391,4,14,32,19,19,11,35,11,12,17
1,1,80392,0,0,0,0,0,0,0,0,0,0
1,1,80393,0,0,0,0,0,0,0,0,0,0
2,1,80393,0,0,0,0,0,0,0,0,0,0
1,1,80394,6,6,6,6,6,6,6,6,6,6
1,1,80395,0,0,0,0,0,0,0,0,0,0
2,1,80395,0,0,0,0,0,0,0,0,0,0
1,1,80396,0,0,0,0,0,0,0,0,0,0
1,1,80397,17,17,17,17,17,17,17,17,17,17
1,1,80398,0,0,0,0,0,0,0,0,0,0
1,1,80399,0,0,0,26,15,0,0,20,0,0
1,1,80400,32,32,32,32,32,32,32,32,32,32
0,1,80401,0,0,0,0,0,0,0,0,0,0
1,1,80401,0,0,0,0,4,0,0,0,0,0
1,1,80402,0,0,0,0,0,0,0,0,0,0
0,1,80403,0,0,0,0,0,0,0,0,0,0
1,1,80403,0,0,0,0,0,0,0,0,0,0
1,1,80404,11,21,21,0,17,25,3,17,7,13
2,1,80404,0,0,0,0,0,0,0,0,0,0
3,1,80404,0,0,0,0,0,0,0,0,0,0
1,1,80405,17,17,17,17,17,17,17,17,17,17
1,1,80406,32,32,32,32,32,32,32,32,32,32
0,1,80407,22,22,22,22,22,22,22,22,22,22
1,1,80407,0,0,0,0,0,0,0,0,0,0
1,1,80408,20,20,20,20,20,20,20,20,20,20
1,1,80409,0,0,0,0,0,0,0,0,0,0
2,1,80409,0,0,0,15,0,0,0,0,14,0
1,1,80410,0,0,0,0,0,0,0,0,0,0
0,1,80411,0,0,0,0,0,0,0,0,0,0
1,1,80411,0,0,0,0,0,0,0,0,0,0
1,1,80412,0,0,0,0,0,0,0,0,0,0
2,1,80412,0,0,0,0,0,0,0,0,0,0
0,1,80413,24,24,24,24,24,24,24,24,24,24
1,1,80413,0,15,0,0,0,0,0,0,0,0
1,1,80414,0,0,0,0,0,0,0,0,0,0
1,1,80415,0,0,0,0,0,0,0,0,0,10
1,1,80416,0,0,0,0,0,0,0,0,0,0
2,1,80416,0,0,0,0,0,0,0,0,0,0
1,1,80417,0,0,0,0,0,0,0,0,0,0
1,1,80418,19,19,19,19,19,19,19,19,19,19
0,1,80419,0,0,0,0,0,0,0,0,0,0
1,1,80419,0,0,0,0,0,0,0,0,0,0
0,1,80420,24,24,24,24,24,24,24,24,24,24
1,1,80420,11,0,22,0,31,0,16,16,0,17
1,1,80421,0,0,0,0,0,0,0,0,0,0
0,1,80422,16,0,25,0,0,0,36,0,9,0
0,2,80422,0,0,0,0,0,0,0,0,0,0
0,3,80422,0,0,0,0,0,0,0,0,0,0
0,4,80422,0,0,0,0,0,0,0,0,0,0
1,1,80422,15,15,15,15,15,15,15,15,15,15
1,1,80423,0,0,0,0,0,0,0,0,0,0
2,1,80423,0,0,0,0,0,0,0,0,0,0
0,1,80424,0,0,0,0,0,0,0,0,0,0
1,1,80424,0,0,0,0,0,0,0,0,0,0
1,1,80425,0,0,0,0,0,0,0,0,0,0
1,1,80426,0,0,0,0,0,0,0,0,0,0
1,1,80427,0,0,0,0,0,0,0,0,0,0
2,1,80427,0,0,0,0,0,0,0,0,0,0
0,1,80428,0,0,0,0,0,0,0,0,0,0
0,2,80428,0,0,0,0,0,0,0,0,0,0
1,1,80428,0,18,0,0,0,0,0,0,0,0
1,1,80429,11,11,11,11,11,11,11,11,11,11
1,1,80430,6,0,0,0,0,0,0,0,0,0
2,1,80430,0,0,0,0,0,0,0,0,0,0
3,1,80430,0,0,0,12,0,0,0,0,0,0
1,1,80431,8,18,0,4,0,20,0,0,9,14
1,1,80432,27,27,27,27,27,27,27,27,27,27
1,1,80433,0,18,19,0,0,0,0,0,0,0
1,1,80434,0,0,0,0,0,0,0,0,0,0
1,1,80435,26,26,26,26,26,26,26,26,26,26
1,1,80436,27,27,27,27,27,27,27,27,27,27
2,1,80436,0,0,0,0,0,0,0,0,0,0
3,1,80436,0,0,0,0,0,0,0,0,0,0
1,1,80437,0,0,0,0,0,0,0,0,0,0
2,1,80437,0,0,0,0,0,0,0,0,0,0
0,1,80438,27,27,27,27,27,27,27,27,27,27
1,1,80438,0,0,0,0,9,0,0,0,0,0
1,1,80439,0,0,0,0,0,0,0,0,0,0
1,1,80440,0,0,0,18,0,0,0,0,22,0
2,1,80440,0,0,0,0,0,0,0,0,0,0
0,1,80441,22,22,22,22,22,22,22,22,22,22
1,1,80441,0,0,0,0,0,0,0,0,0,0
0,1,80442,17,17,17,17,17,17,17,17,17,17
1,1,80442,0,0,0,0,0,0,0,0,0,0
1,1,80443,14,14,14,14,14,14,14,14,14,14
1,1,80444,15,0,0,0,0,0,0,0,0,0
1,1,80445,0,0,0,0,10,0,0,0,0,0
1,1,80446,0,0,0,0,0,0,0,0,0,0
0,1,80447,0,0,0,0,0,0,0,0,0,0
1,1,80447,0,0,0,0,0,0,0,0,0,0
1,1,80448,0,0,0,0,0,0,0,0,0,0
2,1,80448,0,0,0,0,0,0,0,0,0,0
1,1,80449,30,25,27,22,8,14,26,30,11,19
0,1,80450,0,0,0,0,0,0,0,0,0,0
1,1,80450,0,0,0,14,0,9,0,0,0,0
0,1,80451,0,0,0,0,0,0,0,0,0,0
1,1,80451,0,9,0,0,0,0,0,0,0,0
2,1,80451,0,0,0,0,0,0,0,0,0,0
1,1,80452,35,17,16,12,26,2,30,23,22,13
2,1,80452,0,0,0,0,0,0,0,0,0,0
1,1,80453,0,0,0,0,0,0,0,0,0,0
2,1,80453,0,0,0,0,0,0,0,5,0,0
0,1,80454,49,0,0,0,21,11,17,10,27,32
1,1,80454,12,2,19,4,19,7,3,0,5,15
1,1,80455,0,0,0,0,0,0,0,0,0,0
1,1,80456,19,13,14,9,17,10,14,27,17,17
2,1,80456,0,0,0,0,0,0,0,0,0,0
1,1,80457,0,0,0,0,0,0,0,0,0,0
1,1,80458,19,6,28,8,11,14,7,11,22,14
1,1,80459,21,21,21,21,21,21,21,21,21,21
1,1,80460,0,0,0,0,0,0,0,0,0,0
2,1,80460,0,0,0,0,0,0,0,0,0,0
1,1,80461,0,0,0,0,0,0,0,0,16,0
2,1,80461,0,0,0,0,9,0,2,0,0,0
1,1,80462,24,24,24,24,24,24,24,24,24,24
1,1,80463,0,0,0,0,0,0,0,0,0,0
1,1,80464,1,1,1,1,1,1,1,1,1,1
2,1,80464,0,0,0,0,0,0,0,0,12,0
1,1,80465,21,21,21,21,21,21,21,21,21,21
1,1,80466,0,0,0,0,0,0,0,0,0,0
2,1,80466,0,0,0,0,0,0,0,0,0,0
1,1,80467,0,0,0,9,12,0,0,0,0,0
1,1,80468,12,12,12,12,12,12,12,12,12,12
2,1,80468,0,0,0,0,0,0,0,0,0,0
3,1,80468,0,0,0,0,0,0,0,0,0,0
1,1,80469,32,31,12,23,11,11,25,19,9,6
1,1,80470,6,13,16,18,12,20,11,14,18,27
2,1,80470,0,0,0,0,0,0,0,0,0,0
3,1,80470,0,0,12,0,0,0,13,0,0,0
1,1,80471,0,0,0,0,0,0,0,0,0,0
2,1,80471,0,0,0,0,0,0,0,0,0,23
0,1,80472,0,0,0,0,0,0,0,0,0,0
1,1,80472,0,0,0,0,10,0,0,0,0,0
0,1,80473,0,0,0,0,0,0,0,0,0,0
1,1,80473,0,10,0,0,0,0,0,0,0,0
1,1,80474,0,0,0,0,0,0,0,0,0,0
2,1,80474,19,19,19,19,19,19,19,19,19,19
0,1,80475,0,0,0,0,0,0,0,0,0,0
1,1,80475,0,0,0,0,0,0,0,0,0,0
1,1,80476,0,0,0,0,0,17,0,0,19,0
1,1,80477,10,10,10,10,10,10,10,10,10,10
2,1,80477,0,0,0,0,0,0,0,0,0,0
1,1,80478,0,0,0,9,0,0,0,0,0,0
2,1,80478,0,0,0,0,0,0,0,0,0,0
1,1,80479,0,0,0,13,0,0,0,0,18,8
1,1,80480,0,0,0,0,0,0,0,0,0,0
2,1,80480,0,0,0,0,0,0,0,0,0,0
0,1,80481,17,35,15,30,13,27,26,22,42,28
1,1,80481,0,0,0,0,0,0,0,0,0,0
1,1,80482,20,20,20,20,20,20,20,20,20,20
2,1,80482,0,0,0,0,0,0,0,0,0,0
1,1,80483,0,0,0,0,0,0,0,0,0,0
2,1,80483,0,0,0,0,0,0,0,0,0,0
0,1,80484,25,25,25,25,25,25,25,25,25,25
1,1,80484,0,0,0,0,0,0,0,0,0,0
1,1,80485,0,0,0,0,0,0,0,0,0,0
2,1,80485,0,0,0,0,0,0,0,0,0,0
1,1,80486,0,0,0,0,0,0,0,0,0,0
2,1,80486,0,0,0,0,0,0,0,0,0,0
3,1,80486,0,0,0,0,0,0,0,0,0,0
1,1,90001,0,0,0,0,0,0,0,0,0,0
1,1,90002,0,0,0,0,11,0,0,0,9,20
2,1,90002,0,0,0,0,0,0,0,0,0,0
1,1,90003,0,0,0,0,0,0,0,0,0,0
0,1,90004,0,0,0,0,0,0,0,0,0,0
1,1,90004,0,5,14,18,0,19,7,7,5,14
1,1,90005,0,0,0,0,0,0,0,0,0,0
1,1,90006,0,0,0,0,0,0,0,0,0,0
2,1,90006,0,0,0,0,0,0,0,0,0,0
1,1,90007,11,11,11,11,11,11,11,11,11,11
2,1,90007,0,0,0,0,0,0,0,0,0,0
0,1,90008,0,0,0,0,0,0,0,0,0,0
1,1,90008,0,0,0,0,0,0,0,0,0,0
1,1,90009,0,0,0,0,0,0,0,0,0,0
2,1,90009,0,0,0,0,0,0,0,0,0,0
1,1,90010,0,0,0,0,0,0,0,0,0,0
2,1,90010,0,0,0,0,0,0,0,0,0,0
1,1,90011,0,0,0,0,0,0,0,0,0,0
2,1,90011,0,0,0,0,0,0,0,0,0,0
1,1,90012,0,0,0,0,0,0,0,0,0,0
2,1,90012,0,0,0,0,0,0,0,0,0,0
1,1,90013,0,0,0,0,0,0,0,0,0,0
2,1,90013,0,0,0,0,0,0,5,0,0,0
1,1,90014,0,0,0,0,0,0,0,0,0,0
0,1,90015,0,0,0,0,0,0,0,0,0,0
0,2,90015,7,0,0,29,0,20,22,0,0,33
1,1,90015,0,0,30,0,0,0,0,0,0,0
1,1,90016,17,17,17,17,17,17,17,17,17,17
1,1,90017,0,0,0,0,0,0,0,0,0,0
2,1,90017,0,0,0,0,0,0,0,0,0,0
3,1,90017,0,0,0,0,0,0,0,0,0,0
1,1,90018,27,27,27,27,27,27,27,27,27,27
1,1,90019,0,5,9,0,0,0,0,0,0,7
2,1,90019,0,0,0,5,13,18,0,8,0,36
1,1,90020,0,0,0,0,0,0,0,0,0,0
2,1,90020,0,0,0,0,0,0,0,0,0,0
3,1,90020,0,0,0,0,0,0,0,0,0,0
1,1,90021,0,0,0,0,0,0,0,0,0,0
1,1,90022,0,0,0,0,0,33,0,9,0,0
0,1,90023,0,0,19,0,0,20,8,0,10,18
1,1,90023,0,0,14,16,0,0,10,28,0,0
1,1,90024,0,0,11,0,0,0,22,7,0,10
1,1,90025,18,18,18,18,18,18,18,18,18,18
2,1,90025,0,0,0,0,0,0,0,0,0,0
1,1,90026,0,0,0,0,0,0,0,0,0,0
2,1,90026,0,0,0,0,0,0,0,0,0,0
0,1,90027,0,0,0,0,0,0,0,0,0,0
0,2,90027,0,0,0,0,0,0,0,0,0,0
1,1,90027,4,22,17,0,18,14,6,14,12,13
1,1,90028,0,0,0,20,13,0,14,0,0,0
2,1,90028,0,0,0,0,0,0,0,0,0,0
0,1,90029,0,0,0,0,0,0,0,0,0,0
1,1,90029,0,0,0,0,0,0,25,0,0,0
1,1,90030,0,0,0,0,0,0,0,0,0,0
2,1,90030,17,17,17,17,17,17,17,17,17,17
1,1,90031,21,21,21,21,21,21,21,21,21,21
2,1,90031,15,13,0,19,25,12,7,0,28,11
0,1,90032,0,0,0,0,0,0,0,0,0,0
3,1,90032,23,23,23,23,23,23,23,23,23,23
1,1,90033,0,0,0,0,0,0,0,0,0,0
2,1,90033,0,0,0,0,0,0,0,0,0,0
1,1,90034,0,0,0,0,0,0,0,0,0,0
2,1,90034,0,0,0,0,0,0,0,0,0,0
3,1,90034,0,0,0,0,0,0,0,0,0,0
4,1,90034,0,0,0,0,0,0,0,0,0,0
0,1,90035,0,0,0,0,0,0,0,0,0,0
1,1,90035,0,0,0,0,0,0,0,0,0,0
0,1,90036,0,0,0,0,0,0,0,0,0,0
1,1,90036,0,0,0,0,0,0,0,0,0,0
1,1,90037,23,23,23,23,23,23,23,23,23,23
1,1,90038,0,0,0,0,0,0,0,0,0,0
1,1,90039,0,0,0,0,0,0,0,0,0,0
2,1,90039,0,0,0,0,0,0,0,0,0,0
3,1,90039,0,0,0,0,0,5,0,10,0,8
1,1,90040,0,0,24,0,0,0,0,0,0,0
2,1,90040,0,0,0,0,0,0,0,0,0,0
1,1,90041,0,0,0,0,0,0,0,0,0,0
2,1,90041,0,0,0,0,0,0,0,0,0,0
1,1,90042,0,0,0,0,0,0,0,0,0,0
1,1,90043,0,0,0,0,0,0,0,0,0,0
2,1,90043,0,0,0,0,0,0,0,0,0,0
1,1,90044,17,17,17,17,17,17,17,17,17,17
2,1,90044,12,12,12,12,12,12,12,12,12,12
1,1,90045,28,28,28,28,28,28,28,28,28,28
1,1,90046,0,0,0,0,10,11,0,0,9,0
2,1,90046,0,0,0,0,0,0,0,0,0,0
1,1,90047,25,25,25,25,25,25,25,25,25,25
1,1,90048,0,0,0,0,0,0,0,0,0,0
2,1,90048,0,0,0,0,0,0,7,0,0,0
3,1,90048,10,0,0,0,0,0,0,0,0,0
4,1,90048,0,0,0,0,0,0,0,0,0,15
1,1,90049,28,13,27,29,16,32,13,18,22,20
1,1,90050,0,0,0,0,0,0,8,0,4,0
1,1,90051,4,4,4,4,4,4,4,4,4,4
2,1,90051,0,0,0,0,0,0,0,0,0,0
0,1,90052,0,0,0,0,0,0,0,0,0,0
1,1,90052,0,0,0,0,0,0,0,0,0,0
1,1,90053,15,15,15,15,15,15,15,15,15,15
1,1,90054,0,15,0,17,16,0,13,26,0,0
1,1,90055,18,18,18,18,18,18,18,18,18,18
1,1,90056,0,0,0,0,0,0,0,0,0,0
1,1,90057,16,8,5,7,11,16,0,0,0,0
1,1,90058,0,0,0,0,0,0,0,5,0,0
2,1,90058,0,0,0,0,0,0,0,0,0,0
1,1,90059,0,0,0,0,0,0,0,0,0,0
1,1,90060,8,11,0,17,5,18,15,3,29,27
2,1,90060,0,0,0,0,0,0,0,0,0,0
1,1,90061,0,0,0,0,0,0,0,0,0,0
1,1,90062,4,15,11,12,10,12,12,30,18,17
2,1,90062,0,0,0,0,0,0,0,0,0,0
1,1,90063,0,0,0,0,0,0,0,11,0,0
2,1,90063,0,0,0,0,0,0,0,0,0,0
1,1,90064,19,19,19,19,19,19,19,19,19,19
0,1,90065,0,0,0,0,0,0,0,0,0,0
2,1,90065,0,0,0,0,0,0,0,0,0,0
1,1,90066,0,0,0,0,0,0,0,0,0,0
1,1,90067,6,6,6,6,6,6,6,6,6,6
1,1,90068,0,0,0,0,0,0,0,0,0,0
2,1,90068,0,0,0,0,0,0,0,0,0,0
0,1,90069,24,11,16,17,24,19,10,14,8,2
1,1,90069,0,0,0,0,0,26,12,0,0,0
1,1,90070,23,23,23,23,23,23,23,23,23,23
1,1,90071,22,22,22,22,22,22,22,22,22,22
0,1,90072,0,0,0,0,0,0,0,0,0,0
1,1,90072,15,0,18,0,0,8,0,0,0,0
1,1,90073,0,0,0,0,0,0,0,0,0,0
2,1,90073,0,0,0,0,0,0,0,4,0,0
1,1,90074,22,22,22,22,22,22,22,22,22,22
1,1,90075,0,0,0,0,0,28,0,0,0,0
1,1,90076,0,0,3,0,0,0,0,10,0,0
2,1,90076,0,0,0,0,0,0,0,0,0,0
1,1,90077,0,0,0,0,0,0,0,0,0,0
2,1,90077,0,0,0,0,0,0,0,0,0,0
3,1,90077,0,0,0,0,0,0,0,0,0,0
0,1,90078,0,0,0,0,0,0,0,0,0,0
0,2,90078,0,15,0,0,15,0,0,17,15,0
1,1,90078,0,0,0,0,0,0,0,0,0,0
1,1,90079,0,0,0,0,0,0,0,0,0,0
2,1,90079,15,0,0,0,0,0,0,0,0,0
1,1,90080,0,0,0,0,0,0,0,0,0,0
1,1,90081,17,10,14,0,16,17,36,29,6,18
1,1,90082,0,0,0,0,0,0,0,0,0,0
1,1,90083,9,9,9,9,9,9,9,9,9,9
0,1,90084,0,0,0,0,0,0,0,0,0,0
1,1,90084,21,21,21,21,21,21,21,21,21,21
1,1,90085,0,0,0,0,0,0,0,0,0,0
2,1,90085,0,0,0,0,7,3,0,0,0,0
1,1,90086,18,18,18,18,18,18,18,18,18,18
1,1,90087,0,0,0,0,0,0,0,0,0,0
2,1,90087,0,0,0,0,0,0,0,0,0,0
1,1,90088,0,0,0,0,11,0,0,0,8,0
1,1,90089,15,15,15,15,15,15,15,15,15,15
1,1,90090,35,35,35,35,35,35,35,35,35,35
0,1,90091,0,0,0,0,0,0,0,0,0,0
1,1,90091,0,0,0,0,0,0,0,0,0,0
1,1,90092,19,19,19,19,19,19,19,19,19,19
1,1,90093,0,0,0,0,0,0,0,0,0,0
2,1,90093,0,0,0,0,0,0,0,0,0,0
1,1,90094,0,21,7,0,10,0,8,0,10,25
1,1,90095,0,0,0,0,0,0,0,0,0,0
2,1,90095,0,0,0,0,0,0,0,0,0,0
1,1,90096,0,0,0,0,0,0,0,0,0,0
2,1,90096,0,0,0,0,0,0,0,18,0,0
1,1,90097,0,0,0,0,0,0,0,0,0,0
2,1,90097,2,2,2,2,2,2,2,2,2,2
1,1,90098,9,9,9,9,9,9,9,9,9,9
2,1,90098,0,0,0,0,0,0,0,0,0,0
1,1,90099,20,20,20,20,20,20,20,20,20,20
2,1,90099,0,0,0,9,0,0,0,0,0,0
3,1,90099,0,0,0,0,0,0,0,0,0,0
4,1,90099,0,0,0,0,0,0,0,0,0,0
1,1,90100,0,0,0,0,0,0,0,0,0,0
2,1,90100,0,0,0,0,0,0,0,0,0,0
1,1,90101,0,0,0,0,0,0,0,0,0,0
2,1,90101,0,0,0,0,0,0,0,0,0,0
1,1,90102,11,11,11,11,11,11,11,11,11,11
1,1,90103,18,18,18,18,18,18,18,18,18,18
1,1,90104,0,0,0,0,0,19,0,0,7,0
2,1,90104,0,0,0,0,0,0,0,0,0,0
1,1,90105,0,0,0,0,0,0,0,0,0,0
2,1,90105,0,0,0,0,0,0,0,0,0,0
1,1,90106,13,13,13,13,13,13,13,13,13,13
1,1,90107,0,0,0,0,0,0,0,0,0,0
2,1,90107,6,6,6,6,6,6,6,6,6,6
1,1,90108,0,0,0,0,0,0,0,0,0,0
2,1,90108,12,0,0,0,0,0,0,0,0,0
3,1,90108,0,0,0,0,0,0,0,0,0,4
4,1,90108,0,0,0,0,0,0,1,0,0,0
1,1,90109,32,32,32,32,32,32,32,32,32,32
1,1,90110,13,13,13,13,13,13,13,13,13,13
0,1,90111,0,0,0,0,0,0,0,0,0,0
1,1,90111,0,0,0,0,0,0,0,0,0,0
0,1,90112,0,0,0,0,0,0,0,0,0,0
1,1,90112,0,0,0,0,0,0,0,0,0,0
1,1,90113,0,0,0,0,0,0,0,0,0,0
2,1,90113,0,0,0,0,0,0,0,0,0,11
1,1,90114,0,0,0,0,0,0,0,0,0,0
2,1,90114,0,0,0,0,0,0,0,0,0,0
1,1,90115,0,0,0,0,0,0,0,0,0,0
2,1,90115,0,0,0,0,0,0,0,0,0,0
1,1,90116,16,16,16,16,16,16,16,16,16,16
1,1,90117,0,0,0,0,0,7,0,0,0,0
2,1,90117,0,0,35,0,0,0,0,0,0,0
3,1,90117,21,0,0,0,11,15,0,0,23,8
4,1,90117,15,7,0,0,6,7,0,6,0,0
0,1,90118,17,17,17,17,17,17,17,17,17,17
1,1,90118,0,0,0,0,0,0,0,0,0,0
1,1,90119,0,0,0,0,0,0,0,0,0,7
2,1,90119,0,0,0,0,0,0,0,0,0,0
1,1,90120,0,0,0,0,0,0,0,0,0,0
2,1,90120,15,0,0,0,0,0,0,0,0,0
1,1,90121,0,0,16,0,0,0,0,0,0,0
2,1,90121,0,10,11,0,0,0,0,25,0,0
3,1,90121,0,0,0,0,11,0,0,20,0,0
1,1,90122,0,0,15,0,0,0,0,0,0,0
2,1,90122,0,0,0,0,6,12,14,0,0,0
1,1,90123,0,0,0,0,0,0,0,0,0,0
2,1,90123,0,12,12,0,0,0,0,0,0,0
1,1,90124,0,0,0,0,0,0,0,0,0,0
2,1,90124,0,0,0,0,0,0,0,0,0,0
1,1,90125,22,22,22,22,22,22,22,22,22,22
1,1,90126,0,0,0,0,0,0,0,0,0,0
1,1,90127,0,0,0,0,0,0,0,0,0,0
1,1,90128,0,0,0,0,0,0,0,0,0,0
2,1,90128,0,0,0,0,0,0,0,0,0,0
1,1,90129,0,0,0,0,0,0,0,0,0,0
2,1,90129,0,0,0,0,0,0,0,0,0,0
1,1,90130,0,0,0,0,0,0,0,0,0,0
1,1,90131,0,32,0,0,0,0,0,0,0,0
2,1,90131,0,0,0,0,0,0,0,0,0,0
1,1,90132,26,26,26,26,26,26,26,26,26,26
2,1,90132,0,0,0,0,0,0,0,0,0,0
1,1,90133,3,13,0,0,0,7,0,0,20,0
1,1,90134,0,0,0,0,0,0,0,0,0,0
1,1,90135,0,0,0,0,0,0,0,0,0,0
2,1,90135,0,0,0,0,0,0,0,0,0,0
1,1,90136,0,0,0,0,0,0,0,0,0,0
2,1,90136,0,15,8,0,0,0,12,0,5,0
1,1,90137,0,0,0,0,0,0,0,0,0,0
0,1,90138,0,0,0,0,0,0,0,0,0,0
1,1,90138,14,14,14,14,14,14,14,14,14,14
1,1,90139,18,18,18,18,18,18,18,18,18,18
1,1,90140,8,3,13,0,0,6,10,0,0,0
1,1,90141,0,0,0,0,0,0,0,0,0,0
2,1,90141,1,0,0,0,0,0,0,0,0,0
1,1,90142,0,0,0,0,0,0,0,0,0,0
2,1,90142,0,0,0,0,0,0,0,0,0,0
1,1,90143,0,0,0,0,0,0,0,0,0,0
2,1,90143,29,29,29,29,29,29,29,29,29,29
3,1,90143,0,0,0,0,0,0,0,0,0,0
4,1,90143,0,0,0,0,0,0,0,0,0,0
1,1,90144,29,29,29,29,29,29,29,29,29,29
1,1,90145,0,0,0,0,0,0,0,0,0,0
2,1,90145,0,0,0,0,0,0,0,0,0,0
1,1,90146,16,16,16,16,16,16,16,16,16,16
1,1,90147,0,16,21,5,4,8,25,0,0,0
1,1,90148,19,19,19,19,19,19,19,19,19,19
2,1,90148,52,0,0,0,0,0,0,0,0,23
0,1,90149,0,0,0,0,0,0,0,0,0,0
0,2,90149,16,0,7,4,12,28,0,14,13,14
0,3,90149,0,0,19,0,0,0,0,8,0,0
1,1,90149,0,0,0,0,0,0,0,0,0,0
1,1,90150,0,0,0,0,0,0,0,0,0,0
2,1,90150,0,0,0,7,0,13,0,0,0,0
1,1,90151,0,0,0,0,0,0,0,0,0,0
1,1,90152,0,0,0,0,0,0,0,0,0,0
2,1,90152,0,0,0,0,0,0,0,7,0,0
3,1,90152,0,0,0,0,20,10,0,0,0,0
1,1,90153,9,9,3,26,19,11,0,0,19,5
2,1,90153,0,0,0,0,0,0,0,0,0,0
1,1,90154,0,0,0,0,0,0,0,0,0,32
2,1,90154,0,0,0,0,0,0,0,0,0,0
0,1,90155,0,0,0,0,26,0,0,0,0,0
1,1,90155,0,23,0,23,0,0,14,0,0,14
0,1,90156,0,0,0,0,0,0,0,0,0,0
1,1,90156,11,39,31,13,12,26,10,21,13,12
1,1,90157,0,0,0,0,0,0,0,0,0,0
1,1,90158,0,0,0,0,0,0,0,0,0,0
1,1,90159,0,0,0,0,0,0,0,0,0,0
2,1,90159,0,0,0,0,0,0,0,0,0,0
1,1,90160,15,15,15,15,15,15,15,15,15,15
1,1,90161,0,0,0,0,0,12,0,0,0,14
2,1,90161,29,29,29,29,29,29,29,29,29,29
1,1,90162,9,10,25,11,23,31,9,33,12,18
1,1,90163,0,0,0,0,0,0,0,0,0,0
2,1,90163,0,0,19,8,0,0,0,0,10,0
3,1,90163,0,0,0,0,0,0,0,0,0,0
1,1,90164,27,22,0,23,0,15,29,6,0,26
1,1,90165,24,22,18,15,13,4,9,23,17,12
1,1,90166,0,0,0,0,0,0,0,0,0,0
1,1,90167,15,15,15,15,15,15,15,15,15,15
1,1,90168,23,23,23,23,23,23,23,23,23,23
0,1,90169,8,8,8,8,8,8,8,8,8,8
1,1,90169,0,0,8,10,0,0,10,13,20,0
1,1,90170,18,18,18,18,18,18,18,18,18,18
0,1,90171,0,0,0,0,0,0,0,0,0,0
1,1,90171,0,0,0,0,0,0,0,0,0,0
0,1,90172,0,17,0,0,0,0,0,0,0,13
1,1,90172,0,0,0,0,0,0,0,0,0,0
1,1,90173,0,0,14,0,0,11,6,0,0,0
1,1,90174,0,0,0,0,0,0,0,0,0,0
1,1,90175,0,0,0,23,21,0,36,0,21,14
0,1,90176,0,0,0,0,0,0,0,0,0,0
1,1,90176,0,0,13,0,0,0,0,0,0,0
1,1,90177,22,22,22,22,22,22,22,22,22,22
0,1,90178,0,0,21,0,0,0,11,18,0,0
1,1,90178,26,0,21,0,0,0,19,0,0,0
1,1,90179,24,24,24,24,24,24,24,24,24,24
2,1,90179,0,0,0,0,0,0,0,0,0,0
1,1,90180,0,0,0,0,0,0,0,0,0,0
2,1,90180,0,0,0,0,0,0,0,0,0,0
1,1,90181,0,0,0,0,0,0,0,0,0,0
2,1,90181,0,0,0,0,0,0,0,0,0,0
1,1,90182,0,0,0,0,0,0,0,0,0,0
2,1,90182,0,0,0,0,0,0,0,0,0,0
1,1,90183,0,0,0,0,0,0,0,0,0,0
1,1,90184,0,0,0,0,0,0,0,0,0,0
2,1,90184,0,0,0,0,0,0,0,0,0,0
1,1,90185,16,16,16,16,16,16,16,16,16,16
1,1,90186,25,25,25,25,25,25,25,25,25,25
1,1,90187,0,0,0,0,0,0,0,0,0,0
1,1,90188,11,11,11,11,11,11,11,11,11,11