VEH_NO,PER_NO,ST_CASE,P1,P2,P3,P4,P5,P6,P7,P8,P9,P10
1,1,90189,0,0,0,0,0,0,0,0,0,0
0,1,90190,16,16,16,16,16,16,16,16,16,16
1,1,90190,0,0,0,0,0,0,0,0,0,0
1,1,90191,0,0,0,0,0,0,0,0,0,0
2,1,90191,0,0,0,0,0,0,0,0,0,0
1,1,90192,29,29,29,29,29,29,29,29,29,29
1,1,90193,3,3,3,3,3,3,3,3,3,3
1,1,90194,0,0,0,0,0,12,22,0,14,8
2,1,90194,22,0,0,0,0,0,0,0,0,0
0,1,90195,19,19,19,19,19,19,19,19,19,19
1,1,90195,0,0,0,0,0,0,0,0,0,0
1,1,90196,19,19,19,19,19,19,19,19,19,19
1,1,90197,16,16,16,16,16,16,16,16,16,16
2,1,90197,0,0,0,0,0,0,0,0,0,0
1,1,90198,18,18,18,18,18,18,18,18,18,18
3,1,90198,0,0,0,0,0,0,0,0,0,0
1,1,90199,9,23,17,18,9,11,30,9,12,18
1,1,90200,27,27,27,27,27,27,27,27,27,27
1,1,90201,18,18,18,18,18,18,18,18,18,18
1,1,90202,26,26,26,26,26,26,26,26,26,26
1,1,90203,0,0,0,0,0,0,0,0,0,0
1,1,90204,0,0,0,0,0,0,0,0,0,0
1,1,90205,0,0,0,0,0,0,0,0,0,0
1,1,90206,15,15,15,15,15,15,15,15,15,15
1,1,90207,26,26,26,26,26,26,26,26,26,26
1,1,90208,10,10,10,10,10,10,10,10,10,10
2,1,90208,6,6,6,6,6,6,6,6,6,6
1,1,90209,17,0,0,0,0,10,0,0,0,7
2,1,90209,0,0,0,12,0,0,0,0,0,0
0,1,90210,0,0,0,0,0,0,0,0,0,0
1,1,90210,0,0,0,0,0,0,18,0,5,0
0,1,90211,0,0,0,0,0,0,0,0,0,0
1,1,90211,0,0,0,0,0,0,0,0,0,0
1,1,90212,10,10,10,10,10,10,10,10,10,10
1,1,90213,0,0,0,0,0,0,0,0,0,0
1,1,90214,18,18,18,18,18,18,18,18,18,18
1,1,90215,28,28,28,28,28,28,28,28,28,28
1,1,90216,0,0,26,0,0,0,0,0,17,0
2,1,90216,0,0,0,0,0,0,0,0,0,0
1,1,90217,0,0,0,0,0,0,0,0,0,0
2,1,90217,16,0,3,0,0,0,13,0,0,0
1,1,90218,0,0,0,0,0,0,0,0,0,0
0,1,90219,0,0,0,0,0,0,0,0,0,0
1,1,90219,23,5,0,0,0,0,0,0,0,0
1,1,90220,0,0,0,0,0,0,0,0,0,0
2,1,90220,0,0,0,0,0,0,0,0,0,0
1,1,90221,3,17,2,13,0,0,0,0,21,0
1,1,90222,12,8,5,7,0,4,24,7,10,14
1,1,90223,15,15,15,15,15,15,15,15,15,15
1,1,90224,0,0,0,0,0,0,0,0,0,0
2,1,90224,0,0,7,0,0,0,34,0,0,0
1,1,90225,0,0,0,0,7,0,8,36,0,0
1,1,90226,0,0,0,0,0,0,0,0,0,0
2,1,90226,0,0,0,0,0,15,0,0,0,0
1,1,90227,0,0,0,0,0,0,0,0,0,0
2,1,90227,0,0,0,0,0,0,0,0,0,0
0,1,90228,0,0,0,0,0,0,0,0,0,0
1,1,90228,0,0,0,0,0,0,0,0,0,0
1,1,90229,28,28,28,28,28,28,28,28,28,28
1,1,90230,0,0,0,0,0,0,0,7,0,0
1,1,90231,0,0,0,0,0,0,0,0,0,0
1,1,90232,0,0,0,0,0,0,0,0,0,0
1,1,90233,0,0,0,0,0,0,0,0,0,0
2,1,90233,0,0,0,0,21,0,21,0,0,0
0,1,90234,0,0,0,0,0,0,0,0,0,0
1,1,90234,0,0,0,0,0,0,0,6,0,0
1,1,90235,9,9,9,9,9,9,9,9,9,9
2,1,90235,0,0,0,0,0,0,0,0,0,0
1,1,90236,0,0,0,0,0,0,9,0,0,0
2,1,90236,0,0,0,0,0,0,0,0,0,0
1,1,90237,8,8,8,8,8,8,8,8,8,8
1,1,90238,0,13,0,0,0,15,0,0,0,18
1,1,90239,0,0,0,0,0,0,0,0,0,0
2,1,90239,0,0,0,0,0,0,0,0,0,0
0,1,90240,0,0,0,0,0,0,0,0,0,0
1,1,90240,0,3,0,0,0,0,0,0,0,0
2,1,90240,0,0,0,0,0,0,0,0,0,0
1,1,90241,16,16,16,16,16,16,16,16,16,16
1,1,90242,19,19,19,19,19,19,19,19,19,19
1,1,90243,6,6,6,6,6,6,6,6,6,6
1,1,90244,0,0,17,0,20,0,9,0,11,0
2,1,90244,0,0,0,0,0,21,0,0,7,17
3,1,90244,8,8,14,0,11,3,0,0,20,6
4,1,90244,12,0,0,0,19,0,0,14,0,0
1,1,90245,0,0,0,0,0,0,0,0,0,0
1,1,90246,0,0,0,0,0,0,0,0,0,0
2,1,90246,0,0,0,0,0,0,0,0,0,0
0,1,90247,0,0,0,0,0,0,0,0,0,0
3,1,90247,0,0,0,0,0,0,0,0,0,0
1,1,90248,0,0,0,0,0,0,0,0,0,0
1,1,90249,0,0,0,0,0,0,0,0,0,0
2,1,90249,0,0,0,0,0,0,0,0,0,0
1,1,90250,0,0,0,0,0,0,0,0,0,0
2,1,90250,0,0,0,0,0,0,0,0,0,0
1,1,90251,18,18,18,18,18,18,18,18,18,18
1,1,90252,0,0,0,0,0,0,0,0,0,0
2,1,90252,0,0,0,0,0,0,0,0,0,0
3,1,90252,2,2,2,2,2,2,2,2,2,2
1,1,90253,22,22,22,22,22,22,22,22,22,22
2,1,90253,0,0,0,0,0,0,0,0,0,0
1,1,90254,0,12,22,0,0,0,16,10,0,11
1,1,90255,0,0,0,0,0,0,0,0,0,0
0,1,90256,18,18,18,18,18,18,18,18,18,18
1,1,90256,15,0,0,0,0,0,0,0,0,0
2,1,90256,0,0,0,0,0,0,0,0,0,0
1,1,90257,0,0,0,0,0,0,0,0,0,0
2,1,90257,0,0,0,0,0,0,0,0,0,0
1,1,90258,0,0,0,0,0,0,0,0,0,0
1,1,90259,0,0,0,0,0,0,0,0,0,0
2,1,90259,0,0,0,0,0,0,0,0,0,0
3,1,90259,0,0,0,0,0,0,0,0,0,0
1,1,90260,20,20,20,20,20,20,20,20,20,20
0,1,90261,0,0,0,0,0,0,0,0,0,0
1,1,90261,30,0,0,0,0,0,16,12,0,0
1,1,90262,0,0,9,0,0,11,0,0,0,0
2,1,90262,0,0,0,0,0,0,0,0,0,0
3,1,90262,9,9,9,9,9,9,9,9,9,9
4,1,90262,0,0,0,0,0,0,0,0,0,0
5,1,90262,19,19,19,19,19,19,19,19,19,19
1,1,90263,0,0,0,0,0,0,0,0,0,0
2,1,90263,0,0,0,0,0,0,0,0,0,0
1,1,90264,10,10,10,10,10,10,10,10,10,10
2,1,90264,11,11,11,11,11,11,11,11,11,11
1,1,90265,0,0,0,0,0,0,0,0,0,0
2,1,90265,0,0,0,0,0,0,0,0,0,0
3,1,90265,0,29,0,0,0,0,0,0,0,0
1,1,90266,2,0,0,4,3,0,6,21,21,0
1,1,90267,0,0,0,0,0,0,0,0,0,0
2,1,90267,0,0,0,0,0,0,0,0,14,0
1,1,90268,0,0,0,0,0,0,0,0,0,0
1,1,90269,12,12,12,12,12,12,12,12,12,12
1,1,90270,0,0,0,0,0,0,0,0,0,0
2,1,90270,32,32,32,32,32,32,32,32,32,32
1,1,90271,0,7,22,7,4,3,17,19,9,0
1,1,90272,0,0,0,0,0,0,0,0,0,0
2,1,90272,0,0,0,0,0,0,0,0,0,0
1,1,90273,21,21,21,21,21,21,21,21,21,21
1,1,90274,0,0,0,0,0,0,0,0,0,0
2,1,90274,0,0,0,0,0,0,0,0,0,0
3,1,90274,0,0,0,0,0,0,0,0,0,0
4,1,90274,0,0,0,0,0,0,0,0,0,22
5,1,90274,0,0,0,0,0,0,0,0,0,0
6,1,90274,0,0,0,0,0,0,0,0,0,0
7,1,90274,1,1,1,1,1,1,1,1,1,1
2,1,90275,0,0,0,0,0,0,0,0,0,0
0,1,90276,0,0,0,0,14,0,0,21,0,0
1,1,90276,0,0,0,0,0,0,0,0,0,0
1,1,90277,0,0,0,0,0,0,0,0,0,0
2,1,90277,0,0,0,0,0,0,0,0,0,0
1,1,90278,0,0,0,0,0,0,0,0,0,0
2,1,90278,0,0,0,0,0,13,17,0,0,0
3,1,90278,0,0,0,0,0,0,0,0,0,0
1,1,90279,0,0,0,0,0,0,0,0,0,0
1,1,90280,21,21,21,21,21,21,21,21,21,21
1,1,90281,0,0,0,0,25,0,0,0,13,0
2,1,90281,0,0,0,0,0,0,0,0,0,0
1,1,90282,29,29,29,29,29,29,29,29,29,29
0,1,90283,20,20,20,20,20,20,20,20,20,20
1,1,90283,19,0,0,0,0,25,9,14,3,10
0,1,90284,9,9,9,9,9,9,9,9,9,9
1,1,90284,0,0,0,0,0,0,0,0,0,0
1,1,90285,0,0,0,0,0,0,0,0,0,0
1,1,90286,21,21,21,21,21,21,21,21,21,21
1,1,90287,0,0,0,0,0,0,0,0,0,0
2,1,90287,0,0,0,0,0,0,0,0,0,0
3,1,90287,0,0,0,0,0,0,0,0,0,0
1,1,90288,0,0,0,0,0,0,0,0,0,0
2,1,90288,0,0,0,0,0,0,0,0,0,0
1,1,90289,0,0,0,0,0,0,0,0,0,0
2,1,90289,0,0,0,0,0,0,0,0,0,0
1,1,90290,0,0,0,0,0,0,0,0,0,0
2,1,90290,0,0,0,0,0,0,0,0,0,0
3,1,90290,0,0,7,0,0,0,0,2,0,0
1,1,90291,0,0,0,0,0,0,0,0,0,0
2,1,90291,0,0,0,0,0,0,0,0,0,0
0,1,90292,0,0,0,0,0,0,0,0,0,0
1,1,90292,0,0,0,0,0,0,0,0,0,0
1,1,90293,15,15,15,15,15,15,15,15,15,15
1,1,100001,0,0,0,0,0,0,0,0,0,0
2,1,100001,0,0,0,0,0,0,0,0,0,0
1,1,100002,23,23,23,23,23,23,23,23,23,23
1,1,100003,0,0,0,0,0,0,0,0,0,0
2,1,100003,0,6,0,0,0,0,0,0,0,0
1,1,100004,5,5,5,5,5,5,5,5,5,5
1,1,100005,0,0,0,0,0,0,0,0,0,0
1,1,100006,0,0,0,0,0,22,12,0,22,6
2,1,100006,0,0,0,0,0,0,0,0,0,0
1,1,100007,0,0,0,0,0,0,0,0,0,0
2,1,100007,7,7,7,7,7,7,7,7,7,7
1,1,100008,0,0,0,0,0,0,0,0,0,0
2,1,100008,0,0,0,0,0,0,0,0,0,0
1,1,100009,22,22,22,22,22,22,22,22,22,22
1,1,100011,22,22,22,22,22,22,22,22,22,22
1,1,100012,24,24,24,24,24,24,24,24,24,24
0,1,100013,0,0,0,0,0,0,0,0,0,0
1,1,100013,0,0,0,0,0,0,0,0,0,0
1,1,100014,0,0,0,0,0,0,0,0,0,0
1,1,100015,0,0,0,0,0,0,0,0,0,0
2,1,100015,0,0,0,0,0,0,0,0,0,0
0,1,100016,0,38,0,0,0,0,26,0,0,0
1,1,100016,0,0,0,0,0,0,0,0,0,0
1,1,100017,0,0,0,0,0,0,0,0,0,0
2,1,100017,0,0,0,11,0,0,0,0,0,0
1,1,100018,34,34,34,34,34,34,34,34,34,34
1,1,100019,0,0,0,0,0,0,0,0,0,0
0,1,100020,0,0,0,0,0,0,0,0,0,0
1,1,100020,0,0,0,0,8,0,0,0,0,0
1,1,100021,0,0,0,0,0,0,0,0,0,0
2,1,100021,0,0,0,0,0,0,0,0,0,0
1,1,100022,0,0,0,0,0,0,0,0,0,0
2,1,100022,0,0,0,0,0,0,0,0,0,0
1,1,100023,0,0,0,0,0,0,0,0,0,0
2,1,100023,0,0,0,0,0,0,0,0,0,0
1,1,100024,15,15,15,15,15,15,15,15,15,15
0,1,100025,27,27,27,27,27,27,27,27,27,27
1,1,100025,21,21,0,0,16,0,0,11,26,8
1,1,100026,18,18,18,18,18,18,18,18,18,18
1,1,100027,17,17,17,17,17,17,17,17,17,17
1,1,100028,0,0,0,0,0,0,0,0,0,0
2,1,100028,0,0,0,0,0,0,0,22,0,0
0,1,100029,27,27,27,27,27,27,27,27,27,27
1,1,100029,0,0,0,0,0,0,0,0,0,10
2,1,100029,0,0,0,0,0,0,0,0,0,0
1,1,100030,17,17,17,17,17,17,17,17,17,17
1,1,100031,0,0,0,0,0,0,0,0,0,0
1,1,100032,0,0,0,0,0,0,0,0,0,0
2,1,100032,0,0,0,9,0,0,0,0,0,0
1,1,100033,0,0,0,0,0,0,0,0,0,0
1,1,100034,0,0,6,0,0,0,0,0,0,0
1,1,100035,1,1,1,1,1,1,1,1,1,1
0,1,100036,0,0,0,0,0,0,0,0,0,0
1,1,100036,0,0,0,0,0,0,0,0,0,0
1,1,100037,28,28,28,28,28,28,28,28,28,28
1,1,100038,19,19,19,19,19,19,19,19,19,19
1,1,100039,0,0,0,0,0,0,0,0,0,0
2,1,100039,0,0,3,0,0,0,0,0,10,0
0,1,100040,15,15,15,15,15,15,15,15,15,15
1,1,100040,0,0,0,0,0,0,0,0,0,0
1,1,100041,0,0,0,0,0,0,8,0,0,0
2,1,100041,0,0,0,0,0,0,0,0,0,0
1,1,100042,0,0,0,0,0,0,0,0,0,0
2,1,100042,0,0,0,0,0,0,4,0,18,0
1,1,100043,0,0,0,0,0,0,0,0,0,0
2,1,100043,0,0,0,0,0,0,0,0,0,0
3,1,100043,6,0,0,0,0,0,0,0,0,0
1,1,100044,0,0,0,0,15,0,0,0,0,0
1,1,100045,0,0,15,0,0,0,0,0,0,0
2,1,100045,0,0,0,0,0,0,0,0,0,0
1,1,100046,0,0,0,0,0,0,0,0,0,0
2,1,100046,0,0,27,0,0,0,0,0,9,0
1,1,100047,0,0,0,0,0,0,0,0,0,0
2,1,100047,0,0,0,0,0,0,0,0,0,0
1,1,100048,8,8,8,8,8,8,8,8,8,8
1,1,100049,0,0,0,0,0,0,0,0,0,0
2,1,100049,0,0,0,0,0,0,0,0,0,0
0,1,100050,0,0,0,0,0,0,0,0,0,0
1,1,100050,0,0,0,0,0,0,0,0,0,0
2,1,100050,0,0,0,0,0,0,0,0,0,0
1,1,100051,0,0,0,0,0,0,0,9,0,0
2,1,100051,0,0,15,0,0,0,8,0,0,0
0,1,100052,11,11,11,11,11,11,11,11,11,11
1,1,100052,0,0,0,0,0,0,41,0,0,15
1,1,100053,0,0,0,0,0,0,0,0,0,0
2,1,100053,0,0,0,0,0,0,17,0,0,0
0,1,100054,3,3,3,3,3,3,3,3,3,3
0,2,100054,0,0,0,0,0,8,0,0,0,0
1,1,100054,0,0,0,0,0,0,0,0,0,0
1,1,100055,0,0,0,0,0,0,0,4,0,0
2,1,100055,0,0,0,0,0,0,0,0,0,0
1,1,100056,0,0,0,0,0,0,0,0,0,0
2,1,100056,0,0,0,0,0,0,0,0,0,0
0,1,100057,0,0,0,0,0,0,0,0,0,0
1,1,100057,23,23,23,23,23,23,23,23,23,23
1,1,100058,0,6,0,0,0,0,0,0,0,0
2,1,100058,0,0,0,0,0,0,0,0,0,0
0,1,100059,0,0,0,0,0,0,0,0,0,0
0,2,100059,0,0,0,0,0,0,0,0,0,0
1,1,100059,0,0,5,0,0,0,0,0,0,0
1,1,100060,0,0,0,0,0,0,0,0,0,0
1,1,100061,0,0,0,0,0,0,0,0,0,0
2,1,100061,0,0,0,0,0,0,0,0,0,0
1,1,100062,39,39,39,39,39,39,39,39,39,39
1,1,100063,0,0,0,0,0,0,0,0,8,0
1,1,100064,0,0,0,0,0,0,0,0,0,0
2,1,100064,0,0,0,0,0,0,0,0,0,0
3,1,100064,0,0,0,0,0,0,0,0,0,0
1,1,100065,25,25,25,25,25,25,25,25,25,25
2,1,100065,0,22,0,0,4,0,0,0,0,0
1,1,100066,12,12,12,12,12,12,12,12,12,12
1,1,100067,9,9,9,9,9,9,9,9,9,9
2,1,100067,0,0,0,0,0,0,0,0,0,0
1,1,100068,0,0,0,0,0,0,0,0,0,0
1,1,100069,0,0,0,0,0,0,0,0,0,0
2,1,100069,0,0,27,0,13,0,0,19,0,0
0,1,100070,0,22,0,0,6,0,0,0,11,0
1,1,100070,9,9,9,9,9,9,9,9,9,9
0,1,100071,21,21,21,21,21,21,21,21,21,21
1,1,100071,21,0,30,4,34,0,0,0,0,21
0,1,100072,0,0,0,0,0,0,0,0,0,0
1,1,100072,0,0,0,0,0,0,8,0,0,8
2,1,100072,0,0,0,0,0,0,0,0,0,0
1,1,100073,0,0,0,0,0,0,0,0,0,0
2,1,100073,0,0,0,0,12,0,0,0,0,0
1,1,100074,0,0,0,8,10,9,0,0,0,0
0,1,100075,14,14,14,14,14,14,14,14,14,14
1,1,100075,0,0,0,0,0,0,0,0,0,0
0,1,100076,0,0,0,0,0,0,0,0,0,0
1,1,100076,0,0,0,0,0,0,0,0,0,0
0,1,100077,0,0,0,0,0,0,0,0,0,0
1,1,100077,0,0,0,0,0,0,0,0,0,0
1,1,100078,0,0,0,0,0,0,0,0,0,0
2,1,100078,0,0,0,0,0,23,0,0,0,0
1,1,100079,0,0,0,0,0,0,0,0,0,0
2,1,100079,0,0,0,0,0,0,0,10,0,0
1,1,100080,0,0,0,0,0,0,15,0,0,0
1,1,100081,8,8,8,8,8,8,8,8,8,8
2,1,100081,0,0,0,0,0,0,0,0,0,0
1,1,100082,0,0,0,0,0,0,0,0,0,0
2,1,100082,0,0,0,0,0,0,0,0,0,0
1,1,100083,0,0,0,0,0,17,0,10,0,0
1,1,100084,0,0,0,0,0,0,0,0,0,0
2,1,100084,23,13,47,10,37,26,9,18,16,35
0,1,100085,0,0,0,0,0,0,0,0,3,0
1,1,100085,0,0,0,0,0,0,0,0,0,0
1,1,100086,24,24,24,24,24,24,24,24,24,24
1,1,100087,33,33,33,33,33,33,33,33,33,33
1,1,100088,18,18,18,18,18,18,18,18,18,18
2,1,100088,0,0,0,0,0,0,0,0,0,0
3,1,100088,0,0,0,0,0,26,0,0,0,0
0,1,100089,0,0,0,0,0,0,20,0,0,0
1,1,100089,0,0,0,0,0,0,0,0,0,0
2,1,100089,0,0,0,0,10,5,0,0,0,16
0,1,100090,0,0,0,0,0,0,0,0,0,0
1,1,100090,0,0,0,6,0,0,0,0,0,0
2,1,100090,0,0,0,0,0,28,38,0,0,0
1,1,100091,0,16,0,0,0,0,0,0,0,0
1,1,100092,0,0,0,0,0,0,0,0,0,0
1,1,100093,0,0,0,0,0,0,0,0,0,0
1,1,100094,0,0,0,0,0,0,0,0,0,0
2,1,100094,0,0,0,0,0,0,0,0,0,0
1,1,100095,0,0,0,0,0,0,0,0,0,0
2,1,100095,0,0,0,0,0,0,0,0,0,0
3,1,100095,0,0,0,0,0,0,0,0,0,0
0,1,100096,0,0,0,0,0,0,0,0,0,0
1,1,100096,0,0,0,0,0,0,0,0,0,0
1,1,100097,0,0,18,23,0,0,0,0,0,13
2,1,100097,17,17,17,17,17,17,17,17,17,17
1,1,100098,0,0,0,0,0,0,0,0,0,0
2,1,100098,0,0,0,0,0,0,0,0,0,0
3,1,100098,0,0,0,0,0,0,0,0,0,0
4,1,100098,0,0,0,0,0,0,0,0,6,0
0,1,100099,28,28,28,28,28,28,28,28,28,28
1,1,100099,0,0,21,0,0,0,0,0,0,0
3,1,100100,0,0,0,0,0,0,0,0,0,0
1,1,100101,15,0,35,4,6,0,0,0,0,14
1,1,100102,25,25,25,25,25,25,25,25,25,25
0,1,100103,0,0,0,0,0,0,0,0,0,0
1,1,100103,0,0,0,0,0,0,0,0,28,6
0,1,100104,0,5,0,0,0,0,0,0,0,0
1,1,100104,19,0,0,0,0,0,14,0,0,0
1,1,100105,0,0,0,0,0,0,0,0,0,0
2,1,100105,0,0,0,0,0,0,0,0,0,0
3,1,100105,0,0,0,0,0,0,0,19,0,0
0,1,100106,0,0,0,0,0,0,0,0,30,0
1,1,100106,0,0,0,0,0,0,0,0,0,0
2,1,100106,0,0,0,0,14,0,0,0,0,0
1,1,100107,0,0,0,0,0,0,0,0,0,0
1,1,100108,13,13,13,13,13,13,13,13,13,13
1,1,100109,0,0,0,0,0,0,0,0,0,0
0,1,100110,0,0,0,0,0,0,0,0,0,0
1,1,100110,0,0,0,0,0,3,0,0,0,0
1,1,100111,0,0,0,0,0,0,0,0,0,0
2,1,100111,0,0,0,0,0,0,0,0,0,0
1,1,100112,0,0,0,0,0,0,0,0,0,0
2,1,100112,0,0,0,0,0,10,0,0,0,0
3,1,100112,0,0,0,0,0,0,0,0,0,0
1,1,100113,16,16,16,16,16,16,16,16,16,16
2,1,100113,0,0,0,0,0,0,0,16,0,0
1,1,100114,0,0,0,0,0,0,0,0,0,0
2,1,100114,0,0,0,0,0,0,0,0,0,0
0,1,100115,0,0,7,0,0,0,0,0,0,0
1,1,100115,0,0,0,0,0,0,0,0,0,0
2,1,100115,0,0,0,0,0,0,0,12,0,0
1,1,100116,0,0,0,0,0,10,11,0,0,0
1,1,100117,31,31,31,31,31,31,31,31,31,31
0,1,100118,0,0,0,0,0,0,0,0,0,0
1,1,100118,0,0,0,0,0,0,0,0,0,0
1,1,100119,0,0,0,0,0,0,0,0,0,0
2,1,100119,0,0,0,0,0,0,0,0,0,0
1,1,100120,0,0,0,0,0,0,0,0,0,0
2,1,100120,0,0,0,0,0,0,0,0,0,0
3,1,100120,0,0,0,0,0,0,0,0,0,2
1,1,100121,0,17,32,0,0,0,0,0,0,0
2,1,100121,0,0,0,0,0,0,0,0,0,0
1,1,100122,0,0,0,0,0,0,0,0,0,3
0,1,100123,0,0,0,0,0,0,0,0,0,0
1,1,100123,0,0,0,0,0,0,0,0,0,0
1,1,100124,0,0,0,0,0,0,0,0,0,0
2,1,100124,0,22,0,0,0,0,0,0,0,0
1,1,100125,0,0,0,0,0,0,0,0,0,0
2,1,100125,24,24,24,24,24,24,24,24,24,24
0,1,100126,0,0,0,0,0,0,0,0,0,0
1,1,100126,0,13,0,0,0,0,0,0,0,0
1,1,100127,0,0,0,0,0,15,0,0,0,0
2,1,100127,0,0,0,0,0,0,0,0,0,0
1,1,100128,0,0,0,0,0,0,0,0,0,0
1,1,100129,23,23,23,23,23,23,23,23,23,23
1,1,100130,0,0,0,0,0,0,15,0,0,0
2,1,100130,17,17,17,17,17,17,17,17,17,17
1,1,100131,0,0,0,0,0,0,0,0,0,0
2,1,100131,0,0,0,0,0,0,0,0,0,0
1,1,100132,0,0,0,0,0,0,0,0,0,0
2,1,100132,0,0,0,0,0,0,0,0,0,0
1,1,100133,0,0,0,0,0,0,0,0,0,0
2,1,100133,0,0,0,0,0,0,0,0,0,0
3,1,100133,0,0,0,0,0,0,0,0,0,0
1,1,100134,0,0,0,0,0,28,0,0,0,0
0,1,110001,0,0,0,0,0,0,0,0,0,0
1,1,110001,0,0,0,0,17,0,0,7,7,0
0,1,110002,0,0,0,0,0,0,0,0,0,0
0,2,110002,0,0,0,0,0,0,0,0,0,0
1,1,110002,0,0,0,0,0,0,0,0,0,0
1,1,110003,0,0,0,0,0,0,0,0,0,0
2,1,110003,0,0,8,0,0,0,0,0,22,0
0,1,110004,0,0,0,0,0,0,0,0,0,0
1,1,110004,0,0,0,0,0,0,0,0,0,0
0,1,110005,17,17,17,17,17,17,17,17,17,17
0,2,110005,7,7,7,7,7,7,7,7,7,7
1,1,110005,0,36,0,14,0,0,0,0,9,19
1,1,110006,18,18,18,18,18,18,18,18,18,18
1,1,110007,0,0,0,0,0,0,0,0,0,0
2,1,110007,0,0,0,0,0,0,0,0,0,0
0,1,110008,27,27,27,27,27,27,27,27,27,27
1,1,110008,0,0,0,0,24,8,0,0,0,0
1,1,110009,9,9,9,9,9,9,9,9,9,9
0,1,110010,0,0,0,0,0,0,0,0,0,0
1,1,110010,0,0,0,0,0,0,0,0,0,0
0,1,110016,0,0,0,14,0,0,0,0,0,0
1,1,110016,0,0,0,0,0,0,0,0,0,0
1,1,110017,16,16,16,16,16,16,16,16,16,16
1,1,110018,0,0,0,0,0,0,0,0,0,0
2,1,110018,0,0,0,0,0,0,0,11,0,0
3,1,110018,0,0,0,0,0,0,0,0,0,0
1,1,110019,0,0,0,0,0,0,0,0,0,0
2,1,110019,0,0,0,0,0,0,0,0,0,0
0,1,110020,0,0,0,0,0,0,0,0,0,0
1,1,110020,22,0,10,0,3,0,0,0,0,22
1,1,110021,0,0,0,0,0,0,0,0,0,0
2,1,110021,0,0,0,0,0,0,0,0,0,0
1,1,110022,0,0,0,0,24,20,14,0,0,4
2,1,110022,0,0,0,0,0,0,0,0,0,0
1,1,110023,3,3,3,3,3,3,3,3,3,3
2,1,110023,11,9,0,23,14,9,0,20,0,0
1,1,110025,12,12,12,12,12,12,12,12,12,12
2,1,110025,25,0,0,0,0,0,21,0,11,0
0,1,110026,0,0,0,0,0,0,0,0,0,0
1,1,110026,0,0,0,0,0,0,0,0,0,0
0,1,110027,38,38,38,38,38,38,38,38,38,38
1,1,110027,0,0,0,0,0,0,0,0,0,0
0,1,110028,0,17,39,9,0,25,0,0,6,0
1,1,110028,0,0,0,0,0,0,0,0,0,0
0,1,110029,0,0,0,0,0,0,0,0,0,0
1,1,110029,0,14,0,5,13,0,0,13,10,0
1,1,110030,25,23,6,0,7,0,12,10,0,16
0,1,110031,26,26,26,26,26,26,26,26,26,26
1,1,110031,0,0,0,0,0,0,0,0,0,0
0,1,110032,30,30,30,30,30,30,30,30,30,30
1,1,110032,0,0,0,0,0,0,0,0,0,0
2,1,110032,14,0,0,0,12,5,9,0,0,0
3,1,110032,0,0,8,14,0,0,0,0,0,8
0,1,110033,0,0,0,0,0,0,0,0,0,0
1,1,110033,0,0,0,0,0,0,0,0,0,0
1,1,110034,22,0,9,0,7,13,0,0,0,16
2,1,110034,7,7,7,7,7,7,7,7,7,7
1,1,110035,0,0,0,0,0,0,0,0,0,0
2,1,110035,0,0,0,9,0,0,0,0,0,0
1,1,110036,0,0,0,0,0,0,0,0,0,0
2,1,110036,0,0,0,0,0,0,0,0,0,0
1,1,110037,0,0,0,0,0,0,0,0,0,0
1,1,110038,23,23,23,23,23,23,23,23,23,23
2,1,110038,0,0,0,0,0,0,0,0,0,0
1,1,110039,0,0,0,0,0,24,12,15,0,0
2,1,110039,22,22,22,22,22,22,22,22,22,22
1,1,120001,9,9,9,9,9,9,9,9,9,9
2,1,120001,9,9,9,9,9,9,9,9,9,9
1,1,120002,17,17,17,17,17,17,17,17,17,17
1,1,120003,0,0,0,0,0,0,0,0,0,0
2,1,120003,0,0,0,0,0,0,0,0,0,0
0,1,120004,0,0,0,0,0,0,0,0,0,0
1,1,120004,0,0,0,0,0,0,0,0,0,0
0,1,120005,0,0,0,0,0,0,0,0,0,0
1,1,120005,0,0,0,0,0,0,0,0,0,0
2,1,120005,0,0,0,0,0,0,0,0,0,0
1,1,120006,0,0,0,0,0,0,0,0,0,0
2,1,120006,0,0,0,0,0,0,0,0,0,0
1,1,120007,0,0,0,0,0,0,0,0,0,0
2,1,120007,0,0,0,0,0,0,0,0,0,0
1,1,120008,0,0,0,0,0,0,0,0,0,0
2,1,120008,0,0,0,0,0,0,0,0,0,0
1,1,120009,18,18,18,18,18,18,18,18,18,18
1,1,120010,18,18,18,18,18,18,18,18,18,18
2,1,120010,0,0,0,0,0,0,0,0,0,0
3,1,120010,0,0,0,0,0,0,0,0,0,0
1,1,120011,0,0,0,0,0,0,0,0,0,0
2,1,120011,0,0,0,0,0,0,0,0,0,0
1,1,120012,0,0,0,0,0,0,0,0,0,0
2,1,120012,15,15,15,15,15,15,15,15,15,15
3,1,120012,0,0,0,0,0,0,0,0,0,0
1,1,120013,0,0,0,0,0,0,0,0,0,0
2,1,120013,0,0,0,0,0,0,0,0,0,0
1,1,120014,0,0,0,0,0,15,0,0,0,0
2,1,120014,0,0,0,0,0,0,0,0,0,0
3,1,120014,0,0,0,0,0,0,0,0,0,17
4,1,120014,0,0,0,0,0,0,0,0,0,0
1,1,120015,0,0,0,0,0,0,0,0,0,0
2,1,120015,0,0,0,0,0,0,0,0,0,0
1,1,120016,0,0,0,0,0,0,0,0,0,0
1,1,120017,0,0,0,0,0,0,0,0,0,0