VEH_NO,PER_NO,ST_CASE,P1,P2,P3,P4,P5,P6,P7,P8,P9,P10
1,1,120018,0,0,0,0,0,0,0,0,0,0
1,1,120019,0,0,0,0,0,0,0,0,0,0
2,1,120019,0,0,20,0,0,0,0,0,0,0
1,1,120020,12,0,0,0,0,0,10,0,0,0
2,1,120020,0,0,0,0,0,0,0,0,0,0
1,1,120021,19,19,19,19,19,19,19,19,19,19
0,1,120022,0,0,0,0,0,0,0,0,0,0
1,1,120022,0,0,0,0,0,0,0,0,0,0
1,1,120023,2,2,2,2,2,2,2,2,2,2
1,1,120024,21,21,21,21,21,21,21,21,21,21
0,1,120025,36,36,36,36,36,36,36,36,36,36
1,1,120025,0,0,0,0,0,0,0,0,0,0
0,1,120026,0,0,0,0,0,0,20,17,5,0
1,1,120026,13,13,13,13,13,13,13,13,13,13
1,1,120027,4,4,4,4,4,4,4,4,4,4
1,1,120028,0,0,0,0,0,0,0,0,0,0
2,1,120028,0,0,0,0,0,0,0,0,0,0
3,1,120028,0,0,0,0,0,0,0,0,0,0
1,1,120029,0,0,0,0,0,0,0,0,0,0
2,1,120029,0,0,0,0,0,0,0,0,0,0
1,1,120030,0,0,0,0,0,0,0,0,0,0
2,1,120030,0,5,0,0,0,0,0,0,0,0
1,1,120031,0,0,0,0,0,0,0,0,0,0
0,1,120032,22,37,20,6,19,29,35,7,13,47
0,2,120032,34,30,24,23,5,14,6,17,25,27
1,1,120032,0,0,0,0,0,0,0,0,0,0
2,1,120032,0,0,0,0,0,0,0,0,0,0
1,1,120033,0,0,0,0,0,0,0,0,0,0
1,1,120035,0,0,0,0,0,0,0,0,0,0
2,1,120035,0,0,0,0,0,0,0,0,0,0
1,1,120036,0,14,0,7,21,18,0,0,0,0
2,1,120036,0,0,0,0,0,0,0,0,0,0
1,1,120037,0,0,0,0,0,0,0,0,0,0
2,1,120037,0,0,0,0,0,0,0,0,0,0
1,1,120038,13,13,13,13,13,13,13,13,13,13
1,1,120039,0,0,0,0,0,0,0,0,0,0
2,1,120039,0,0,0,0,0,0,0,0,0,0
1,1,120040,0,0,0,0,0,0,0,0,0,0
2,1,120040,0,0,0,0,0,0,0,0,0,0
3,1,120040,0,0,0,0,0,0,0,0,0,0
4,1,120040,0,0,0,0,0,0,0,0,0,0
1,1,120041,0,0,0,0,0,0,0,0,0,0
2,1,120041,0,0,0,0,0,0,0,0,0,0
3,1,120041,0,0,0,0,0,0,0,0,0,0
1,1,120042,27,27,27,27,27,27,27,27,27,27
2,1,120042,0,0,0,0,0,0,0,0,0,0
0,1,120043,13,14,33,27,11,0,24,26,24,16
1,1,120043,13,6,4,0,0,0,0,0,0,0
0,1,120044,25,25,25,25,25,25,25,25,25,25
1,1,120044,0,0,0,0,0,0,0,0,0,0
0,1,120045,40,40,40,40,40,40,40,40,40,40
1,1,120045,0,0,0,0,0,0,0,0,0,0
1,1,120046,19,19,19,19,19,19,19,19,19,19
1,1,120047,4,4,4,4,4,4,4,4,4,4
2,1,120047,0,24,0,0,0,19,0,0,0,0
3,1,120047,0,0,0,0,0,0,0,0,0,0
4,1,120047,0,0,0,0,0,0,0,0,0,0
0,1,120048,0,0,0,0,0,0,0,0,0,0
0,2,120048,0,0,0,0,0,0,0,0,0,0
0,3,120048,0,0,0,0,0,0,0,0,0,0
1,1,120048,0,0,0,0,0,0,0,0,0,0
1,1,120049,0,0,0,0,0,0,0,0,0,0
2,1,120049,0,0,0,0,0,0,0,0,0,0
1,1,120050,0,0,0,0,0,0,0,0,0,0
1,1,120051,0,0,0,0,0,0,0,0,0,0
0,1,120052,0,0,11,0,0,0,0,0,0,0
1,1,120052,12,0,0,0,0,22,0,0,0,0
1,1,120053,0,0,0,0,0,34,0,0,0,0
2,1,120053,0,0,0,0,0,0,0,0,0,0
1,1,120054,19,19,19,19,19,19,19,19,19,19
1,1,120055,0,0,0,0,0,0,0,0,0,0
2,1,120055,0,0,0,0,5,0,0,0,0,0
1,1,120056,0,0,0,0,0,0,0,0,0,0
2,1,120056,0,0,0,0,0,0,0,0,0,0
1,1,120057,0,0,0,0,0,0,0,0,0,0
2,1,120057,0,0,0,0,0,0,0,0,0,0
1,1,120058,0,0,0,0,0,0,0,0,0,0
2,1,120058,0,0,0,0,0,0,0,0,0,0
1,1,120059,0,0,0,0,0,0,0,0,0,0
2,1,120059,0,0,0,0,0,0,0,0,0,7
3,1,120059,0,0,0,0,0,0,0,0,0,0
0,1,120060,0,0,0,0,0,0,0,0,0,0
1,1,120060,0,0,0,0,0,0,0,0,0,0
1,1,120061,0,0,0,0,0,0,0,0,0,0
1,1,120062,0,0,0,0,0,0,0,0,0,0
0,1,120063,15,15,15,15,15,15,15,15,15,15
1,1,120063,0,0,0,0,0,0,0,0,18,0
1,1,120064,17,17,17,17,17,17,17,17,17,17
1,1,120065,0,0,0,0,0,0,0,0,0,0
2,1,120065,0,0,0,0,0,0,0,0,0,0
1,1,120066,0,0,0,0,0,0,0,0,0,0
2,1,120066,8,20,16,15,0,8,0,3,0,20
3,1,120066,0,0,0,0,0,0,0,0,0,0
1,1,120067,26,26,26,26,26,26,26,26,26,26
0,1,120068,29,29,29,29,29,29,29,29,29,29
1,1,120068,0,0,0,0,0,0,0,0,0,0
1,1,120069,0,0,0,0,0,0,0,0,0,0
2,1,120069,0,0,0,0,0,0,0,0,0,0
3,1,120069,0,0,0,0,0,7,17,0,0,0
1,1,120070,23,23,23,23,23,23,23,23,23,23
1,1,120071,0,0,0,0,0,0,0,0,0,0
2,1,120071,0,0,0,0,0,0,0,0,0,0
3,1,120071,0,0,0,0,0,0,0,0,0,0
1,1,120072,0,0,0,0,0,0,0,0,0,0
1,1,120073,21,21,21,21,21,21,21,21,21,21
1,1,120074,0,0,0,0,0,0,0,0,0,0
2,1,120074,0,0,0,0,0,0,0,0,0,0
1,1,120075,0,0,0,0,0,0,0,0,0,0
1,1,120076,10,10,10,10,10,10,10,10,10,10
1,1,120077,0,0,0,0,0,0,0,0,0,0
2,1,120077,0,0,0,13,0,0,0,0,0,0
1,1,120078,15,15,15,15,15,15,15,15,15,15
1,1,120079,0,0,0,0,0,0,0,0,0,0
2,1,120079,0,11,0,14,0,0,0,0,0,0
3,1,120079,0,0,0,0,0,0,0,0,0,0
1,1,120080,0,0,0,0,0,0,0,0,17,0
2,1,120080,0,0,0,0,0,0,0,0,0,0
1,1,120081,0,0,0,0,0,0,0,0,0,0
2,1,120081,43,0,0,0,0,0,0,0,0,0
1,1,120082,21,21,21,21,21,21,21,21,21,21
1,1,120083,0,0,0,0,0,0,0,0,0,0
0,1,120084,17,17,17,17,17,17,17,17,17,17
1,1,120084,0,0,0,0,0,0,21,0,0,0
1,1,120085,0,0,9,0,0,6,0,0,0,10
1,1,120086,0,0,0,0,0,0,0,0,0,0
1,1,120087,0,0,0,0,0,0,0,0,0,0
2,1,120087,0,0,0,0,0,0,0,0,0,0
1,1,120088,0,0,0,0,0,0,0,0,0,0
1,1,120089,3,3,3,3,3,3,3,3,3,3
1,1,120090,12,12,12,12,12,12,12,12,12,12
1,1,120091,17,17,17,17,17,17,17,17,17,17
1,1,120092,20,20,20,20,20,20,20,20,20,20
2,1,120092,0,0,0,0,0,0,0,16,5,0
1,1,120093,0,0,0,0,0,0,0,0,0,0
2,1,120093,0,0,0,0,0,0,0,0,0,0
3,1,120093,13,13,13,13,13,13,13,13,13,13
1,1,120094,24,24,24,24,24,24,24,24,24,24
2,1,120094,0,0,0,0,0,0,0,0,0,0
3,1,120094,0,0,0,0,0,0,18,0,0,0
4,1,120094,0,0,0,0,0,0,0,0,0,0
0,1,120095,24,22,19,0,0,11,13,22,10,0
1,1,120095,4,4,4,4,4,4,4,4,4,4
2,1,120095,0,0,0,0,7,3,6,0,5,0
1,1,120096,0,0,0,0,0,0,0,0,0,0
1,1,120097,33,33,33,33,33,33,33,33,33,33
2,1,120097,0,0,7,15,8,0,0,0,22,0
1,1,120098,0,0,0,0,0,0,0,0,0,0
2,1,120098,0,0,0,0,0,0,0,0,0,0
0,1,120099,0,0,0,0,23,0,0,0,0,0
1,1,120099,0,0,0,0,0,0,0,0,0,0
1,1,120100,0,0,0,0,0,0,0,0,0,0
2,1,120100,0,0,0,0,0,0,0,0,0,0
1,1,120101,0,0,0,0,0,0,0,0,0,0
2,1,120101,0,0,0,0,0,0,0,0,0,0
1,1,120102,0,0,0,0,0,0,0,0,0,0
2,1,120102,0,0,0,0,0,0,0,0,0,0
3,1,120102,0,0,0,0,0,0,0,0,0,0
4,1,120102,0,0,0,0,0,0,0,0,0,0
1,1,120103,29,29,29,29,29,29,29,29,29,29
0,1,120104,0,0,0,0,0,0,0,0,0,0
1,1,120104,0,0,0,0,0,0,0,0,0,0
1,1,120105,0,0,0,0,0,0,0,0,0,0
2,1,120105,0,0,0,0,0,0,0,14,0,33
1,1,120106,0,0,0,0,0,0,0,0,0,0
2,1,120106,0,0,0,0,0,0,0,0,0,0
1,1,120107,13,13,13,13,13,13,13,13,13,13
2,1,120107,0,0,0,0,0,0,0,0,0,0
1,1,120109,0,0,0,0,6,0,0,0,0,0
2,1,120109,0,0,0,0,0,0,0,0,0,0
0,1,120110,0,0,0,0,0,0,0,0,0,0
1,1,120110,0,0,0,0,0,0,0,0,0,0
0,1,120112,0,0,0,0,0,0,0,0,0,0
1,1,120112,0,0,0,0,0,0,0,0,0,0
0,1,120113,0,0,0,0,0,0,0,0,0,0
1,1,120113,0,0,0,23,0,0,0,0,0,0
0,1,120114,0,0,0,0,0,0,0,0,0,0
1,1,120114,0,0,0,0,0,0,0,0,0,0
1,1,120115,0,0,0,0,0,0,0,0,0,0
1,1,120116,21,21,21,21,21,21,21,21,21,21
2,1,120116,0,0,22,16,0,0,1,0,10,0
1,1,120117,44,44,44,44,44,44,44,44,44,44
0,1,120118,0,0,0,0,0,0,0,0,0,0
1,1,120118,0,0,0,0,0,0,0,0,0,0
1,1,120119,0,0,0,0,0,15,0,0,12,0
1,1,120120,12,12,12,12,12,12,12,12,12,12
0,1,120121,24,24,24,24,24,24,24,24,24,24
0,2,120121,0,15,12,0,0,0,20,36,9,13
1,1,120121,0,0,0,0,0,0,0,9,0,21
1,1,120122,0,0,0,0,0,0,0,0,0,0
2,1,120122,0,0,0,0,0,0,0,0,0,0
1,1,120123,0,0,0,0,0,0,0,0,0,0
2,1,120123,0,0,0,0,0,0,0,0,0,0
1,1,120124,0,0,0,0,0,0,0,0,0,0
0,1,120125,17,17,17,17,17,17,17,17,17,17
1,1,120125,0,0,0,0,0,0,0,0,0,0
0,1,120126,0,0,0,0,0,0,0,0,0,0
0,2,120126,0,0,0,0,0,0,0,0,0,0
1,1,120126,0,5,0,0,0,0,0,0,0,0
1,1,120127,0,0,0,0,0,0,0,0,0,0
2,1,120127,0,0,0,0,0,0,0,0,0,0
1,1,120128,0,0,0,0,0,0,0,0,0,0
2,1,120128,0,0,0,0,0,0,0,0,0,0
1,1,120129,0,0,0,0,0,0,0,0,0,0
2,1,120129,0,0,0,0,0,0,0,0,0,0
1,1,120130,19,19,19,19,19,19,19,19,19,19
1,1,120131,0,0,0,0,0,0,0,0,0,0
2,1,120131,0,0,0,0,0,0,0,0,0,0
1,1,120132,0,4,0,0,0,0,27,0,0,0
0,1,120133,0,0,0,0,0,0,0,0,0,0
1,1,120133,0,0,0,0,0,16,0,0,0,0
0,1,120134,0,0,0,0,0,0,0,0,0,0
0,2,120134,0,0,0,0,0,0,0,0,0,0
1,1,120134,0,0,0,0,0,0,0,0,0,0
1,1,120135,0,0,0,0,0,0,0,0,0,0
2,1,120135,0,0,0,0,0,0,0,0,0,0
3,1,120135,0,0,0,0,0,0,0,0,0,0
4,1,120135,0,0,0,0,0,0,0,0,0,0
1,1,120136,0,0,0,0,0,0,0,0,0,0
2,1,120136,0,0,0,0,0,0,0,0,0,0
3,1,120136,0,0,0,0,0,0,0,0,0,0
1,1,120137,0,0,0,0,0,0,0,0,0,0
1,1,120138,0,0,0,0,0,0,0,14,0,0
1,1,120139,0,0,0,0,0,0,16,0,0,0
2,1,120139,20,20,20,20,20,20,20,20,20,20
0,1,120140,0,0,0,0,0,0,0,0,0,0
1,1,120140,0,0,0,0,0,0,0,0,0,0
0,1,120141,27,27,27,27,27,27,27,27,27,27
1,1,120141,0,0,0,0,0,0,0,0,0,0
0,1,120142,21,21,21,21,21,21,21,21,21,21
1,1,120142,21,21,21,21,21,21,21,21,21,21
2,1,120142,0,0,0,0,0,0,0,0,0,0
1,1,120143,22,22,22,22,22,22,22,22,22,22
1,1,120144,26,18,9,23,18,28,15,22,13,22
0,1,120145,26,19,18,5,0,30,17,32,20,40
1,1,120145,0,0,0,0,0,0,0,0,0,0
2,1,120145,0,0,0,28,0,0,0,0,0,0
0,1,120146,0,0,0,0,0,0,0,8,0,0
1,1,120146,0,0,0,0,0,0,0,0,0,0
1,1,120147,17,17,17,17,17,17,17,17,17,17
1,1,120148,8,8,8,8,8,8,8,8,8,8
1,1,120149,26,26,26,26,26,26,26,26,26,26
1,1,120150,17,17,17,17,17,17,17,17,17,17
2,1,120150,0,0,0,0,0,0,4,0,0,0
1,1,120151,0,19,0,0,0,0,0,14,0,0
2,1,120151,0,0,0,0,0,0,0,0,0,0
0,1,120152,17,34,42,34,10,10,24,23,15,4
1,1,120152,0,0,4,0,0,0,0,0,8,0
1,1,120153,14,14,14,14,14,14,14,14,14,14
2,1,120153,0,0,0,0,6,0,0,0,0,0
1,1,120154,16,16,16,16,16,16,16,16,16,16
1,1,120155,0,0,0,0,0,0,0,0,0,0
2,1,120155,0,0,0,16,0,0,0,0,0,0
3,1,120155,0,0,0,0,0,0,0,0,0,0
0,1,120156,22,22,22,22,22,22,22,22,22,22
1,1,120156,0,0,0,0,0,0,0,0,0,0
1,1,120157,0,0,0,0,0,0,0,0,0,0
2,1,120157,0,0,0,0,0,0,0,0,0,0
1,1,120158,0,0,0,0,0,0,0,0,0,0
2,1,120158,0,0,0,0,0,0,0,0,0,0
3,1,120158,0,0,0,0,0,0,0,0,0,0
1,1,120159,0,0,0,0,0,0,0,0,0,0
2,1,120159,0,0,0,0,0,0,0,0,0,0
0,1,120160,0,0,0,0,0,0,0,0,21,0
1,1,120160,0,0,22,9,0,0,0,6,0,26
2,1,120160,0,0,0,0,0,0,0,0,0,0
1,1,120161,30,30,30,30,30,30,30,30,30,30
1,1,120162,17,17,17,17,17,17,17,17,17,17
1,1,120163,0,0,0,0,0,0,0,0,0,0
1,1,120164,0,0,0,0,0,0,0,0,0,0
2,1,120164,0,0,0,8,8,0,0,0,0,0
0,1,120165,6,0,0,0,0,0,0,0,0,0
1,1,120165,0,0,0,0,0,0,0,0,0,0
1,1,120166,0,0,0,0,0,0,0,0,0,0
1,1,120167,0,0,0,0,0,0,0,0,0,0
1,1,120168,24,24,24,24,24,24,24,24,24,24
1,1,120171,30,30,30,30,30,30,30,30,30,30
2,1,120171,0,0,0,0,0,0,0,0,6,0
1,1,120172,12,12,12,12,12,12,12,12,12,12
0,1,120173,0,0,0,0,0,0,0,0,0,0
1,1,120173,0,0,0,0,0,0,0,0,0,0
0,1,120174,0,0,0,0,0,0,0,0,0,0
1,1,120174,0,22,0,11,0,0,0,0,0,0
2,1,120174,0,0,0,0,0,7,0,0,0,0
1,1,120175,0,0,0,0,0,0,0,0,0,0
2,1,120175,0,0,0,0,0,0,0,0,0,0
0,1,120176,29,0,20,24,0,17,20,18,0,17
1,1,120176,0,0,0,0,0,0,0,0,0,0
1,1,120177,12,12,12,12,12,12,12,12,12,12
0,1,120178,33,33,33,33,33,33,33,33,33,33
1,1,120178,0,0,0,0,0,0,0,0,0,0
0,1,120179,0,0,0,0,0,0,0,0,0,0
1,1,120179,9,0,8,7,15,0,5,0,7,0
1,1,120180,29,29,29,29,29,29,29,29,29,29
1,1,120181,18,18,18,18,18,18,18,18,18,18
2,1,120181,1,17,0,0,0,0,0,0,0,0
3,1,120181,12,12,12,12,12,12,12,12,12,12
1,1,120182,11,11,11,11,11,11,11,11,11,11
1,1,120183,2,2,2,2,2,2,2,2,2,2
2,1,120183,0,0,0,0,0,0,0,0,0,0
3,1,120183,0,0,0,0,0,0,0,0,0,0
1,1,120184,2,2,2,2,2,2,2,2,2,2
1,1,120185,18,18,18,18,18,18,18,18,18,18
2,1,120185,0,0,0,0,0,0,0,0,0,0
0,1,120186,0,0,0,0,0,0,0,0,0,0
1,1,120186,0,0,0,0,0,0,0,0,0,0
1,1,120187,0,0,0,0,0,0,0,0,0,0
2,1,120187,0,0,0,0,0,0,0,0,0,0
3,1,120187,0,0,0,0,0,0,0,12,0,0
1,1,120188,0,0,0,0,0,0,0,0,0,0
2,1,120188,0,0,0,0,0,0,0,0,0,0
0,1,120189,24,24,24,24,24,24,24,24,24,24
1,1,120189,0,9,0,0,0,0,0,8,0,0
1,1,120190,0,0,0,10,0,0,0,0,0,0
2,1,120190,0,0,0,0,0,0,0,0,0,0
0,1,120192,19,20,27,0,19,27,20,6,13,18
1,1,120192,0,0,0,0,0,0,0,0,0,18
1,1,120193,0,0,0,0,0,0,0,0,0,0
2,1,120193,0,0,12,13,0,0,0,0,0,0
1,1,120194,0,0,0,8,13,0,0,0,0,0
1,1,120195,0,0,0,0,0,0,0,0,0,0
2,1,120195,8,8,8,8,8,8,8,8,8,8
1,1,120196,5,5,5,5,5,5,5,5,5,5
2,1,120196,0,0,0,0,0,0,0,0,0,0
0,1,120197,0,0,0,0,0,0,0,0,0,0
1,1,120197,1,1,1,1,1,1,1,1,1,1
0,1,120198,19,0,20,0,29,29,30,26,0,13
1,1,120198,0,0,0,0,9,0,0,0,0,0
1,1,120199,0,0,0,0,0,0,0,0,0,0
2,1,120199,0,0,0,18,0,0,0,0,0,0
0,1,120200,0,24,0,0,0,0,0,0,0,9
1,1,120200,0,0,0,0,0,0,0,0,0,0
1,1,120201,9,9,9,9,9,9,9,9,9,9
1,1,120202,0,0,11,0,0,0,0,0,0,0
1,1,120203,0,0,0,0,0,0,0,7,0,0
0,1,120204,0,0,0,0,0,0,0,0,0,0
1,1,120204,0,0,0,0,0,0,0,0,0,0
1,1,120205,0,0,0,0,17,0,0,26,0,0
2,1,120205,0,0,0,0,0,0,0,0,0,0
0,1,120206,23,23,23,23,23,23,23,23,23,23
1,1,120206,0,0,0,0,0,0,0,0,0,0
1,1,120207,0,0,0,0,0,0,0,0,0,0
2,1,120207,0,0,0,0,0,0,0,0,0,0
1,1,120208,0,0,0,0,0,0,0,0,0,0
2,1,120208,4,4,4,4,4,4,4,4,4,4
1,1,120209,0,0,0,0,0,0,0,0,0,0
2,1,120209,0,0,0,0,0,0,0,0,0,0
0,1,120210,0,0,0,0,0,0,0,0,0,0
1,1,120210,13,13,13,13,13,13,13,13,13,13
0,1,120211,0,0,0,19,0,0,0,18,0,0
1,1,120211,0,0,10,0,0,0,0,0,0,0
1,1,120212,0,0,0,0,0,0,0,0,0,0
2,1,120212,0,3,0,0,0,0,0,0,0,0
1,1,120213,0,0,0,0,0,0,0,0,0,0
2,1,120213,9,0,0,0,12,0,0,0,0,0
0,1,120214,0,0,0,0,0,0,0,0,0,0
0,2,120214,0,0,0,0,0,0,0,0,0,0
1,1,120214,0,0,0,0,0,0,0,0,0,0
1,1,120215,19,19,19,19,19,19,19,19,19,19
1,1,120216,0,0,0,0,0,0,0,0,0,0
2,1,120216,0,0,0,0,0,0,0,0,15,0
1,1,120217,0,0,0,0,0,0,0,0,0,0
1,1,120218,11,11,11,11,11,11,11,11,11,11
1,1,120219,0,14,0,0,0,0,0,0,0,0
2,1,120219,0,0,0,0,0,0,0,0,0,0
0,1,120220,0,0,0,0,0,31,0,0,0,0
1,1,120220,0,0,0,0,0,0,0,0,0,5
2,1,120220,0,0,0,0,0,0,0,0,0,0
0,1,120221,38,0,0,0,0,0,5,0,24,0
1,1,120221,0,0,0,0,0,0,0,0,0,0
1,1,120222,0,0,0,0,0,0,0,11,0,0
1,1,120223,0,0,0,0,0,0,0,0,0,0
2,1,120223,0,0,0,0,0,0,0,0,0,0
1,1,120224,2,2,2,2,2,2,2,2,2,2
1,1,120225,25,25,25,25,25,25,25,25,25,25
0,1,120226,0,0,0,0,0,0,0,0,0,0
1,1,120226,0,0,0,0,0,0,0,0,0,0
1,1,120227,0,0,0,0,0,0,0,0,0,0
2,1,120227,0,0,0,0,0,0,0,0,0,0
3,1,120227,0,0,0,0,0,0,0,0,0,0
1,1,120228,0,0,0,0,0,0,0,0,0,0
2,1,120228,0,0,0,0,0,0,0,0,0,0
0,1,120229,0,0,0,0,0,0,0,0,0,0
1,1,120229,20,20,20,20,20,20,20,20,20,20
1,1,120230,0,0,0,0,0,0,0,0,0,0
2,1,120230,0,0,0,0,0,0,0,0,0,0
1,1,120231,4,4,4,4,4,4,4,4,4,4
2,1,120231,0,0,0,0,0,0,0,0,0,0
1,1,120232,0,0,0,0,0,0,0,10,0,5
2,1,120232,0,0,0,0,0,0,0,0,0,0
1,1,120233,33,26,0,0,0,0,0,0,0,0
2,1,120233,0,0,0,0,0,0,0,0,0,0
3,1,120233,0,0,0,0,0,0,0,0,0,0
1,1,120234,8,8,8,8,8,8,8,8,8,8
2,1,120234,0,0,0,0,0,0,0,0,0,0
0,1,120235,0,0,0,0,0,0,0,0,0,0
1,1,120235,0,0,0,0,0,0,0,0,0,0
1,1,120236,0,0,0,0,0,0,0,0,0,0
2,1,120236,0,0,0,0,0,0,0,0,0,0
1,1,120237,0,0,0,0,0,0,0,0,0,0
1,1,120238,0,0,0,0,0,0,0,0,0,0
1,1,120239,0,0,0,0,0,0,0,0,0,0
2,1,120239,0,18,0,0,0,0,0,0,0,0
3,1,120239,0,0,0,0,18,0,0,0,0,0
1,1,120240,17,17,17,17,17,17,17,17,17,17
1,1,120241,0,0,0,0,0,0,0,0,0,0
1,1,120242,24,24,24,24,24,24,24,24,24,24
2,1,120242,1,1,1,1,1,1,1,1,1,1
1,1,120243,0,0,0,0,0,0,0,0,0,0
2,1,120243,0,0,0,0,0,0,0,0,0,0
3,1,120243,0,0,0,0,0,0,0,0,0,0
1,1,120244,0,0,0,0,0,0,0,0,0,0
0,1,120245,0,0,0,0,0,0,0,0,0,0
0,2,120245,0,0,0,0,0,0,0,0,0,0
0,3,120245,30,30,30,30,30,30,30,30,30,30
1,1,120245,0,0,0,0,0,0,0,0,0,0
1,1,120246,18,18,18,18,18,18,18,18,18,18
0,1,120247,0,0,0,0,0,0,0,0,0,0
1,1,120247,0,0,0,0,0,0,0,0,0,0
0,1,120248,24,24,24,24,24,24,24,24,24,24
1,1,120248,0,0,0,0,0,8,0,0,0,0
0,1,120249,0,0,0,0,0,0,0,0,0,0
1,1,120249,0,0,0,0,0,0,0,0,0,0
1,1,120250,0,0,0,0,0,0,0,0,0,0
1,1,120251,0,0,0,0,0,0,0,0,0,0
2,1,120251,0,0,0,0,0,0,0,0,0,0
3,1,120251,0,0,0,0,0,0,0,0,0,0
4,1,120251,0,0,0,0,0,0,0,0,0,0
5,1,120251,0,0,0,0,0,0,0,0,0,0
6,1,120251,0,0,0,0,0,0,0,0,0,0
1,1,120252,29,29,29,29,29,29,29,29,29,29
1,1,120253,0,0,0,0,0,0,0,0,0,0
2,1,120253,20,18,16,0,0,12,0,0,0,0
3,1,120253,0,0,0,0,0,0,0,0,0,0
1,1,120254,0,0,0,0,0,0,0,0,0,0
2,1,120254,0,0,0,0,0,0,0,0,0,0
0,1,120255,0,0,0,0,0,0,0,0,0,0
1,1,120255,0,0,0,0,0,0,0,0,0,0
1,1,120256,0,0,0,0,14,0,0,15,0,0
2,1,120256,0,0,0,0,0,0,0,0,0,0
1,1,120257,17,17,17,17,17,17,17,17,17,17
1,1,120258,10,10,10,10,10,10,10,10,10,10
2,1,120258,0,0,0,0,0,0,0,0,0,0
3,1,120258,0,12,25,20,0,14,20,23,19,19
1,1,120259,0,0,0,0,0,0,0,0,0,0
2,1,120259,0,0,0,0,0,0,0,0,0,0
1,1,120260,0,0,0,0,0,0,0,0,0,0
2,1,120260,0,0,0,0,0,0,0,0,0,0
0,1,120261,0,11,11,0,0,0,0,0,0,0
1,1,120261,0,0,0,0,0,0,0,0,0,0
1,1,120262,0,0,0,0,0,0,0,0,0,0
2,1,120262,0,0,0,0,0,0,0,0,0,0
3,1,120262,0,0,0,0,0,0,0,0,0,0
1,1,120263,0,0,0,0,0,0,0,0,0,0
2,1,120263,0,0,0,0,0,0,0,0,0,0
1,1,120264,21,13,14,20,11,11,23,0,8,9
2,1,120264,24,24,24,24,24,24,24,24,24,24
1,1,120265,0,0,0,0,0,0,0,0,0,0
2,1,120265,0,0,0,0,0,0,0,0,0,0
3,1,120265,0,0,0,0,0,0,0,0,0,0
4,1,120265,0,0,0,0,0,0,0,0,0,0
5,1,120265,0,0,0,0,0,0,0,0,0,0
1,1,120266,21,21,21,21,21,21,21,21,21,21
1,1,120267,24,24,24,24,24,24,24,24,24,24
1,1,120268,0,0,0,0,0,0,0,0,0,0
2,1,120268,0,6,0,0,0,0,0,0,0,0
1,1,120269,22,22,22,22,22,22,22,22,22,22
1,1,120270,0,0,0,0,0,0,0,0,0,0
2,1,120270,0,0,0,0,0,0,0,0,0,0
1,1,120271,27,27,27,27,27,27,27,27,27,27
1,1,120272,12,16,13,7,22,15,20,13,21,15
1,1,120273,0,0,0,0,0,0,0,0,0,0
1,1,120274,0,16,0,0,0,0,0,0,0,0
2,1,120274,0,0,0,0,0,0,0,0,0,0
0,1,120275,16,15,28,25,30,15,15,28,12,18
1,1,120275,21,21,21,21,21,21,21,21,21,21
1,1,120276,0,0,0,0,0,0,0,0,0,0
2,1,120276,0,0,0,0,0,0,2,0,0,0
1,1,120277,0,0,0,0,0,18,0,0,0,0
2,1,120277,0,0,0,2,0,0,0,0,10,0
1,1,120278,0,0,0,0,0,0,0,0,0,0
2,1,120278,0,0,0,0,0,0,0,0,0,0
0,1,120279,0,0,0,0,0,0,0,0,23,0
1,1,120279,0,0,0,0,0,13,0,0,0,0
1,1,120280,10,10,10,10,10,10,10,10,10,10
0,1,120281,0,0,0,0,0,0,0,0,0,0
1,1,120281,3,3,3,3,3,3,3,3,3,3
1,1,120282,0,0,0,0,0,0,0,0,0,0
2,1,120282,0,0,0,0,0,0,0,0,0,0
3,1,120282,0,0,0,0,0,0,0,0,0,0
1,1,120283,0,0,0,0,0,0,0,0,0,0
1,1,120284,12,12,12,12,12,12,12,12,12,12
0,1,120286,0,0,0,0,0,0,0,0,0,0
1,1,120286,0,0,0,0,6,0,0,0,0,0
1,1,120287,0,0,0,0,0,0,0,25,0,0
2,1,120287,0,0,0,0,0,0,0,0,0,0
3,1,120287,0,0,0,0,0,0,0,0,0,0
4,1,120287,0,0,0,0,0,0,0,0,0,0
1,1,120288,0,0,0,0,0,0,0,0,0,25
2,1,120288,0,0,0,0,0,0,0,0,0,0
3,1,120288,0,0,0,0,0,0,0,0,0,0
4,1,120288,0,0,0,0,0,0,0,0,0,0
5,1,120288,0,0,0,0,0,0,0,0,0,0
1,1,120289,15,15,15,15,15,15,15,15,15,15
2,1,120289,0,0,20,0,0,0,0,0,0,0
0,1,120290,27,27,27,27,27,27,27,27,27,27
1,1,120290,0,0,0,0,0,0,0,0,0,0
1,1,120291,20,20,20,20,20,20,20,20,20,20
2,1,120291,0,0,0,0,0,0,0,0,0,0
1,1,120292,0,0,0,0,0,0,0,0,0,0
0,1,120293,32,32,32,32,32,32,32,32,32,32