VEH_NO,PER_NO,ST_CASE,P1,P2,P3,P4,P5,P6,P7,P8,P9,P10
0,1,120569,0,0,0,0,0,0,0,0,0,0
1,1,120569,0,0,0,0,21,0,0,0,0,9
1,1,120570,0,0,0,0,0,0,0,0,0,0
2,1,120570,0,0,0,0,0,0,0,0,0,0
3,1,120570,0,0,0,0,0,0,0,0,0,0
0,1,120571,0,0,0,0,0,0,0,0,0,0
1,1,120571,0,0,0,0,0,0,0,0,0,0
0,1,120572,0,0,0,0,0,0,0,0,0,0
1,1,120572,0,0,0,0,0,0,0,0,0,0
1,1,120573,0,0,0,0,0,0,0,0,0,0
2,1,120573,0,0,0,0,0,0,0,0,0,0
1,1,120574,0,0,0,0,0,0,0,0,0,0
1,1,120575,16,16,16,16,16,16,16,16,16,16
2,1,120575,0,0,0,18,0,0,0,0,0,0
1,1,120576,0,0,0,0,0,0,0,0,0,0
1,1,120577,0,0,0,0,0,0,0,0,0,0
1,1,120578,0,0,0,0,0,0,0,0,23,13
2,1,120578,0,0,0,0,0,0,0,0,0,0
1,1,120579,25,25,25,25,25,25,25,25,25,25
1,1,120580,29,29,29,29,29,29,29,29,29,29
1,1,120581,11,11,11,11,11,11,11,11,11,11
1,1,120582,0,0,0,0,0,0,0,0,0,0
1,1,120583,0,0,0,0,0,0,0,0,0,0
2,1,120583,13,0,0,0,0,0,0,0,0,0
1,1,120584,0,0,0,0,0,0,0,0,0,0
2,1,120584,0,0,0,0,0,0,0,0,0,0
1,1,120585,0,0,0,0,0,0,0,0,0,0
2,1,120585,0,0,0,0,0,0,0,0,0,0
1,1,120586,26,36,18,12,24,29,0,18,16,24
1,1,120587,0,0,0,0,0,0,0,0,0,0
2,1,120587,28,14,0,0,0,19,15,23,0,0
0,1,120588,0,0,0,0,0,0,0,0,0,0
1,1,120588,0,0,0,0,0,0,0,0,0,0
1,1,120589,0,0,0,0,0,0,0,0,0,0
2,1,120589,0,0,0,0,0,0,0,0,0,0
1,1,120590,20,20,20,20,20,20,20,20,20,20
1,1,120591,0,0,0,15,0,0,0,0,0,0
1,1,120592,0,0,0,0,0,0,0,0,0,0
2,1,120592,0,0,0,0,0,0,0,0,0,0
1,1,120593,0,0,0,0,0,0,0,0,0,0
2,1,120593,0,0,0,0,0,0,0,0,0,0
0,1,120594,13,13,13,13,13,13,13,13,13,13
1,1,120594,0,0,0,0,0,0,0,0,0,0
1,1,120595,0,0,0,0,0,0,0,21,0,0
0,1,120596,0,0,15,0,17,0,0,0,0,0
1,1,120596,0,0,0,0,0,0,0,0,0,0
1,1,120597,0,0,0,0,0,0,0,0,0,0
1,1,120598,22,22,22,22,22,22,22,22,22,22
1,1,120599,0,0,0,0,0,0,0,0,0,0
2,1,120599,0,0,0,0,0,0,0,0,0,0
1,1,120600,0,10,13,9,0,0,0,0,0,0
0,1,120601,0,0,0,0,12,21,17,13,9,11
1,1,120601,0,0,0,0,0,0,0,0,0,0
1,1,120602,0,0,0,0,0,0,0,0,0,0
2,1,120602,0,0,0,0,0,0,0,0,0,0
3,1,120602,0,0,0,0,0,0,0,0,0,0
1,1,120603,0,0,0,0,0,0,0,0,0,0
2,1,120603,0,0,0,0,0,3,0,0,0,0
0,1,120604,33,22,31,25,0,0,0,0,5,0
1,1,120604,0,0,0,0,15,0,0,7,0,0
1,1,120605,0,0,0,19,2,0,0,0,0,0
1,1,120606,0,0,0,0,0,0,0,0,0,0
2,1,120606,0,0,0,0,0,0,0,0,0,0
0,1,120607,8,8,8,8,8,8,8,8,8,8
1,1,120607,8,8,8,8,8,8,8,8,8,8
1,1,120608,14,14,14,14,14,14,14,14,14,14
0,1,120609,23,23,23,23,23,23,23,23,23,23
1,1,120609,0,28,0,0,0,0,0,0,0,0
1,1,120610,0,0,0,0,0,0,0,0,0,0
1,1,120611,29,29,29,29,29,29,29,29,29,29
2,1,120611,0,0,0,0,0,0,0,0,0,0
3,1,120611,0,0,0,0,0,0,0,0,0,0
0,1,120612,0,0,0,0,0,0,0,0,0,0
1,1,120612,0,0,9,0,10,0,0,0,26,7
1,1,120613,0,0,5,18,28,0,0,23,29,0
2,1,120613,0,0,0,0,0,0,0,0,0,0
3,1,120613,0,0,0,0,0,31,0,0,16,19
1,1,120614,0,0,0,0,0,0,0,0,0,0
2,1,120614,0,0,0,0,0,0,0,0,0,0
0,1,120615,9,9,9,9,9,9,9,9,9,9
1,1,120615,0,0,0,20,0,0,0,0,0,0
1,1,120616,0,0,0,0,0,0,0,0,0,0
0,1,120617,23,21,6,30,9,0,0,22,0,15
1,1,120617,0,0,0,0,0,0,0,0,0,0
2,1,120617,5,5,5,5,5,5,5,5,5,5
1,1,120618,0,0,0,0,0,0,0,0,0,0
2,1,120618,0,0,0,0,0,0,0,0,0,0
1,1,120619,0,0,0,0,0,0,0,0,0,0
1,1,120620,3,33,0,0,28,7,0,0,7,0
1,1,120621,12,12,12,12,12,12,12,12,12,12
1,1,120622,0,0,0,0,0,0,0,0,0,0
2,1,120622,0,0,0,0,0,0,0,0,0,12
1,1,120623,0,0,0,0,0,0,0,0,0,0
2,1,120623,0,0,0,0,0,0,0,0,0,0
1,1,120624,9,9,9,9,9,9,9,9,9,9
2,1,120624,16,0,0,0,0,0,0,0,0,0
1,1,120625,0,0,0,0,7,5,0,18,0,0
2,1,120625,0,0,0,0,0,0,0,0,0,0
0,1,120626,0,0,0,0,0,0,0,0,0,0
1,1,120626,0,0,0,0,0,0,0,0,0,0
1,1,120627,0,0,0,0,0,0,0,0,0,0
2,1,120627,0,0,0,0,0,0,0,0,0,0
1,1,120628,0,0,0,0,0,0,0,0,0,0
2,1,120628,0,0,0,4,0,0,0,0,0,0
1,1,120629,0,0,0,0,0,0,0,0,0,15
2,1,120629,25,0,0,0,0,0,16,0,0,0
1,1,120630,20,0,0,0,0,0,0,0,0,0
2,1,120630,0,0,0,0,0,0,0,0,0,0
1,1,120631,0,0,0,0,0,0,0,0,0,0
2,1,120631,0,0,0,0,0,0,0,0,0,0
1,1,120632,20,20,20,20,20,20,20,20,20,20
1,1,120633,0,0,0,0,0,0,0,0,0,0
1,1,120634,0,0,0,0,0,0,0,0,0,0
2,1,120634,0,0,6,0,0,20,0,0,0,0
1,1,120635,0,0,0,0,0,0,0,0,0,0
2,1,120635,0,0,6,0,0,0,16,0,0,0
3,1,120635,0,0,0,0,0,0,0,0,0,0
1,1,120636,0,0,0,0,0,0,0,0,0,0
2,1,120636,0,0,0,0,0,0,0,0,0,0
1,1,120637,0,0,0,0,0,0,0,0,0,0
1,1,120638,30,30,30,30,30,30,30,30,30,30
2,1,120638,0,0,0,0,0,0,0,0,0,0
1,1,120639,5,0,19,15,0,0,0,0,0,0
1,1,120640,14,14,14,14,14,14,14,14,14,14
2,1,120640,1,1,1,1,1,1,1,1,1,1
1,1,120641,9,9,9,9,9,9,9,9,9,9
1,1,120642,0,0,0,0,0,0,0,0,0,0
2,1,120642,0,0,0,0,0,0,0,0,0,0
1,1,120643,9,9,9,9,9,9,9,9,9,9
1,1,120644,12,12,12,12,12,12,12,12,12,12
1,1,120645,0,0,0,0,0,0,0,0,0,0
2,1,120645,0,0,0,0,0,0,0,0,0,0
1,1,120646,0,0,0,0,0,0,0,0,0,0
2,1,120646,0,0,0,0,0,0,0,0,0,0
1,1,120647,2,0,0,0,0,0,0,0,0,0
1,1,120648,19,19,19,19,19,19,19,19,19,19
1,1,120649,0,12,0,0,0,0,0,0,0,0
1,1,120650,0,0,0,0,0,12,0,0,0,0
2,1,120650,0,0,0,0,0,0,0,0,0,0
1,1,120651,23,23,23,23,23,23,23,23,23,23
0,1,120652,0,0,0,0,0,0,0,0,0,0
1,1,120652,0,0,0,0,0,0,0,0,0,0
0,1,120653,32,32,32,32,32,32,32,32,32,32
1,1,120653,0,0,0,0,0,0,0,0,0,0
1,1,120654,0,0,0,11,13,0,12,0,0,0
1,1,120655,15,15,15,15,15,15,15,15,15,15
2,1,120655,0,0,0,0,0,0,0,0,0,0
1,1,120656,0,0,0,0,0,0,0,0,0,0
2,1,120656,5,5,5,5,5,5,5,5,5,5
1,1,120657,14,14,14,14,14,14,14,14,14,14
1,1,120658,0,0,0,0,0,0,0,0,0,0
0,1,120659,0,0,0,0,0,0,0,0,0,0
1,1,120659,0,0,0,0,0,0,0,0,0,0
0,1,120660,0,0,35,0,0,0,0,0,0,4
1,1,120660,20,9,8,13,19,0,31,25,16,14
1,1,120661,0,0,0,0,0,0,0,0,0,0
0,1,120662,10,0,0,0,0,7,10,0,0,0
1,1,120662,0,0,0,0,0,0,0,0,0,0
0,1,120663,35,35,35,35,35,35,35,35,35,35
1,1,120663,0,0,0,0,0,0,0,0,0,0
1,1,120664,26,26,26,26,26,26,26,26,26,26
1,1,120665,0,0,0,0,0,0,0,0,0,0
2,1,120665,5,5,5,5,5,5,5,5,5,5
1,1,120666,12,12,12,12,12,12,12,12,12,12
1,1,120667,16,16,16,16,16,16,16,16,16,16
1,1,120668,0,0,0,0,0,0,0,0,0,0
2,1,120668,0,0,0,0,0,0,0,0,0,0
1,1,120669,0,0,0,0,0,0,0,0,0,0
1,1,120670,0,0,0,0,0,0,0,0,0,0
1,1,120671,16,16,16,16,16,16,16,16,16,16
1,1,120672,0,0,0,0,0,0,0,0,0,0
1,1,120673,0,0,0,0,0,0,0,0,0,0
2,1,120673,0,0,15,0,0,0,0,0,26,0
1,4,120674,19,36,15,9,31,9,0,8,0,14
0,1,120675,0,0,20,23,33,0,0,26,0,0
1,1,120675,0,0,0,30,21,0,0,0,0,0
1,1,120676,0,3,0,0,0,0,0,0,11,10
1,1,120677,9,9,9,9,9,9,9,9,9,9
2,1,120677,0,0,0,0,11,0,0,0,13,15
1,1,120678,21,21,21,21,21,21,21,21,21,21
1,1,120679,0,0,0,0,0,0,0,0,0,14
2,1,120679,0,0,0,0,0,0,0,0,0,0
1,1,120680,12,12,12,12,12,12,12,12,12,12
2,1,120680,0,0,0,0,0,0,0,0,0,8
0,1,120681,0,0,0,0,0,0,0,0,0,0
1,1,120681,0,0,0,0,0,0,0,0,0,0
1,1,120682,24,24,24,24,24,24,24,24,24,24
1,1,120684,0,0,0,0,0,0,0,0,0,0
0,1,120685,0,0,0,0,0,0,0,0,0,0
1,1,120685,0,0,0,0,0,0,0,0,0,0
2,1,120685,0,0,0,0,0,0,0,0,0,0
1,1,120686,0,0,0,0,0,0,0,0,0,0
0,1,120687,0,27,0,0,0,0,7,0,26,0
0,2,120687,0,0,0,0,0,0,0,0,0,0
1,1,120687,0,0,0,0,0,0,0,0,0,0
0,1,120688,0,0,0,0,0,0,20,0,23,0
0,2,120688,0,0,0,0,6,0,0,0,0,0
1,1,120688,21,15,14,22,14,10,18,9,19,3
0,1,120689,23,18,16,9,27,23,33,16,25,36
1,1,120689,0,0,0,0,0,0,0,0,0,0
1,1,120690,0,0,0,0,0,0,0,0,0,0
0,1,120691,0,0,19,0,0,0,0,0,0,24
0,2,120691,0,0,0,0,0,0,19,0,0,0
1,1,120691,0,0,0,34,0,0,0,0,0,0
0,1,120692,25,0,29,0,13,0,0,0,0,21
0,2,120692,0,0,0,0,0,0,0,4,0,0
1,1,120692,0,0,0,0,0,0,0,0,0,13
0,1,120693,26,26,26,26,26,26,26,26,26,26
1,1,120693,0,0,0,0,0,0,0,0,0,0
0,1,120694,23,23,23,23,23,23,23,23,23,23
1,1,120694,0,0,0,0,0,0,0,0,0,0
1,1,120695,17,17,17,17,17,17,17,17,17,17
2,1,120695,0,0,0,0,0,0,0,0,0,0
1,1,120696,4,14,8,24,15,32,9,34,6,20
2,1,120696,0,0,0,0,0,0,0,0,0,0
1,1,120697,10,9,0,0,0,0,0,0,0,0
2,1,120697,16,16,16,16,16,16,16,16,16,16
1,1,120698,0,0,0,0,0,0,0,0,0,0
2,1,120698,0,0,0,0,0,0,0,0,0,0
1,1,120699,18,18,18,18,18,18,18,18,18,18
2,1,120699,0,0,0,0,0,0,0,0,0,0
1,1,120700,0,0,0,0,0,0,0,0,0,0
2,1,120700,0,0,0,0,0,10,0,6,0,0
1,1,120701,15,15,15,15,15,15,15,15,15,15
1,1,120702,0,0,0,0,0,0,0,0,0,0
2,1,120702,0,0,0,0,0,0,0,0,0,0
1,1,120703,0,0,0,0,0,0,0,0,0,0
2,1,120703,0,0,0,0,0,0,0,0,0,0
0,1,120704,0,0,0,0,0,0,4,0,0,0
0,2,120704,0,0,0,0,0,0,0,0,0,0
1,1,120704,0,0,0,0,0,0,0,0,0,0
2,1,120704,0,0,0,0,0,0,0,0,0,0
1,1,120705,0,0,0,0,0,0,0,0,0,0
1,1,120706,0,0,0,0,0,0,0,0,0,0
2,1,120706,0,0,0,0,0,0,0,0,0,0
1,1,120707,0,0,0,0,0,2,0,0,0,0
2,1,120707,13,13,13,13,13,13,13,13,13,13
1,1,120708,13,13,13,13,13,13,13,13,13,13
2,1,120708,0,0,0,0,0,0,0,0,0,0
1,1,120709,15,15,15,15,15,15,15,15,15,15
1,1,120710,0,14,0,0,0,25,11,0,11,26
1,1,120711,18,18,18,18,18,18,18,18,18,18
1,1,120713,24,24,24,24,24,24,24,24,24,24
1,1,120714,0,0,0,0,0,0,0,0,0,0
2,1,120714,0,0,0,0,0,0,0,0,0,0
1,1,120715,0,0,0,0,0,0,0,0,0,0
1,1,120717,21,0,0,0,0,0,0,0,0,0
2,1,120717,0,0,0,0,0,0,0,0,0,0
1,1,120718,0,0,0,0,0,0,0,0,0,0
0,1,120719,38,38,38,38,38,38,38,38,38,38
1,1,120719,0,0,0,0,0,0,0,0,0,0
0,1,120720,0,0,0,0,0,0,0,0,0,0
1,1,120720,0,0,0,0,22,0,0,0,0,0
1,1,120721,0,0,0,0,0,0,0,0,0,0
2,1,120721,0,0,0,0,8,0,0,0,0,0
0,1,120722,0,0,27,0,0,0,0,0,0,0
1,1,120722,0,0,0,0,0,0,0,0,0,7
1,1,120723,3,0,0,0,0,0,10,10,0,0
2,1,120723,0,19,0,0,0,0,0,0,0,0
1,1,120724,0,0,0,0,0,0,0,0,0,0
2,1,120724,0,0,0,0,0,0,0,0,0,0
0,1,120725,0,11,0,0,0,16,0,0,11,0
1,1,120725,0,0,0,0,0,0,0,0,0,21
1,1,120726,14,14,14,14,14,14,14,14,14,14
0,1,120727,0,20,36,19,24,20,21,0,37,27
1,1,120727,0,0,0,0,0,0,0,13,0,0
1,1,120728,0,0,0,0,0,0,0,0,0,0
1,1,120729,0,0,0,0,0,0,0,0,0,0
2,1,120729,0,0,14,0,0,0,0,0,0,0
3,1,120729,0,0,0,0,0,0,0,0,0,0
4,1,120729,0,0,0,0,0,0,0,0,0,0
1,1,120730,0,0,0,0,0,0,10,0,0,0
2,1,120730,0,0,0,0,0,0,0,0,0,0
1,1,120731,7,7,7,7,7,7,7,7,7,7
1,1,120732,0,0,0,11,8,0,15,0,0,0
1,1,120733,12,12,12,12,12,12,12,12,12,12
2,1,120733,0,0,0,0,0,0,0,0,0,0
1,1,120734,0,0,0,0,0,0,0,0,0,0
2,1,120734,0,0,0,0,0,0,0,0,0,0
3,1,120734,0,0,0,0,0,0,0,0,0,0
5,1,120734,0,0,0,0,0,0,0,0,0,0
1,1,120735,0,0,0,0,0,0,0,0,0,0
2,1,120735,0,0,0,10,0,0,0,0,0,21
1,1,120736,17,17,17,17,17,17,17,17,17,17
1,1,120737,0,0,0,0,0,0,0,0,0,0
2,1,120737,0,0,0,0,0,0,0,0,0,0
1,1,120738,17,17,17,17,17,17,17,17,17,17
1,1,120739,23,23,23,23,23,23,23,23,23,23
2,1,120739,0,0,0,0,5,0,0,0,0,7
1,1,120740,20,20,20,20,20,20,20,20,20,20
1,1,120741,0,0,0,0,0,0,0,0,0,0
2,1,120741,0,0,0,0,0,0,0,0,0,0
1,1,120742,0,0,0,0,0,0,0,0,0,0
1,1,120743,16,16,16,16,16,16,16,16,16,16
0,1,120744,9,9,9,9,9,9,9,9,9,9
1,1,120744,9,9,9,9,9,9,9,9,9,9
1,1,120745,0,0,0,0,0,0,0,0,0,0
2,1,120745,0,0,0,0,0,0,0,0,0,0
1,1,120746,0,0,0,0,0,0,0,0,0,0
0,1,120747,0,0,0,0,0,0,0,0,0,0
1,1,120747,0,0,0,0,0,0,0,0,0,0
1,1,120748,0,0,0,0,11,0,0,0,0,0
2,1,120748,0,0,0,0,0,0,0,0,0,0
1,1,120749,16,16,16,16,16,16,16,16,16,16
2,1,120749,0,8,0,0,0,0,0,0,0,0
1,1,120750,0,0,0,0,0,0,0,0,0,0
2,1,120750,0,0,0,0,0,0,0,0,0,0
1,1,120751,0,0,0,0,0,0,0,0,0,0
1,1,120752,0,0,0,0,0,0,0,0,0,0
1,1,120753,2,2,2,2,2,2,2,2,2,2
2,1,120753,0,0,0,0,0,0,0,0,0,0
1,1,120754,0,0,0,0,0,0,19,0,0,0
1,1,120755,0,0,0,0,0,0,0,0,0,0
2,1,120755,0,0,0,0,0,0,0,0,0,0
1,1,120756,0,0,0,0,0,0,0,0,0,0
2,1,120756,0,0,0,12,0,0,0,8,0,0
1,1,120757,0,0,0,0,0,11,0,0,0,0
2,1,120757,0,0,0,0,0,0,0,0,0,0
0,1,120758,50,50,50,50,50,50,50,50,50,50
1,1,120758,0,0,0,0,0,0,0,0,0,0
1,1,120759,33,33,33,33,33,33,33,33,33,33
1,1,120760,0,0,0,0,0,0,0,0,0,0
1,1,120761,0,0,0,0,12,0,0,0,0,0
2,1,120761,0,0,0,0,0,0,5,0,0,0
1,1,120762,18,0,0,0,0,0,0,0,19,0
2,1,120762,0,0,0,0,0,0,0,0,0,0
1,1,120763,0,0,0,0,0,0,0,0,0,0
0,1,120764,0,5,30,8,15,15,43,17,6,19
1,1,120764,0,0,0,0,0,0,0,0,0,0
1,1,120765,0,0,0,0,0,8,0,0,0,0
1,1,120766,0,0,0,0,0,0,4,0,0,0
0,1,120767,6,6,6,6,6,6,6,6,6,6
1,1,120767,6,6,6,6,6,6,6,6,6,6
0,1,120768,0,0,0,0,0,0,0,0,0,0
1,1,120768,0,0,0,0,0,0,0,0,0,0
1,1,120769,0,0,0,0,0,0,0,0,0,0
2,1,120769,0,0,0,0,0,0,0,0,0,0
1,1,120770,10,10,10,10,10,10,10,10,10,10
2,1,120770,0,0,0,0,0,0,0,0,0,0
1,1,120771,0,0,0,0,0,0,0,0,0,0
1,1,120772,0,0,0,0,0,8,0,0,12,0
2,1,120772,0,0,0,0,0,0,0,0,0,0
1,1,120773,19,19,19,19,19,19,19,19,19,19
1,1,120774,23,23,23,23,23,23,23,23,23,23
2,1,120774,25,0,0,0,0,0,0,0,0,0
3,1,120774,0,0,0,0,0,0,0,0,0,0
1,1,120775,0,0,0,0,0,0,0,0,0,0
1,1,120776,23,23,23,23,23,23,23,23,23,23
2,1,120776,0,0,0,0,0,0,0,0,0,0
1,1,120777,0,0,0,0,0,0,0,0,0,0
2,1,120777,0,0,0,0,0,0,0,0,0,0
1,1,120778,0,0,0,0,0,0,0,0,0,0
2,1,120778,0,0,0,0,0,0,0,0,0,0
1,1,120779,0,0,0,0,0,0,0,0,0,0
2,1,120779,0,0,0,0,0,0,0,0,0,0
3,1,120779,2,0,0,0,0,0,0,0,0,0
1,1,120780,0,0,0,0,0,0,0,0,0,0
2,1,120780,0,0,0,0,0,0,0,0,0,0
1,1,120781,0,0,0,0,0,0,0,0,0,0
2,1,120781,0,0,0,0,0,0,0,0,0,0
1,1,120782,20,0,0,0,17,10,0,0,30,16
2,1,120782,15,0,0,0,12,0,0,0,0,0
1,1,120783,0,0,0,0,0,0,0,0,0,0
1,1,120784,0,0,0,0,0,0,0,0,0,0
2,1,120784,0,0,0,0,0,0,0,0,0,0
1,1,120785,20,20,20,20,20,20,20,20,20,20
2,1,120785,0,0,0,0,0,0,0,0,9,5
1,1,120786,0,0,0,0,0,0,0,0,0,0
2,1,120786,0,0,2,0,0,0,0,0,0,0
3,1,120786,0,0,0,0,0,0,3,0,0,0
0,1,120787,0,0,0,0,0,0,0,0,0,0
1,1,120787,0,0,0,0,0,0,0,0,0,0
1,1,120788,0,0,0,0,0,0,0,0,0,0
2,1,120788,0,0,0,0,0,0,0,0,0,0
1,1,120789,15,15,15,15,15,15,15,15,15,15
2,1,120789,0,0,0,0,0,0,0,0,0,0
1,1,120790,0,0,0,0,0,0,0,0,0,0
1,1,120791,2,2,2,2,2,2,2,2,2,2
2,1,120791,0,0,0,0,0,0,0,0,0,0
0,1,120792,0,0,0,0,0,0,0,0,0,0
1,1,120792,0,0,0,0,0,0,0,0,0,0
1,2,120793,15,17,0,23,20,22,0,0,14,42
1,1,120794,0,0,0,0,0,0,0,0,0,0
1,1,120795,0,0,0,0,0,0,0,0,0,0
1,1,120796,18,18,18,18,18,18,18,18,18,18
2,1,120796,0,0,0,0,0,0,0,0,0,0
1,1,120797,0,0,0,0,0,0,0,0,0,0
1,1,120798,22,22,22,22,22,22,22,22,22,22
1,1,120799,0,0,0,0,0,0,0,0,0,0
2,1,120799,0,0,0,0,0,0,0,0,0,0
0,1,120800,0,0,0,0,0,0,0,0,0,0
1,1,120800,0,0,0,0,0,0,0,0,0,0
1,1,120801,28,28,28,28,28,28,28,28,28,28
1,1,120802,0,0,0,0,0,0,0,0,0,0
2,1,120802,0,0,0,0,0,0,0,0,0,0
1,1,120803,32,32,32,32,32,32,32,32,32,32
2,1,120803,0,0,0,0,0,0,0,0,0,0
1,1,120804,17,17,17,17,17,17,17,17,17,17
1,1,120805,0,0,0,0,0,0,0,0,0,0
2,1,120805,0,0,0,0,0,0,0,0,0,0
0,1,120806,25,25,25,25,25,25,25,25,25,25
1,1,120806,0,0,0,0,0,0,0,0,0,0
1,1,120807,11,11,11,11,11,11,11,11,11,11
2,1,120807,0,0,0,0,0,0,0,0,0,0
3,1,120807,0,0,0,0,0,0,0,0,22,0
4,1,120807,0,0,7,0,0,0,0,0,0,0
1,1,120808,0,0,0,0,0,0,0,0,0,0
2,1,120808,13,13,13,13,13,13,13,13,13,13
1,1,120809,12,12,12,12,12,12,12,12,12,12
1,1,120810,0,0,0,0,0,0,0,0,0,0
1,1,120811,0,0,0,0,0,0,0,0,0,0
2,1,120811,35,35,35,35,35,35,35,35,35,35
1,1,120812,19,19,19,19,19,19,19,19,19,19
0,1,120813,0,0,0,0,0,0,0,0,0,0
1,1,120813,0,0,0,0,0,0,0,0,0,0
1,1,120814,13,13,13,13,13,13,13,13,13,13
1,1,120815,0,0,0,0,3,2,0,11,0,0
1,1,120816,13,13,13,13,13,13,13,13,13,13
2,1,120816,0,0,0,0,0,0,0,0,0,0
1,1,120817,0,0,0,0,0,0,0,0,0,0
2,1,120817,0,0,0,0,0,0,0,0,0,0
1,1,120818,0,0,0,0,0,0,0,0,0,0
1,1,120819,0,0,0,0,0,43,0,0,0,0
2,1,120819,0,0,0,0,0,0,0,0,0,0
1,1,120820,6,6,6,6,6,6,6,6,6,6
2,1,120820,0,0,0,0,0,0,0,0,0,0
3,1,120820,0,0,0,0,0,0,0,0,0,0
1,1,120821,0,0,0,0,0,0,0,0,0,0
0,1,120822,0,0,0,0,0,0,0,0,0,0
1,1,120822,0,0,0,0,0,0,0,0,0,0
1,1,120823,14,14,14,14,14,14,14,14,14,14
2,1,120823,0,0,0,0,0,0,0,0,0,0
3,1,120823,0,0,0,0,0,0,0,0,0,0
4,1,120823,0,0,0,0,0,0,0,0,0,0
1,1,120824,24,0,0,0,0,0,0,0,0,0
2,1,120824,0,0,0,0,0,0,0,0,0,0
1,1,120825,0,20,15,7,0,4,0,0,0,0
2,1,120825,0,0,0,0,0,0,11,0,0,0
3,1,120825,0,0,0,0,0,13,0,0,0,0
0,1,120826,9,0,0,0,0,0,0,0,0,0
1,1,120826,21,21,21,21,21,21,21,21,21,21
2,1,120826,0,0,0,0,0,0,7,0,0,0
3,1,120826,0,25,0,12,0,0,0,0,11,0
1,1,120827,0,0,0,0,0,0,0,0,0,0
1,1,120828,0,0,0,16,6,0,0,0,0,0
2,1,120828,0,0,0,0,0,0,0,0,0,0
1,1,120829,16,16,16,16,16,16,16,16,16,16
2,1,120829,0,0,0,0,0,0,0,0,22,20
1,1,120830,0,0,0,0,0,0,0,0,0,0
1,1,120831,14,14,14,14,14,14,14,14,14,14
2,1,120831,0,13,0,0,19,0,0,0,27,0
1,1,120832,8,8,8,8,8,8,8,8,8,8
1,1,120833,2,2,2,2,2,2,2,2,2,2
2,1,120833,4,4,4,4,4,4,4,4,4,4
3,1,120833,0,0,0,0,11,0,11,0,6,0
0,1,120834,0,0,0,0,0,0,0,0,0,0
1,1,120834,0,0,0,0,0,0,0,0,0,0
1,1,120835,18,18,18,18,18,18,18,18,18,18
2,1,120835,0,0,0,0,0,0,0,0,0,0
1,1,120836,0,0,0,0,0,0,0,0,0,0
2,1,120836,0,0,0,0,0,0,0,28,0,0
3,1,120836,0,0,0,0,0,0,0,0,0,0
1,1,120837,0,0,0,0,0,0,0,0,0,0
1,1,120838,0,0,0,0,0,0,0,0,0,0
1,1,120839,0,0,0,0,0,0,0,0,0,0
2,1,120839,0,0,0,0,0,0,11,0,0,0
0,1,120840,0,0,0,0,0,0,0,0,0,0
1,1,120840,0,0,0,0,0,0,0,0,0,0
1,1,120841,0,0,0,0,0,0,0,0,0,0
2,1,120841,0,0,0,0,0,0,0,0,0,0
1,1,120842,9,9,9,9,9,9,9,9,9,9
1,1,120843,12,12,12,12,12,12,12,12,12,12
1,1,120844,6,6,6,6,6,6,6,6,6,6
1,1,120845,20,20,20,20,20,20,20,20,20,20
2,1,120845,0,0,0,0,0,0,0,0,0,0
1,1,120846,20,20,20,20,20,20,20,20,20,20
2,1,120846,0,0,0,0,0,0,0,0,0,0
0,1,120847,0,10,0,0,0,0,0,0,0,0
1,1,120847,0,0,0,0,0,0,0,0,0,0
1,1,120848,0,0,0,0,0,0,0,0,0,0
2,1,120848,0,0,0,0,0,0,0,0,0,0
1,1,120849,0,0,0,0,0,0,0,0,0,0
2,1,120849,0,0,0,0,0,0,0,0,0,0
1,1,120850,0,0,0,0,0,0,0,0,0,0
0,1,120851,23,20,25,28,0,0,0,21,8,0
1,1,120851,0,0,0,0,0,0,0,0,0,0
1,1,120852,0,0,0,0,0,0,0,0,0,0
1,1,120853,0,0,0,0,0,0,0,0,0,0
1,1,120854,1,1,1,1,1,1,1,1,1,1
2,1,120854,0,0,0,0,0,0,0,0,0,0
1,1,120855,17,17,17,17,17,17,17,17,17,17
2,1,120855,17,17,17,17,17,17,17,17,17,17
3,1,120855,0,0,0,0,0,0,0,0,0,0
1,1,120856,17,17,17,17,17,17,17,17,17,17
1,1,120857,0,0,0,0,0,0,0,0,0,0
1,1,120858,13,13,13,13,13,13,13,13,13,13
1,1,120859,0,9,0,0,0,0,0,0,0,0
2,1,120859,0,0,0,0,0,0,0,0,0,0
0,1,120860,22,22,22,22,22,22,22,22,22,22
1,1,120860,0,0,0,14,0,0,0,0,0,0
1,1,120861,0,0,0,0,0,0,0,0,0,0
2,1,120861,0,0,0,0,0,0,0,0,0,0
1,1,120862,0,0,0,0,4,0,0,0,0,0
2,1,120862,0,0,0,0,0,0,0,0,0,0
1,1,120863,7,7,7,7,7,7,7,7,7,7
1,1,120864,0,0,0,0,0,0,0,0,0,0
2,1,120864,0,0,0,0,0,0,0,0,0,0
1,1,120865,0,0,0,0,0,0,0,0,0,0
2,1,120865,14,0,0,0,0,0,0,0,0,0
1,1,120866,0,0,0,0,0,0,0,0,0,0
1,1,120867,0,0,0,0,0,0,0,0,0,0