VEH_NO,PER_NO,ST_CASE,P1,P2,P3,P4,P5,P6,P7,P8,P9,P10
1,1,120868,0,0,0,0,0,0,0,13,0,0
0,1,120869,0,0,0,0,0,0,0,0,0,0
1,1,120869,4,4,4,4,4,4,4,4,4,4
1,1,120870,0,0,0,0,0,0,0,8,0,0
2,1,120870,13,0,0,0,10,0,0,0,12,0
3,1,120870,0,0,0,0,0,0,0,0,0,0
1,1,120871,0,0,0,0,0,0,0,0,0,0
2,1,120871,15,15,15,15,15,15,15,15,15,15
1,1,120872,0,0,0,0,0,0,0,0,0,0
1,1,120873,14,14,14,14,14,14,14,14,14,14
1,1,120874,12,12,12,12,12,12,12,12,12,12
0,1,120875,34,34,34,34,34,34,34,34,34,34
1,1,120875,0,0,0,0,0,0,0,0,0,0
2,1,120875,0,0,0,0,0,0,0,0,0,0
0,1,120876,28,28,28,28,28,28,28,28,28,28
1,1,120876,0,0,0,0,0,0,0,0,0,0
1,1,120877,0,0,0,0,0,21,7,0,5,0
2,1,120877,0,0,0,0,0,0,0,0,0,0
1,1,120878,0,0,0,0,0,0,0,0,0,0
1,1,120879,0,0,0,0,0,0,0,0,0,0
1,1,120880,0,0,0,0,0,0,0,0,0,0
0,1,120881,0,0,0,0,0,0,0,0,0,0
1,1,120881,0,0,20,0,0,9,0,0,0,0
1,1,120882,2,2,2,2,2,2,2,2,2,2
1,1,120883,0,0,0,0,0,0,0,0,0,0
2,1,120883,0,0,0,0,0,0,0,0,0,0
1,1,120884,0,0,0,0,0,8,0,0,0,13
2,1,120884,0,0,0,0,0,0,0,0,13,0
3,1,120884,0,0,0,0,0,0,0,0,0,0
1,1,120885,19,0,9,21,10,3,6,7,0,11
2,1,120885,0,0,0,0,0,0,0,0,6,0
1,1,120886,0,0,0,0,0,0,0,0,0,0
1,1,120887,0,0,0,0,0,0,0,0,0,0
1,1,120888,2,2,2,2,2,2,2,2,2,2
2,1,120888,0,0,0,0,0,0,0,0,0,0
1,1,120889,0,0,0,0,0,0,0,0,0,0
2,1,120889,0,0,0,0,0,0,0,0,0,0
1,1,120890,16,16,16,16,16,16,16,16,16,16
1,1,120891,0,0,0,0,0,0,0,0,0,0
2,1,120891,0,0,0,0,0,0,0,0,0,0
1,1,120892,27,27,27,27,27,27,27,27,27,27
1,1,120893,0,0,0,0,0,0,0,0,0,0
2,1,120893,0,0,0,0,0,0,0,0,0,0
1,1,120894,24,24,24,24,24,24,24,24,24,24
1,1,120895,10,11,0,0,16,0,0,0,0,0
1,1,120896,0,0,0,0,0,0,0,0,0,0
2,1,120896,0,0,0,0,0,0,0,0,0,0
1,1,120898,0,0,0,0,0,0,0,0,0,0
2,1,120898,0,0,0,0,0,0,0,0,0,0
0,1,120899,0,0,0,0,0,0,0,0,0,0
1,1,120899,0,0,0,0,0,0,0,0,0,0
2,1,120899,0,0,0,0,0,0,0,0,0,0
1,1,120900,1,1,1,1,1,1,1,1,1,1
1,1,120901,0,0,0,0,0,0,0,0,0,0
2,1,120901,0,0,0,0,0,0,0,0,0,0
0,1,120902,0,0,0,0,0,0,0,0,0,0
1,1,120902,3,9,0,0,19,0,0,0,0,0
1,1,120903,0,0,0,0,0,0,0,0,0,0
2,1,120903,0,0,0,0,0,0,0,0,0,0
1,1,120904,0,0,0,0,0,0,0,0,0,0
0,1,120905,16,16,16,16,16,16,16,16,16,16
1,1,120905,0,0,0,0,0,0,0,0,0,0
1,1,120906,0,0,0,14,0,0,20,13,7,14
1,1,120907,0,10,0,0,0,0,0,0,0,0
2,1,120907,0,0,0,0,0,0,0,0,0,0
1,1,120908,0,0,0,0,0,0,0,0,0,0
2,1,120908,0,0,0,0,0,0,0,0,0,0
1,1,120909,17,17,17,17,17,17,17,17,17,17
2,1,120909,7,7,7,7,7,7,7,7,7,7
1,1,120910,0,0,0,0,0,0,0,0,0,0
2,1,120910,0,0,0,0,0,0,0,0,0,0
1,1,120911,5,5,5,5,5,5,5,5,5,5
1,1,120912,0,0,0,0,0,0,0,0,0,0
2,1,120912,0,0,0,0,0,0,0,0,0,0
1,1,120913,0,0,0,0,0,0,0,0,0,7
2,1,120913,0,0,0,0,0,0,0,0,0,0
1,1,120914,0,0,0,0,0,0,0,0,0,0
2,1,120914,0,0,0,0,0,0,0,0,0,0
1,1,120915,0,0,0,0,0,0,0,0,0,0
1,1,120916,14,14,14,14,14,14,14,14,14,14
1,1,120917,0,0,0,0,0,0,0,0,0,0
2,1,120917,0,0,0,0,0,0,0,0,0,0
0,1,120918,0,0,0,0,0,0,0,0,0,0
1,1,120918,0,0,0,0,0,0,0,0,0,0
2,1,120918,0,0,0,0,0,0,0,0,0,0
1,1,120919,0,6,0,21,13,15,9,0,0,0
1,1,120920,0,0,0,0,0,7,18,0,11,0
2,1,120920,0,0,0,0,0,0,0,0,0,0
1,1,120921,0,0,0,0,0,0,0,0,0,0
2,1,120921,0,0,0,0,14,0,0,0,0,0
3,1,120921,0,0,0,0,0,0,0,0,0,0
0,1,120922,20,20,20,20,20,20,20,20,20,20
1,1,120922,0,0,0,0,18,12,0,16,0,0
2,1,120922,0,0,0,0,0,0,0,0,0,0
1,1,120923,0,0,0,0,0,0,0,0,0,0
1,1,120924,0,0,0,0,0,0,0,0,0,0
2,1,120924,25,0,0,0,0,0,2,0,0,0
1,1,120925,0,0,0,0,0,0,0,0,0,0
2,1,120925,0,0,0,0,0,0,0,0,0,0
1,1,120926,0,0,0,0,0,0,0,0,0,0
1,1,120927,10,10,10,10,10,10,10,10,10,10
1,1,120928,0,0,0,0,0,0,0,0,0,0
2,1,120928,0,0,0,0,0,0,0,0,0,15
1,1,120929,0,0,0,0,0,0,0,0,0,4
2,1,120929,0,0,0,0,0,0,0,0,0,0
1,1,120930,0,0,0,0,0,0,0,0,0,0
2,1,120930,0,0,0,0,0,0,0,0,0,0
1,1,120931,0,0,0,0,0,0,0,0,0,0
2,1,120931,0,0,27,28,21,0,0,0,0,0
0,1,120932,0,0,0,0,0,0,0,0,0,0
1,1,120932,0,0,0,0,0,0,0,0,0,0
1,1,120933,16,16,16,16,16,16,16,16,16,16
1,1,120934,19,22,13,0,11,35,16,23,30,17
2,1,120934,0,0,0,0,0,0,0,0,0,0
0,1,120935,0,9,6,27,0,22,0,34,40,15
1,1,120935,0,0,0,0,0,0,0,0,0,0
1,1,120936,0,0,0,0,0,0,7,0,15,0
0,1,120937,18,18,0,17,0,0,17,8,41,0
1,1,120937,16,14,11,29,17,12,30,6,0,17
0,1,120938,5,5,5,5,5,5,5,5,5,5
1,1,120938,0,0,0,0,0,0,0,0,0,0
1,1,120939,0,0,0,0,0,0,0,0,0,0
0,1,120940,17,17,25,24,11,0,11,0,16,15
1,1,120940,0,0,0,0,0,0,0,0,0,0
1,1,120941,27,27,27,27,27,27,27,27,27,27
2,1,120941,0,10,0,0,0,0,8,0,0,0
0,1,120942,25,25,25,25,25,25,25,25,25,25
1,1,120942,0,0,15,0,0,0,14,0,0,0
2,1,120942,0,0,0,0,0,0,0,0,0,12
0,1,120943,20,20,20,20,20,20,20,20,20,20
1,1,120943,0,0,0,0,0,0,0,0,0,0
0,1,120944,29,29,29,29,29,29,29,29,29,29
1,1,120944,0,0,0,0,8,16,0,0,0,15
2,1,120944,0,0,0,0,0,0,9,0,0,8
1,1,120945,13,13,13,13,13,13,13,13,13,13
1,1,120946,0,0,0,0,0,0,0,0,0,0
1,1,120947,0,0,0,0,0,0,0,0,0,0
1,1,120948,3,0,0,0,0,0,0,0,0,0
2,1,120948,0,0,0,0,0,19,0,0,15,0
1,1,120949,9,9,9,9,9,9,9,9,9,9
0,1,120950,29,29,29,29,29,29,29,29,29,29
1,1,120950,0,18,0,0,0,0,11,0,0,20
1,1,120951,28,28,28,28,28,28,28,28,28,28
2,1,120951,0,0,0,0,13,0,0,7,17,0
0,1,120952,24,19,0,34,27,31,30,15,9,0
1,1,120952,11,12,12,0,0,0,0,0,0,0
0,1,120953,27,27,27,27,27,27,27,27,27,27
1,1,120953,0,0,0,0,0,0,0,0,0,0
0,1,120954,0,27,0,20,0,0,11,0,0,16
1,1,120954,4,13,16,0,0,0,21,0,14,6
1,1,120955,12,8,24,24,10,18,7,8,12,25
0,1,120956,0,0,0,0,0,0,0,0,0,0
1,1,120956,0,0,0,0,0,0,0,0,0,42
0,1,120957,28,22,0,0,25,15,0,0,16,16
1,1,120957,0,0,0,0,4,0,0,0,16,0
1,1,120958,0,0,0,0,0,0,0,0,23,0
2,1,120958,0,10,0,0,0,0,0,0,0,0
1,1,120959,0,0,0,0,0,0,0,0,0,0
2,1,120959,0,0,0,0,0,0,0,0,0,0
3,1,120959,0,0,0,0,0,0,0,0,0,0
1,1,120960,12,12,12,12,12,12,12,12,12,12
1,1,120961,0,0,0,0,0,0,0,0,0,0
1,1,120962,0,0,11,0,0,5,0,4,0,15
2,1,120962,0,0,0,0,0,0,0,0,0,0
0,1,120963,0,0,0,0,0,0,0,0,0,0
1,1,120963,0,0,0,0,0,0,0,0,0,0
1,1,120964,0,0,0,0,0,0,0,0,0,0
2,1,120964,0,0,0,0,0,0,0,0,0,0
1,1,120965,0,0,0,0,0,0,0,0,0,0
1,1,120966,0,0,0,0,0,0,0,0,0,0
2,1,120966,0,0,0,0,0,0,0,10,0,0
1,1,120967,0,0,0,0,0,0,0,0,0,0
1,1,120968,0,0,0,0,0,0,0,0,0,0
1,1,120969,0,0,0,0,0,0,0,0,0,0
1,1,120970,10,10,10,10,10,10,10,10,10,10
1,1,120971,0,0,0,0,0,0,0,0,0,0
1,1,120973,0,0,0,0,0,0,0,0,0,0
1,1,120974,0,0,0,0,0,0,0,0,0,0
2,1,120974,0,0,0,0,0,0,0,0,0,0
1,1,120975,0,0,0,0,0,0,0,0,0,0
2,1,120975,0,0,0,0,0,0,27,0,0,0
1,1,120976,4,4,4,4,4,4,4,4,4,4
2,1,120976,0,0,0,0,0,0,0,0,0,0
1,1,120977,7,7,7,7,7,7,7,7,7,7
2,1,120977,0,8,0,0,0,0,0,0,0,0
1,1,120978,0,0,0,0,0,0,0,0,0,0
1,1,120979,17,17,17,17,17,17,17,17,17,17
2,1,120979,0,0,0,0,0,0,0,0,0,0
1,1,120980,0,0,0,0,0,0,0,0,0,0
2,1,120980,0,0,0,0,0,0,0,0,0,0
1,1,120981,17,17,17,17,17,17,17,17,17,17
1,1,120982,20,20,20,20,20,20,20,20,20,20
2,1,120982,0,23,12,13,13,0,0,0,13,0
1,1,120983,18,18,18,18,18,18,18,18,18,18
1,1,120984,0,0,0,0,0,0,0,0,0,0
2,1,120984,16,0,0,14,9,10,7,0,12,2
1,1,120985,0,0,0,0,0,0,0,0,0,0
1,1,120986,0,0,0,0,0,0,0,0,0,0
2,1,120986,0,0,0,0,0,0,0,0,0,0
1,1,120987,0,0,0,0,0,0,0,0,0,0
1,1,120988,0,0,0,0,0,0,0,0,0,0
2,1,120988,0,0,0,0,0,0,0,0,0,0
1,1,120989,0,0,0,0,0,0,0,0,0,0
0,1,120990,29,17,0,24,43,21,0,37,0,5
1,1,120990,18,22,0,0,21,29,10,0,0,0
1,1,120991,0,0,0,0,0,0,0,0,0,0
2,1,120991,0,0,0,0,0,0,0,0,0,0
3,1,120991,0,0,0,0,0,0,0,0,0,0
1,1,120992,0,0,0,0,0,0,0,0,0,0
2,1,120992,0,0,0,0,0,0,0,0,0,0
1,1,120993,0,0,0,0,0,0,0,0,0,0
2,1,120993,0,0,0,0,0,0,0,0,0,0
0,1,120994,0,16,15,14,0,48,13,20,24,28
1,1,120994,13,13,13,13,13,13,13,13,13,13
1,1,120995,0,0,0,0,0,10,0,0,0,0
1,1,120996,22,22,22,22,22,22,22,22,22,22
2,1,120996,8,0,20,0,0,0,0,0,0,14
3,1,120996,0,0,0,0,0,0,0,0,0,0
1,1,120997,12,12,12,12,12,12,12,12,12,12
1,1,120998,0,0,0,0,0,0,0,0,0,0
0,1,120999,7,7,7,7,7,7,7,7,7,7
1,1,120999,0,0,0,0,0,0,0,0,0,0
1,1,121000,16,16,16,16,16,16,16,16,16,16
1,1,121001,0,0,0,0,0,0,0,0,0,0
2,1,121001,0,0,0,0,0,0,0,0,0,0
1,1,121002,25,25,25,25,25,25,25,25,25,25
1,1,121003,14,14,14,14,14,14,14,14,14,14
1,1,121004,0,0,0,0,0,0,0,0,0,0
1,1,121005,0,0,9,7,0,0,0,0,0,0
2,1,121005,15,0,0,0,12,0,0,0,0,18
3,1,121005,2,0,0,0,0,0,0,0,0,0
0,1,121006,0,0,0,0,0,13,12,0,0,0
1,1,121006,0,0,0,0,0,0,0,0,18,0
1,1,121007,0,0,0,0,0,0,0,0,0,0
2,1,121007,0,0,0,0,0,0,0,0,0,0
1,1,121008,3,12,13,10,21,21,18,14,15,17
1,1,121009,0,0,0,0,0,0,0,0,0,0
2,1,121009,0,0,0,0,0,0,0,0,0,0
3,1,121009,0,0,0,0,0,0,0,0,0,0
4,1,121009,0,0,0,0,0,0,0,0,0,0
5,1,121009,0,0,0,0,0,0,0,0,0,0
6,1,121009,0,0,0,0,0,0,0,0,0,0
7,1,121009,0,0,0,0,0,0,8,0,0,8
8,1,121009,0,0,0,0,0,0,0,0,0,0
1,1,121010,8,8,8,8,8,8,8,8,8,8
1,1,121011,0,0,0,0,0,0,0,0,0,0
2,1,121011,0,0,0,0,0,0,0,0,0,0
0,1,121012,0,0,0,0,0,0,0,0,0,0
1,1,121012,0,0,0,0,0,0,0,0,0,0
1,1,121014,0,0,0,0,0,0,5,0,0,0
2,1,121014,0,0,0,0,0,0,0,0,0,0
1,1,121015,26,26,26,26,26,26,26,26,26,26
0,1,121016,39,17,45,0,30,0,16,26,34,28
1,1,121016,0,0,0,0,0,0,0,0,0,0
1,1,121017,0,0,7,0,0,0,0,0,13,0
1,1,121018,0,0,0,0,0,0,0,0,0,0
2,1,121018,0,0,0,0,0,0,0,0,0,0
0,1,121019,0,0,0,0,0,0,0,0,0,0
1,1,121019,0,0,0,14,0,0,0,0,0,0
0,1,121020,28,20,27,15,4,32,22,28,9,31
1,1,121020,0,0,0,0,0,0,0,0,0,0
1,1,121021,19,19,19,19,19,19,19,19,19,19
1,1,121022,0,0,0,0,0,0,0,0,0,0
2,1,121022,0,0,0,0,0,0,0,0,0,0
1,1,121023,0,0,0,0,0,0,0,0,0,0
2,1,121023,0,0,0,0,0,0,0,0,0,0
3,1,121023,0,0,0,0,0,0,0,0,0,0
1,1,121024,0,0,0,0,0,0,0,0,0,0
2,1,121024,0,0,0,0,0,0,0,0,0,0
1,1,121025,19,19,19,19,19,19,19,19,19,19
1,1,121026,18,18,18,18,18,18,18,18,18,18
1,1,121027,0,0,0,0,0,0,0,0,0,0
0,1,121028,0,20,24,0,0,0,17,0,25,19
1,1,121028,0,0,0,6,0,0,11,0,0,0
0,1,121029,14,14,14,14,14,14,14,14,14,14
1,1,121029,22,22,22,22,22,22,22,22,22,22
1,1,121030,25,25,25,25,25,25,25,25,25,25
1,1,121031,0,0,0,0,0,0,0,0,0,0
2,1,121031,0,0,0,0,0,0,0,0,0,0
1,1,121032,10,10,10,10,10,10,10,10,10,10
1,1,121033,0,0,0,0,0,0,0,0,0,0
1,1,121034,18,18,18,18,18,18,18,18,18,18
1,1,121035,5,5,5,5,5,5,5,5,5,5
2,1,121035,0,0,0,0,0,0,0,0,0,0
1,1,121036,0,0,0,0,0,0,0,0,0,0
1,1,121037,13,13,13,13,13,13,13,13,13,13
1,1,121038,26,26,26,26,26,26,26,26,26,26
1,1,121039,6,6,6,6,6,6,6,6,6,6
2,1,121039,0,0,0,0,0,15,0,0,0,0
1,1,121040,24,24,24,24,24,24,24,24,24,24
1,1,121041,18,18,18,18,18,18,18,18,18,18
1,1,121042,0,0,0,0,29,0,0,0,0,8
1,1,121043,16,16,16,16,16,16,16,16,16,16
2,1,121043,0,0,0,0,0,18,0,0,0,0
1,1,121044,14,14,14,14,14,14,14,14,14,14
2,1,121044,0,0,0,0,0,0,0,0,0,0
3,1,121044,0,0,0,0,0,0,20,0,23,0
0,1,121045,1,1,1,1,1,1,1,1,1,1
1,1,121045,0,0,0,13,0,21,0,0,0,0
2,1,121045,0,0,0,0,12,0,0,0,0,0
1,1,121046,0,0,0,0,0,0,0,0,0,0
2,1,121046,0,0,0,6,0,0,0,0,0,0
3,1,121046,0,0,0,0,0,0,0,0,0,0
1,1,121047,0,0,0,0,0,0,0,0,4,0
2,1,121047,0,0,0,0,0,0,0,0,0,0
3,1,121047,0,0,0,0,0,0,0,0,0,0
1,1,121048,0,0,0,0,0,0,0,0,0,0
2,1,121048,0,0,14,16,0,0,0,0,0,0
3,1,121048,0,0,0,0,0,0,0,0,0,0
4,1,121048,0,0,0,0,0,0,0,0,0,0
1,1,121049,20,20,20,20,20,20,20,20,20,20
1,1,121050,12,12,12,12,12,12,12,12,12,12
2,1,121050,0,0,0,0,0,0,0,0,0,0
0,1,121051,35,35,35,35,35,35,35,35,35,35
1,1,121051,0,0,0,0,21,0,0,0,11,0
2,1,121051,14,0,0,11,0,27,0,0,0,0
3,1,121051,0,0,0,0,0,0,0,12,0,0
1,1,121052,22,22,22,22,22,22,22,22,22,22
0,1,121053,14,14,14,14,14,14,14,14,14,14
1,1,121053,31,10,0,0,0,0,0,0,0,0
0,1,121054,0,0,0,0,0,0,0,0,0,0
1,1,121054,0,0,0,0,0,0,0,0,0,0
1,1,121055,0,0,0,0,0,32,1,0,15,30
1,1,121056,0,0,0,0,0,0,7,0,0,18
1,1,121057,8,0,0,0,0,0,0,0,0,0
2,1,121057,1,1,1,1,1,1,1,1,1,1
1,1,121058,20,20,20,20,20,20,20,20,20,20
1,1,121059,20,20,20,20,20,20,20,20,20,20
1,1,121060,0,0,0,0,0,0,0,0,0,0
2,1,121060,18,0,0,0,0,0,0,0,0,15
1,1,121061,0,0,0,0,0,0,0,0,0,0
1,1,121062,0,7,0,0,0,0,0,0,0,0
1,1,121063,33,0,0,0,7,13,0,0,4,32
2,1,121063,0,0,0,30,0,0,22,16,18,20
1,1,121064,0,0,0,0,0,0,0,0,0,0
1,1,121065,0,0,0,0,0,0,0,0,0,0
2,1,121065,0,7,10,29,0,0,0,16,0,22
1,1,121066,0,0,0,0,0,0,0,0,0,0
2,1,121066,0,0,0,0,0,0,0,0,0,0
3,1,121066,0,0,0,0,0,0,0,0,0,0
1,1,121067,0,0,0,0,0,0,0,0,0,0
1,1,121068,0,0,0,0,0,0,0,0,0,0
1,1,121070,0,0,0,0,0,0,0,0,0,0
2,1,121070,0,0,0,0,0,0,0,0,0,0
3,1,121070,0,0,0,0,0,0,0,0,0,0
1,1,121071,15,0,0,20,19,31,10,13,0,15
1,1,121072,0,0,15,0,0,0,0,6,0,0
2,1,121072,0,0,0,0,0,0,0,0,0,0
0,1,121073,15,15,15,15,15,15,15,15,15,15
1,1,121073,0,0,0,0,10,0,0,0,0,0
1,1,121074,11,11,11,11,11,11,11,11,11,11
2,1,121074,0,0,0,0,0,0,0,0,0,0
1,1,121075,0,0,0,0,0,0,0,0,0,0
2,1,121075,0,0,0,0,0,0,0,0,0,0
1,1,121076,0,0,15,0,0,0,0,0,0,15
2,1,121076,0,0,0,0,0,0,0,0,0,0
3,1,121076,0,0,0,0,0,0,0,0,0,0
1,1,121077,0,0,0,0,0,0,0,0,0,0
2,1,121077,0,0,0,15,0,0,0,0,0,0
1,1,121078,0,0,0,0,0,0,0,0,0,0
2,1,121078,0,0,0,0,0,3,0,0,0,0
3,1,121078,0,0,0,0,0,0,0,0,0,0
1,1,121080,0,12,0,26,0,0,8,0,11,0
0,1,121081,0,0,0,0,0,0,3,0,0,0
0,2,121081,0,0,0,0,0,0,0,0,0,0
1,1,121081,0,0,0,20,0,0,0,0,0,0
1,1,121082,0,0,0,0,0,0,0,0,0,0
2,1,121082,26,0,10,0,0,0,0,0,0,0
1,1,121083,26,0,13,0,0,18,0,0,0,0
1,1,121084,0,0,0,0,0,0,0,27,0,0
1,1,121085,8,8,8,8,8,8,8,8,8,8
1,1,121086,1,1,1,1,1,1,1,1,1,1
2,1,121086,0,20,0,0,0,0,0,0,0,0
1,1,121087,18,18,18,18,18,18,18,18,18,18
1,1,121088,0,0,0,0,0,0,0,0,0,0
2,1,121088,0,0,0,0,0,0,0,0,0,0
3,1,121088,6,24,0,0,0,0,0,0,0,0
4,1,121088,0,0,0,0,0,0,0,0,19,0
0,1,121089,35,35,35,35,35,35,35,35,35,35
1,1,121089,0,0,0,0,0,0,0,0,0,22
1,1,121090,2,2,2,2,2,2,2,2,2,2
2,1,121090,0,0,0,0,0,0,18,0,0,0
1,1,121091,32,32,32,32,32,32,32,32,32,32
1,1,121092,20,20,20,20,20,20,20,20,20,20
1,1,121093,0,0,0,0,0,0,0,0,0,0
2,1,121093,0,0,0,0,0,0,0,0,0,0
1,1,121094,3,13,0,15,21,46,23,19,34,16
1,1,121095,0,0,0,0,0,0,0,0,0,0
1,1,121096,13,13,13,13,13,13,13,13,13,13
2,1,121096,0,0,0,0,0,0,0,0,0,0
1,1,121097,0,0,0,0,0,0,0,0,0,0
2,1,121097,0,0,0,0,0,0,0,0,0,0
3,1,121097,0,0,0,0,0,0,0,0,0,0
1,1,121098,26,26,26,26,26,26,26,26,26,26
1,1,121099,1,1,1,1,1,1,1,1,1,1
1,1,121100,0,0,0,0,0,0,0,0,0,10
2,1,121100,0,0,0,0,0,0,0,0,0,0
1,1,121101,17,0,0,0,0,0,10,0,0,0
2,1,121101,0,0,0,0,0,0,0,18,0,0
1,1,121102,0,0,0,0,0,0,0,0,0,0
1,1,121103,0,0,0,0,0,0,0,0,0,0
2,1,121103,0,0,0,0,6,0,0,0,10,0
1,1,121104,5,5,5,5,5,5,5,5,5,5
1,1,121105,0,0,0,0,0,0,0,0,0,0
2,1,121105,0,0,0,0,0,0,0,0,0,0
3,1,121105,13,0,0,0,0,0,0,0,0,0
1,1,121106,0,0,0,0,0,0,0,0,0,0
1,1,121107,0,0,0,0,0,0,0,0,0,0
2,1,121107,0,0,0,0,0,0,0,0,0,0
1,1,121108,0,0,0,0,0,0,0,0,0,0
1,1,121109,10,10,10,10,10,10,10,10,10,10
0,1,121110,0,0,0,0,0,0,0,0,0,0
1,1,121110,0,0,0,0,0,0,0,0,0,0
1,1,121111,25,25,25,25,25,25,25,25,25,25
2,1,121111,0,0,0,0,12,0,0,0,0,10
0,1,121112,0,0,0,0,0,0,0,0,0,0
1,1,121112,0,9,0,0,0,0,2,0,0,0
1,1,121113,0,0,0,0,0,0,0,0,0,0
1,1,121114,18,18,18,18,18,18,18,18,18,18
1,1,121115,0,0,0,0,0,0,0,0,0,0
2,1,121115,0,0,0,0,0,0,9,0,0,0
1,1,121116,0,0,0,0,0,0,0,0,0,0
2,1,121116,0,16,0,0,0,0,0,0,0,0
1,1,121117,0,0,0,0,0,18,0,0,0,0
2,1,121117,0,0,0,0,17,0,0,0,0,0
1,1,121118,18,22,9,19,21,0,14,0,0,7
1,1,121119,0,0,0,0,0,0,0,0,0,0
1,1,121120,0,0,0,0,0,0,0,0,0,0
2,1,121120,0,0,15,0,9,23,0,0,19,0
0,1,121121,26,26,26,26,26,26,26,26,26,26
1,1,121121,0,0,0,0,0,0,0,0,0,0
0,1,121122,10,10,10,10,10,10,10,10,10,10
1,1,121122,0,13,0,0,0,0,0,0,0,0
0,1,121123,0,7,17,30,35,0,0,0,0,13
1,1,121123,13,0,0,0,0,0,0,0,0,0
0,1,121124,32,32,32,32,32,32,32,32,32,32
1,1,121124,3,10,0,0,24,0,0,0,13,0
1,1,121125,0,0,0,0,0,0,0,0,0,0
2,1,121125,0,0,0,0,0,0,0,0,0,0
1,1,121126,0,0,6,0,17,0,10,0,0,14
2,1,121126,0,0,0,0,0,0,0,0,0,0
1,1,121127,0,0,0,0,0,0,0,0,0,0
1,1,121128,0,0,0,0,0,0,0,0,0,0
2,1,121128,0,0,0,0,0,0,0,0,0,0
1,1,121129,19,9,0,0,8,0,15,0,0,14
0,1,121130,0,0,0,0,0,0,0,0,0,0
1,1,121130,0,0,0,0,0,0,0,0,0,0
1,1,121131,0,0,9,0,0,0,0,0,0,15
2,1,121131,7,7,7,7,7,7,7,7,7,7
1,1,121132,12,12,12,12,12,12,12,12,12,12
1,1,121133,11,11,11,11,11,11,11,11,11,11
0,1,121134,0,0,0,0,0,0,0,0,0,12
1,1,121134,0,0,0,0,0,0,0,0,0,11
1,1,121135,0,0,0,0,0,0,0,0,14,0
2,1,121135,0,0,0,0,0,0,0,0,0,0
1,1,121136,0,0,0,0,0,0,0,0,0,0
2,1,121136,0,0,0,0,0,0,0,0,0,0
3,1,121136,0,17,23,0,0,0,0,0,0,23
4,1,121136,0,0,0,0,0,9,0,0,0,0
5,1,121136,0,0,5,0,0,12,0,0,7,0
0,1,121137,0,0,0,0,0,0,0,12,0,0
1,1,121137,0,0,0,0,0,0,0,0,0,0
1,1,121138,0,0,0,0,0,0,0,0,0,0
1,1,121139,0,0,0,0,0,0,0,0,0,0
2,1,121139,0,0,0,0,0,0,0,0,0,0
3,1,121139,0,0,0,0,0,0,0,0,0,0
4,1,121139,0,0,0,0,0,0,0,0,0,0
1,1,121140,22,12,27,2,39,0,34,17,12,43
1,1,121141,0,0,0,0,0,0,16,0,0,0
1,1,121142,0,0,0,0,0,0,0,0,0,0
1,1,121143,0,0,0,8,12,11,0,0,0,0
1,1,121144,22,22,22,22,22,22,22,22,22,22
0,1,121145,26,0,26,21,0,0,12,7,0,10
1,1,121145,0,0,0,0,0,0,0,0,0,0
1,1,121146,22,22,22,22,22,22,22,22,22,22
1,1,121147,15,15,15,15,15,15,15,15,15,15
1,1,121148,0,0,0,0,0,5,9,0,0,0
2,1,121148,11,11,11,11,11,11,11,11,11,11
0,1,121149,0,0,0,0,0,0,0,11,7,17
0,2,121149,0,0,0,0,17,0,0,0,0,14
0,3,121149,0,7,0,0,0,0,0,0,0,0
1,1,121149,0,0,0,0,0,0,0,0,0,0
1,1,121150,0,0,0,0,0,0,0,0,0,0
2,1,121150,0,0,0,0,0,0,0,0,0,0
0,1,121151,0,0,0,0,0,0,0,0,0,0
1,1,121151,0,0,0,0,0,0,0,0,0,0
1,1,121152,26,26,26,26,26,26,26,26,26,26
1,1,121153,0,0,0,0,0,0,11,0,0,0
2,1,121153,0,0,0,0,0,0,0,0,0,0
1,1,121154,0,0,0,0,0,0,0,0,0,0
1,1,121155,16,0,14,0,0,0,6,0,0,0
2,1,121155,0,0,0,0,0,25,0,0,0,0
0,1,121156,0,0,0,0,0,0,0,0,0,0
1,1,121156,0,0,0,0,16,0,0,0,0,0
1,1,121157,12,12,12,12,12,12,12,12,12,12
1,1,121158,12,12,12,12,12,12,12,12,12,12
2,1,121158,15,0,0,0,0,11,13,0,14,0
0,1,121159,0,0,0,0,0,0,0,0,0,0
1,1,121159,0,0,0,11,0,0,0,0,6,0
1,1,121160,5,5,5,5,5,5,5,5,5,5
2,1,121160,0,0,0,0,0,0,0,0,0,0
1,1,121161,21,21,21,21,21,21,21,21,21,21
1,1,121162,0,0,0,0,0,0,0,0,0,0
2,1,121162,0,0,10,0,14,18,0,0,0,0
0,1,121163,0,0,0,0,0,0,0,0,0,0
1,1,121163,0,0,0,13,32,0,0,0,0,0
1,1,121164,0,0,0,0,0,0,0,0,0,0
0,1,121165,0,0,20,0,5,13,0,0,0,0