VEH_NO,PER_NO,ST_CASE,P1,P2,P3,P4,P5,P6,P7,P8,P9,P10
1,1,121459,0,0,0,0,0,0,0,0,0,0
2,1,121459,6,11,0,0,12,10,21,0,0,0
1,2,121460,0,24,0,0,0,0,20,19,0,0
1,1,121461,0,0,0,0,0,0,0,0,10,0
1,1,121462,0,0,0,0,0,0,0,0,0,0
2,1,121462,0,0,0,0,0,0,0,0,0,0
1,1,121463,0,0,0,0,0,0,0,0,0,0
2,1,121463,0,0,0,0,0,0,0,0,0,0
1,1,121464,0,0,0,0,0,0,0,0,0,0
2,1,121464,0,0,0,0,0,0,0,0,0,0
1,1,121465,0,0,0,0,0,0,0,0,0,0
2,1,121465,0,0,0,23,0,0,0,0,18,0
1,1,121466,0,0,0,0,0,12,0,0,0,22
2,1,121466,0,0,0,3,0,0,0,0,0,0
0,1,121467,41,41,41,41,41,41,41,41,41,41
1,1,121467,0,35,0,0,0,26,0,16,0,0
1,1,121468,14,14,14,14,14,14,14,14,14,14
2,1,121468,20,0,0,0,0,0,0,0,18,17
1,1,121469,13,13,13,13,13,13,13,13,13,13
0,1,121470,0,0,0,0,0,0,0,24,0,0
1,1,121470,0,18,0,0,0,0,0,0,0,0
1,1,121471,0,0,0,0,0,0,0,4,0,0
2,1,121471,0,0,0,0,0,0,0,0,0,0
3,1,121471,0,0,0,0,0,0,0,0,0,0
1,1,121472,0,0,0,0,0,0,0,0,0,0
1,1,121473,0,0,0,0,0,0,0,0,0,12
1,1,121474,0,0,0,0,0,0,0,0,0,0
2,1,121474,17,17,17,17,17,17,17,17,17,17
1,1,121475,0,0,7,0,12,0,0,0,0,0
1,1,121476,23,23,23,23,23,23,23,23,23,23
2,1,121476,0,0,0,0,0,0,0,0,12,0
3,1,121476,0,0,9,0,0,0,0,0,0,0
1,1,121477,0,0,0,0,0,0,0,0,0,0
2,1,121477,0,0,0,0,0,0,0,0,0,0
1,1,121478,0,0,0,0,0,0,0,0,0,0
2,1,121478,0,0,0,0,0,0,0,0,0,15
1,1,121479,0,0,0,0,0,0,0,0,0,0
2,1,121479,0,0,0,0,0,0,0,7,0,0
1,1,121480,4,4,4,4,4,4,4,4,4,4
0,1,121481,18,0,0,0,0,0,0,0,13,0
0,2,121481,0,0,0,0,0,0,0,0,0,0
1,1,121481,0,0,0,0,0,0,0,0,0,0
1,1,121482,33,33,33,33,33,33,33,33,33,33
2,1,121482,0,0,0,0,0,0,0,0,0,0
3,1,121482,13,0,0,10,16,20,12,0,16,0
4,1,121482,0,0,0,0,0,0,0,0,8,0
1,1,121483,0,0,0,0,0,0,0,0,0,0
1,1,121484,0,0,0,0,0,0,0,0,0,0
2,1,121484,0,0,0,0,0,0,0,0,0,0
3,1,121484,0,0,0,0,0,0,0,0,0,0
1,1,121485,0,0,0,0,0,0,7,5,0,0
2,1,121485,0,0,0,0,0,2,0,0,0,0
3,1,121485,3,0,0,0,0,0,0,0,0,0
1,1,121486,18,18,18,18,18,18,18,18,18,18
0,1,121487,7,0,7,0,12,0,0,12,29,0
1,1,121487,0,0,13,0,17,0,0,12,0,0
0,1,121488,11,11,11,11,11,11,11,11,11,11
1,1,121488,0,0,0,0,0,0,0,0,0,0
1,1,121489,0,0,0,0,0,0,0,0,0,0
2,1,121489,0,0,0,0,0,0,0,0,0,0
1,1,121490,0,7,0,0,0,15,15,0,0,0
2,1,121490,0,27,0,0,12,0,0,0,0,0
1,1,121491,0,0,0,0,0,0,0,0,0,0
2,1,121491,0,0,0,0,0,0,0,0,0,0
3,1,121491,0,0,0,0,0,0,0,0,0,0
1,1,121492,0,0,0,0,0,0,0,0,0,0
2,1,121492,0,0,0,0,0,0,0,0,0,0
1,1,121493,0,0,0,0,0,0,0,0,0,0
1,1,121494,0,0,0,0,0,0,0,0,0,0
2,1,121494,0,0,14,0,0,0,0,0,0,0
3,1,121494,0,0,0,0,0,10,0,0,0,0
0,1,121495,20,20,20,20,20,20,20,20,20,20
1,1,121495,0,0,0,0,0,0,0,0,0,0
2,1,121495,0,0,0,0,0,0,0,0,0,0
0,1,121496,8,8,8,8,8,8,8,8,8,8
1,1,121496,8,8,8,8,8,8,8,8,8,8
2,1,121496,13,13,13,13,13,13,13,13,13,13
0,1,121497,0,0,0,0,0,0,0,0,0,0
1,1,121497,0,0,0,0,4,0,11,10,0,0
1,1,121498,22,22,22,22,22,22,22,22,22,22
0,1,121499,20,20,20,20,20,20,20,20,20,20
1,1,121499,0,0,0,0,0,0,9,0,10,0
1,1,121500,28,28,28,28,28,28,28,28,28,28
1,1,121501,18,18,18,18,18,18,18,18,18,18
1,1,121502,25,25,25,25,25,25,25,25,25,25
2,1,121502,0,0,0,0,0,0,0,0,0,0
1,1,121504,0,0,0,0,0,0,0,0,0,0
1,1,121505,0,0,0,0,0,0,0,0,0,0
1,1,121506,0,0,0,0,0,0,0,0,0,0
1,1,121507,13,0,0,0,0,0,0,0,0,0
2,1,121507,15,18,18,0,19,0,15,20,4,0
3,1,121507,0,0,0,0,0,0,0,0,0,0
1,1,121508,0,0,0,0,0,0,0,0,0,0
2,1,121508,0,0,0,0,0,0,0,0,0,12
1,1,121509,0,0,0,0,0,0,0,7,24,0
2,1,121509,0,0,0,0,0,0,0,0,0,0
1,1,121510,0,5,0,18,22,0,12,0,0,0
1,1,121511,17,17,17,17,17,17,17,17,17,17
1,1,121512,0,0,0,0,0,0,0,0,0,0
2,1,121512,0,0,0,0,0,0,0,0,0,0
1,1,121513,0,0,0,0,0,0,0,0,0,0
1,1,121514,0,0,0,0,0,0,0,0,0,0
2,1,121514,0,0,0,0,0,0,0,0,0,0
1,1,121515,6,6,6,6,6,6,6,6,6,6
1,1,121516,17,17,17,17,17,17,17,17,17,17
1,1,121517,9,9,9,9,9,9,9,9,9,9
2,1,121517,18,3,11,0,0,0,0,0,30,8
1,1,121518,24,24,24,24,24,24,24,24,24,24
2,1,121518,0,7,0,0,0,6,0,0,0,0
1,1,121519,0,0,0,0,0,0,0,0,0,0
1,1,121520,0,0,0,0,0,0,0,0,0,0
1,1,121521,0,0,0,0,0,0,0,0,0,0
1,1,121522,0,0,0,0,0,0,0,0,0,0
1,1,121523,0,0,0,0,0,0,0,0,0,0
1,1,121524,27,27,27,27,27,27,27,27,27,27
1,1,121525,0,0,0,0,13,0,0,0,0,0
1,1,121526,0,0,0,0,0,0,0,0,0,0
0,1,121527,21,21,21,21,21,21,21,21,21,21
1,1,121527,36,36,36,36,36,36,36,36,36,36
2,1,121527,0,0,7,0,25,0,0,0,0,0
1,1,121528,15,15,15,15,15,15,15,15,15,15
0,1,121529,29,29,29,29,29,29,29,29,29,29
1,1,121529,0,0,0,0,0,0,0,0,0,0
1,1,121530,13,13,13,13,13,13,13,13,13,13
1,1,121531,19,19,19,19,19,19,19,19,19,19
1,1,121532,0,0,0,0,0,0,0,0,0,0
1,1,121533,0,17,0,0,0,0,0,0,0,0
0,1,121534,0,14,22,0,36,0,30,0,19,0
1,1,121534,0,0,0,0,5,0,0,0,0,0
1,1,121535,0,0,0,0,0,0,0,0,0,0
2,1,121535,0,0,0,0,0,0,0,0,0,0
1,1,121536,0,0,0,0,0,0,0,0,0,0
2,1,121536,0,0,0,0,0,0,14,0,0,0
1,1,121537,0,0,0,0,0,0,0,0,0,19
2,1,121537,0,0,0,0,0,0,0,0,0,0
1,1,121538,0,0,0,0,0,0,0,0,0,0
2,1,121538,0,0,0,0,0,0,0,0,0,0
0,1,121539,0,0,0,0,0,0,0,0,0,0
1,1,121539,0,0,0,0,0,15,0,0,0,0
0,1,121540,0,0,0,30,0,0,0,0,0,0
1,1,121540,0,0,0,0,0,0,0,0,0,0
1,1,121541,11,0,0,0,0,0,0,0,0,0
2,1,121541,15,0,0,0,0,0,0,0,0,0
1,1,121542,0,0,0,0,0,0,0,0,0,0
2,1,121542,0,0,0,0,0,0,0,0,0,0
1,1,121543,0,0,0,0,0,0,0,0,0,0
2,1,121543,0,0,0,0,0,0,0,0,0,0
0,1,121544,0,0,0,0,0,0,0,0,0,0
1,1,121544,0,0,0,0,0,0,0,0,0,0
1,1,121545,0,0,0,11,0,0,0,4,0,0
0,1,121546,0,0,0,0,0,0,3,0,10,7
1,1,121546,0,0,0,0,0,0,0,0,0,0
1,1,121547,2,2,2,2,2,2,2,2,2,2
2,1,121547,0,0,0,0,0,0,0,0,0,0
1,1,121548,0,0,0,0,0,0,0,0,0,0
2,1,121548,0,0,0,0,0,0,0,0,0,0
1,1,121549,17,17,17,17,17,17,17,17,17,17
1,1,121550,0,0,0,0,0,0,0,0,0,0
2,1,121550,0,0,0,0,0,0,0,0,0,0
1,1,121551,0,0,0,0,0,0,0,0,0,0
0,1,121552,13,0,0,32,25,0,0,4,0,0
1,1,121552,0,0,0,0,0,0,0,0,0,0
1,1,121553,19,8,0,5,0,9,24,10,0,0
2,1,121553,0,0,0,5,0,0,0,0,0,0
1,1,121554,0,0,0,0,0,0,0,0,0,0
2,1,121554,0,0,0,0,0,0,0,0,0,0
0,1,121555,0,0,24,25,0,0,10,0,11,34
1,1,121555,0,3,0,6,0,0,0,0,0,0
0,1,121556,0,0,0,0,0,0,0,0,0,0
0,2,121556,0,0,0,0,0,0,0,0,0,0
1,1,121556,1,1,1,1,1,1,1,1,1,1
0,1,121557,0,0,0,0,0,0,0,33,17,9
1,1,121557,0,0,0,0,0,0,0,0,0,0
0,1,121558,0,0,0,0,0,0,31,0,0,0
1,1,121558,0,0,0,0,0,0,0,0,0,0
1,1,121559,0,0,0,0,0,0,0,0,0,0
1,1,121560,18,18,18,18,18,18,18,18,18,18
2,1,121560,0,0,6,0,0,0,17,0,23,0
0,1,121561,0,0,0,0,0,0,0,0,0,0
0,2,121561,19,0,0,0,0,0,0,0,0,0
1,1,121561,0,0,7,0,0,27,0,0,0,0
0,1,121562,0,0,0,0,0,0,0,0,0,0
1,1,121562,0,0,0,0,0,0,0,0,0,0
2,1,121562,0,0,0,0,0,0,0,0,0,0
1,1,121563,0,0,0,0,0,0,0,0,0,0
2,1,121563,0,0,0,0,0,0,0,0,0,0
1,1,121564,13,13,13,13,13,13,13,13,13,13
0,1,121565,9,9,9,9,9,9,9,9,9,9
1,1,121565,0,0,0,0,0,0,0,0,0,0
1,1,121566,0,0,0,0,0,0,0,27,0,0
0,1,121567,0,2,0,0,0,0,0,0,0,0
1,1,121567,23,23,23,23,23,23,23,23,23,23
0,1,121568,0,0,0,0,0,0,0,0,0,0
1,1,121568,0,0,0,0,0,0,0,0,0,0
1,1,121569,0,0,0,0,0,0,0,0,0,0
2,1,121569,0,0,0,0,0,0,0,0,0,0
0,1,121570,5,5,5,5,5,5,5,5,5,5
1,1,121570,18,18,18,18,18,18,18,18,18,18
1,1,121571,20,20,20,20,20,20,20,20,20,20
2,1,121571,0,0,23,0,0,0,15,0,0,0
1,1,121572,0,0,0,0,0,0,0,0,0,0
2,1,121572,0,0,0,0,0,0,0,0,0,0
1,1,121573,0,0,0,0,0,0,0,0,0,0
1,1,121574,15,15,15,15,15,15,15,15,15,15
1,1,121575,16,22,0,0,20,0,3,5,0,19
2,1,121575,24,0,12,12,0,0,11,0,24,18
1,1,121576,20,20,20,20,20,20,20,20,20,20
0,1,121577,26,11,0,28,25,0,14,18,0,0
1,1,121577,0,0,16,0,0,0,28,0,0,0
1,1,121578,21,21,21,21,21,21,21,21,21,21
1,1,121579,0,0,0,0,0,0,0,0,0,0
2,1,121579,9,0,0,0,0,0,0,19,0,0
1,1,121580,0,0,0,0,0,0,0,0,0,0
0,1,121581,16,16,16,16,16,16,16,16,16,16
1,1,121581,0,0,22,0,18,0,0,11,15,18
1,1,121582,0,0,0,0,0,0,0,0,0,0
2,1,121582,0,0,0,0,0,0,0,0,0,0
3,1,121582,0,0,0,0,0,0,0,0,0,0
4,1,121582,0,0,0,0,0,0,0,0,0,2
1,1,121583,0,0,0,0,0,0,0,0,0,0
2,1,121583,0,0,0,0,0,0,0,0,0,0
1,1,121584,0,0,0,0,0,0,0,0,0,0
2,1,121584,0,0,0,0,0,0,0,0,0,0
1,1,121585,0,0,0,0,0,0,0,0,0,0
1,1,121586,0,0,0,0,10,9,9,0,0,0
0,1,121587,0,0,0,0,0,0,0,0,0,0
1,1,121587,0,0,0,0,0,0,0,0,0,0
0,1,121588,19,0,0,0,28,17,0,6,0,32
1,1,121588,0,0,0,0,0,0,0,0,0,0
1,1,121589,0,0,0,0,0,0,0,0,0,0
2,1,121589,0,0,0,0,0,0,0,0,0,0
1,1,121590,0,0,0,0,0,0,0,0,0,0
2,1,121590,0,0,0,0,0,0,0,0,0,0
0,1,121591,31,31,31,31,31,31,31,31,31,31
1,1,121591,0,0,0,0,0,0,0,0,0,0
1,1,121592,11,11,11,11,11,11,11,11,11,11
1,1,121593,0,0,0,0,0,0,0,0,0,0
2,1,121593,0,0,0,0,0,0,0,0,0,0
0,1,121594,0,0,2,28,0,21,0,15,21,35
1,1,121594,28,0,20,0,0,0,0,0,0,0
1,1,121595,0,3,0,0,0,0,0,0,0,0
2,1,121595,0,0,0,0,0,0,0,0,0,0
3,1,121595,0,0,0,0,0,0,0,0,0,12
1,1,121596,0,0,0,0,0,0,0,0,0,0
1,1,121597,2,2,2,2,2,2,2,2,2,2
1,1,121598,0,0,0,0,0,0,0,0,0,0
1,1,121599,15,15,15,15,15,15,15,15,15,15
0,1,121600,0,0,0,0,0,0,0,0,0,0
1,1,121600,0,0,0,0,0,0,0,0,0,0
1,1,121602,18,18,18,18,18,18,18,18,18,18
2,1,121602,0,0,0,0,0,0,0,0,0,0
1,1,121603,0,0,0,0,0,0,0,0,0,0
2,1,121603,0,0,0,0,0,0,0,0,0,0
1,1,121604,0,0,0,0,0,0,0,0,0,0
2,1,121604,0,0,0,0,0,0,0,0,0,0
1,1,121605,0,0,0,0,0,0,0,0,0,0
2,1,121605,0,0,0,0,0,0,0,0,0,0
1,1,121606,0,0,0,0,0,0,0,0,0,0
0,1,121607,0,0,0,0,7,0,0,0,14,0
1,1,121607,0,0,0,0,0,0,0,0,0,0
1,1,121608,0,0,0,0,0,0,0,0,0,0
1,1,121609,20,20,20,20,20,20,20,20,20,20
2,1,121609,0,0,0,0,0,0,0,28,0,0
1,1,121610,20,20,20,20,20,20,20,20,20,20
2,1,121610,11,11,11,11,11,11,11,11,11,11
0,1,121611,0,0,0,0,0,0,0,0,0,0
2,1,121611,0,0,0,0,0,0,0,0,0,0
3,1,121611,0,0,0,0,0,0,0,0,0,0
4,1,121611,0,0,0,0,0,0,0,0,0,0
1,1,121612,0,0,0,0,0,0,0,0,0,0
2,1,121612,0,0,0,0,0,0,0,0,0,0
3,1,121612,0,0,0,0,0,0,0,0,0,0
1,1,121613,0,0,0,0,0,0,0,0,0,0
1,1,121614,0,0,0,0,0,0,0,0,0,0
1,1,121615,9,9,9,9,9,9,9,9,9,9
1,1,121616,16,11,17,17,21,15,16,16,19,13
2,1,121616,0,0,0,8,0,0,0,0,0,0
0,1,121617,0,0,0,0,0,0,0,0,0,0
1,1,121617,0,0,0,0,0,0,0,0,0,0
2,1,121617,0,7,0,0,0,0,0,0,0,0
3,1,121617,0,0,0,0,0,0,0,0,0,0
1,1,121618,0,0,0,17,0,10,16,0,0,0
1,1,121619,0,0,0,0,0,0,0,0,0,0
1,1,121620,19,19,19,19,19,19,19,19,19,19
2,1,121620,0,0,0,0,0,0,0,0,0,0
1,1,121621,12,12,12,12,12,12,12,12,12,12
1,1,121622,0,0,0,0,0,0,0,0,0,0
2,1,121622,0,0,0,0,0,0,0,0,0,0
3,1,121622,0,0,0,0,0,0,0,0,0,0
1,1,121623,13,13,13,13,13,13,13,13,13,13
1,1,121624,0,0,0,0,0,0,0,0,0,0
2,1,121624,0,0,0,0,0,0,0,0,0,0
1,1,121625,0,0,0,0,0,0,0,0,9,0
2,1,121625,0,0,0,0,0,0,0,0,0,0
1,1,121626,10,10,10,10,10,10,10,10,10,10
1,1,121627,0,0,0,0,5,0,0,0,0,0
1,1,121628,0,0,0,0,0,0,0,0,0,0
2,1,121628,0,0,0,0,0,0,0,0,0,0
3,1,121628,0,0,0,0,0,0,0,0,0,0
1,1,121629,0,0,0,0,0,0,0,0,0,0
2,1,121629,14,14,14,14,14,14,14,14,14,14
0,1,121630,11,11,11,11,11,11,11,11,11,11
1,1,121630,0,0,0,0,0,0,0,0,0,0
0,1,121631,27,27,27,27,27,27,27,27,27,27
1,1,121631,0,0,0,0,0,0,0,0,29,0
1,1,121632,0,0,0,0,0,0,0,0,0,0
2,1,121632,0,0,0,0,0,0,0,0,0,0
1,1,121633,14,14,14,14,14,14,14,14,14,14
1,1,121634,0,0,0,0,0,0,0,0,0,0
2,1,121634,0,0,0,0,0,0,0,0,0,0
1,1,121635,0,0,0,0,19,24,0,0,0,0
0,1,121636,0,0,0,0,0,0,0,0,0,0
1,1,121636,0,0,0,0,0,0,0,8,0,0
1,1,121637,0,0,0,0,0,0,0,0,0,0
2,1,121637,0,0,0,0,0,0,0,0,0,0
1,1,121638,0,0,0,0,0,0,0,0,0,0
2,1,121638,0,0,0,0,0,0,0,0,0,0
3,1,121638,0,0,0,0,0,0,0,0,0,0
4,1,121638,0,0,0,0,0,0,0,6,0,15
1,1,121639,0,0,0,0,0,0,0,0,0,0
2,1,121639,0,6,0,0,0,0,0,0,0,0
1,1,121640,23,23,23,23,23,23,23,23,23,23
1,1,121641,13,13,13,13,13,13,13,13,13,13
1,1,121642,4,9,5,23,25,23,10,10,21,19
1,1,121643,21,21,21,21,21,21,21,21,21,21
2,1,121643,0,0,0,0,0,0,0,0,0,0
1,1,121644,0,0,0,0,0,0,0,0,0,0
1,1,121645,0,0,0,7,0,0,0,0,0,0
2,1,121645,0,0,0,0,0,0,0,0,0,0
1,1,121646,16,16,16,16,16,16,16,16,16,16
1,1,121647,0,0,0,0,0,0,0,0,0,0
2,1,121647,0,0,0,0,0,0,0,0,0,0
1,1,121648,12,12,12,12,12,12,12,12,12,12
1,1,121649,10,10,10,10,10,10,10,10,10,10
1,1,121650,26,11,23,27,7,16,18,35,17,23
1,1,121651,0,0,4,0,0,3,0,0,0,0
1,1,121652,0,0,0,0,0,0,0,0,0,0
2,1,121652,0,0,0,0,0,0,0,0,0,0
1,1,121653,0,0,0,0,0,0,0,0,0,0
2,1,121653,0,0,0,0,0,0,0,0,0,0
1,1,121654,0,26,0,15,13,9,27,0,0,30
1,1,121655,0,0,0,0,0,0,0,0,0,0
1,1,121656,20,20,20,20,20,20,20,20,20,20
1,1,121657,26,26,26,26,26,26,26,26,26,26
1,1,121658,0,0,0,0,0,0,0,0,0,0
2,1,121658,0,0,0,0,0,0,0,0,0,7
1,1,121659,0,0,0,0,0,0,0,0,0,0
0,1,121660,18,18,18,18,18,18,18,18,18,18
1,1,121660,0,0,17,0,0,0,0,0,0,0
1,1,121661,22,22,22,22,22,22,22,22,22,22
0,1,121662,0,0,0,0,0,0,0,0,0,0
1,1,121662,0,0,0,0,0,0,0,0,0,0
1,1,121663,0,0,0,0,0,0,0,0,0,0
2,1,121663,0,0,0,0,0,0,0,0,0,0
1,1,121664,0,0,0,0,0,0,0,0,0,0
2,1,121664,0,0,0,0,0,0,0,0,0,0
3,1,121664,0,0,0,0,0,0,0,0,0,0
4,1,121664,0,0,0,0,0,0,0,0,0,0
5,1,121664,0,0,0,0,0,0,0,0,0,0
1,1,121665,22,22,0,15,18,0,0,0,0,0
2,1,121665,0,0,0,0,0,0,0,0,0,0
1,1,121666,0,0,0,0,0,0,0,0,0,0
2,1,121666,0,0,0,0,0,0,0,0,0,0
1,1,121667,12,12,12,12,12,12,12,12,12,12
1,1,121668,0,0,0,0,0,0,0,0,0,0
2,1,121668,0,0,0,0,0,0,0,0,0,0
0,1,121669,24,24,24,24,24,24,24,24,24,24
1,1,121669,0,0,0,0,0,0,0,0,0,0
1,1,121670,0,0,0,0,0,0,0,0,0,0
1,1,121671,0,14,16,0,0,0,0,23,0,0
2,1,121671,0,0,12,0,0,0,16,0,20,0
1,1,121672,26,26,26,26,26,26,26,26,26,26
1,1,121673,0,0,0,0,0,0,0,0,0,0
2,1,121673,0,0,0,0,0,0,0,0,0,0
0,1,121674,0,0,10,0,0,25,0,0,0,41
1,1,121674,0,0,0,0,0,0,2,0,0,0
1,1,121675,0,0,0,0,0,0,0,0,0,0
2,1,121675,0,0,0,0,0,0,0,0,0,0
1,1,121676,0,0,0,0,0,0,0,0,0,0
1,1,121677,0,0,0,0,0,0,0,0,0,0
1,1,121678,0,0,0,0,0,0,14,0,0,0
2,1,121678,0,0,0,0,0,0,0,0,0,0
3,1,121678,0,0,0,0,0,0,0,0,0,0
4,1,121678,5,0,0,0,0,0,0,0,0,0
1,1,121679,0,0,0,0,0,0,0,0,0,0
0,1,121680,9,0,30,0,0,3,25,5,26,28
1,1,121680,0,0,0,0,0,0,0,0,5,0
0,1,121681,37,0,0,0,26,19,24,12,0,22
1,1,121681,5,0,0,4,9,8,0,0,0,0
1,1,121682,0,0,0,0,0,0,0,0,0,0
2,1,121682,0,0,0,0,0,0,0,0,0,0
1,1,121683,0,0,0,0,0,0,0,0,0,0
2,1,121683,0,0,0,0,0,0,0,0,28,0
0,1,121684,0,0,0,0,0,0,0,0,0,0
1,1,121684,0,0,10,18,0,0,0,0,0,0
0,1,121685,0,0,0,0,0,0,0,0,0,0
1,1,121685,0,0,0,0,0,0,0,0,0,0
1,1,121686,0,0,0,0,0,0,0,8,0,0
2,1,121686,0,0,0,0,0,0,0,0,0,0
1,1,121687,0,0,0,0,0,0,0,0,0,0
2,1,121687,0,0,0,0,0,0,0,0,0,0
1,1,121688,28,28,28,28,28,28,28,28,28,28
1,1,121689,0,0,0,0,0,0,0,0,0,0
1,1,121690,0,0,0,0,0,0,0,0,0,0
1,1,121691,20,20,20,20,20,20,20,20,20,20
1,1,121692,0,0,0,0,0,0,0,0,0,0
2,1,121692,0,0,0,0,0,0,0,0,0,0
1,1,121693,0,0,0,0,0,0,0,0,0,0
1,1,121694,0,0,7,0,0,0,0,0,0,0
1,1,121695,0,0,0,0,0,0,0,0,0,0
1,1,121696,0,0,0,0,0,0,0,0,0,0
2,1,121696,7,7,7,7,7,7,7,7,7,7
1,1,121697,0,0,0,0,0,0,0,0,0,0
1,1,121698,10,10,10,10,10,10,10,10,10,10
1,1,121699,0,0,0,0,0,0,0,0,0,0
2,1,121699,0,0,0,0,0,0,0,0,0,0
1,1,121700,25,10,16,21,14,0,14,25,24,8
0,1,121701,15,15,15,15,15,15,15,15,15,15
1,1,121701,0,24,0,0,0,0,0,0,0,0
0,1,121702,20,20,20,20,20,20,20,20,20,20
1,1,121702,0,0,0,0,0,0,0,0,0,0
0,1,121703,30,30,30,30,30,30,30,30,30,30
1,1,121703,0,18,0,0,0,0,0,0,0,0
0,1,121704,0,0,0,0,0,0,0,0,0,0
1,1,121704,0,0,0,0,0,0,0,0,0,0
1,1,121705,15,15,15,15,15,15,15,15,15,15
1,1,121706,20,20,20,20,20,20,20,20,20,20
1,1,121707,0,0,0,0,0,0,0,0,0,0
2,1,121707,0,27,0,0,0,0,0,0,0,0
1,1,121708,0,0,0,0,0,0,0,0,0,0
2,1,121708,0,0,0,0,0,0,0,0,0,0
3,1,121708,0,0,0,0,0,0,0,0,0,0
1,1,121709,0,0,0,0,0,0,0,0,0,0
2,1,121709,0,0,0,0,0,0,0,0,0,0
1,1,121710,0,0,0,0,0,0,0,0,0,0
2,1,121710,0,0,0,0,0,0,0,0,0,0
1,1,121711,22,6,0,0,21,0,31,0,0,27
0,1,121712,31,31,31,31,31,31,31,31,31,31
1,1,121712,0,0,0,0,0,0,4,9,0,0
1,1,121713,14,14,14,14,14,14,14,14,14,14
1,1,121714,0,0,0,0,0,0,13,0,6,0
2,1,121714,0,0,0,0,0,0,0,0,0,17
1,1,121715,0,19,0,19,0,0,14,0,0,0
1,1,121716,0,12,0,0,0,0,8,0,0,0
2,1,121716,0,0,0,0,9,9,6,0,0,0
1,1,121717,0,0,0,0,0,0,0,0,0,0
0,1,121718,0,0,0,0,0,0,0,0,0,0
1,1,121718,0,0,0,0,0,0,0,0,0,0
1,1,121720,0,22,13,0,24,0,0,13,13,30
1,1,121721,19,19,19,19,19,19,19,19,19,19
0,1,121722,0,0,0,15,0,12,13,8,9,0
1,1,121722,0,0,0,0,0,0,0,0,9,0
1,1,121723,0,0,0,0,0,0,0,0,0,0
2,1,121723,0,0,0,0,0,0,0,0,0,0
0,1,121724,0,0,0,0,0,0,0,0,0,0
1,1,121724,0,0,0,8,0,0,0,0,0,0
0,1,121725,4,0,6,0,14,0,13,11,29,0
1,1,121725,0,15,0,0,0,0,0,0,0,0
1,1,121726,8,0,18,0,8,0,0,0,0,23
2,1,121726,0,0,0,0,0,0,0,0,0,0
0,1,121727,0,0,14,0,15,5,7,0,0,25
0,2,121727,0,0,0,0,9,0,14,0,0,0
1,1,121727,0,0,0,0,0,0,0,0,12,0
1,1,121728,14,14,14,14,14,14,14,14,14,14
2,1,121728,0,0,0,0,0,0,0,0,0,0
1,1,121730,0,0,0,0,0,0,0,0,0,0
2,1,121730,0,0,0,0,0,0,0,0,0,0
1,1,121731,0,0,0,0,0,0,0,0,0,0
0,1,121732,1,1,1,1,1,1,1,1,1,1
1,1,121732,0,0,9,0,8,0,24,0,0,7
1,1,121733,0,0,0,0,0,0,0,0,0,0
2,1,121733,0,0,0,0,0,0,0,0,0,0
1,1,121734,0,0,0,0,0,0,0,0,0,0
2,1,121734,0,0,0,0,0,0,0,0,0,0
1,1,121735,6,0,0,0,0,0,0,7,0,11
1,1,121736,13,13,13,13,13,13,13,13,13,13
2,1,121736,0,0,0,0,0,0,0,0,0,0
1,1,121737,0,0,0,0,0,0,0,0,0,0
2,1,121737,0,0,0,0,0,0,0,0,0,0
1,1,121738,0,0,0,0,0,0,0,0,0,0
1,1,121739,0,0,0,0,0,0,0,0,0,0
0,1,121740,0,0,0,0,0,0,0,0,0,0
1,1,121740,0,0,0,0,0,0,0,0,0,0
1,1,121741,26,26,26,26,26,26,26,26,26,26
2,1,121741,1,1,1,1,1,1,1,1,1,1
1,1,121742,14,14,14,14,14,14,14,14,14,14
1,1,121743,0,0,8,0,0,0,0,0,0,0
2,1,121743,4,4,4,4,4,4,4,4,4,4
1,1,121744,8,8,8,8,8,8,8,8,8,8
1,1,121745,9,9,9,9,9,9,9,9,9,9
1,1,121746,16,16,16,16,16,16,16,16,16,16
1,1,121747,23,27,15,20,20,25,31,17,26,14
1,1,121748,2,2,2,2,2,2,2,2,2,2
2,1,121748,0,0,0,0,0,0,0,0,0,0
1,1,121749,0,0,0,0,0,0,0,0,0,0
1,1,121751,0,0,0,0,0,0,0,0,0,0
2,1,121751,0,0,0,0,0,0,0,0,0,0
1,1,121752,0,0,0,0,0,0,0,0,0,0
1,1,121753,12,12,12,12,12,12,12,12,12,12
1,1,121754,0,0,8,0,3,14,0,0,0,9
1,1,121756,0,0,0,0,0,0,0,0,0,0
0,1,121757,0,0,0,0,0,0,0,0,0,0
1,1,121757,0,0,0,0,0,0,0,0,0,0
1,1,121759,0,0,0,0,0,0,0,0,0,0
2,1,121759,0,0,6,0,0,0,0,0,0,0
3,1,121759,30,0,0,0,0,0,0,0,0,0
4,1,121759,0,0,0,0,0,0,0,0,0,0
1,1,121760,0,0,0,0,0,0,0,0,0,0
2,1,121760,0,0,0,0,0,0,0,0,0,0
0,1,121761,0,13,28,0,0,0,0,0,0,0
1,1,121761,0,0,0,18,0,0,0,0,0,0