VEH_NO,PER_NO,ST_CASE,P1,P2,P3,P4,P5,P6,P7,P8,P9,P10
1,1,121762,0,0,0,0,0,0,0,0,0,0
0,1,121763,0,0,0,0,0,0,0,0,0,0
1,1,121763,0,0,0,0,0,0,0,0,0,0
2,1,121763,0,0,0,0,0,0,0,0,0,0
1,1,121764,0,0,0,0,0,0,0,0,0,0
2,1,121764,0,0,0,0,0,0,0,0,0,7
1,1,121765,18,18,18,18,18,18,18,18,18,18
1,1,121766,0,0,0,0,0,0,0,0,0,0
2,1,121766,0,0,0,0,0,0,0,0,0,0
3,1,121766,0,0,0,0,0,0,0,0,0,0
0,1,121767,0,0,0,0,0,0,0,0,0,0
0,2,121767,0,0,0,0,0,0,0,3,0,0
1,1,121767,0,0,0,0,0,0,0,0,0,0
1,1,121768,0,0,0,0,0,0,0,0,7,0
1,1,121769,0,0,0,0,17,0,0,0,0,0
1,1,121770,11,11,11,11,11,11,11,11,11,11
1,1,121771,6,0,15,0,19,0,7,4,6,24
2,1,121771,0,0,0,0,0,0,0,0,0,0
1,1,121772,0,0,0,0,0,0,0,0,0,0
2,1,121772,0,0,0,0,0,0,0,0,0,0
0,1,121773,0,0,0,0,0,0,0,0,0,0
1,1,121773,0,0,0,0,0,0,0,0,0,0
0,1,121774,36,36,36,36,36,36,36,36,36,36
1,1,121774,0,0,0,0,0,0,0,0,0,0
1,1,121775,10,0,0,9,0,0,17,17,0,11
1,1,121776,0,0,0,0,27,0,0,0,0,0
2,1,121776,0,0,0,0,0,0,0,0,0,0
1,1,121777,0,0,0,0,0,0,0,0,0,0
2,1,121777,0,0,0,0,0,0,0,0,0,0
3,1,121777,0,0,0,0,0,0,0,0,0,0
0,1,121778,3,3,3,3,3,3,3,3,3,3
1,1,121778,0,0,0,0,0,0,0,0,0,0
1,1,121779,29,29,29,29,29,29,29,29,29,29
0,1,121780,39,35,26,22,14,18,27,24,40,5
1,1,121780,0,0,0,0,0,0,0,0,0,0
1,1,121781,0,14,26,18,20,11,28,0,28,21
2,1,121781,0,0,0,0,0,0,0,0,0,0
1,1,121782,0,0,0,0,0,0,0,0,0,0
2,1,121782,0,0,0,0,0,0,0,0,0,0
0,1,121783,0,0,0,0,0,0,0,0,0,0
1,1,121783,0,0,0,0,0,0,16,9,0,0
1,1,121784,0,0,0,0,0,0,0,0,0,0
2,1,121784,0,0,0,0,0,0,31,0,0,0
1,1,121785,0,0,0,0,15,0,0,0,0,0
2,1,121785,0,0,0,0,0,0,0,0,0,0
3,1,121785,0,0,0,0,0,0,0,0,0,0
1,1,121786,23,23,23,23,23,23,23,23,23,23
1,1,121787,0,0,0,0,0,0,0,0,0,0
2,1,121787,0,0,0,0,0,0,0,0,0,0
3,1,121787,0,0,0,0,0,0,0,0,0,0
0,1,121788,0,0,0,0,0,0,0,0,0,0
1,1,121788,0,0,0,0,0,0,0,0,0,0
1,1,121789,0,0,0,0,0,0,0,0,0,0
2,1,121789,0,0,0,0,0,0,0,0,0,0
3,1,121789,0,0,0,0,0,0,0,0,0,0
1,1,121790,0,0,0,0,2,0,0,0,0,0
1,1,121791,0,15,9,0,4,22,17,0,12,19
1,1,121792,0,0,0,6,4,0,0,0,6,0
2,1,121792,0,0,0,0,0,0,0,0,0,0
1,1,121793,0,0,0,0,0,0,0,0,0,0
1,1,121794,0,0,9,30,0,35,0,30,0,0
1,1,121795,0,0,0,16,0,0,0,0,0,25
2,1,121795,0,0,0,0,0,0,0,0,0,0
1,1,121796,20,22,10,14,11,11,0,28,12,0
1,1,121797,0,0,0,0,0,0,0,0,0,0
1,1,121798,15,15,15,15,15,15,15,15,15,15
0,1,121799,21,30,37,0,28,0,0,9,0,9
1,1,121799,0,0,0,0,0,0,0,0,0,0
1,1,121800,0,0,0,0,0,0,0,0,0,0
2,1,121800,0,0,0,0,0,0,0,0,0,0
1,1,121801,25,25,25,25,25,25,25,25,25,25
1,1,121802,0,0,0,0,12,0,15,0,0,0
2,1,121802,0,0,0,0,0,0,0,0,0,0
1,1,121803,14,0,0,0,6,0,0,0,0,22
1,1,121804,0,0,0,0,0,0,0,0,0,0
2,1,121804,0,0,0,0,0,0,0,0,0,0
1,1,121805,0,0,0,0,0,0,0,0,0,0
2,1,121805,0,0,0,0,0,0,0,0,0,0
1,1,121806,0,0,0,0,0,0,0,0,0,0
1,1,121807,0,0,0,0,0,0,0,0,0,0
1,1,121808,0,0,0,0,0,0,0,0,0,0
2,1,121808,0,0,0,0,0,0,0,0,0,0
0,1,121809,0,0,0,0,0,0,0,0,0,0
1,1,121809,29,0,16,4,0,0,11,0,0,0
1,1,121810,0,0,0,0,0,0,0,0,0,0
2,1,121810,0,0,0,0,0,0,0,0,0,0
1,1,121811,8,8,8,8,8,8,8,8,8,8
1,1,121812,0,0,0,0,0,0,0,0,0,0
2,1,121812,0,0,0,0,0,0,0,0,0,0
0,1,121813,29,29,29,29,29,29,29,29,29,29
1,1,121813,0,0,0,0,0,26,0,13,0,0
2,1,121813,0,0,0,0,0,0,0,0,0,0
1,1,121814,13,13,13,13,13,13,13,13,13,13
1,1,121815,0,0,0,0,0,0,0,0,0,0
2,1,121815,0,0,0,0,0,0,0,0,0,0
3,1,121815,0,0,0,0,0,0,0,0,0,0
4,1,121815,0,0,0,0,0,0,0,0,0,0
1,1,121816,6,6,6,6,6,6,6,6,6,6
1,1,121817,3,3,3,3,3,3,3,3,3,3
1,1,121818,0,0,0,0,0,0,0,0,0,0
2,1,121818,0,0,0,0,0,0,0,0,0,0
0,1,121819,12,20,39,0,0,0,0,21,39,3
1,1,121819,0,0,5,0,0,0,17,0,0,0
1,1,121820,20,0,0,0,0,0,0,0,0,0
2,1,121820,0,0,0,0,0,0,0,0,0,0
1,1,121821,27,27,27,27,27,27,27,27,27,27
1,1,121822,0,0,0,0,0,0,0,0,0,0
1,1,121823,35,35,35,35,35,35,35,35,35,35
0,1,121824,0,0,0,0,25,0,5,0,18,16
1,1,121824,0,0,0,0,0,0,0,0,0,0
2,1,121824,0,0,0,0,0,0,0,0,0,0
0,1,121825,20,20,20,20,20,20,20,20,20,20
1,1,121825,3,0,0,0,0,0,0,0,0,0
1,1,121826,0,0,11,14,8,15,25,0,21,0
0,1,121827,0,22,0,22,20,31,0,0,15,16
1,1,121827,0,0,0,0,0,0,0,0,0,0
1,1,121828,0,0,0,0,0,0,0,0,0,0
2,1,121828,0,0,0,0,19,0,0,0,0,0
1,1,121829,0,0,0,0,0,0,0,0,0,0
1,1,121830,0,0,0,0,0,0,0,0,0,0
2,1,121830,0,0,0,0,0,0,0,0,0,0
0,1,121831,9,9,9,9,9,9,9,9,9,9
1,1,121831,0,0,16,0,15,0,0,0,0,0
1,1,121832,0,0,0,0,0,0,0,0,0,0
2,1,121832,0,0,0,0,0,0,0,0,0,0
1,1,121833,0,0,0,0,0,0,0,0,0,0
2,1,121833,0,0,0,0,0,0,0,0,0,0
1,1,121834,2,2,2,2,2,2,2,2,2,2
1,1,121835,12,12,12,12,12,12,12,12,12,12
0,1,121836,0,0,0,0,0,0,0,0,0,0
1,1,121836,0,0,0,0,0,12,0,18,0,0
1,1,121837,4,4,4,4,4,4,4,4,4,4
2,1,121837,0,0,0,0,0,0,0,0,0,0
1,1,121838,0,0,0,0,0,0,0,0,0,0
2,1,121838,0,0,0,0,0,0,0,0,0,0
1,1,121839,8,8,8,8,8,8,8,8,8,8
0,1,121840,12,12,12,12,12,12,12,12,12,12
1,1,121840,0,0,0,0,5,0,0,0,0,0
0,1,121841,10,17,11,0,48,24,14,40,47,28
1,1,121841,5,5,5,5,5,5,5,5,5,5
1,1,121842,9,9,9,9,9,9,9,9,9,9
1,1,121843,23,23,23,23,23,23,23,23,23,23
2,1,121843,0,0,0,0,0,0,0,0,0,0
1,1,121844,0,0,0,0,0,0,0,0,0,0
2,1,121844,0,0,0,0,0,0,0,5,0,0
1,1,121845,14,14,14,14,14,14,14,14,14,14
1,1,121846,0,0,0,0,0,0,0,0,0,21
2,1,121846,0,0,0,0,0,0,0,0,0,0
1,1,121847,0,0,3,0,0,0,0,0,0,0
2,1,121847,22,0,0,0,0,0,0,0,0,0
1,1,121848,0,0,0,0,0,0,0,7,0,0
1,1,121849,0,0,0,0,0,0,0,0,0,0
2,1,121849,0,0,0,0,0,0,0,0,0,0
1,1,121850,12,12,12,12,12,12,12,12,12,12
1,1,121851,11,11,11,11,11,11,11,11,11,11
2,1,121851,0,0,0,0,0,0,0,0,0,0
0,1,121852,0,9,10,19,20,17,36,28,28,35
1,1,121852,0,0,0,0,0,0,0,0,0,0
0,1,121853,31,31,31,31,31,31,31,31,31,31
1,1,121853,0,5,0,0,0,0,0,0,0,0
1,1,121854,0,0,0,0,0,0,0,0,0,0
2,1,121854,0,0,0,0,0,0,0,0,0,0
1,1,121855,0,0,0,0,0,0,0,0,0,0
2,1,121855,0,0,0,0,0,0,0,0,0,0
1,1,121856,0,0,0,0,0,0,0,0,0,0
1,1,121857,0,0,0,0,0,0,0,0,0,0
2,1,121857,0,0,0,0,0,0,0,0,0,0
1,1,121858,0,0,0,0,0,0,0,0,0,0
0,1,121859,24,24,24,24,24,24,24,24,24,24
1,1,121859,0,0,0,0,0,0,0,0,0,0
1,1,121860,13,5,0,0,0,2,0,0,0,0
2,1,121860,0,0,0,0,0,0,0,0,0,0
1,1,121861,0,0,0,0,0,0,0,0,0,6
2,1,121861,0,0,0,0,0,0,0,0,0,0
1,1,121862,0,0,0,0,0,0,0,0,0,0
2,1,121862,0,0,0,0,0,0,0,0,0,0
1,1,121863,0,0,0,0,0,0,0,0,0,0
1,1,121865,0,0,0,0,0,0,0,0,0,19
1,1,121866,0,0,0,0,0,0,0,0,0,0
1,1,121867,0,0,0,0,0,0,0,0,0,0
2,1,121867,0,0,0,0,0,0,0,0,0,0
0,1,121868,16,16,16,16,16,16,16,16,16,16
1,1,121868,0,6,0,0,0,0,0,0,16,0
1,1,121869,0,0,0,0,0,0,0,0,0,18
2,1,121869,0,0,0,0,0,0,0,0,0,0
1,1,121870,19,19,19,19,19,19,19,19,19,19
1,1,121871,1,1,1,1,1,1,1,1,1,1
2,1,121871,0,0,0,0,0,0,0,0,0,0
0,1,121872,28,28,28,28,28,28,28,28,28,28
1,1,121872,6,0,0,0,0,0,0,0,0,0
1,1,121874,31,31,31,31,31,31,31,31,31,31
1,1,121875,21,21,21,21,21,21,21,21,21,21
1,1,121876,0,0,0,0,0,0,0,0,0,0
2,1,121876,0,0,0,0,0,0,0,0,0,0
0,1,121877,30,30,30,30,30,30,30,30,30,30
1,1,121877,0,0,10,0,0,0,0,0,0,0
1,1,121878,0,0,0,0,0,0,0,41,0,0
1,1,121879,0,0,0,0,0,0,0,0,0,0
2,1,121879,0,0,0,0,0,0,0,0,0,0
1,1,121880,0,0,0,0,0,0,0,0,0,0
1,1,121881,0,0,0,0,0,0,0,0,0,0
2,1,121881,0,0,0,0,0,0,0,0,0,0
1,1,121882,6,6,6,6,6,6,6,6,6,6
2,1,121882,0,6,0,0,0,0,9,0,0,23
1,1,121883,0,0,0,0,0,0,0,0,28,0
1,1,121884,0,0,0,13,0,0,0,0,0,0
2,1,121884,0,0,0,0,0,0,0,0,0,0
3,1,121884,0,0,0,0,0,0,0,0,0,0
1,1,121885,0,0,0,0,0,0,0,0,0,0
2,1,121885,0,0,0,0,0,0,0,0,0,0
1,1,121886,0,0,0,14,0,0,4,0,0,3
1,1,121887,0,0,0,0,0,0,0,0,0,0
2,1,121887,0,0,0,0,0,0,0,0,0,0
1,1,121888,0,0,0,0,0,0,0,0,0,0
0,1,121889,10,45,32,6,14,20,22,17,15,57
1,1,121889,0,10,0,0,0,0,0,0,14,0
0,1,121890,0,0,0,18,0,0,0,0,0,0
1,1,121890,0,0,0,0,0,0,0,0,0,11
1,1,121891,0,0,0,0,0,0,0,0,0,0
2,1,121891,0,0,0,0,0,0,0,0,0,0
1,1,121892,0,9,0,5,4,0,0,0,8,6
1,1,121893,26,26,26,26,26,26,26,26,26,26
2,1,121893,0,0,0,0,0,0,15,0,25,0
1,1,121894,0,0,0,14,0,0,0,0,0,0
0,1,121895,0,0,0,0,0,0,0,0,0,0
1,1,121895,0,0,0,0,0,0,0,0,0,0
1,1,121897,0,0,0,0,0,0,0,0,0,0
0,1,121898,0,0,0,0,0,0,0,0,0,0
1,1,121898,0,7,0,0,0,0,0,0,0,10
1,1,121899,0,0,0,0,0,0,0,0,0,0
2,1,121899,0,0,0,0,0,0,0,0,0,0
1,1,121900,0,0,0,0,0,0,0,0,0,0
2,1,121900,0,0,0,0,0,0,0,0,0,0
1,1,121901,0,0,0,0,0,0,0,0,0,0
0,1,121902,21,21,21,21,21,21,21,21,21,21
1,1,121902,0,0,15,0,0,0,0,0,0,0
1,1,121903,0,0,0,22,0,0,0,0,16,0
2,1,121903,4,4,4,4,4,4,4,4,4,4
1,1,121904,0,0,19,0,0,0,0,0,0,0
2,1,121904,0,0,0,0,0,0,0,0,0,0
3,1,121904,0,0,0,0,0,0,0,0,0,0
4,1,121904,0,0,0,0,0,0,0,0,15,0
5,1,121904,0,0,0,0,0,0,0,0,0,0
1,1,121905,15,15,15,15,15,15,15,15,15,15
0,1,121906,11,0,0,0,0,0,0,0,0,0
1,1,121906,0,0,0,0,0,0,0,0,0,0
1,1,121907,0,0,0,0,0,0,0,0,0,0
1,1,121908,0,0,0,0,0,0,0,0,0,0
1,1,121909,0,0,0,0,0,0,0,0,0,0
1,1,121910,0,0,0,0,0,0,0,0,0,0
1,1,121911,0,0,0,0,0,0,0,0,0,0
2,1,121911,0,0,25,0,0,0,5,0,0,0
3,1,121911,0,0,0,0,0,0,6,0,0,0
4,1,121911,0,0,0,0,0,0,0,0,0,0
5,1,121911,0,0,0,0,0,0,0,0,0,0
1,1,121912,0,0,0,0,0,0,0,0,0,0
2,1,121912,0,0,0,0,0,19,0,0,0,0
3,1,121912,0,0,0,0,0,0,0,0,0,0
1,1,121913,0,0,0,6,0,0,0,0,0,0
1,1,121914,0,0,0,0,0,0,0,0,0,0
2,1,121914,0,0,0,0,0,0,0,0,0,0
1,1,121915,0,14,0,0,0,0,0,0,0,0
2,1,121915,0,0,0,0,0,0,0,0,0,0
1,1,121916,0,0,0,0,0,0,0,0,0,0
2,1,121916,0,0,0,0,0,0,0,0,0,0
1,1,121917,0,0,9,12,13,16,10,0,0,7
1,1,121918,0,0,0,0,0,0,0,0,0,0
2,1,121918,0,0,0,0,0,0,0,0,0,0
1,1,121919,0,0,0,0,0,0,0,0,0,0
1,1,121920,0,0,0,0,0,0,0,0,0,0
2,1,121920,0,0,0,0,12,0,0,13,0,0
1,1,121921,7,10,9,19,10,33,8,19,15,43
1,1,121923,0,0,0,0,0,0,0,0,0,0
2,1,121923,0,0,0,0,0,0,0,0,0,0
0,1,121924,0,0,0,0,0,0,0,0,0,0
0,2,121924,0,0,0,0,0,0,0,0,0,0
1,1,121924,0,0,0,0,0,0,0,0,0,0
0,1,121925,14,14,14,14,14,14,14,14,14,14
1,1,121925,0,0,0,0,0,12,0,0,0,0
1,1,121926,0,0,0,0,0,0,0,0,0,0
2,1,121926,0,0,0,0,0,0,0,0,0,0
1,1,121927,0,0,0,0,0,0,0,0,0,0
2,1,121927,0,0,0,0,0,0,0,0,0,0
0,1,121928,0,0,0,0,0,0,0,0,0,0
1,1,121928,0,0,0,0,0,10,0,0,0,0
1,1,121929,0,0,0,0,0,0,0,0,0,0
1,1,121930,0,0,0,0,0,0,0,0,0,0
2,1,121930,14,0,0,0,0,0,0,0,0,0
1,1,121931,15,15,15,15,15,15,15,15,15,15
2,1,121931,3,0,0,0,0,0,0,0,0,0
0,1,121932,0,0,0,0,0,0,0,0,0,0
1,1,121932,0,0,7,0,0,0,0,0,0,0
1,1,121933,21,21,21,21,21,21,21,21,21,21
1,1,121934,0,0,12,0,0,0,0,0,2,5
2,1,121934,5,0,0,9,0,0,0,0,0,0
1,1,121935,13,8,0,0,0,0,0,0,0,0
1,1,121936,0,0,0,0,0,0,0,0,0,0
1,1,121937,0,0,0,0,0,0,0,0,0,0
2,1,121937,0,0,0,0,0,0,0,0,0,0
1,1,121939,0,0,0,0,0,0,0,0,0,0
2,1,121939,0,0,0,0,0,27,0,0,0,0
1,1,121940,21,21,21,21,21,21,21,21,21,21
2,1,121940,0,0,0,0,0,0,0,0,0,0
1,1,121941,2,2,2,2,2,2,2,2,2,2
2,1,121941,0,0,0,0,0,0,0,0,0,0
1,1,121942,7,7,7,7,7,7,7,7,7,7
1,1,121943,0,16,0,0,0,0,31,0,0,14
2,1,121943,0,0,0,0,0,0,0,0,0,0
1,1,121944,0,0,0,0,0,0,0,0,0,0
2,1,121944,0,0,0,0,0,0,0,0,0,0
0,1,121945,0,0,0,0,0,0,0,0,0,0
1,1,121945,0,0,0,0,0,0,0,0,9,0
1,1,121946,0,0,0,0,0,0,0,0,0,0
2,1,121946,0,0,0,0,0,0,0,0,0,0
1,1,121947,0,0,0,0,0,0,0,0,0,0
2,1,121947,0,0,0,0,0,0,0,0,0,0
3,1,121947,0,0,0,0,0,0,0,0,0,0
4,1,121947,0,0,0,0,0,0,0,0,0,0
5,1,121947,0,0,0,0,0,0,0,0,0,0
1,1,121948,0,0,0,0,0,0,0,0,0,0
2,1,121948,0,0,0,0,0,0,0,0,0,0
3,1,121948,0,0,0,0,0,0,0,0,0,0
1,1,121949,0,0,0,14,0,0,0,0,0,0
2,1,121949,0,0,0,0,0,0,0,0,0,0
0,1,121950,20,20,20,20,20,20,20,20,20,20
1,1,121950,0,0,0,0,0,0,0,0,16,0
1,1,121951,0,0,22,0,0,0,0,0,0,0
2,1,121951,12,0,0,0,0,0,27,0,11,0
1,1,121952,0,0,0,0,0,0,0,0,0,0
2,1,121952,0,0,0,0,0,0,0,0,0,0
3,1,121952,0,0,0,0,0,0,0,0,0,0
1,1,121953,0,0,0,0,0,0,0,0,0,0
1,1,121954,0,0,0,0,0,0,0,0,0,0
2,1,121954,0,0,0,0,0,0,0,0,0,0
1,1,121955,7,7,7,7,7,7,7,7,7,7
1,1,121956,0,0,0,0,0,0,0,0,0,0
2,1,121956,9,0,0,0,0,0,0,0,0,0
1,1,121957,0,0,0,0,0,0,0,0,0,0
2,1,121957,0,0,0,0,0,0,0,0,0,0
1,1,121958,0,18,12,24,20,18,15,26,10,12
1,1,121959,16,16,16,16,16,16,16,16,16,16
2,1,121959,0,0,0,0,0,0,0,0,0,0
0,1,121960,0,0,0,0,0,0,0,0,0,0
1,1,121960,0,0,0,0,0,0,0,0,0,0
1,1,121961,25,0,0,4,0,4,32,0,0,0
1,1,121962,0,0,0,0,0,0,0,0,0,0
1,1,121963,15,0,0,0,16,19,0,0,18,0
2,1,121963,0,0,0,0,0,14,0,0,0,0
1,1,121964,0,0,31,0,0,0,13,0,0,3
1,1,121965,6,10,22,0,16,15,0,0,4,15
1,1,121966,0,0,0,0,0,0,0,0,0,7
2,1,121966,0,0,14,0,12,0,0,0,0,0
0,1,121967,31,5,0,13,0,10,0,0,16,0
1,1,121967,0,0,13,0,0,0,0,0,0,17
1,1,121968,0,0,0,0,0,0,0,0,0,0
2,1,121968,0,0,0,0,0,16,0,0,0,0
3,1,121968,0,8,16,0,0,0,0,0,0,0
1,1,121969,0,6,0,0,0,0,0,0,0,0
2,1,121969,0,0,0,0,0,0,0,0,0,0
3,1,121969,9,0,0,20,0,0,0,0,0,0
1,1,121970,8,8,8,8,8,8,8,8,8,8
0,1,121971,7,7,7,7,7,7,7,7,7,7
1,1,121971,9,9,0,0,0,10,26,16,0,15
1,1,121972,0,0,0,0,0,0,0,0,0,0
2,1,121972,0,0,0,0,0,0,0,9,0,0
1,1,121973,0,0,11,13,14,10,19,8,0,14
1,1,121974,0,0,0,0,0,0,0,0,0,0
2,1,121974,0,0,14,0,0,0,0,0,0,0
3,1,121974,0,0,0,0,0,0,0,0,0,0
4,1,121974,0,0,0,0,0,0,0,0,0,0
1,1,121975,0,24,23,25,26,0,15,0,0,0
2,1,121975,19,9,0,0,8,0,0,8,6,0
1,1,121976,21,21,21,21,21,21,21,21,21,21
1,1,121977,15,0,0,0,13,0,0,0,23,0
0,1,121978,0,0,0,0,0,0,0,0,0,0
1,1,121978,0,0,0,0,10,18,0,0,0,6
1,1,121979,0,0,0,0,16,0,9,0,13,0
2,1,121979,0,0,0,0,0,0,0,0,0,0
3,1,121979,0,0,0,0,0,0,0,0,0,0
1,1,121980,25,25,25,25,25,25,25,25,25,25
1,1,121981,0,0,0,0,0,7,0,0,4,0
2,1,121981,0,0,0,0,0,0,0,0,0,0
1,1,121982,0,0,0,0,0,0,0,0,0,0
2,1,121982,0,0,0,0,0,30,0,5,0,8
1,1,121983,0,0,0,0,0,0,0,0,0,0
3,1,121983,0,0,0,0,0,0,0,0,0,0
1,1,121984,0,0,0,0,0,0,0,0,0,0
2,1,121984,0,0,0,0,0,0,0,0,0,0
1,1,121985,17,17,17,17,17,17,17,17,17,17
1,1,121986,18,18,18,18,18,18,18,18,18,18
1,1,121987,0,0,0,0,2,0,0,0,0,0
2,1,121987,0,0,0,0,0,0,0,0,0,0
1,1,121988,0,0,0,0,5,0,0,0,0,0
2,1,121988,0,0,0,0,0,0,0,0,0,2
1,1,121989,0,0,0,16,9,0,0,14,0,0
2,1,121989,14,14,14,14,14,14,14,14,14,14
1,1,121990,19,19,19,19,19,19,19,19,19,19
1,1,121991,0,0,0,0,0,0,0,0,0,0
2,1,121991,0,0,0,0,0,0,0,0,0,0
1,1,121992,0,0,0,0,0,0,0,0,0,0
2,1,121992,0,0,0,0,0,0,0,0,0,0
1,1,121993,0,0,0,0,0,0,0,0,0,0
2,1,121993,0,0,0,0,0,0,0,0,0,0
0,1,121994,29,0,27,6,0,0,0,0,0,0
1,1,121994,0,0,0,0,0,0,0,0,0,0
1,1,121995,0,0,0,0,0,0,0,0,0,0
2,1,121995,0,0,0,0,0,0,0,0,0,0
1,1,121996,0,27,0,0,12,13,24,0,0,0
1,1,121997,0,0,0,0,0,0,0,0,0,0
0,1,121998,0,0,0,14,0,0,0,13,21,29
1,1,121998,0,0,0,0,0,0,0,0,0,0
1,1,121999,0,0,0,0,0,0,0,0,0,0
0,1,122000,0,0,0,0,0,0,0,0,0,0
1,1,122000,0,10,0,5,0,11,0,0,0,8
1,1,122001,0,0,0,0,0,0,0,0,0,0
1,1,122002,0,0,15,0,15,0,0,7,0,10
1,1,122003,10,10,0,0,4,0,15,0,0,0
0,1,122004,0,0,0,0,0,0,0,0,0,0
1,1,122004,0,0,0,0,0,0,0,0,0,0
1,1,122006,20,0,0,21,0,16,0,0,0,0
1,1,122007,0,0,0,0,0,0,0,0,0,0
2,1,122007,0,0,0,0,0,0,0,0,0,0
1,1,122008,12,12,12,12,12,12,12,12,12,12
1,1,122009,0,0,0,0,0,0,3,0,0,0
2,1,122009,0,0,0,0,0,0,0,0,11,0
1,1,122010,0,0,0,0,0,0,0,0,0,0
2,1,122010,0,0,0,0,0,0,0,0,0,0
1,1,122011,0,0,0,0,0,0,0,0,0,12
2,1,122011,0,0,0,0,0,0,0,0,0,0
0,1,122012,0,0,0,0,0,0,0,0,0,0
1,1,122012,0,0,0,0,0,0,0,0,0,0
1,1,122013,0,0,0,0,0,0,0,0,0,0
2,1,122013,0,0,0,0,0,0,0,0,0,0
0,1,122014,0,0,0,0,0,0,0,0,0,0
1,1,122014,0,0,8,0,0,0,0,0,0,0
1,1,122015,10,10,10,10,10,10,10,10,10,10
2,1,122015,0,0,0,0,0,0,0,0,0,0
0,1,122016,29,10,9,0,0,14,26,19,30,16
1,1,122016,0,0,0,0,0,0,0,25,0,11
1,1,122017,0,0,8,0,0,0,0,0,0,13
1,1,122018,0,0,0,0,0,0,0,0,0,0
1,1,122019,0,0,0,0,0,0,0,0,0,0
2,1,122019,0,0,0,0,0,0,0,0,0,0
1,1,122020,0,0,0,0,0,12,0,0,0,0
1,1,122021,0,0,0,0,0,0,0,0,0,0
1,1,122022,0,0,15,0,0,0,0,0,0,0
0,1,122023,0,0,0,0,0,22,0,0,14,0
1,1,122023,0,22,0,0,0,0,0,0,0,0
1,1,122024,0,0,0,0,0,0,0,0,0,0
2,1,122024,0,0,0,0,0,0,0,0,0,0
0,1,122025,0,0,0,0,0,0,0,0,0,0
1,1,122025,0,0,0,0,0,0,16,0,0,0
1,1,122026,0,17,0,0,0,13,6,0,14,18
1,1,122027,0,0,0,0,0,0,0,0,0,0
2,1,122027,0,0,0,0,0,0,0,0,0,3
1,1,122028,0,0,0,0,0,0,0,0,0,0
1,1,122029,20,0,0,10,0,0,0,0,0,0
2,1,122029,0,0,0,1,0,0,0,0,0,0
1,1,122030,0,0,0,0,0,0,0,0,0,0
2,1,122030,0,0,0,0,0,0,0,0,0,0
0,1,122031,25,25,25,25,25,25,25,25,25,25
1,2,122031,0,0,0,0,0,0,0,0,0,0
0,1,122032,28,9,30,8,11,0,20,0,0,41
1,1,122032,0,18,0,0,0,28,0,0,0,24
1,1,122034,0,0,0,0,0,0,0,0,0,0
2,1,122034,0,0,0,0,0,0,0,0,0,0
1,1,122035,22,22,22,22,22,22,22,22,22,22
0,1,122036,0,0,0,0,0,0,0,0,0,0
1,1,122036,0,0,0,0,16,0,0,0,0,0
2,1,122036,0,0,0,0,0,0,0,0,17,0
0,1,122037,17,17,17,17,17,17,17,17,17,17
1,1,122037,0,0,0,0,15,9,0,6,0,0
1,1,122038,0,0,0,6,0,0,0,0,0,0
1,1,122039,0,0,0,0,0,0,0,0,0,0
1,1,122040,0,0,0,0,0,0,0,0,0,0
2,1,122040,0,0,0,0,0,0,0,0,0,0
1,1,122041,0,0,0,0,0,0,0,0,0,0
2,1,122041,7,0,0,0,2,0,0,0,0,0
1,1,122042,14,14,14,14,14,14,14,14,14,14
1,1,122043,0,0,6,0,0,5,10,0,10,11
2,1,122043,0,0,0,0,10,0,0,0,0,0
1,1,122044,20,20,20,20,20,20,20,20,20,20
2,1,122044,0,0,0,0,0,0,0,0,0,0
1,1,122045,0,0,0,0,0,0,0,4,0,0
1,1,122046,12,26,0,9,15,6,8,0,36,0
2,1,122046,0,0,0,0,0,0,0,0,0,0
1,1,122047,0,0,12,0,0,0,0,4,0,0
1,1,122048,0,17,0,13,0,0,0,0,0,0
2,1,122048,0,0,0,17,0,15,0,0,5,0
1,1,122049,6,0,10,12,7,18,0,16,14,15
1,1,122050,8,8,8,8,8,8,8,8,8,8
2,1,122050,8,13,0,0,0,13,0,17,0,11
1,1,122051,0,0,0,0,0,0,0,0,0,0
2,1,122051,0,0,0,0,0,0,0,0,0,0
1,1,122052,0,0,0,0,0,0,0,0,0,0
2,1,122052,0,0,0,0,0,0,0,0,0,0
0,1,122053,11,0,9,0,0,0,0,0,0,0
1,1,122053,0,0,0,0,0,0,0,0,0,0
0,1,122054,27,27,27,27,27,27,27,27,27,27
1,1,122054,0,0,0,0,4,0,0,0,0,0
1,1,122055,0,0,0,0,0,0,0,0,0,0
2,1,122055,0,0,0,0,0,0,0,17,0,0
1,1,122056,0,0,0,0,0,21,0,0,0,0
2,1,122056,0,0,0,0,0,0,0,0,0,0
1,1,122057,20,0,0,0,0,19,0,19,0,0
2,1,122057,0,0,0,0,0,0,0,0,0,0
1,1,122058,0,0,0,0,0,0,0,0,0,0
1,1,122059,0,0,11,0,0,0,14,0,0,0
1,1,122060,15,15,15,15,15,15,15,15,15,15
1,1,122061,0,0,0,0,0,0,0,0,0,0
1,1,122062,24,10,4,22,26,21,8,17,18,23
0,1,122063,32,32,32,32,32,32,32,32,32,32
1,1,122063,12,0,0,0,0,0,0,0,0,0
1,1,122064,0,0,0,0,0,0,0,0,0,0
1,1,122065,12,12,12,12,12,12,12,12,12,12
1,1,122066,9,9,9,9,9,9,9,9,9,9
2,1,122066,10,10,10,10,10,10,10,10,10,10