VEH_NO,PER_NO,ST_CASE,P1,P2,P3,P4,P5,P6,P7,P8,P9,P10
1,1,122067,21,21,21,21,21,21,21,21,21,21
2,1,122067,0,0,0,0,0,0,0,0,0,0
1,1,122068,0,0,0,0,0,0,0,0,0,0
0,1,122069,0,0,0,0,0,0,0,0,0,0
1,1,122069,0,0,3,0,5,0,0,0,0,5
1,1,122070,12,12,12,12,12,12,12,12,12,12
0,1,122071,0,0,0,0,0,0,0,0,0,0
1,1,122071,0,0,0,0,0,0,0,0,0,0
0,1,122072,35,35,35,35,35,35,35,35,35,35
1,1,122072,0,0,0,0,0,0,0,0,0,0
1,1,122073,27,27,27,27,27,27,27,27,27,27
1,1,122074,0,0,0,0,0,0,0,0,0,0
2,1,122074,0,0,0,0,0,4,0,0,0,0
1,1,122075,0,0,0,0,0,0,0,0,0,0
0,1,122076,32,7,11,34,14,29,22,0,0,34
1,1,122076,0,0,0,0,0,0,0,0,0,0
0,1,122077,0,0,0,0,0,0,0,0,0,0
1,1,122077,0,0,13,7,30,18,0,0,15,0
1,1,122078,0,0,0,0,0,0,0,0,0,0
2,1,122078,0,31,16,0,13,0,0,0,0,0
0,1,122079,0,0,0,0,0,0,0,0,0,0
1,1,122079,0,12,0,16,0,0,0,0,0,0
0,1,122080,0,0,0,0,0,0,8,0,0,0
1,1,122080,0,0,0,0,0,0,0,0,0,0
1,1,122081,24,24,24,24,24,24,24,24,24,24
1,1,122082,5,5,5,5,5,5,5,5,5,5
1,1,122083,15,15,15,15,15,15,15,15,15,15
2,1,122083,0,0,0,0,0,0,0,0,0,0
0,1,122084,0,0,0,0,0,0,0,0,0,0
1,1,122084,1,1,1,1,1,1,1,1,1,1
1,1,122085,0,0,0,0,0,0,0,0,5,0
2,1,122085,0,0,0,0,0,0,0,0,0,0
1,1,122086,17,17,17,17,17,17,17,17,17,17
1,1,122087,0,0,0,0,0,0,0,0,0,0
1,1,122088,0,17,0,0,28,32,0,11,0,0
2,1,122088,0,0,0,0,0,0,0,0,8,0
1,1,122089,0,0,0,0,0,0,0,0,0,0
2,1,122089,0,0,0,0,0,0,0,0,0,0
1,1,122090,0,0,0,0,0,0,0,0,0,0
1,1,122091,20,20,20,20,20,20,20,20,20,20
1,1,122092,0,5,0,0,0,0,0,0,0,0
2,1,122092,0,0,0,0,0,0,0,0,0,0
1,1,122093,0,0,0,4,0,0,0,0,0,0
2,1,122093,0,0,0,28,0,25,0,0,19,0
1,1,122095,0,18,0,0,0,0,12,0,0,0
2,1,122095,0,0,0,8,0,0,0,0,0,0
1,1,122096,17,17,17,17,17,17,17,17,17,17
1,1,122097,4,18,16,29,7,12,24,24,17,6
1,1,122098,19,19,19,19,19,19,19,19,19,19
2,1,122098,0,0,4,0,0,0,0,0,0,0
1,1,122099,25,25,25,25,25,25,25,25,25,25
2,1,122099,0,0,0,16,0,0,0,0,0,29
3,1,122099,0,0,15,0,13,0,0,0,0,0
1,1,122100,0,0,0,0,0,0,0,0,0,0
2,1,122100,0,0,0,0,0,0,0,0,0,0
1,1,122101,0,0,10,0,0,0,0,0,0,0
2,1,122101,0,0,14,0,18,0,0,0,0,0
1,1,122102,0,13,0,0,0,0,0,9,0,0
1,1,122103,0,21,19,34,22,28,26,22,22,21
1,1,122104,0,0,0,0,0,0,0,0,0,0
1,1,122105,0,0,0,0,0,0,0,0,0,0
2,1,122105,0,0,0,0,0,0,0,0,0,0
0,1,122106,0,0,0,0,0,0,0,0,0,0
1,1,122106,0,0,0,0,0,0,0,5,0,0
1,1,122107,0,0,0,0,0,0,0,0,0,0
2,1,122107,0,0,8,0,0,0,0,0,0,21
3,1,122107,0,0,0,0,0,0,0,0,23,0
1,1,122108,0,0,0,0,0,0,0,0,0,0
0,1,122109,0,0,0,0,0,0,0,0,0,0
1,1,122109,0,0,0,0,0,0,0,0,0,0
1,1,122110,0,0,0,0,0,0,0,0,4,0
2,1,122110,0,0,0,0,0,0,0,0,18,0
0,1,122111,42,42,42,42,42,42,42,42,42,42
1,1,122111,0,0,22,0,0,0,0,0,11,0
0,1,122112,0,0,0,0,0,0,0,0,0,0
1,1,122112,0,0,0,0,0,2,0,0,0,0
1,1,122113,22,22,22,22,22,22,22,22,22,22
2,1,122113,7,0,0,0,0,0,7,6,23,0
0,1,122114,21,21,21,21,21,21,21,21,21,21
1,1,122114,0,0,0,0,0,0,0,0,0,0
2,1,122114,0,0,0,0,0,0,0,0,0,0
1,1,122115,0,0,0,0,0,0,0,0,0,0
1,1,122116,0,0,0,0,0,0,0,0,0,0
2,1,122116,0,0,0,0,0,0,0,0,0,0
1,1,122117,0,0,0,0,0,0,0,0,0,0
1,1,122118,8,0,18,16,23,0,22,0,19,0
2,1,122118,0,0,0,0,0,0,0,0,0,0
0,1,122119,9,9,9,9,9,9,9,9,9,9
1,1,122119,0,0,0,0,11,3,0,0,0,0
1,1,122120,0,0,0,0,0,0,0,0,0,0
2,1,122120,0,0,18,0,0,0,0,0,0,0
1,1,122121,14,14,14,14,14,14,14,14,14,14
1,1,122122,36,36,36,36,36,36,36,36,36,36
1,1,122124,0,0,0,0,0,0,0,0,0,0
2,1,122124,0,0,0,0,0,0,0,18,0,0
1,1,122125,0,0,0,0,0,0,0,0,0,0
1,1,122126,0,0,0,0,26,28,0,21,0,25
2,1,122126,4,0,0,0,27,19,8,0,0,13
1,1,122127,11,11,11,11,11,11,11,11,11,11
1,1,122128,0,0,0,0,0,0,0,0,0,0
2,1,122128,0,0,0,0,0,0,0,0,0,0
0,1,122129,0,0,0,0,32,16,0,0,3,0
1,1,122129,0,0,0,0,0,0,0,0,0,0
1,1,122130,0,0,0,0,0,0,0,0,0,0
1,1,122131,0,0,0,0,0,0,0,0,0,0
2,1,122131,0,0,0,0,0,0,0,0,0,0
1,1,122132,26,26,26,26,26,26,26,26,26,26
1,1,122133,30,30,30,30,30,30,30,30,30,30
0,1,122134,0,0,0,0,0,0,0,0,0,0
1,1,122134,0,0,0,0,0,0,0,0,0,4
1,1,122135,15,0,0,20,11,16,40,0,9,20
1,1,122136,0,0,0,0,0,0,0,0,0,0
1,1,122137,24,0,0,0,10,0,21,20,10,0
2,1,122137,0,0,0,0,0,0,0,0,0,0
1,1,122138,0,0,0,0,0,0,0,0,0,0
2,1,122138,0,0,0,0,0,0,0,0,0,0
3,1,122138,0,0,0,0,0,0,0,0,0,0
0,1,122139,10,10,10,10,10,10,10,10,10,10
1,1,122139,7,7,7,7,7,7,7,7,7,7
1,1,122140,18,18,18,18,18,18,18,18,18,18
2,1,122140,0,0,0,0,0,0,0,0,0,0
1,1,122141,0,0,0,0,0,0,0,0,0,0
2,1,122141,0,0,0,0,0,0,0,0,0,0
1,1,122142,14,14,14,14,14,14,14,14,14,14
1,1,122143,11,11,11,11,11,11,11,11,11,11
0,1,122145,27,27,27,27,27,27,27,27,27,27
1,1,122145,5,0,0,0,0,0,0,0,0,0
1,1,122146,0,0,0,0,0,0,0,0,0,0
2,1,122146,13,13,13,13,13,13,13,13,13,13
0,1,122147,15,15,15,15,15,15,15,15,15,15
1,1,122147,31,20,6,13,12,8,14,21,7,28
0,1,122148,0,0,0,0,0,0,0,0,0,0
1,1,122148,0,0,0,0,0,0,0,4,0,5
0,1,122149,0,0,0,0,0,0,0,0,0,0
1,1,122149,16,16,16,16,16,16,16,16,16,16
1,1,122150,0,0,0,0,0,0,0,0,0,0
2,1,122150,0,0,0,0,0,0,0,0,0,0
0,1,122151,0,0,0,0,0,0,0,0,0,0
1,1,122151,0,0,0,0,0,0,9,0,0,18
1,1,122152,18,22,18,0,24,20,12,28,20,0
1,3,122154,8,12,0,11,14,0,0,0,10,0
0,1,122155,0,0,0,0,7,0,4,0,0,16
1,1,122155,0,0,0,0,0,0,0,0,0,0
0,1,122156,0,29,0,37,26,31,0,4,20,37
1,1,122156,16,16,16,16,16,16,16,16,16,16
1,1,122157,0,0,0,0,0,7,0,0,0,0
2,1,122157,0,0,0,0,0,0,17,4,0,0
1,1,122158,0,0,0,0,0,0,0,0,0,0
0,1,122160,1,1,1,1,1,1,1,1,1,1
1,1,122160,0,0,0,0,0,0,17,0,0,0
1,1,122161,18,18,18,18,18,18,18,18,18,18
0,1,122162,41,41,41,41,41,41,41,41,41,41
1,1,122162,19,19,19,19,19,19,19,19,19,19
0,1,122163,0,0,41,0,0,32,18,0,30,0
1,1,122163,0,0,0,0,0,0,0,0,0,0
1,1,122164,0,11,0,0,0,0,0,0,6,0
2,1,122164,0,0,0,0,0,0,0,0,0,0
1,1,122165,0,0,0,12,5,0,17,0,0,12
2,1,122165,27,12,5,12,0,0,14,10,0,27
1,1,122166,0,0,0,0,0,0,0,0,0,0
2,1,122166,0,0,0,0,0,0,18,0,0,0
3,1,122166,11,0,0,0,0,0,0,0,0,0
1,1,122167,14,14,14,14,14,14,14,14,14,14
1,1,122168,0,0,0,0,5,0,0,0,0,0
2,1,122168,0,0,0,0,0,0,0,0,0,0
1,1,122169,0,0,7,0,0,0,0,0,0,0
2,1,122169,0,0,0,0,0,0,0,0,0,0
1,1,122170,0,18,0,0,11,0,0,0,0,0
2,1,122170,0,0,0,0,0,0,0,0,0,0
3,1,122170,0,0,0,0,0,0,0,0,0,9
1,1,122171,0,0,0,0,0,0,0,0,0,8
2,1,122171,24,24,24,24,24,24,24,24,24,24
1,1,122172,0,0,0,0,0,0,0,0,0,0
2,1,122172,0,0,0,0,0,0,0,0,0,0
3,1,122172,0,0,0,0,0,0,0,0,0,0
1,1,122173,0,0,0,0,0,0,0,0,0,0
1,1,122174,0,0,0,0,0,0,0,0,0,0
2,1,122174,0,0,0,0,0,0,0,0,0,0
3,1,122174,0,0,0,0,0,0,0,0,20,0
4,1,122174,0,0,0,0,0,0,0,0,0,0
5,1,122174,0,0,0,0,0,0,0,0,0,0
1,1,122176,0,0,0,0,0,0,4,0,0,0
2,1,122176,0,0,0,0,0,0,0,0,0,0
4,1,122176,6,0,0,0,0,0,0,0,0,0
1,1,122177,0,0,0,0,0,0,0,0,0,0
2,1,122177,0,0,0,0,0,0,0,0,0,0
3,1,122177,0,0,0,0,0,0,0,0,0,0
1,1,122178,5,9,8,0,8,0,15,0,17,6
2,1,122178,0,0,0,0,0,0,0,0,0,0
1,1,122179,0,0,0,8,0,0,0,0,0,15
1,1,122180,0,0,0,0,0,0,0,0,0,0
2,1,122180,0,0,0,0,0,0,0,0,0,0
1,1,122181,11,11,11,11,11,11,11,11,11,11
2,1,122181,18,18,18,18,18,18,18,18,18,18
0,1,122182,4,4,4,4,4,4,4,4,4,4
1,1,122182,0,0,0,0,0,0,0,0,0,0
0,1,122183,0,0,0,0,0,0,0,0,0,0
1,1,122183,0,0,0,0,0,0,0,0,0,0
0,1,122184,39,39,39,39,39,39,39,39,39,39
1,1,122184,4,4,4,4,4,4,4,4,4,4
1,1,122185,0,0,0,0,0,0,0,0,0,0
2,1,122185,0,0,0,0,0,0,0,0,0,0
1,1,122186,14,14,14,14,14,14,14,14,14,14
1,1,122187,0,0,0,0,0,0,0,0,0,0
2,1,122187,0,0,0,0,0,0,0,0,0,0
1,1,122188,0,0,14,0,0,0,22,5,11,0
0,1,122189,0,0,0,6,11,0,0,0,11,0
1,1,122189,0,0,11,0,0,0,0,0,0,0
1,1,122190,8,8,8,8,8,8,8,8,8,8
1,1,122191,0,10,0,9,0,9,13,8,9,33
1,1,122192,0,0,0,3,0,0,0,0,0,0
1,1,122193,0,0,0,0,0,0,0,0,0,0
2,1,122193,0,0,0,0,11,0,0,0,0,0
1,1,122194,0,0,0,0,0,0,0,0,0,0
2,1,122194,0,0,0,0,0,0,0,0,0,0
1,1,122195,0,0,0,0,0,0,0,0,0,0
2,1,122195,0,0,0,0,7,0,0,10,0,0
1,1,122196,0,0,0,0,0,0,0,0,0,0
2,1,122196,0,0,0,0,6,0,0,0,0,0
1,1,122197,11,11,11,11,11,11,11,11,11,11
2,1,122197,0,0,0,0,0,0,0,0,0,0
0,1,122198,16,16,16,16,16,16,16,16,16,16
1,1,122198,0,0,0,0,0,0,0,0,0,0
1,1,122199,7,0,0,17,0,0,0,0,0,14
2,1,122199,0,0,0,0,0,22,0,0,0,0
1,1,122200,11,21,15,0,0,0,25,7,0,0
1,1,122201,0,0,0,0,0,0,0,0,0,0
2,1,122201,0,0,0,0,0,0,0,0,0,0
1,1,122202,6,6,6,6,6,6,6,6,6,6
1,1,122203,19,0,0,0,0,0,0,0,0,0
1,1,122204,0,0,0,0,0,0,0,0,0,0
2,1,122204,0,0,0,0,0,0,0,0,0,0
1,1,122205,0,0,0,0,0,0,0,0,0,0
1,1,122206,0,0,13,0,0,0,0,0,0,0
0,1,122207,24,16,27,0,0,26,0,0,0,19
1,1,122207,0,0,0,19,0,0,0,0,0,3
1,1,122209,0,9,0,0,0,0,29,0,0,0
1,1,122210,0,0,0,0,0,0,0,0,0,0
1,1,122211,10,10,10,10,10,10,10,10,10,10
2,1,122211,0,0,0,0,0,0,0,0,0,0
1,2,122212,19,0,0,0,39,27,0,0,24,16
0,1,122213,11,11,11,11,11,11,11,11,11,11
1,1,122213,0,0,0,0,0,0,0,0,0,18
0,1,122214,0,0,7,0,0,0,0,0,0,0
0,2,122214,0,0,0,0,0,0,0,14,0,0
1,1,122214,0,0,0,0,0,0,0,23,22,0
1,1,122215,0,0,0,0,0,0,0,0,0,0
2,1,122215,20,20,20,20,20,20,20,20,20,20
3,1,122215,0,0,0,0,0,0,0,0,0,0
1,1,122216,0,0,0,0,0,0,0,0,0,0
0,1,122217,0,0,8,0,0,0,0,0,0,28
1,1,122217,0,0,0,0,0,0,0,0,0,0
1,1,122218,0,0,0,0,0,0,0,0,0,13
2,1,122218,34,15,0,0,0,0,0,0,0,0
0,1,122219,14,14,14,14,14,14,14,14,14,14
1,1,122219,0,0,0,0,0,0,0,0,0,0
1,1,122220,0,0,0,0,0,0,0,0,0,0
2,1,122220,19,19,19,19,19,19,19,19,19,19
1,1,122221,0,0,0,0,0,0,0,0,0,0
1,1,122222,0,0,0,0,0,0,0,0,0,0
2,1,122222,0,0,0,0,0,0,0,0,0,0
0,1,122224,22,22,22,22,22,22,22,22,22,22
1,1,122224,0,0,0,0,0,0,0,0,0,0
1,1,122225,0,0,0,0,0,0,16,0,0,0
2,1,122225,17,17,17,17,17,17,17,17,17,17
0,1,122226,6,21,23,15,12,15,0,9,35,25
1,1,122226,0,11,0,0,0,0,3,0,0,0
0,1,122227,0,0,0,0,0,0,0,0,0,0
1,1,122227,0,0,0,0,0,0,0,0,0,0
1,1,122228,17,17,17,17,17,17,17,17,17,17
2,1,122228,0,0,0,0,0,0,0,0,0,0
1,1,122229,0,0,0,0,0,0,30,0,0,22
2,1,122229,2,0,0,0,0,0,10,0,0,6
1,1,122230,0,0,0,0,13,0,0,0,0,0
2,1,122230,0,0,0,0,0,0,0,0,0,0
1,1,122231,0,0,0,0,0,0,0,0,0,0
2,1,122231,0,0,0,0,0,0,0,0,0,0
1,1,122232,0,0,0,5,0,12,0,0,0,0
2,1,122232,0,0,0,0,12,0,0,0,0,0
1,1,122233,10,0,3,0,6,0,0,15,0,0
1,1,122234,0,0,0,0,0,0,0,0,0,0
1,1,122235,29,29,29,29,29,29,29,29,29,29
2,1,122235,0,0,5,9,0,0,0,0,0,0
1,1,122236,0,0,0,0,0,0,0,0,0,0
2,1,122236,0,0,0,0,0,0,0,0,0,0
1,1,122237,0,0,0,0,0,0,0,0,0,9
2,1,122237,0,6,0,0,0,0,0,0,0,21
1,1,122238,36,0,0,13,0,0,0,0,0,0
1,1,122239,0,0,0,0,0,0,0,0,0,0
2,1,122239,0,6,0,0,0,0,0,0,0,0
1,1,122240,0,0,0,0,27,0,0,0,0,0
2,1,122240,5,10,6,0,0,0,11,0,0,0
1,1,122241,24,24,24,24,24,24,24,24,24,24
1,1,122242,0,0,0,0,0,0,0,0,0,0
2,1,122242,0,0,0,0,0,0,0,0,0,0
1,1,122243,0,0,0,0,0,0,0,0,0,0
2,1,122243,0,0,0,0,0,0,0,0,0,0
1,1,122244,0,0,0,0,0,0,0,0,0,0
2,1,122244,0,0,0,0,0,29,0,0,0,0
1,1,122245,0,0,0,0,0,0,0,0,0,0
2,1,122245,0,0,0,0,0,0,0,0,0,0
3,1,122245,0,0,0,17,0,0,0,0,0,0
1,1,122246,24,24,24,24,24,24,24,24,24,24
1,1,122247,19,19,19,19,19,19,19,19,19,19
1,1,122248,0,0,0,0,0,0,0,0,0,0
1,1,122249,0,0,0,0,0,0,0,0,0,0
2,1,122249,0,0,0,0,0,0,0,0,0,0
1,1,122250,0,0,0,0,0,0,0,0,0,0
2,1,122250,0,0,0,0,0,0,0,0,0,0
1,1,122251,0,0,0,0,0,0,0,0,0,0
2,1,122251,0,0,0,0,0,0,0,0,0,0
0,1,122252,22,22,22,22,22,22,22,22,22,22
1,1,122252,0,0,0,0,0,0,7,6,0,0
0,1,122253,0,0,0,0,0,0,0,0,0,0
1,1,122253,0,0,0,0,0,0,0,0,0,0
0,1,122254,5,0,0,0,15,27,0,4,13,0
1,1,122254,0,0,0,0,0,0,0,0,0,0
1,1,122255,0,0,0,0,0,0,0,0,0,0
0,1,122256,0,0,0,0,0,0,0,0,0,0
1,1,122256,0,0,0,0,0,0,5,0,0,0
1,1,122257,0,0,0,0,0,0,0,0,0,0
1,1,122258,24,24,24,24,24,24,24,24,24,24
2,1,122258,0,0,0,0,0,0,0,15,0,0
3,1,122258,0,0,0,0,4,0,0,0,0,5
4,1,122258,0,0,0,0,0,0,0,0,0,0
5,1,122258,0,0,0,0,0,0,0,0,0,0
6,1,122258,0,0,0,0,0,6,0,0,0,0
7,1,122258,0,0,0,0,0,15,0,0,0,0
0,1,122259,0,5,0,0,0,0,0,0,0,0
1,1,122259,0,0,0,0,0,0,0,0,0,0
1,1,122260,0,0,0,0,0,0,0,0,0,0
1,1,122261,0,0,0,0,0,0,0,0,0,0
2,1,122261,0,0,0,0,0,0,0,0,0,0
1,1,122262,0,0,0,0,0,0,0,0,0,0
2,1,122262,0,0,0,0,5,0,0,0,0,0
1,1,122263,0,0,0,0,0,0,0,0,0,0
2,1,122263,0,0,0,0,0,0,0,0,0,0
1,1,122264,0,0,0,0,0,0,0,0,0,0
1,1,122265,0,0,0,0,0,0,0,0,0,0
2,1,122265,0,0,0,0,0,0,0,0,0,0
3,1,122265,0,0,0,0,0,0,0,0,0,0
1,1,122266,0,0,0,0,0,0,0,0,0,0
2,1,122266,0,0,0,0,0,0,0,0,0,0
3,1,122266,0,0,0,0,0,0,0,0,0,0
4,1,122266,0,0,0,0,0,0,0,0,0,0
5,1,122266,0,0,0,0,0,0,0,0,0,0
1,1,122267,0,0,0,0,0,0,0,0,0,0
2,1,122267,0,0,0,0,0,0,0,0,0,0
1,1,122268,0,0,0,0,0,0,0,0,0,0
2,1,122268,0,0,0,0,0,0,0,0,0,0
1,1,122269,0,0,0,0,0,0,0,0,0,0
2,1,122269,0,0,22,0,0,0,0,0,0,0
0,1,122270,29,29,29,29,29,29,29,29,29,29
1,1,122270,0,0,0,0,0,0,0,0,8,0
1,1,122271,3,3,3,3,3,3,3,3,3,3
2,1,122271,0,0,0,0,0,0,0,0,0,0
3,1,122271,0,0,0,0,0,0,0,0,0,0
1,1,122272,0,0,0,0,0,0,0,0,0,0
1,1,122273,25,25,25,25,25,25,25,25,25,25
2,1,122273,0,0,0,0,0,0,0,0,0,0
0,1,122274,24,24,24,24,24,24,24,24,24,24
1,1,122274,0,0,0,0,13,0,0,0,0,9
1,1,122275,0,0,17,0,0,0,0,0,0,13
2,1,122275,0,0,0,0,0,0,0,0,0,0
1,1,122276,0,0,0,0,0,0,0,0,0,0
2,1,122276,0,0,0,0,0,0,0,0,0,0
3,1,122276,0,0,0,0,0,0,0,0,0,0
1,1,122277,0,0,0,0,0,0,0,0,0,0
2,1,122277,0,0,0,0,0,0,0,0,0,0
0,1,122278,0,0,35,0,10,0,2,0,0,4
1,1,122278,18,18,18,18,18,18,18,18,18,18
0,1,122279,16,16,16,16,16,16,16,16,16,16
1,1,122279,0,0,0,0,0,0,0,0,0,0
1,1,122280,10,41,13,32,16,0,28,25,0,28
0,1,122281,9,9,9,9,9,9,9,9,9,9
1,1,122281,0,0,0,0,0,0,0,0,0,0
0,1,122282,0,0,0,0,0,0,0,0,0,0
1,1,122282,0,0,0,0,0,0,0,0,22,0
1,1,122283,0,0,0,0,10,0,0,0,0,0
2,1,122283,0,0,0,0,0,0,0,0,4,0
3,1,122283,0,0,0,0,0,0,0,0,0,0
1,1,122284,0,0,0,0,0,0,0,0,0,0
2,1,122284,0,0,0,0,0,0,0,0,0,0
1,1,122285,0,0,0,0,0,0,0,0,0,0
2,1,122285,0,0,0,0,0,0,0,0,0,0
0,1,122286,27,27,27,27,27,27,27,27,27,27
1,1,122286,0,0,0,0,0,0,0,0,0,0
1,1,122287,0,0,0,0,0,0,0,0,0,0
2,1,122287,0,0,0,0,0,0,0,0,0,0
1,1,122288,19,19,19,19,19,19,19,19,19,19
2,1,122288,0,0,0,0,0,0,0,0,0,0
3,1,122288,0,0,0,0,0,0,0,0,18,0
0,1,122289,0,0,0,0,0,0,0,0,0,0
1,1,122289,0,19,0,0,14,0,0,0,0,0
0,1,122290,0,0,0,0,0,0,0,0,0,0
1,1,122290,0,20,20,0,0,21,20,0,0,0
0,1,122291,0,32,0,4,21,0,16,14,0,10
1,1,122291,0,0,0,0,0,0,0,0,0,0
0,1,122292,28,28,28,28,28,28,28,28,28,28
1,1,122292,0,0,0,0,0,0,0,0,0,0
1,1,122293,0,0,0,0,0,0,0,0,0,0
2,1,122293,0,0,0,0,0,0,0,0,0,22
3,1,122293,0,22,0,0,0,0,0,0,0,0
1,1,122294,0,0,0,0,0,0,0,0,0,0
1,1,122295,0,0,0,0,0,0,0,0,0,0
2,1,122295,0,0,0,0,0,0,0,0,0,0
1,1,122296,17,0,0,0,0,0,0,0,0,0
1,1,122297,0,0,0,0,0,0,0,0,0,0
1,1,122298,0,0,0,0,0,4,0,0,0,0
2,1,122298,0,0,0,0,0,0,0,0,0,5
0,1,122299,0,0,22,2,12,0,17,0,0,0
1,1,122299,0,0,0,0,0,0,0,0,0,0
1,1,122300,0,0,0,0,0,0,0,0,0,0
2,1,122300,0,0,0,0,0,0,0,0,0,0
1,1,122301,1,1,1,1,1,1,1,1,1,1
2,1,122301,0,0,0,0,0,0,0,0,0,0
1,1,122302,0,0,0,11,0,0,0,0,0,0
2,1,122302,0,0,0,0,0,0,0,0,0,0
1,1,122303,0,0,0,0,0,0,8,0,0,0
1,1,122304,10,10,10,10,10,10,10,10,10,10
2,1,122305,0,0,0,0,0,16,0,0,0,0
1,1,122306,24,24,24,24,24,24,24,24,24,24
1,1,122307,0,0,0,0,0,0,0,0,0,0
2,1,122307,0,0,0,0,0,0,0,0,0,0
0,1,122308,17,17,17,17,17,17,17,17,17,17
1,1,122308,0,0,0,0,0,0,0,0,0,0
0,1,122309,32,12,23,0,20,26,0,15,18,0
1,1,122309,0,0,0,0,0,0,0,0,0,0
1,1,122310,19,19,19,19,19,19,19,19,19,19
1,1,122311,0,0,0,0,0,0,0,0,0,0
2,1,122311,0,0,0,0,0,0,0,12,0,0
3,1,122311,0,0,0,0,0,0,0,0,0,26
0,1,122312,0,0,0,28,0,0,0,19,42,0
1,1,122312,0,6,0,0,0,0,0,0,0,0
1,1,122313,0,0,38,23,11,25,0,19,0,33
1,1,122314,0,0,0,0,0,0,0,0,0,0
2,1,122314,0,0,0,0,0,0,0,4,0,0
1,1,122315,0,0,0,0,8,0,0,10,22,0
0,1,122316,0,0,0,0,0,0,0,0,0,0
1,1,122316,0,0,0,9,0,0,0,0,0,7
0,1,122317,17,16,0,0,30,26,0,23,0,20
2,1,122317,0,0,0,0,0,0,0,0,0,0
3,1,122317,0,0,0,0,0,0,0,0,0,0
4,1,122317,0,0,0,0,0,0,0,5,0,15
5,1,122317,0,0,0,8,0,0,0,0,0,0
0,1,122318,0,0,0,0,0,0,0,0,0,0
1,1,122318,0,0,0,0,14,0,0,0,0,0
1,1,122319,0,0,0,0,0,0,0,0,0,0
2,1,122319,0,0,0,0,0,0,0,0,0,0
0,1,122320,0,0,0,0,0,24,19,23,27,15
1,1,122320,0,0,0,0,0,0,0,0,0,0
1,1,122321,0,0,5,0,9,0,0,12,0,0
1,1,122322,0,0,0,0,0,0,0,0,0,0
2,1,122322,0,0,0,0,0,0,0,0,0,0
1,1,122323,0,0,15,0,0,0,0,0,0,0
1,1,122324,0,0,0,0,0,0,0,0,0,0
2,1,122324,0,0,0,0,0,0,0,0,0,0
1,1,122325,0,0,0,0,0,0,0,0,0,0
1,1,122326,19,19,19,19,19,19,19,19,19,19
1,1,122327,0,0,0,0,0,0,0,0,0,0
2,1,122327,0,0,0,0,0,0,0,0,0,0
1,1,122328,7,7,7,7,7,7,7,7,7,7
1,1,122329,16,0,0,0,0,18,0,0,0,0
2,1,122329,0,0,0,0,0,0,0,0,0,0
1,1,122330,7,0,0,0,0,15,0,0,0,0
2,1,122330,0,0,0,0,0,0,0,0,0,13
0,1,122331,0,0,0,0,0,0,0,0,0,0
1,1,122331,0,0,0,0,0,0,0,0,0,0
1,1,122332,0,0,0,0,0,0,21,0,0,0
1,1,122333,17,17,17,17,17,17,17,17,17,17
0,1,122334,40,40,40,40,40,40,40,40,40,40
1,1,122334,0,0,0,12,0,0,0,7,0,0
0,1,122335,29,29,29,29,29,29,29,29,29,29
1,1,122335,0,0,0,21,0,0,0,0,0,15
0,1,122336,0,0,0,0,0,0,0,0,0,0
1,1,122336,0,0,0,0,0,0,7,0,0,18
1,1,122337,0,0,0,0,0,0,0,0,0,0
2,1,122337,0,0,0,0,0,0,0,0,0,0
1,1,122338,0,0,8,4,0,0,0,0,0,11
1,1,122339,0,0,0,0,0,0,0,0,0,0
2,1,122339,0,0,0,0,0,0,0,0,0,0
0,1,122340,28,28,28,28,28,28,28,28,28,28
1,1,122340,0,0,14,0,6,0,0,0,0,0
0,1,122341,0,0,0,0,0,0,0,0,0,0
1,1,122342,0,0,15,0,0,0,0,0,0,0
2,1,122342,0,0,0,0,0,0,0,0,0,0
1,1,122343,0,0,0,0,0,0,0,0,0,0
0,1,122344,30,13,0,8,17,0,35,9,20,0
1,1,122344,0,0,0,0,0,0,0,0,0,0
0,1,122345,36,13,22,6,7,30,21,15,0,27
1,1,122345,0,6,0,0,0,0,8,0,0,12
1,1,122346,19,19,19,19,19,19,19,19,19,19
0,1,122347,11,11,11,11,11,11,11,11,11,11
1,1,122347,0,0,0,0,0,0,0,0,0,0
1,1,122348,11,11,11,11,11,11,11,11,11,11
0,1,122349,0,0,0,0,0,0,0,0,0,0
1,1,122349,0,0,9,0,0,17,22,0,0,5
1,1,122350,22,0,0,0,10,0,11,0,0,0
1,1,122351,0,0,0,0,0,0,0,0,0,0
1,1,122352,17,10,20,24,19,17,16,0,11,24
2,1,122352,0,0,0,0,0,0,0,0,0,0
1,1,122353,0,0,0,0,0,9,21,28,11,0
1,1,122354,0,0,0,0,0,0,0,0,0,0
2,1,122354,0,0,0,0,0,0,0,0,0,0
3,1,122354,0,0,0,0,0,0,0,0,0,0
1,1,122355,0,0,0,0,0,0,0,0,0,0
2,1,122355,0,0,0,0,0,0,0,0,0,0
1,1,122356,1,1,1,1,1,1,1,1,1,1
0,1,122357,18,0,0,0,0,0,0,0,0,0
1,1,122357,0,0,0,0,0,0,0,0,0,0
1,1,122358,17,17,17,17,17,17,17,17,17,17