VEH_NO,PER_NO,ST_CASE,P1,P2,P3,P4,P5,P6,P7,P8,P9,P10
1,1,122359,25,25,25,25,25,25,25,25,25,25
2,1,122359,0,0,0,0,0,0,0,0,0,0
1,1,122360,24,24,24,24,24,24,24,24,24,24
2,1,122360,0,0,0,0,0,0,0,0,0,0
1,1,122361,0,0,0,0,0,0,0,0,0,0
2,1,122361,0,0,0,0,0,0,0,13,0,0
3,1,122361,0,0,0,0,0,0,0,0,0,0
1,1,122362,0,0,0,0,0,0,0,0,0,0
2,1,122362,0,0,0,0,0,0,0,0,0,0
3,1,122362,0,0,0,0,0,0,0,0,0,0
0,1,122363,14,14,14,14,14,14,14,14,14,14
1,1,122363,0,0,0,0,0,0,0,0,0,0
1,1,122364,0,0,0,0,0,0,0,0,0,0
2,1,122364,0,0,0,0,0,0,0,0,0,0
3,1,122364,0,0,0,0,0,11,0,0,0,0
0,1,122365,31,0,0,0,0,26,0,35,0,11
1,1,122365,0,0,0,0,0,0,0,0,0,0
0,1,122366,0,0,0,0,0,0,0,0,0,0
1,1,122366,0,0,0,0,0,0,0,0,0,0
1,1,122367,0,0,16,0,0,0,0,0,0,0
1,1,122368,0,0,0,0,0,0,0,0,0,0
2,1,122368,0,0,0,0,0,0,0,0,0,0
3,1,122368,0,0,0,0,0,0,0,0,0,0
1,1,122369,0,0,0,0,0,0,0,0,0,0
2,1,122369,0,0,0,0,0,0,0,0,0,0
1,1,122370,0,0,0,0,0,0,0,0,0,0
2,1,122370,0,0,0,0,0,0,0,0,0,0
1,1,122371,0,0,0,0,0,0,0,0,0,0
1,1,122372,15,0,0,0,0,14,37,0,0,0
2,1,122372,0,0,0,0,0,0,0,0,0,0
1,1,122373,21,21,21,21,21,21,21,21,21,21
2,1,122373,0,0,0,0,0,0,0,0,0,0
1,1,122374,19,19,19,19,19,19,19,19,19,19
0,1,122375,12,0,0,0,0,0,0,21,0,0
0,2,122375,0,0,0,0,0,0,0,0,0,0
1,1,122375,0,3,0,0,0,7,8,0,10,0
0,1,122376,15,15,15,15,15,15,15,15,15,15
1,1,122376,0,0,0,1,0,0,0,0,0,0
1,1,122377,0,0,0,0,0,0,0,0,0,0
2,1,122377,0,0,0,0,0,0,0,0,0,0
1,1,122378,20,20,20,20,20,20,20,20,20,20
1,1,122379,10,10,10,10,10,10,10,10,10,10
1,1,122380,0,0,0,0,0,0,0,0,0,0
0,1,122381,0,0,0,0,0,0,0,0,0,0
1,1,122381,0,0,0,0,0,0,0,0,0,8
2,1,122381,0,0,0,0,0,0,0,0,0,0
0,1,122382,0,0,0,0,0,0,0,0,0,0
1,1,122382,0,0,0,5,0,0,0,0,0,0
1,1,122383,0,0,0,0,0,0,0,0,0,0
2,1,122383,0,0,0,0,0,0,0,14,0,0
0,1,122384,36,36,36,36,36,36,36,36,36,36
0,2,122384,0,0,0,0,30,17,0,19,0,26
1,1,122384,0,0,0,0,0,0,0,0,0,0
1,1,122385,25,25,25,25,25,25,25,25,25,25
1,1,122386,0,0,0,0,0,0,0,0,0,0
1,1,122387,18,18,18,18,18,18,18,18,18,18
1,1,122388,0,0,0,0,0,0,0,0,0,0
2,1,122388,0,0,0,0,10,0,0,0,0,0
3,1,122388,0,0,0,0,0,0,0,0,0,0
4,1,122388,0,0,0,6,0,4,0,0,0,0
5,1,122388,0,0,0,0,0,0,0,0,0,0
0,1,122389,10,0,0,23,21,27,0,0,0,0
1,1,122389,0,0,0,0,0,0,0,0,0,0
1,1,122390,31,31,31,31,31,31,31,31,31,31
2,1,122390,0,0,0,0,0,0,0,0,17,22
0,1,122391,19,19,19,19,19,19,19,19,19,19
0,2,122391,9,0,24,16,0,33,0,18,33,27
1,1,122391,0,0,0,0,0,0,0,0,0,0
1,1,122392,0,0,0,0,0,0,0,0,0,0
2,1,122392,0,0,0,0,0,0,0,0,0,0
1,1,122393,0,0,0,0,0,15,0,0,0,0
2,1,122393,0,0,0,0,0,0,0,0,0,0
3,1,122393,0,0,0,0,0,0,0,0,0,0
1,1,122394,0,23,0,15,21,0,0,20,0,14
2,1,122394,0,0,0,0,8,0,0,0,0,0
1,1,122395,11,11,11,11,11,11,11,11,11,11
2,1,122395,0,0,0,0,0,0,0,0,0,0
1,1,122396,27,27,27,27,27,27,27,27,27,27
1,1,122397,0,0,0,0,0,0,0,0,0,0
2,1,122397,0,0,0,0,0,0,0,0,0,0
1,1,122398,0,0,0,0,0,0,0,0,0,0
2,1,122398,0,0,0,0,0,0,0,0,0,0
1,1,122399,0,0,0,0,0,0,0,0,0,0
1,1,122400,0,0,0,0,0,0,0,0,0,0
1,1,122401,0,0,0,0,0,0,0,0,0,0
1,1,122402,18,18,18,18,18,18,18,18,18,18
2,1,122402,10,10,10,10,10,10,10,10,10,10
1,1,122403,0,0,0,0,0,0,0,0,0,0
1,1,122404,18,18,18,18,18,18,18,18,18,18
1,1,122405,0,0,0,0,0,0,0,0,0,0
2,1,122405,0,0,0,0,0,0,0,0,0,0
1,1,122406,0,0,0,0,0,0,0,0,0,0
2,1,122406,0,0,0,0,0,0,0,0,0,0
1,1,122407,0,31,0,0,0,0,0,0,0,0
0,1,122408,0,0,0,0,0,0,0,0,0,0
1,1,122408,0,0,0,0,0,0,0,0,0,0
1,1,122409,0,0,0,0,0,0,0,0,0,0
2,1,122409,0,0,0,0,0,0,0,0,0,0
3,1,122409,0,0,0,0,0,0,0,0,0,0
0,1,122410,0,0,0,0,0,0,0,0,0,0
1,1,122410,0,0,0,0,0,0,0,0,0,0
1,1,122411,1,1,1,1,1,1,1,1,1,1
2,1,122411,0,0,0,0,0,0,0,0,0,0
1,1,122412,0,0,0,0,0,0,0,0,0,0
2,1,122412,0,0,0,0,0,0,0,0,0,0
3,1,122412,0,0,0,0,0,0,0,0,0,0
1,1,122413,25,0,0,20,0,0,0,14,30,12
0,1,122414,0,0,0,0,0,0,0,0,0,0
1,1,122414,0,0,0,0,0,0,0,0,0,0
1,1,122415,32,32,32,32,32,32,32,32,32,32
1,1,122416,0,0,0,0,0,0,0,0,0,0
1,1,122417,5,5,5,5,5,5,5,5,5,5
1,1,122418,11,11,11,11,11,11,11,11,11,11
2,1,122418,0,0,0,0,0,0,0,0,0,0
3,1,122418,0,0,0,0,0,0,0,0,0,0
4,1,122418,6,0,0,0,0,0,0,0,0,0
1,1,122419,0,0,0,0,0,0,0,0,0,0
2,1,122419,0,0,0,0,0,0,0,0,0,0
1,1,122420,0,0,0,0,0,0,0,0,0,0
2,1,122420,0,0,0,0,0,0,0,0,0,0
1,1,122421,9,9,9,9,9,9,9,9,9,9
0,1,122422,0,32,11,0,12,36,0,14,29,0
1,1,122422,0,0,0,30,0,0,0,0,0,0
1,1,122423,0,0,0,0,8,28,0,6,0,0
2,1,122423,6,0,0,0,26,0,0,0,0,0
1,1,122424,0,25,13,0,0,0,0,23,0,0
2,1,122424,0,0,0,0,0,0,0,0,0,0
0,1,122425,0,0,0,0,0,0,9,0,0,0
1,1,122425,0,0,0,0,0,0,0,0,0,0
2,1,122425,0,0,0,0,0,0,0,0,0,0
1,1,122426,19,19,19,19,19,19,19,19,19,19
1,1,122427,4,4,4,4,4,4,4,4,4,4
1,1,122429,0,0,0,0,0,0,0,0,0,0
2,1,122429,1,1,1,1,1,1,1,1,1,1
3,1,122429,0,0,0,0,0,0,0,0,0,0
1,1,122430,0,0,0,0,0,0,0,0,0,0
2,1,122430,0,0,0,0,0,0,0,0,0,0
1,1,122431,0,0,0,0,0,0,0,0,0,0
2,1,122431,0,0,0,0,0,0,0,0,0,0
1,1,122432,0,0,10,0,0,0,0,0,0,0
2,1,122432,0,0,0,0,0,0,19,8,7,0
1,1,122433,0,0,0,0,13,0,0,0,0,12
1,1,122434,0,0,0,0,0,0,0,0,0,0
2,1,122434,0,0,0,0,0,0,0,0,0,0
1,1,122435,20,20,20,20,20,20,20,20,20,20
0,1,122436,0,18,30,18,14,10,32,0,0,17
1,1,122436,0,0,0,0,0,0,0,0,0,0
1,1,122437,17,17,17,17,17,17,17,17,17,17
2,1,122437,0,0,0,0,0,0,0,0,0,0
1,1,122438,0,0,0,0,0,0,0,0,0,0
2,1,122438,0,0,0,0,0,0,0,0,0,0
0,1,122439,0,0,0,0,0,0,0,21,0,0
1,1,122439,0,0,0,0,0,0,0,15,0,39
1,1,122440,13,16,0,16,11,0,8,0,0,2
2,1,122440,0,0,0,0,0,0,0,0,0,0
1,1,122441,0,0,0,0,0,0,0,0,0,0
2,1,122441,0,14,7,0,17,0,8,21,0,20
1,1,122442,0,0,0,0,0,0,0,0,0,0
2,1,122442,0,0,0,0,0,0,0,0,0,0
1,1,122443,0,0,0,17,0,0,0,0,0,0
2,1,122443,0,0,0,0,0,0,0,0,0,0
1,1,122444,0,0,0,0,0,0,0,0,0,0
2,1,122444,0,0,0,0,0,0,0,0,0,0
3,1,122444,0,0,0,0,0,0,0,0,0,0
1,1,122445,0,0,0,0,0,0,0,0,0,0
2,1,122445,0,0,0,0,0,0,0,0,0,0
3,1,122445,0,0,0,0,0,0,0,0,0,0
1,1,122446,0,0,0,0,0,0,0,0,0,0
2,1,122446,0,0,0,0,0,0,0,0,0,0
1,1,122447,0,0,0,0,0,0,16,0,0,0
2,1,122447,0,0,0,0,0,0,0,0,0,0
1,1,122448,0,12,0,12,0,0,0,0,0,0
2,1,122448,0,0,16,0,13,0,0,0,0,0
3,1,122448,0,0,0,0,0,0,0,0,0,0
4,1,122448,0,0,0,0,0,0,0,0,0,0
5,1,122448,0,0,0,0,0,0,0,0,0,0
6,1,122448,0,0,0,0,0,0,0,0,0,0
1,1,122449,0,0,0,0,0,0,0,0,0,0
2,1,122449,11,0,0,12,8,0,11,12,0,29
1,1,122450,0,10,6,0,8,11,0,0,0,0
1,1,122451,20,20,20,20,20,20,20,20,20,20
1,1,122452,0,22,0,18,0,0,0,0,0,0
1,1,122453,20,16,14,17,0,0,0,28,0,2
0,1,122454,0,0,0,0,0,0,0,0,0,0
1,1,122454,0,0,0,0,0,0,0,0,0,0
1,1,122455,0,0,0,0,0,20,0,0,0,0
2,1,122455,0,0,0,0,0,14,11,0,0,12
1,1,122456,0,0,0,0,0,0,0,0,0,0
2,1,122456,0,0,0,0,0,0,0,0,5,0
1,1,122457,14,14,14,14,14,14,14,14,14,14
0,1,122458,15,0,17,0,10,20,0,30,17,20
1,1,122458,16,16,16,16,16,16,16,16,16,16
0,1,122459,0,0,0,0,0,0,0,0,0,19
1,1,122459,0,0,0,0,0,0,0,0,0,0
0,1,122460,0,0,0,0,0,0,0,0,0,0
1,1,122460,0,0,0,0,0,0,0,0,0,0
2,1,122460,0,0,0,0,0,0,0,8,0,0
3,1,122460,0,0,0,0,0,0,0,0,0,0
1,1,122461,0,16,0,0,25,36,13,17,0,0
0,1,122462,27,27,27,27,27,27,27,27,27,27
0,2,122462,10,0,20,16,22,32,34,10,11,16
1,1,122462,0,0,0,0,0,0,0,0,14,0
0,1,122463,0,0,0,9,0,0,0,0,8,0
1,1,122463,0,0,0,0,0,0,0,0,0,0
1,1,122464,0,0,0,0,0,0,0,0,0,0
2,1,122464,0,0,0,0,0,0,0,0,0,3
1,1,122465,18,18,18,18,18,18,18,18,18,18
1,1,122466,0,0,0,0,0,0,0,0,0,0
1,1,122467,0,0,0,0,0,0,0,0,0,0
1,1,122468,0,0,0,0,0,0,0,0,0,0
2,1,122468,0,0,0,0,0,0,0,0,0,0
1,1,122469,4,0,0,0,0,0,0,0,0,0
2,1,122469,0,0,0,0,0,0,0,0,0,0
1,1,122470,21,21,21,21,21,21,21,21,21,21
1,1,122471,21,21,21,21,21,21,21,21,21,21
1,1,122472,0,0,0,0,0,0,0,0,0,0
2,1,122472,0,0,0,0,0,0,0,0,0,0
1,1,122473,0,0,0,0,0,0,22,0,0,13
1,1,122474,0,0,0,0,0,0,0,0,0,0
2,1,122474,0,20,0,0,0,0,0,0,0,0
0,1,122475,11,0,0,0,0,14,0,0,0,0
1,1,122475,0,0,21,0,0,0,0,6,0,0
1,1,122476,0,0,0,5,0,0,0,0,10,0
2,1,122476,0,0,0,0,0,0,0,0,0,0
1,1,122477,15,15,15,15,15,15,15,15,15,15
2,1,122477,0,0,0,0,0,0,0,0,0,0
1,1,122478,0,0,0,0,0,0,0,0,0,0
2,1,122478,0,0,0,0,0,0,0,0,0,0
0,1,122479,0,0,0,0,0,0,0,0,0,0
1,1,122479,0,0,0,0,0,0,0,0,0,0
1,1,122480,0,0,0,7,0,0,0,0,0,0
2,1,122480,0,0,0,0,0,0,1,0,0,5
0,1,122481,33,33,33,33,33,33,33,33,33,33
1,1,122481,0,0,0,0,0,0,0,0,0,0
2,1,122481,0,0,0,0,0,0,0,0,0,0
1,1,122482,0,0,0,0,0,0,0,0,0,0
2,1,122482,0,0,0,0,0,0,0,0,0,0
1,1,122483,10,10,10,10,10,10,10,10,10,10
1,1,122484,18,18,18,18,18,18,18,18,18,18
2,1,122484,0,0,0,0,0,0,0,0,0,0
1,1,122485,0,0,0,0,0,0,0,0,0,0
2,1,122485,0,0,0,0,0,0,0,0,0,0
0,1,122486,0,0,0,0,0,0,0,0,0,0
0,2,122486,0,0,0,0,18,0,0,0,0,0
0,3,122486,0,0,0,0,0,0,0,0,0,0
2,1,122486,0,0,0,0,0,0,0,0,0,0
1,1,122487,24,0,0,0,0,0,0,0,0,0
2,1,122487,0,0,0,0,0,0,0,0,0,0
1,1,122488,0,0,0,0,0,0,0,0,0,0
2,1,122488,0,0,0,0,0,0,0,0,0,0
1,1,122489,28,28,28,28,28,28,28,28,28,28
2,1,122489,0,0,0,0,0,0,0,0,0,0
1,1,122490,0,0,0,0,0,0,0,0,0,0
1,1,122491,4,4,4,4,4,4,4,4,4,4
1,1,122492,0,0,0,0,0,0,0,0,0,0
2,1,122492,0,0,0,0,0,0,0,0,0,0
1,1,122493,21,0,0,0,0,0,0,0,0,0
0,1,122494,0,0,0,0,0,0,0,0,0,0
1,1,122494,0,9,0,0,0,0,0,0,0,0
1,1,122495,0,0,0,0,0,0,0,0,0,0
0,1,122496,0,0,0,0,0,0,0,0,0,0
1,1,122496,0,0,0,0,0,0,0,0,0,0
1,1,122497,5,0,0,9,22,7,0,0,0,0
1,1,122498,0,0,0,0,0,0,0,0,0,7
1,1,122499,10,10,10,10,10,10,10,10,10,10
1,1,122500,0,0,0,0,0,0,0,0,0,0
2,1,122500,0,0,0,0,0,0,0,0,0,0
1,1,122501,0,0,0,0,0,0,0,0,0,0
2,1,122501,0,0,0,0,0,0,0,0,0,0
1,1,122502,0,0,0,0,5,5,0,0,0,4
2,1,122502,0,0,23,0,0,0,0,0,0,0
0,1,122503,28,28,28,28,28,28,28,28,28,28
1,1,122503,7,0,0,0,5,14,0,0,7,0
1,1,122504,29,29,29,29,29,29,29,29,29,29
1,1,122505,0,0,0,0,0,0,0,0,0,0
2,1,122505,0,0,0,0,0,0,0,0,0,0
1,1,122506,33,33,33,33,33,33,33,33,33,33
1,1,122507,0,0,0,0,0,0,0,0,0,0
2,1,122507,0,11,0,0,0,0,0,0,0,0
1,1,122508,0,0,0,0,0,0,0,0,0,0
1,1,122509,26,26,26,26,26,26,26,26,26,26
2,1,122509,0,0,0,0,0,0,0,0,0,0
1,1,122510,13,5,0,0,0,16,0,0,0,0
2,1,122510,0,0,0,5,0,0,0,0,0,0
0,1,122511,13,30,0,0,0,0,0,0,13,0
1,1,122511,0,0,0,0,0,0,0,0,0,0
1,1,122512,0,0,0,0,0,0,0,0,0,0
2,1,122512,0,0,0,0,0,0,0,0,0,0
1,1,122513,0,0,0,0,0,0,0,0,0,0
1,1,122514,0,0,0,0,0,0,0,0,0,0
1,1,122515,13,13,0,14,0,14,27,0,6,18
1,1,122516,0,0,0,0,0,0,0,0,0,0
2,1,122516,0,0,0,0,0,0,0,0,0,0
3,1,122516,0,0,0,0,0,0,0,0,0,0
1,1,122517,0,9,0,0,0,0,0,0,8,0
2,1,122517,0,0,0,0,0,0,0,0,9,0
1,1,122518,19,19,19,19,19,19,19,19,19,19
1,1,122519,0,0,0,0,0,0,0,0,0,0
1,1,122520,10,10,10,10,10,10,10,10,10,10
2,1,122520,0,0,0,0,0,0,0,0,0,0
1,1,122521,20,0,0,0,0,0,0,0,13,0
1,1,122522,0,0,0,0,0,0,0,0,0,0
1,1,122523,0,0,0,0,0,0,0,0,0,0
2,1,122523,0,0,0,0,0,0,0,0,0,0
0,1,122524,12,12,12,12,12,12,12,12,12,12
1,1,122524,0,0,0,0,0,0,0,0,0,7
0,1,122525,0,0,0,0,0,0,0,0,0,0
1,1,122525,0,0,0,0,0,0,0,0,0,0
1,1,122526,0,0,0,0,0,0,0,0,0,0
2,1,122526,0,0,0,0,0,9,0,0,0,0
1,1,122527,0,0,0,0,0,0,0,0,0,0
1,1,122528,0,0,0,0,0,0,0,0,0,0
2,1,122528,0,0,0,0,0,0,0,0,0,0
1,1,122529,0,0,0,0,0,0,0,0,0,0
2,1,122529,0,0,0,0,0,0,0,0,0,0
3,1,122529,0,0,0,0,0,0,0,0,0,0
1,1,122530,0,0,0,0,0,0,0,0,0,0
1,1,122531,0,0,0,0,0,0,0,0,0,0
2,1,122531,0,0,0,0,0,0,0,0,0,0
1,1,122532,0,0,0,0,0,0,0,0,0,0
1,1,122533,0,0,0,0,0,0,0,0,0,0
1,1,122535,18,18,18,18,18,18,18,18,18,18
2,1,122535,0,0,0,0,0,0,0,0,0,0
0,1,122536,0,0,0,0,0,0,0,0,0,0
1,1,122536,0,0,0,0,0,0,0,0,0,0
1,1,122537,0,0,0,0,0,0,0,0,0,0
1,1,122538,17,17,17,17,17,17,17,17,17,17
1,1,122539,0,0,0,0,0,0,0,0,0,0
2,1,122539,0,0,0,6,0,0,0,0,0,10
3,1,122539,0,0,0,0,0,0,0,0,14,0
4,1,122539,0,23,8,0,0,29,4,21,11,9
0,1,122540,33,33,33,33,33,33,33,33,33,33
1,1,122540,0,0,0,0,0,0,0,0,0,0
1,1,122541,0,0,0,0,0,0,0,0,0,0
2,1,122541,0,0,0,0,0,0,0,0,10,0
1,1,122542,0,0,0,0,0,0,0,0,0,0
2,1,122542,0,0,0,0,0,0,0,0,0,0
1,1,122544,0,0,0,0,0,0,0,0,0,0
2,1,122544,0,0,0,0,0,0,0,0,0,0
1,1,122545,0,0,0,0,0,0,0,0,0,0
2,1,122545,0,0,0,0,0,0,0,0,0,0
1,1,122546,39,39,39,39,39,39,39,39,39,39
1,1,122547,0,0,0,0,0,0,0,0,0,0
2,1,122547,0,0,0,0,0,0,0,0,0,0
3,1,122547,12,0,0,0,0,0,0,0,0,0
1,1,122548,2,2,2,2,2,2,2,2,2,2
1,1,122549,0,0,0,0,0,0,0,0,0,0
1,1,122550,10,0,0,3,0,0,0,0,0,0
0,1,122551,0,0,0,0,0,0,0,0,0,0
1,1,122551,0,0,0,0,0,0,0,0,6,0
1,1,122552,22,22,22,22,22,22,22,22,22,22
1,1,122553,0,0,0,0,0,0,0,0,0,0
0,1,122554,12,12,12,12,12,12,12,12,12,12
1,1,122554,19,16,0,0,0,0,0,0,0,0
1,1,122555,0,0,0,0,0,0,0,0,0,0
2,1,122555,25,25,25,25,25,25,25,25,25,25
1,1,122556,0,0,0,0,0,0,0,0,0,0
2,1,122556,0,14,0,0,0,0,0,0,6,0
3,1,122556,0,0,0,8,0,0,0,9,0,13
1,1,122557,21,21,21,21,21,21,21,21,21,21
1,1,122558,0,0,0,0,0,0,0,0,0,0
2,1,122558,0,0,0,0,0,0,0,0,0,0
1,1,122559,0,0,0,0,0,0,0,0,0,0
1,1,122560,14,14,14,14,14,14,14,14,14,14
1,1,122561,24,24,24,24,24,24,24,24,24,24
1,1,122563,0,0,0,0,0,0,0,0,0,0
1,1,122564,0,0,0,0,0,0,0,0,0,0
2,1,122564,0,0,0,0,0,0,0,0,0,0
3,1,122564,0,0,0,0,0,0,0,0,0,0
4,1,122564,0,0,0,0,0,0,0,0,0,0
1,1,122565,0,0,0,0,0,0,0,0,0,0
2,1,122565,0,0,0,0,0,0,0,6,0,0
3,1,122565,0,0,0,0,0,0,0,0,0,0
4,1,122565,0,0,0,0,0,0,0,0,0,0
5,1,122565,0,0,0,0,0,0,0,0,0,0
1,1,122566,0,0,0,0,0,0,0,0,0,0
2,1,122566,0,0,0,0,0,0,0,0,0,0
0,1,122567,0,0,0,0,0,0,5,0,0,13
0,2,122567,28,4,12,23,0,0,21,25,29,20
1,1,122567,0,0,0,0,3,0,0,0,0,7
1,1,122568,0,0,0,0,0,0,0,0,0,0
2,1,122568,0,0,0,0,0,0,0,0,0,0
1,1,122569,0,0,0,0,0,0,0,0,0,0
1,1,122570,0,0,0,12,8,25,0,0,25,25
1,1,122571,20,20,20,20,20,20,20,20,20,20
1,1,122572,0,0,0,0,0,0,0,0,0,0
1,1,122573,0,0,0,0,0,0,0,0,0,0
2,1,122573,0,0,0,0,0,0,0,0,0,0
1,1,122574,0,0,0,0,0,0,0,0,0,0
0,1,122575,0,0,0,0,0,0,0,0,0,0
1,1,122575,0,0,0,0,0,0,0,0,0,0
0,1,122576,16,0,0,0,0,27,0,19,0,36
1,1,122576,0,0,0,0,0,0,0,0,0,0
0,1,122577,0,27,14,30,19,0,13,0,28,0
1,1,122577,0,0,0,0,20,22,0,0,7,17
1,1,122578,16,16,16,16,16,16,16,16,16,16
1,1,122579,0,0,0,0,0,0,0,0,0,0
2,1,122579,0,0,0,0,0,0,0,0,0,0
1,1,122580,0,0,0,0,0,0,0,0,0,0
2,1,122580,0,0,0,0,0,0,0,0,0,0
0,1,122581,0,24,0,0,23,23,17,16,0,49
0,2,122581,0,0,0,0,0,0,0,0,0,0
1,1,122581,0,0,0,18,0,0,0,0,0,0
1,1,122582,0,0,0,0,0,0,0,0,0,0
0,1,122583,0,0,0,0,0,0,0,0,0,0
1,1,122583,0,0,0,0,0,0,0,0,0,0
0,1,122584,20,20,20,20,20,20,20,20,20,20
1,1,122584,0,0,0,0,0,0,0,0,0,0
1,1,122585,0,0,0,0,0,0,0,0,0,0
1,1,122586,0,0,0,3,6,0,0,0,0,0
1,1,122587,0,10,0,0,0,0,0,0,0,0
2,1,122587,0,0,0,0,0,0,0,0,0,0
1,1,122588,0,0,0,0,0,0,0,0,0,0
1,1,122589,0,0,0,0,0,0,0,0,0,0
2,1,122589,0,0,0,0,0,0,0,0,0,0
1,1,122590,0,0,0,0,0,0,0,0,0,0
2,1,122590,0,0,0,0,0,0,0,0,0,0
1,1,122591,0,0,0,0,0,0,0,0,0,0
1,1,122592,0,0,0,0,0,0,0,0,0,0
2,1,122592,0,0,0,0,0,0,0,0,0,0
1,1,122593,0,0,0,0,0,0,0,0,0,0
2,1,122593,0,0,0,0,0,0,0,0,0,0
1,1,122594,0,0,0,0,0,0,0,0,0,0
2,1,122594,0,0,0,0,0,0,0,0,0,0
1,1,122598,0,0,0,0,0,0,0,0,0,0
1,1,122599,0,0,0,0,0,0,0,0,0,0
2,1,122599,0,0,0,0,0,0,0,0,0,0
0,1,122600,0,0,0,12,0,0,0,14,0,14
1,1,122600,0,0,0,0,0,0,0,0,0,0
1,1,122601,7,7,7,7,7,7,7,7,7,7
2,1,122601,0,0,0,0,0,0,0,0,0,0
0,1,122602,42,30,23,14,15,22,40,23,0,0
1,1,122602,0,0,0,0,16,0,0,0,0,10
1,1,122603,0,0,0,0,0,0,0,0,0,0
2,1,122603,0,0,0,0,0,0,0,0,0,0
1,1,122605,0,0,0,0,0,0,0,0,0,0
2,1,122605,0,0,0,0,0,0,0,0,0,0
1,1,122606,0,0,0,0,0,0,0,0,0,0
2,1,122606,0,0,0,0,0,0,0,0,0,0
1,1,122607,0,27,0,0,17,0,0,0,0,0
2,1,122607,0,0,0,0,0,0,0,0,0,0
0,1,122608,0,0,0,0,0,15,0,0,0,0
1,1,122608,0,0,0,0,0,0,0,0,0,0
1,1,122609,0,6,0,0,0,0,0,0,0,0
2,1,122609,0,0,0,0,0,0,0,0,0,0
1,1,122610,0,0,0,18,0,0,14,0,0,14
1,1,122611,0,0,0,0,0,0,0,0,0,0
2,1,122611,0,0,0,0,0,0,0,0,0,0
1,1,122612,0,0,0,0,0,0,0,0,0,0
3,1,122612,0,0,0,16,0,0,0,11,0,0
1,1,122613,0,0,0,0,0,0,0,0,0,6
2,1,122613,0,0,0,0,0,0,0,0,0,0
0,1,122614,0,0,0,0,0,0,0,0,0,0
1,1,122614,0,0,0,0,0,0,0,0,0,0
0,1,122615,0,0,14,0,0,0,0,0,0,0
1,1,122615,0,0,10,0,0,0,0,0,0,0
2,1,122615,0,0,0,0,0,0,0,0,0,0
1,1,122616,0,0,0,0,0,0,11,0,0,0
1,1,122618,0,0,0,0,0,0,0,0,0,0
2,1,122618,0,0,0,0,0,0,0,0,0,0
1,1,122619,0,12,6,18,16,20,12,22,0,17
2,1,122619,0,0,0,0,0,0,0,0,19,0
1,1,122620,0,0,0,0,0,0,0,0,0,0
2,1,122620,0,0,0,0,0,0,23,0,0,0
1,1,122621,0,0,0,0,0,0,0,0,0,0
1,1,122623,0,0,0,0,0,0,0,0,0,0
2,1,122623,0,0,0,12,0,0,0,0,0,16
1,1,122624,0,0,0,0,0,0,23,0,0,0
2,1,122624,0,0,0,0,0,0,0,0,0,0
0,1,122625,11,0,0,0,0,0,0,0,0,27
0,2,122625,0,4,0,0,0,0,0,0,0,0
1,1,122625,0,0,0,0,0,5,0,0,0,0
0,1,122626,29,0,25,11,0,0,0,0,22,0
1,1,122626,7,0,0,0,0,0,24,0,0,0
1,1,122627,0,0,0,0,0,0,0,0,0,0
1,1,122628,0,0,0,0,0,0,22,0,0,0
2,1,122628,0,0,0,0,0,0,0,0,0,0
1,1,122629,0,0,0,0,0,0,0,0,0,0
2,1,122629,0,0,0,0,0,0,0,0,0,0
0,1,122630,0,0,16,0,9,0,0,11,0,0
1,1,122630,0,6,0,0,0,0,0,0,0,0
0,1,122631,0,0,0,0,0,0,0,0,0,0
1,1,122631,0,11,17,23,10,0,10,26,20,9
1,1,122632,0,12,0,0,0,0,0,0,0,0
0,1,122633,13,0,0,6,0,0,29,0,0,0
1,1,122633,0,0,0,0,0,0,0,0,0,0
1,1,122635,0,0,0,0,0,0,0,0,0,0
2,1,122635,0,0,0,0,0,0,0,0,0,0
3,1,122635,0,0,0,0,0,0,0,0,0,0
4,1,122635,0,0,0,0,0,0,0,0,0,0
5,1,122635,0,0,0,0,0,0,0,0,0,0
6,1,122635,0,0,0,0,0,0,0,0,0,0
1,1,122636,15,15,15,15,15,15,15,15,15,15
2,1,122636,0,0,0,0,0,0,0,0,0,0
1,1,122637,6,0,0,0,0,23,0,0,0,0
2,1,122637,12,0,0,13,19,13,0,7,0,5
3,1,122637,0,0,0,0,0,0,0,0,0,0
4,1,122637,0,0,0,0,0,0,0,0,0,0
1,1,122638,0,0,0,0,0,0,0,0,0,0
2,1,122638,0,0,0,0,0,0,0,0,0,0
1,1,122639,0,0,0,0,0,0,0,0,0,0
2,1,122639,0,0,0,0,0,0,0,0,0,0
1,1,122640,0,18,0,24,0,0,26,0,24,19
1,1,122641,0,0,0,0,0,0,0,0,0,0
2,1,122641,0,0,0,0,0,22,0,0,0,0
3,1,122641,0,0,0,0,0,0,0,0,0,0
1,1,122643,0,0,0,0,0,0,0,0,0,0
1,1,122644,0,0,0,0,0,0,0,0,0,0
2,1,122644,0,0,0,13,0,0,0,0,0,0
3,1,122644,0,0,0,0,0,0,0,0,0,0
4,1,122644,0,0,0,0,0,0,0,0,0,0
1,1,122645,17,17,17,17,17,17,17,17,17,17
1,1,122646,0,0,0,0,0,0,0,0,0,9
2,1,122646,0,0,0,0,0,0,0,0,0,0
3,1,122646,0,0,0,0,0,0,12,0,0,0
1,1,122647,0,0,0,0,0,0,0,14,0,0
1,1,122648,0,0,0,0,0,0,0,0,0,0