VEH_NO,PER_NO,ST_CASE,P1,P2,P3,P4,P5,P6,P7,P8,P9,P10
1,1,130085,0,0,0,0,0,0,0,0,0,0
1,1,130086,0,0,0,0,0,0,0,0,0,0
2,1,130086,0,0,0,0,0,0,0,0,0,0
1,1,130087,18,17,13,22,0,0,48,14,33,21
1,1,130088,16,16,16,16,16,16,16,16,16,16
1,1,130089,16,16,16,16,16,16,16,16,16,16
1,1,130090,0,0,0,0,0,0,0,0,0,0
2,1,130090,0,0,0,0,0,0,0,0,0,0
1,1,130091,0,0,0,0,0,0,0,0,0,0
2,1,130091,0,0,0,0,0,0,0,0,0,0
1,1,130092,8,22,16,17,21,0,0,25,22,0
1,1,130093,0,0,16,0,0,0,0,0,0,0
2,1,130093,0,0,0,0,0,2,0,0,0,0
3,1,130093,0,0,0,0,14,0,0,0,0,0
1,1,130094,0,0,0,0,0,0,0,0,0,0
2,1,130094,0,0,0,0,0,0,0,0,0,0
3,1,130094,0,0,0,0,0,0,0,0,0,0
1,1,130095,0,0,13,20,0,0,15,0,0,0
1,1,130096,0,0,0,0,0,0,0,0,0,0
2,1,130096,0,0,0,0,0,0,0,0,0,0
1,1,130097,0,0,0,0,0,0,0,0,0,0
1,1,130098,0,0,23,0,13,0,0,0,8,6
1,1,130099,0,0,0,0,11,16,0,0,0,0
2,1,130099,0,0,0,0,0,0,0,0,0,0
3,1,130099,0,0,0,0,0,0,0,0,0,0
4,1,130099,0,0,0,0,0,0,0,0,0,0
5,1,130099,0,0,0,0,0,0,0,0,0,0
6,1,130099,0,0,0,0,0,0,0,0,0,0
1,1,130100,0,25,15,16,15,0,13,10,9,0
1,1,130101,0,0,0,0,0,0,0,0,0,0
1,1,130102,0,0,0,0,0,0,0,0,0,0
2,1,130102,21,18,0,0,0,0,7,16,0,0
1,1,130103,0,0,0,0,0,0,28,0,0,0
1,1,130104,0,0,4,0,0,0,0,0,0,0
1,1,130105,0,0,0,0,0,0,0,0,0,0
2,1,130105,0,0,0,0,0,0,0,0,0,0
1,1,130106,16,16,16,16,16,16,16,16,16,16
0,1,130107,0,0,0,0,0,0,0,0,0,0
1,1,130107,0,0,0,0,0,0,0,0,0,0
1,1,130108,0,0,10,15,0,16,0,0,0,0
1,1,130109,0,0,0,0,0,0,0,0,0,0
1,1,130110,0,0,0,0,0,0,0,0,0,0
2,1,130110,0,0,0,0,0,0,0,0,0,0
1,1,130111,0,0,0,0,0,0,0,0,21,0
1,1,130112,0,0,0,0,0,0,0,0,0,0
2,1,130112,0,0,0,0,0,0,0,10,0,0
0,1,130113,0,0,0,0,0,0,5,0,0,0
1,1,130113,0,0,0,0,0,0,0,0,0,0
1,1,130114,0,0,0,0,0,0,0,0,0,0
0,1,130115,5,19,10,0,0,0,19,0,25,0
1,1,130115,0,0,0,0,0,0,10,0,0,8
1,1,130116,0,0,0,0,0,0,0,0,0,0
2,1,130116,0,0,0,0,0,0,0,0,0,0
1,1,130117,9,0,0,0,0,0,0,0,0,2
2,1,130117,0,4,0,0,0,0,0,0,0,0
1,1,130118,16,13,0,16,12,0,17,12,16,7
1,1,130119,0,0,0,0,0,0,0,0,0,0
1,1,130120,22,22,22,22,22,22,22,22,22,22
0,1,130121,17,17,17,17,17,17,17,17,17,17
1,1,130121,0,0,0,0,0,0,0,0,0,0
2,1,130121,11,0,0,0,0,0,0,0,0,8
3,1,130121,0,0,0,0,0,0,0,0,0,0
1,1,130122,0,0,0,0,0,0,0,0,0,0
2,1,130122,7,0,0,0,0,0,0,0,0,0
0,1,130123,27,0,15,0,21,0,0,0,10,0
1,1,130123,0,0,0,0,0,0,0,0,0,0
1,1,130124,0,0,0,0,0,0,0,0,0,0
1,1,130125,12,15,22,28,6,16,18,15,20,19
1,1,130126,0,0,0,0,0,0,0,0,0,0
2,1,130126,0,0,0,0,0,0,0,0,0,0
3,1,130126,0,0,0,0,0,0,0,0,0,0
0,1,130127,16,41,0,13,22,0,17,30,16,14
1,1,130127,0,15,0,0,0,15,0,0,0,13
1,1,130128,0,0,10,0,17,0,0,16,0,24
1,1,130129,0,0,0,0,0,0,0,0,0,0
1,1,130130,0,33,21,0,0,0,18,16,21,23
1,1,130131,0,0,0,0,0,0,0,0,0,0
2,1,130131,11,0,0,0,0,0,0,0,0,0
1,1,130132,0,0,0,0,0,0,0,0,0,0
2,1,130132,0,0,0,0,0,0,0,0,0,0
0,1,130133,0,0,0,0,0,22,0,0,0,0
1,1,130133,0,0,0,10,0,0,0,0,0,0
1,1,130134,0,0,0,0,0,0,0,0,0,0
1,1,130135,0,0,0,0,0,0,0,0,0,0
1,1,130136,0,0,0,0,0,0,0,0,0,0
1,1,130137,0,0,0,0,0,0,0,0,0,0
2,1,130137,0,0,0,0,0,0,0,0,0,0
3,1,130137,0,0,0,0,11,0,0,0,0,10
1,1,130138,0,0,0,0,0,0,0,0,0,0
2,1,130138,0,0,0,0,0,0,0,0,0,0
3,1,130138,0,0,0,0,0,0,0,0,0,0
1,1,130139,21,21,21,21,21,21,21,21,21,21
1,1,130140,0,0,0,0,16,20,0,0,0,0
1,1,130141,24,24,24,24,24,24,24,24,24,24
2,1,130141,0,0,10,0,0,0,0,0,13,0
1,1,130142,4,4,4,4,4,4,4,4,4,4
1,1,130143,0,0,0,0,0,0,0,0,0,0
1,1,130144,0,15,0,0,27,19,0,0,0,22
2,1,130144,9,0,0,28,0,0,0,0,10,0
1,1,130145,0,0,0,0,0,0,0,0,0,0
2,1,130145,0,0,22,0,0,0,0,0,0,0
1,1,130146,0,0,0,0,0,0,0,0,0,0
2,1,130146,14,0,0,0,0,0,0,0,0,0
3,1,130146,0,0,0,0,0,0,0,0,0,0
1,1,130147,0,0,0,0,0,0,0,0,0,0
2,1,130147,0,0,13,0,0,0,0,0,0,0
1,1,130148,2,2,2,2,2,2,2,2,2,2
2,1,130148,0,0,0,0,0,0,0,0,0,0
1,1,130149,11,11,11,11,11,11,11,11,11,11
1,1,130150,0,0,0,0,28,11,0,0,0,0
2,1,130150,0,0,0,0,0,0,0,0,0,0
1,1,130151,0,0,0,0,0,0,0,0,0,0
1,1,130152,0,0,0,0,0,0,0,0,0,0
2,1,130152,0,0,0,0,0,0,0,0,0,0
1,1,130153,17,17,17,17,17,17,17,17,17,17
2,1,130153,4,0,0,0,0,0,18,0,0,0
1,1,130154,0,0,0,0,0,0,0,0,0,0
1,1,130155,22,22,22,22,22,22,22,22,22,22
1,1,130156,0,0,0,0,0,0,0,0,0,0
1,1,130157,0,0,0,0,0,0,0,6,0,0
0,1,130158,16,0,0,0,22,0,0,0,16,0
1,1,130158,0,0,0,0,0,0,0,0,0,0
0,1,130159,0,0,0,0,0,0,0,0,0,0
1,1,130159,0,0,0,0,0,0,0,0,0,0
1,1,130160,0,0,0,0,0,0,0,0,0,0
2,1,130160,0,0,0,12,0,0,0,0,0,0
3,1,130160,0,0,0,0,0,0,0,0,0,0
1,1,130161,14,10,0,29,30,0,0,20,0,18
1,1,130162,0,0,0,0,0,0,0,0,0,0
2,1,130162,0,0,0,0,0,0,0,0,0,0
1,1,130163,0,0,0,0,0,0,0,0,0,0
2,1,130163,0,0,0,0,0,0,0,0,0,0
1,1,130164,0,0,0,0,0,0,0,0,0,0
1,2,130165,10,29,15,0,0,0,0,19,22,0
0,1,130166,36,36,36,36,36,36,36,36,36,36
1,1,130166,20,0,0,21,0,0,0,0,0,0
2,1,130166,0,0,0,0,0,0,0,0,0,0
1,1,130167,0,0,0,0,0,0,0,0,0,0
2,1,130167,0,0,0,0,0,0,0,0,0,0
1,1,130168,0,0,0,0,0,0,0,0,0,0
1,1,130169,0,0,0,0,0,0,0,0,0,0
2,1,130169,0,0,0,0,0,0,0,0,0,0
1,1,130170,19,19,19,19,19,19,19,19,19,19
2,1,130170,8,8,8,8,8,8,8,8,8,8
1,1,130171,0,14,0,0,0,14,14,19,0,0
2,1,130171,0,0,0,0,0,0,0,0,0,0
1,1,130172,0,0,0,0,0,0,0,0,0,0
2,1,130172,0,0,0,0,0,0,0,0,0,13
3,1,130172,0,0,0,0,22,0,0,0,0,0
1,1,130173,0,0,0,0,21,0,0,0,31,0
1,1,130174,8,8,8,8,8,8,8,8,8,8
2,1,130174,0,0,0,0,0,0,0,0,0,0
1,1,130175,14,8,20,39,17,0,13,24,3,25
2,1,130175,0,0,0,0,0,0,0,0,0,0
1,1,130176,19,19,19,19,19,19,19,19,19,19
2,1,130176,0,0,0,0,0,0,0,0,0,0
1,1,130177,0,0,0,0,0,0,0,0,0,0
2,1,130177,0,0,0,0,0,0,0,3,0,4
1,1,130178,26,26,26,26,26,26,26,26,26,26
1,1,130179,0,0,0,0,0,0,0,0,0,0
2,1,130179,0,0,0,0,0,0,0,0,0,0
1,1,130180,0,0,0,0,0,0,0,0,0,0
1,1,130181,0,0,0,0,0,9,0,0,0,0
2,1,130181,0,0,0,0,0,0,0,0,0,0
1,1,130182,0,0,0,0,0,0,0,0,0,0
1,1,130183,33,11,0,19,20,0,29,0,0,0
1,1,130184,0,0,0,0,0,0,0,0,0,0
2,1,130184,0,0,0,0,0,0,0,0,0,0
1,1,130185,23,15,20,26,6,24,0,6,13,11
1,1,130186,20,0,0,0,12,0,21,0,0,28
1,1,130187,11,11,0,0,0,18,0,0,0,0
2,1,130187,3,3,3,3,3,3,3,3,3,3
1,1,130188,12,12,12,12,12,12,12,12,12,12
1,1,130189,0,0,0,0,0,0,0,0,0,0
2,1,130189,0,0,0,0,0,0,0,0,0,0
1,1,130190,0,0,0,0,30,0,0,17,14,0
2,1,130190,0,6,25,20,0,0,0,0,0,0
1,1,130191,0,0,0,0,0,46,0,10,34,14
1,1,130192,33,33,33,33,33,33,33,33,33,33
1,1,130193,0,0,15,0,0,0,0,0,0,0
1,1,130194,21,21,21,21,21,21,21,21,21,21
1,1,130195,0,0,0,0,0,0,0,0,0,0
2,1,130195,0,0,0,0,0,0,0,0,0,0
0,1,130196,22,0,0,0,27,21,0,0,0,10
1,1,130196,0,0,13,0,0,0,0,0,0,0
1,1,130198,0,0,0,0,0,0,0,0,0,0
2,1,130198,0,0,0,0,8,0,0,0,0,0
3,1,130198,0,0,0,0,0,0,0,0,0,0
1,1,130199,28,7,0,0,24,0,23,7,0,18
1,1,130200,0,0,0,0,0,0,0,0,0,0
1,1,130201,17,17,17,17,17,17,17,17,17,17
0,1,130202,10,10,10,10,10,10,10,10,10,10
1,1,130202,0,0,0,0,0,0,0,0,0,16
1,1,130203,0,0,0,0,0,0,0,0,0,0
2,1,130203,0,0,0,0,0,0,0,0,0,0
1,1,130204,0,0,0,0,0,0,0,0,0,0
2,1,130204,0,0,0,0,0,0,0,0,0,0
3,1,130204,0,0,0,0,0,0,0,0,0,0
1,1,130205,0,0,0,0,0,0,0,0,0,18
2,1,130205,0,0,0,9,0,0,0,0,0,0
3,1,130205,0,0,0,0,0,0,0,0,0,0
0,1,130206,23,23,23,23,23,23,23,23,23,23
1,1,130206,10,10,10,10,10,10,10,10,10,10
1,1,130207,0,17,0,12,0,0,0,0,0,0
1,1,130208,18,18,18,18,18,18,18,18,18,18
2,1,130208,0,0,0,0,0,0,0,0,0,0
3,1,130208,0,0,0,0,0,0,0,0,0,0
1,1,130209,0,0,0,0,0,0,0,0,0,0
2,1,130209,0,0,7,0,0,0,0,0,0,0
1,1,130210,0,0,0,0,0,0,0,0,0,0
1,1,130211,0,0,0,0,0,0,0,0,0,0
1,1,130212,0,0,0,11,0,0,0,0,0,0
2,1,130212,0,0,0,20,0,11,0,0,0,0
1,1,130213,0,0,0,0,0,0,0,0,0,0
2,1,130213,0,0,0,0,0,0,0,0,0,0
3,1,130213,0,0,0,0,0,0,0,0,0,0
1,1,130214,0,0,0,0,0,13,0,0,0,0
1,1,130215,0,14,0,11,2,0,17,0,0,15
2,1,130215,0,0,0,0,0,0,0,0,0,0
3,1,130215,0,0,0,0,0,0,0,0,0,0
1,1,130216,0,0,0,0,0,0,0,0,0,0
1,1,130217,0,0,0,0,0,0,0,0,0,0
1,1,130218,10,10,10,10,10,10,10,10,10,10
1,1,130219,32,32,32,32,32,32,32,32,32,32
1,1,130220,13,11,7,0,4,0,0,0,0,10
1,1,130221,13,13,13,13,13,13,13,13,13,13
2,1,130221,0,0,0,0,0,0,0,0,0,0
1,1,130222,9,10,16,0,19,0,18,0,0,0
1,1,130223,0,0,0,20,14,0,23,0,9,0
2,1,130223,0,0,0,0,0,0,0,0,3,0
1,1,130224,0,0,0,0,0,0,0,0,0,0
0,1,130225,0,0,0,0,0,0,0,0,0,0
1,1,130225,0,0,0,0,11,0,0,0,0,0
1,1,130226,0,0,0,0,0,0,0,0,0,0
1,1,130227,18,18,18,18,18,18,18,18,18,18
1,1,130228,0,0,0,0,0,0,0,0,0,0
2,1,130228,0,0,0,0,0,0,0,0,0,0
1,1,130229,0,0,0,0,0,0,0,0,0,0
2,1,130229,15,0,0,0,0,0,0,0,0,0
1,1,130230,0,0,0,0,0,0,0,0,0,0
2,1,130230,0,0,0,0,0,21,0,16,0,0
1,1,130231,28,28,28,28,28,28,28,28,28,28
1,1,130232,0,0,0,0,0,0,0,0,0,0
1,1,130233,0,0,0,0,0,0,0,0,0,0
2,1,130233,0,0,0,0,0,0,0,0,0,0
1,1,130234,0,7,25,20,0,0,0,9,0,0
1,1,130235,0,0,0,0,0,0,0,0,0,0
2,1,130235,0,0,0,0,0,0,0,0,0,0
0,1,130236,21,21,21,21,21,21,21,21,21,21
1,1,130236,0,0,0,0,0,25,0,0,0,0
2,1,130236,0,0,0,0,0,0,0,22,24,0
3,1,130236,0,13,29,14,0,27,0,6,0,27
1,1,130237,5,5,5,5,5,5,5,5,5,5
1,1,130238,0,2,0,0,0,0,0,11,20,0
0,1,130239,0,0,0,0,0,0,0,0,0,0
1,1,130239,0,0,0,0,0,0,0,15,0,0
1,1,130240,0,0,0,0,0,0,0,0,0,0
2,1,130240,0,0,0,0,0,0,0,0,0,0
3,1,130240,0,0,0,0,0,0,0,0,0,0
1,1,130241,0,0,11,0,17,0,0,0,0,0
1,1,130242,0,0,0,0,0,0,0,0,0,0
2,1,130242,0,0,0,0,0,0,0,0,0,0
1,1,130243,0,0,44,4,0,0,0,9,0,10
2,1,130243,0,0,0,0,0,0,0,0,0,0
1,1,130244,15,14,0,14,0,0,0,0,14,14
2,1,130244,0,0,0,0,0,0,0,5,0,12
1,1,130245,0,0,0,0,0,0,0,0,0,0
2,1,130245,0,0,0,0,0,0,0,0,0,5
1,1,130246,0,0,0,0,0,0,0,0,0,0
2,1,130246,0,0,0,0,0,0,0,0,0,0
1,1,130247,0,0,0,0,0,0,0,0,0,0
1,1,130248,0,0,0,0,0,0,0,0,0,0
2,1,130248,0,0,0,0,0,0,0,0,0,0
3,1,130248,0,0,0,0,0,0,0,0,0,0
4,1,130248,0,0,0,0,0,0,0,0,0,0
0,1,130249,0,0,0,0,0,0,0,0,0,0
1,1,130249,0,0,0,0,0,0,0,0,0,0
1,1,130250,5,5,5,5,5,5,5,5,5,5
2,1,130250,0,0,0,0,0,0,0,0,0,0
1,1,130251,0,0,0,0,0,0,0,0,0,0
1,1,130252,11,11,11,11,11,11,11,11,11,11
2,1,130252,0,0,0,0,0,0,0,0,0,0
1,1,130253,22,22,22,22,22,22,22,22,22,22
1,1,130254,0,3,0,0,0,0,0,0,0,0
1,1,130255,0,0,0,0,0,0,0,0,0,0
2,1,130255,0,0,0,0,0,0,0,0,0,0
1,1,130256,7,0,20,0,0,0,0,18,0,17
1,1,130257,0,0,0,0,0,0,0,0,0,0
1,1,130258,21,21,21,21,21,21,21,21,21,21
0,1,130259,18,18,18,18,18,18,18,18,18,18
1,1,130259,0,0,0,0,0,0,0,0,0,0
0,1,130260,0,0,0,0,0,0,0,0,0,0
1,1,130260,0,0,0,0,0,0,0,0,0,0
1,1,130261,0,0,0,0,0,0,0,0,0,0
2,1,130261,0,0,13,0,7,0,0,0,0,19
3,1,130261,0,0,0,0,0,0,0,0,0,0
4,1,130261,0,0,0,0,0,0,0,0,0,0
5,1,130261,0,0,0,0,0,19,0,0,0,0
6,1,130261,0,0,0,0,16,0,17,0,0,9
7,1,130261,0,0,0,0,0,0,0,0,0,0
8,1,130261,0,0,0,0,0,0,3,0,0,0
9,1,130261,0,0,0,0,0,0,0,0,0,0
1,1,130262,0,0,0,0,0,0,0,0,0,0
1,1,130263,0,16,0,0,0,6,18,0,18,15
1,1,130264,0,0,0,0,0,0,0,0,0,0
2,1,130264,0,0,0,0,0,0,0,0,0,0
1,1,130265,18,18,18,18,18,18,18,18,18,18
1,1,130266,5,5,5,5,5,5,5,5,5,5
2,1,130266,0,6,0,0,0,0,0,0,0,0
0,1,130267,19,19,19,19,19,19,19,19,19,19
1,1,130267,13,0,0,6,0,5,15,5,0,7
0,1,130268,17,17,17,17,17,17,17,17,17,17
1,1,130268,0,0,0,0,0,0,0,0,0,0
1,1,130269,0,0,0,0,0,0,0,0,0,0
2,1,130269,0,0,0,0,0,0,0,0,0,0
1,1,130270,0,0,0,0,0,0,0,0,0,0
0,1,130271,0,0,0,0,0,0,0,0,0,0
1,1,130271,0,0,0,0,0,0,0,0,0,0
1,1,130272,0,0,0,0,0,10,0,0,0,0
2,1,130272,0,0,0,0,0,0,0,0,0,0
1,1,130273,0,0,0,19,0,0,11,0,0,12
2,1,130273,0,15,19,0,0,0,0,0,0,0
1,1,130274,0,0,0,0,12,0,0,0,0,6
1,1,130275,0,0,0,0,0,0,0,0,0,0
2,1,130275,0,0,0,0,0,0,0,0,12,0
1,1,130276,0,0,0,0,0,0,0,0,0,0
2,1,130276,0,0,0,0,0,0,0,0,0,0
1,1,130277,0,0,29,0,8,0,0,0,0,27
2,1,130277,0,0,0,0,0,0,0,0,13,0
1,1,130278,0,0,8,0,17,0,0,12,0,27
1,1,130279,0,18,0,0,0,0,0,0,0,0
0,1,130280,0,0,0,8,0,13,0,0,0,0
0,2,130280,0,0,0,0,0,0,0,0,0,0
1,1,130280,0,0,0,0,0,0,0,0,0,0
1,1,130281,0,0,0,0,0,0,0,0,0,0
2,1,130281,0,0,0,0,0,0,0,0,0,0
1,1,130282,13,29,0,0,0,16,0,24,0,0
2,1,130282,0,0,0,0,0,0,0,0,0,0
1,1,130283,0,0,0,0,0,0,0,0,0,0
2,1,130283,0,0,0,0,0,0,0,0,0,0
1,1,130284,0,0,0,0,0,0,0,0,0,0
2,1,130284,0,0,0,0,0,0,0,0,0,0
1,1,130285,0,0,0,0,0,0,0,0,0,0
2,1,130285,0,0,0,0,0,0,0,0,0,0
3,1,130285,0,0,0,0,0,0,0,0,0,0
1,1,130286,0,0,0,0,0,0,0,0,0,0
2,1,130286,0,0,0,0,0,0,0,0,0,0
0,1,130287,0,0,0,0,0,0,0,0,0,0
1,1,130287,0,0,0,0,0,0,0,0,0,14
0,1,130288,0,0,28,10,0,9,44,0,0,13
1,1,130288,0,0,0,22,0,18,16,0,13,14
1,1,130289,0,0,0,0,0,0,0,0,8,0
2,1,130289,0,0,0,0,0,0,0,0,0,0
1,1,130290,0,0,0,0,0,0,0,0,0,0
1,1,130291,13,0,0,5,0,0,7,0,0,0
1,1,130292,0,0,0,0,0,13,0,0,0,0
2,1,130292,0,9,0,0,0,0,0,0,0,0
1,1,130293,15,15,15,15,15,15,15,15,15,15
1,1,130294,20,20,20,20,20,20,20,20,20,20
0,1,130295,0,0,0,0,0,0,0,7,0,0
1,1,130295,0,0,0,0,10,0,0,0,0,0
1,1,130296,0,0,0,0,0,0,0,0,0,0
1,1,130297,17,17,17,17,17,17,17,17,17,17
1,1,130298,34,34,34,34,34,34,34,34,34,34
1,1,130299,12,12,12,12,12,12,12,12,12,12
1,1,130300,0,0,0,0,0,0,0,0,0,0
2,1,130300,0,0,0,0,0,0,0,0,0,0
1,1,130301,16,15,20,17,22,16,12,17,9,10
2,1,130301,2,0,9,0,0,0,0,9,0,0
1,1,130302,19,20,20,6,13,34,33,10,0,16
1,1,130303,0,0,0,0,0,0,0,0,0,0
1,1,130304,0,0,0,0,0,0,0,0,0,0
2,1,130304,0,0,0,0,0,0,0,0,0,0
1,1,130305,0,0,0,0,0,0,0,0,0,0
2,1,130305,0,0,0,0,0,0,0,0,0,0
1,1,130306,19,19,19,19,19,19,19,19,19,19
2,1,130306,0,0,0,0,0,0,0,0,0,0
1,1,130307,0,0,0,0,0,0,0,0,0,0
2,1,130307,0,0,0,0,0,0,0,0,0,0
3,1,130307,0,0,0,0,4,0,0,0,0,0
1,1,130308,0,0,0,0,0,0,0,0,0,21
1,1,130309,0,0,0,0,0,0,0,0,0,0
2,1,130309,0,0,0,0,0,0,0,0,0,0
1,1,130310,16,0,10,0,0,0,0,0,0,0
2,1,130310,0,0,5,0,0,0,0,0,0,0
1,1,130311,12,0,0,7,0,0,0,0,0,0
2,1,130311,12,0,8,0,0,0,0,0,0,0
1,1,130312,0,0,0,0,0,0,0,0,0,0
2,1,130312,0,0,0,0,25,0,0,9,16,19
3,1,130312,0,0,0,0,0,0,0,0,0,9
1,1,130313,8,8,8,8,8,8,8,8,8,8
1,1,130314,0,0,0,0,0,0,0,0,0,0
1,1,130315,0,0,0,0,19,0,0,14,0,0
1,1,130316,16,16,16,16,16,16,16,16,16,16
1,1,130317,12,10,23,17,18,19,11,8,33,3
1,1,130318,0,0,0,0,0,0,0,0,0,0
2,1,130318,0,0,0,0,0,0,0,0,0,0
1,1,130319,0,0,13,0,0,0,0,0,0,0
2,1,130319,0,0,0,0,0,0,0,0,0,0
3,1,130319,0,0,0,0,0,0,0,0,0,0
1,1,130320,0,0,0,0,0,0,0,0,0,0
1,1,130321,0,0,0,0,0,6,0,0,0,0
2,1,130321,9,9,9,9,9,9,9,9,9,9
3,1,130321,8,8,8,8,8,8,8,8,8,8
1,1,130322,8,19,19,21,10,0,41,11,31,11
1,1,130323,0,0,0,0,0,0,0,0,0,0
1,1,130324,17,17,17,17,17,17,17,17,17,17
1,1,130325,13,13,13,13,13,13,13,13,13,13
2,1,130325,0,15,0,0,0,0,0,0,0,0
3,1,130325,0,0,0,0,0,0,0,0,0,0
4,1,130325,0,0,0,0,0,0,0,0,0,0
1,1,130326,9,9,9,9,9,9,9,9,9,9
0,1,130327,0,0,0,0,0,0,0,0,0,0
1,1,130327,0,0,0,0,0,0,0,0,0,0
1,1,130328,0,0,0,0,0,0,0,0,0,0
2,1,130328,0,0,0,0,0,0,11,0,0,0
3,1,130328,0,0,7,0,0,0,0,0,0,0
1,1,130329,0,0,0,0,0,0,0,0,0,0
1,1,130330,17,17,17,17,17,17,17,17,17,17
1,1,130331,0,0,0,0,0,0,0,0,0,0
2,1,130331,0,0,0,0,0,0,0,0,0,0
0,1,130332,0,0,0,0,0,0,0,0,0,0
1,1,130332,0,0,0,0,0,0,0,0,0,0
1,1,130333,7,7,7,7,7,7,7,7,7,7
0,1,130334,9,0,31,24,17,0,0,15,0,30
1,1,130334,0,0,23,8,0,0,0,3,0,0
1,1,130335,0,0,0,0,0,0,0,0,0,0
2,1,130335,0,0,0,0,0,0,0,0,0,0
1,1,130336,0,0,0,0,0,0,0,0,0,0
1,1,130337,0,12,0,0,0,0,0,7,5,0
1,1,130338,0,0,0,0,0,5,0,0,0,18
2,1,130338,0,0,0,0,0,6,0,0,0,0
1,1,130339,0,16,0,0,0,0,0,0,0,0
1,1,130340,0,0,0,0,0,0,0,0,0,0
0,1,130341,27,27,27,27,27,27,27,27,27,27
1,1,130341,0,0,0,0,0,0,0,0,0,0
1,1,130342,28,28,28,28,28,28,28,28,28,28
1,1,130343,25,23,0,20,17,23,14,18,29,11
0,1,130344,0,0,0,0,0,0,0,0,0,0
1,1,130344,17,11,14,10,13,13,0,22,8,13
1,1,130345,23,23,23,23,23,23,23,23,23,23
1,1,130346,6,6,6,6,6,6,6,6,6,6
1,1,130347,0,0,0,0,0,0,0,0,0,0
1,1,130348,0,0,0,0,0,0,0,0,0,0
1,1,130349,0,0,0,0,0,0,0,0,0,0
2,1,130349,0,0,0,0,0,0,0,0,0,0
1,1,130350,0,0,0,12,0,0,0,0,0,0
2,1,130350,0,0,0,0,0,0,0,0,0,0
1,1,130351,0,0,0,0,0,0,0,0,0,0
2,1,130351,0,0,0,0,0,0,0,0,0,0
3,1,130351,0,0,0,0,0,0,0,0,0,0
1,1,130352,0,0,0,0,0,0,0,0,0,0
2,1,130352,0,0,0,0,0,0,0,0,0,0
1,1,130353,0,0,0,0,0,0,0,0,0,0
2,1,130353,0,0,0,0,0,0,0,0,0,0
1,1,130354,20,20,20,20,20,20,20,20,20,20
2,1,130354,0,0,0,0,0,0,0,28,0,0
1,1,130355,0,0,0,0,0,0,0,0,0,0
1,1,130356,0,0,0,0,0,0,0,0,0,0
2,1,130356,0,0,0,0,0,0,0,0,0,0
1,1,130357,0,0,0,0,0,0,0,0,0,0
1,1,130358,17,17,17,17,17,17,17,17,17,17
2,1,130358,0,0,0,0,8,0,0,0,0,0
1,1,130359,0,0,0,0,0,0,0,0,0,0
2,1,130359,0,0,0,0,0,0,0,0,0,0
1,1,130360,0,0,0,0,0,0,0,0,0,0
2,1,130360,2,2,2,2,2,2,2,2,2,2
1,1,130361,0,0,0,0,0,0,0,0,0,0
2,1,130361,0,0,0,0,0,0,0,0,0,0
1,1,130362,0,0,0,0,0,0,0,0,0,0
1,1,130363,0,0,0,0,0,0,0,0,0,0
1,1,130364,0,0,0,0,0,0,0,0,0,0
2,1,130364,2,2,2,2,2,2,2,2,2,2
1,1,130365,1,0,0,0,0,0,0,0,0,0
2,1,130365,0,0,0,0,0,0,0,0,0,0
1,1,130366,34,34,34,34,34,34,34,34,34,34
1,1,130367,0,0,0,0,0,0,0,0,0,0
2,1,130367,0,0,0,0,0,0,0,0,0,0
1,1,130368,0,0,0,0,0,0,0,0,0,0
1,1,130369,16,16,4,0,25,0,0,13,15,18
1,1,130370,0,0,0,0,0,0,0,0,0,0
2,1,130370,10,0,0,10,0,0,0,0,0,0
1,1,130371,4,4,4,4,4,4,4,4,4,4
1,1,130372,0,0,0,0,0,0,0,0,0,0
1,1,130373,0,0,0,0,0,0,0,0,0,0
2,1,130373,0,0,0,0,0,0,0,0,0,15
1,1,130374,11,0,0,0,0,0,0,0,0,0
2,1,130374,0,0,0,0,0,0,13,0,0,18
3,1,130374,0,0,0,0,5,0,0,0,0,0
0,1,130375,0,0,0,0,0,0,0,0,0,0
1,1,130375,20,12,0,0,6,5,0,23,22,0
1,1,130376,6,6,6,6,6,6,6,6,6,6
1,1,130377,24,19,0,0,17,0,0,0,18,0
1,1,130378,16,16,16,16,16,16,16,16,16,16
1,1,130379,20,20,20,20,20,20,20,20,20,20
1,1,130380,0,0,0,0,0,0,0,0,0,0
1,1,130381,0,0,0,0,0,0,0,6,0,0
2,1,130381,0,0,0,0,0,0,0,0,0,0
1,1,130382,0,0,0,9,0,14,16,25,0,12
1,1,130383,0,0,0,0,0,0,0,0,0,0
2,1,130383,0,0,0,0,0,0,0,0,0,0
3,1,130383,0,7,0,0,0,0,0,0,0,0
1,1,130384,0,0,0,0,0,0,0,0,0,8
2,1,130384,0,0,0,0,0,0,0,0,0,0
1,1,130385,9,9,9,9,9,9,9,9,9,9
1,1,130386,13,13,13,13,13,13,13,13,13,13
1,1,130387,0,0,0,0,0,0,0,0,0,0
1,1,130388,0,0,0,0,0,0,0,0,0,0
1,1,130389,0,0,0,0,0,0,0,0,0,0
1,1,130390,19,19,19,19,19,19,19,19,19,19
0,1,130391,0,0,0,0,0,0,0,0,0,0
1,1,130391,0,0,0,0,0,0,0,0,0,0
1,1,130392,0,0,0,0,0,0,0,0,0,0
2,1,130392,0,0,0,0,0,0,0,0,0,0
1,1,130393,0,0,0,0,0,0,0,0,0,8