VEH_NO,PER_NO,ST_CASE,P1,P2,P3,P4,P5,P6,P7,P8,P9,P10
2,1,130393,0,0,0,0,0,0,0,0,0,0
1,1,130394,11,11,11,11,11,11,11,11,11,11
1,1,130395,0,0,0,0,0,0,0,0,0,0
1,1,130396,15,19,0,24,0,0,6,0,34,0
1,1,130397,15,15,15,15,15,15,15,15,15,15
1,1,130398,0,0,9,0,0,0,0,0,0,0
1,1,130399,16,16,16,16,16,16,16,16,16,16
1,1,130400,0,0,0,0,0,0,18,19,0,0
2,1,130400,0,0,0,0,0,0,0,0,0,0
3,1,130400,0,0,0,0,0,0,10,0,0,0
1,1,130401,15,15,15,15,15,15,15,15,15,15
2,1,130401,0,0,0,0,0,0,0,9,24,0
1,1,130402,0,0,0,0,0,0,0,0,0,0
0,1,130403,26,32,27,14,0,4,31,23,17,18
0,2,130403,18,0,0,12,21,6,6,0,0,0
2,1,130403,0,0,0,11,0,0,0,0,0,27
0,1,130404,17,0,13,23,0,33,16,14,16,0
1,1,130404,0,0,0,0,12,0,0,0,0,0
1,1,130405,23,23,23,23,23,23,23,23,23,23
2,1,130405,0,0,0,0,0,0,0,0,0,0
1,1,130406,0,0,0,0,0,0,0,0,0,0
1,1,130407,0,0,0,0,0,0,0,0,0,0
1,1,130408,0,0,0,0,0,0,0,0,0,0
1,1,130409,0,0,0,0,0,0,0,0,0,0
2,1,130409,0,0,0,0,0,0,0,0,0,0
1,1,130410,0,0,0,0,0,0,0,0,0,0
1,1,130411,26,9,0,6,25,4,12,21,20,16
0,1,130412,13,13,22,21,0,25,0,18,5,0
0,2,130412,0,5,0,0,0,0,0,0,25,0
1,1,130412,0,0,0,0,0,0,0,0,0,0
1,1,130413,22,22,22,22,22,22,22,22,22,22
1,1,130414,27,27,27,27,27,27,27,27,27,27
1,1,130415,0,0,0,0,0,0,0,0,0,0
1,1,130416,0,0,0,0,0,0,0,0,0,0
2,1,130416,0,0,0,0,0,0,0,0,0,0
1,1,130417,8,0,29,25,14,10,8,12,7,37
1,1,130418,0,0,0,0,0,0,0,0,0,0
1,1,130419,0,0,0,19,0,0,10,0,0,0
1,1,130420,5,5,5,5,5,5,5,5,5,5
2,1,130420,0,0,0,0,0,0,0,0,0,0
3,1,130420,0,0,0,0,0,0,0,0,0,0
1,1,130421,0,0,0,0,0,0,0,0,0,0
2,1,130421,0,0,14,0,0,0,0,0,0,0
1,1,130422,17,16,8,20,19,13,21,18,12,14
2,1,130422,0,0,0,0,0,0,0,0,0,0
3,1,130422,0,0,0,13,0,0,0,0,0,0
1,1,130423,0,0,22,16,0,11,0,14,0,5
1,1,130424,0,0,0,0,0,0,0,0,0,0
2,1,130424,0,0,10,0,0,0,0,0,0,0
1,1,130425,18,18,18,18,18,18,18,18,18,18
2,1,130425,0,0,0,0,0,0,0,0,0,0
1,1,130426,18,18,18,18,18,18,18,18,18,18
1,1,130427,0,0,0,0,0,0,0,0,0,0
2,1,130427,0,0,0,0,0,0,0,0,0,0
0,1,130428,0,0,0,0,0,0,0,0,0,0
1,1,130428,0,0,0,0,0,0,0,0,0,0
1,1,130429,15,15,15,15,15,15,15,15,15,15
1,1,130430,0,0,0,0,0,0,0,0,0,0
2,1,130430,0,0,0,0,0,0,0,0,0,0
1,1,130431,0,0,10,0,0,0,0,0,0,0
1,1,130432,17,17,17,17,17,17,17,17,17,17
1,1,130433,0,0,0,0,0,0,0,0,0,0
2,1,130433,0,0,0,0,0,0,0,0,0,0
0,1,130434,10,10,10,10,10,10,10,10,10,10
1,1,130434,0,0,0,0,0,0,0,0,0,0
1,1,130435,0,0,0,0,0,0,0,0,0,0
2,1,130435,0,0,0,0,0,0,0,0,0,0
1,1,130436,15,15,15,15,15,15,15,15,15,15
2,1,130436,0,0,0,0,0,0,0,0,0,0
3,1,130436,0,0,0,0,0,0,0,12,0,0
1,1,130437,23,22,0,40,31,13,23,25,31,0
1,1,130438,0,0,0,0,0,0,0,0,0,0
1,1,130439,18,7,16,9,33,18,16,14,29,30
1,1,130440,11,11,11,11,11,11,11,11,11,11
1,1,130441,14,14,14,14,14,14,14,14,14,14
1,1,130442,0,0,0,0,8,0,0,0,0,0
1,1,130443,5,5,5,5,5,5,5,5,5,5
2,1,130443,0,0,0,0,0,0,0,5,0,0
3,1,130443,0,0,0,0,0,0,0,0,0,0
1,1,130444,4,12,0,26,0,17,0,0,0,15
1,1,130445,0,0,0,0,0,0,0,0,0,0
1,1,130446,11,11,11,11,11,11,11,11,11,11
1,1,130447,0,8,0,0,0,0,0,23,0,0
1,1,130448,0,0,0,0,0,0,0,0,0,0
2,1,130448,0,0,0,0,0,0,0,0,0,0
3,1,130448,0,0,0,0,0,0,0,0,0,0
4,1,130448,0,0,0,0,0,0,0,0,0,0
5,1,130448,0,0,0,0,0,0,0,0,0,0
6,1,130448,0,0,0,0,0,0,0,0,0,0
7,1,130448,0,4,0,0,0,0,0,0,0,0
8,1,130448,0,0,0,0,0,0,0,0,0,0
9,1,130448,0,0,0,0,0,0,0,0,0,0
10,1,130448,0,0,0,0,0,0,0,0,0,0
11,1,130448,0,0,0,0,0,0,0,0,0,0
12,1,130448,0,0,0,0,0,0,0,0,0,0
1,1,130449,0,0,0,0,0,0,0,0,0,0
2,1,130449,0,0,0,0,0,0,0,0,0,0
1,1,130450,0,0,0,0,0,0,0,0,0,0
0,1,130451,0,0,0,0,0,0,0,0,0,0
0,2,130451,0,0,0,0,0,0,0,0,0,0
1,1,130451,0,0,0,0,0,0,0,0,0,0
1,1,130452,0,0,0,0,0,0,0,0,0,0
0,1,130453,16,0,0,0,11,0,0,38,0,0
1,1,130453,0,0,0,0,0,17,0,0,0,0
1,1,130454,0,0,0,15,8,0,12,15,0,0
1,1,130455,10,10,10,10,10,10,10,10,10,10
2,1,130455,0,0,0,0,0,0,0,0,0,0
1,1,130456,8,0,0,0,0,0,0,7,0,0
1,1,130457,0,0,22,0,0,0,17,0,0,0
2,1,130457,0,0,0,0,0,0,0,0,0,0
3,1,130457,0,0,0,0,0,0,0,0,0,0
1,1,130458,24,24,24,24,24,24,24,24,24,24
1,1,130459,0,0,0,0,0,0,0,0,0,0
2,1,130459,0,0,0,0,0,0,0,0,0,0
1,1,130460,0,0,0,0,0,0,0,0,0,0
1,1,130461,0,0,0,0,0,0,0,0,0,0
2,1,130461,0,0,0,0,0,0,0,0,0,0
1,1,130462,0,21,8,14,31,12,31,30,11,14
0,1,130463,0,0,0,0,0,0,0,0,0,0
1,1,130463,0,0,0,0,0,0,0,0,0,0
1,1,130464,0,0,0,0,0,0,0,0,0,0
2,1,130464,0,0,0,0,0,0,5,0,0,0
3,1,130464,0,0,0,0,0,0,0,0,0,0
1,1,130465,23,23,23,23,23,23,23,23,23,23
1,1,130466,0,0,0,0,0,0,0,0,0,0
2,1,130466,0,0,0,0,0,0,0,0,0,0
1,1,130467,0,0,0,0,0,0,0,16,0,18
2,1,130467,0,0,0,0,0,0,0,0,0,0
1,1,130468,0,0,0,0,0,3,0,0,0,0
1,1,130469,0,0,0,0,0,0,0,0,0,0
1,1,130470,20,20,20,20,20,20,20,20,20,20
1,1,130471,0,0,0,0,0,0,0,0,0,0
2,1,130471,2,0,0,0,0,0,0,0,0,0
1,1,130472,9,0,0,14,0,0,9,0,7,17
1,1,130473,0,0,0,0,0,0,0,0,0,0
2,1,130473,6,0,0,0,0,0,0,0,0,0
1,1,130474,0,0,0,0,0,0,0,0,0,0
0,1,130475,0,0,0,0,0,0,0,0,0,0
1,1,130475,0,0,0,0,0,0,0,0,0,0
1,1,130476,0,0,0,0,0,0,0,0,0,0
2,1,130476,0,0,0,22,0,0,0,0,34,0
0,1,130477,9,14,0,0,0,17,0,0,0,12
1,1,130477,0,0,0,0,17,0,0,0,0,0
0,1,130478,0,0,26,34,0,0,25,43,0,0
1,1,130479,6,6,6,6,6,6,6,6,6,6
2,1,130480,10,10,10,10,10,10,10,10,10,10
1,1,130481,33,24,19,25,16,0,10,22,0,23
2,1,130481,0,0,5,0,0,0,0,0,17,0
1,1,130482,31,31,31,31,31,31,31,31,31,31
2,1,130482,0,0,0,0,0,0,0,0,0,0
1,1,130483,0,13,20,0,0,12,0,0,0,0
2,1,130483,0,0,0,0,0,0,0,0,0,0
1,1,130484,0,0,0,0,0,0,0,0,0,0
1,1,130485,0,0,0,0,0,0,0,0,0,0
1,1,130486,0,12,19,0,18,10,19,0,16,0
1,1,130487,30,30,30,30,30,30,30,30,30,30
1,1,130488,0,0,0,0,0,0,0,0,8,0
2,1,130488,0,0,0,0,0,0,0,0,0,0
3,1,130488,0,0,0,5,0,0,0,0,0,0
1,1,130489,16,0,26,11,7,14,11,17,21,30
0,1,130490,0,0,0,0,0,0,0,0,0,0
0,2,130490,0,0,0,0,0,0,0,0,0,0
1,1,130490,0,0,0,0,18,0,0,0,0,0
1,1,130491,9,0,9,0,0,12,7,0,0,0
1,1,130492,0,0,0,0,0,0,0,0,0,11
1,1,130493,0,0,0,0,0,0,0,0,0,0
1,1,130494,0,0,0,0,0,0,0,0,0,0
2,1,130494,0,0,0,0,0,0,0,0,0,0
3,1,130494,0,6,0,0,0,0,0,0,0,0
4,1,130494,0,0,0,0,0,0,0,0,0,0
1,1,130495,13,13,13,13,13,13,13,13,13,13
2,1,130495,0,0,0,0,0,0,0,0,0,0
1,1,130496,16,16,16,16,16,16,16,16,16,16
1,1,130497,0,0,0,0,0,0,0,0,0,0
2,1,130497,0,0,0,0,0,0,0,0,0,0
3,1,130497,0,0,0,0,0,0,0,0,0,0
4,1,130497,0,0,0,0,0,0,0,0,0,0
1,1,130498,11,11,11,11,11,11,11,11,11,11
1,1,130499,0,0,0,22,0,0,0,0,0,18
2,1,130499,0,0,21,0,0,0,0,0,0,0
1,1,130500,0,0,0,0,0,0,0,0,0,0
2,1,130500,0,0,0,0,0,0,0,0,0,0
1,1,130501,0,0,0,0,0,0,0,0,0,0
1,1,130502,0,0,5,0,0,0,0,0,0,0
2,1,130502,0,0,0,0,0,0,0,0,0,0
1,1,130503,0,0,0,0,0,0,0,0,0,0
2,1,130503,0,0,0,0,0,0,0,0,0,0
1,1,130504,0,0,0,0,0,0,0,0,0,0
2,1,130504,14,0,17,0,0,0,12,0,18,0
1,1,130505,20,20,20,20,20,20,20,20,20,20
1,1,130506,0,0,0,0,0,0,0,0,0,0
2,1,130506,0,0,0,0,0,0,0,0,0,0
1,1,130507,0,0,0,15,0,0,0,0,0,0
1,1,130508,0,0,0,0,0,0,0,0,0,0
2,1,130508,0,0,0,0,0,0,0,0,0,0
1,1,130509,0,0,0,0,0,0,0,0,0,0
2,1,130509,0,0,0,0,0,0,0,0,0,0
1,1,130510,18,18,18,18,18,18,18,18,18,18
0,1,130511,22,18,0,6,19,0,27,0,13,0
1,1,130511,0,0,10,0,0,0,6,9,0,28
2,1,130511,0,0,0,14,0,0,0,28,0,0
3,1,130511,0,0,0,0,0,0,0,0,0,0
1,1,130512,0,0,0,0,0,0,0,0,0,0
2,1,130512,0,0,0,0,0,0,0,0,0,0
1,1,130513,24,0,27,8,16,0,30,12,16,0
1,1,130514,23,0,12,6,0,0,11,5,0,0
1,1,130515,0,0,0,0,0,0,0,0,0,0
1,1,130516,0,0,0,0,0,0,0,0,0,0
2,1,130516,0,0,12,0,0,0,0,0,0,0
3,1,130516,0,0,0,0,0,0,0,0,0,0
1,1,130517,5,5,5,5,5,5,5,5,5,5
0,1,130518,13,0,17,28,0,17,30,0,12,0
1,1,130518,0,0,0,0,0,10,12,0,0,0
1,1,130519,0,0,0,0,0,10,0,0,0,0
1,1,130520,11,0,0,0,0,17,0,0,0,0
1,1,130521,0,0,0,0,0,0,0,0,0,0
2,1,130521,0,0,0,0,0,0,0,0,0,0
1,1,130522,0,0,0,0,0,0,0,0,0,0
1,1,130523,18,18,18,18,18,18,18,18,18,18
1,1,130524,0,0,0,0,0,0,0,0,0,0
2,1,130524,0,0,0,0,0,0,0,0,0,0
1,1,130525,0,0,0,0,0,0,0,0,0,0
2,1,130525,0,0,0,0,0,0,0,17,0,0
1,1,130526,6,6,6,6,6,6,6,6,6,6
0,1,130527,2,2,2,2,2,2,2,2,2,2
1,1,130527,0,0,0,0,0,0,0,0,0,10
1,1,130528,0,0,0,0,0,0,0,0,0,0
2,1,130528,0,0,0,0,0,0,0,0,0,0
1,1,130529,0,0,0,0,0,0,0,0,0,0
0,1,130530,10,21,0,31,27,0,23,26,0,33
1,1,130530,0,0,0,0,0,0,0,0,0,0
1,1,130531,20,20,20,20,20,20,20,20,20,20
2,1,130531,0,0,0,0,0,0,0,0,0,0
1,1,130532,0,0,0,0,0,0,0,0,0,0
1,1,130533,0,0,0,13,0,0,0,0,0,0
1,1,130534,0,0,0,0,0,0,0,0,0,0
2,1,130534,0,19,0,0,0,0,0,0,0,0
3,1,130534,0,0,0,0,0,0,0,0,0,0
1,1,130535,0,0,0,0,0,0,0,0,0,0
2,1,130535,0,0,0,0,0,0,0,0,0,0
1,1,130536,0,0,0,0,0,0,0,0,0,0
2,1,130536,0,0,0,0,0,0,0,0,0,0
1,1,130537,0,0,0,0,0,0,0,0,0,0
1,1,130538,0,0,0,0,0,0,0,0,0,0
1,1,130539,10,0,0,0,0,0,0,0,0,0
2,1,130539,0,0,0,0,0,0,0,0,0,0
1,1,130540,0,0,0,0,0,0,0,0,0,0
2,1,130540,0,0,0,0,0,0,0,0,0,0
1,1,130541,0,0,0,0,0,0,0,0,0,0
2,1,130541,0,0,0,0,0,0,0,0,0,0
0,1,130542,16,0,16,4,0,22,0,0,0,0
0,2,130542,2,2,2,2,2,2,2,2,2,2
1,1,130542,23,9,10,0,18,36,6,17,0,0
1,1,130543,22,0,0,0,0,0,0,0,0,0
2,1,130543,0,0,0,0,0,0,0,0,0,0
1,1,130544,0,0,0,0,0,0,0,0,0,0
2,1,130544,0,0,0,0,0,0,0,0,0,0
1,1,130545,7,7,7,7,7,7,7,7,7,7
2,1,130545,0,10,0,0,0,0,0,0,0,0
1,1,130546,10,10,10,10,10,10,10,10,10,10
1,1,130547,8,8,8,8,8,8,8,8,8,8
1,1,130548,0,0,0,0,0,0,0,0,0,0
1,1,130549,0,0,0,0,0,0,0,0,0,0
2,1,130549,0,0,0,0,0,0,0,0,0,0
1,1,130550,15,15,15,15,15,15,15,15,15,15
0,1,130551,11,11,0,3,18,0,0,13,37,31
1,1,130551,0,0,0,0,0,0,0,0,0,0
1,1,130552,0,0,0,0,0,0,0,0,0,0
2,1,130552,0,13,0,0,0,0,0,0,0,0
3,1,130552,0,0,0,0,0,0,0,0,0,0
1,1,130553,11,17,21,30,0,0,0,0,19,0
1,1,130554,0,0,0,0,0,0,0,0,0,0
1,1,130555,11,11,11,11,11,11,11,11,11,11
1,1,130556,19,24,0,0,22,0,0,0,0,0
1,1,130557,0,0,0,0,0,0,0,0,0,0
1,1,130558,0,0,0,0,0,0,12,0,0,0
1,1,130559,0,0,0,0,0,0,0,0,0,0
2,1,130559,0,0,0,0,0,0,0,0,0,0
0,1,130560,23,23,23,23,23,23,23,23,23,23
1,1,130560,0,0,0,0,0,0,0,0,0,0
1,1,130561,0,0,0,0,0,0,0,0,0,0
2,1,130561,0,0,0,0,0,0,0,0,0,0
1,1,130562,13,17,32,4,20,7,0,4,23,29
2,1,130562,0,0,0,0,0,0,0,0,0,0
1,1,130563,0,0,18,0,0,0,0,0,30,0
1,1,130564,0,0,9,0,0,18,0,8,0,11
1,1,130565,0,0,0,0,0,0,0,0,0,0
2,1,130565,0,0,15,0,0,0,0,0,0,0
1,1,130566,0,0,0,0,6,0,0,15,0,0
1,1,130567,23,23,23,23,23,23,23,23,23,23
1,1,130568,23,23,23,23,23,23,23,23,23,23
2,1,130568,0,0,0,0,0,0,0,0,0,0
1,1,130569,0,0,0,0,0,0,0,0,0,0
2,1,130569,0,0,0,0,0,0,0,0,0,0
1,1,130570,0,0,0,0,0,0,0,0,0,0
2,1,130570,0,0,0,0,0,0,0,0,0,0
1,1,130571,0,13,0,12,0,12,0,0,17,0
2,1,130571,0,0,0,0,0,0,0,0,0,0
1,1,130572,7,14,19,16,0,10,0,0,0,14
1,1,130573,11,11,11,11,11,11,11,11,11,11
1,1,130574,0,0,0,0,0,0,0,0,0,0
1,1,130575,23,23,23,23,23,23,23,23,23,23
1,1,130576,0,0,0,0,0,0,0,0,0,0
1,1,130577,0,0,0,0,0,0,0,0,0,0
2,1,130577,0,0,0,0,11,0,0,0,0,0
1,1,130578,0,0,0,0,0,0,0,0,0,0
2,1,130578,0,0,0,0,0,0,0,0,0,0
1,1,130579,0,0,0,0,0,0,0,26,0,0
1,1,130580,14,0,0,0,0,0,0,0,0,0
1,1,130581,0,0,0,0,0,0,0,0,0,0
2,1,130581,0,0,0,0,0,0,0,0,0,0
1,1,130582,0,0,0,0,0,0,0,0,0,0
2,1,130582,0,0,0,0,0,0,0,0,0,0
1,1,130583,0,0,0,17,14,0,15,26,0,0
2,1,130583,0,0,0,0,0,0,0,0,0,0
1,1,130584,0,0,0,0,0,0,0,0,0,0
0,1,130585,5,5,5,5,5,5,5,5,5,5
1,1,130585,0,13,0,0,0,0,0,0,0,3
0,1,130586,44,34,20,0,0,16,0,22,0,8
1,1,130586,0,0,0,0,0,0,2,0,0,0
1,1,130587,0,0,0,0,0,0,0,0,0,0
2,1,130587,0,0,0,0,12,0,0,0,0,0
0,1,130588,0,0,0,0,0,0,0,0,0,6
1,1,130588,7,6,6,0,0,0,0,0,0,0
1,1,130589,0,0,0,0,0,0,0,0,0,0
1,1,130590,0,0,0,0,0,0,0,0,0,0
1,1,130591,24,24,24,24,24,24,24,24,24,24
1,1,130592,0,6,0,0,0,0,0,0,0,0
1,1,130593,14,14,14,14,14,14,14,14,14,14
1,1,130594,14,14,14,14,14,14,14,14,14,14
1,1,130595,21,21,21,21,21,21,21,21,21,21
1,1,130596,22,25,0,0,0,22,0,0,0,0
1,1,130597,0,0,15,0,26,0,0,9,0,0
2,1,130597,0,0,0,0,0,0,0,0,0,0
1,1,130598,0,0,0,0,0,0,0,0,0,0
1,1,130599,0,10,0,0,4,0,0,6,0,0
1,1,130600,28,28,28,28,28,28,28,28,28,28
1,1,130601,0,0,0,0,0,0,0,0,0,0
1,1,130602,0,0,0,0,0,0,0,0,0,0
2,1,130602,0,0,0,0,0,0,0,0,0,6
1,1,130603,0,0,0,0,0,0,0,0,0,0
2,1,130603,0,0,0,0,0,0,0,0,0,0
1,1,130604,2,2,2,2,2,2,2,2,2,2
1,1,130605,0,0,0,0,0,0,0,0,0,0
2,1,130605,0,0,0,0,0,0,0,0,0,0
3,1,130605,0,0,0,0,0,0,0,0,0,0
0,1,130606,0,0,0,16,0,0,0,0,0,0
1,1,130606,0,0,0,0,0,0,0,0,0,0
2,1,130606,0,0,0,0,0,0,0,0,0,0
1,1,130607,0,0,54,11,0,14,12,0,0,19
1,1,130608,0,0,0,0,0,0,0,0,0,0
2,1,130608,0,0,0,0,0,0,0,0,0,0
0,1,130609,0,0,0,0,0,0,0,0,0,0
1,1,130609,0,0,0,0,0,0,0,0,0,0
1,1,130610,0,0,0,0,0,0,0,0,0,0
2,1,130610,0,0,0,0,0,0,0,0,0,0
0,1,130611,0,24,0,0,0,28,0,16,0,0
1,1,130611,0,0,0,0,0,0,0,0,0,0
0,1,130612,0,0,0,0,0,0,4,0,0,0
1,1,130612,0,0,0,0,0,0,0,0,16,0
1,1,130613,0,0,0,0,0,0,0,0,0,0
1,1,130614,0,0,0,0,0,0,0,0,0,0
2,1,130614,0,0,0,0,0,0,0,0,0,0
3,1,130614,0,0,0,0,0,0,0,0,0,0
4,1,130614,0,0,0,0,0,0,0,0,0,0
1,1,130615,0,0,1,0,0,0,0,10,0,0
2,1,130615,0,0,0,0,0,0,0,0,0,0
1,1,130616,0,0,8,0,0,0,0,0,0,0
2,1,130616,0,0,0,0,0,0,0,0,0,0
1,1,130617,0,0,0,0,0,0,0,0,0,0
2,1,130617,0,0,0,0,0,0,0,0,0,0
3,1,130617,0,0,0,0,0,0,0,0,0,0
1,1,130618,0,0,0,25,0,0,0,0,0,0
1,1,130619,16,0,0,0,0,0,0,0,0,0
2,1,130619,0,0,0,0,0,0,0,0,0,0
3,1,130619,0,0,0,17,0,0,0,0,0,0
1,1,130620,0,0,7,0,0,0,0,0,0,0
2,1,130620,0,0,0,0,0,0,0,0,0,0
0,1,130621,0,19,18,0,0,0,0,33,12,9
1,1,130621,28,0,0,0,0,12,23,0,0,0
1,1,130622,0,0,0,0,0,29,27,0,0,9
1,1,130623,0,0,0,0,0,0,0,0,0,0
0,1,130624,19,19,19,19,19,19,19,19,19,19
1,1,130624,0,0,0,17,0,0,0,27,20,0
1,1,130625,0,0,0,0,0,0,0,0,0,0
2,1,130625,0,0,0,0,0,0,0,0,0,0
1,1,130627,11,11,11,11,11,11,11,11,11,11
1,1,130628,0,0,15,0,0,0,0,0,0,0
1,1,130629,14,22,15,11,15,23,7,0,3,23
2,1,130629,0,0,0,12,0,0,0,0,0,0
1,1,130630,10,10,10,10,10,10,10,10,10,10
1,1,130631,0,0,0,0,0,0,0,0,0,0
2,1,130631,0,0,0,0,0,0,0,0,0,0
1,1,130632,16,0,19,0,0,16,25,0,6,0
1,1,130633,0,5,0,0,0,0,0,0,0,0
1,1,130634,0,0,0,0,0,0,0,0,0,0
0,1,130635,0,0,0,0,0,0,0,0,0,0
1,1,130635,0,0,0,0,0,0,0,0,0,0
1,1,130636,15,15,15,15,15,15,15,15,15,15
1,1,130637,20,20,20,20,20,20,20,20,20,20
1,1,130638,0,0,0,0,0,0,0,0,0,0
2,1,130638,0,0,0,0,0,0,0,0,0,0
1,1,130639,31,31,31,31,31,31,31,31,31,31
1,1,130640,0,0,0,0,0,0,0,0,0,0
1,1,130641,0,0,0,0,0,0,5,5,0,0
2,1,130641,0,0,0,0,0,0,0,0,0,0
3,1,130641,0,0,0,0,0,0,0,0,0,0
4,1,130641,0,0,0,0,0,0,0,9,0,0
1,1,130642,0,0,0,0,0,0,0,0,0,0
2,1,130642,9,0,0,0,0,0,0,0,0,0
1,1,130643,0,0,0,0,0,0,0,0,7,0
2,1,130643,0,0,0,0,0,0,0,0,0,0
0,1,130644,0,0,0,0,0,0,0,0,0,0
1,1,130644,0,0,0,0,0,0,0,0,0,0
1,1,130645,12,0,0,0,0,0,0,0,0,0
2,1,130645,0,0,0,0,0,0,0,30,0,0
0,1,130646,0,0,0,0,0,0,0,0,18,0
1,1,130646,0,0,0,0,0,0,0,0,0,0
1,1,130647,0,0,0,0,0,0,0,0,0,0
2,1,130647,0,0,0,0,0,0,0,0,0,0
1,1,130648,0,0,0,0,0,0,0,0,0,0
1,1,130649,0,0,0,0,0,0,0,0,0,0
1,1,130650,0,0,9,0,0,0,0,0,6,0
2,1,130650,0,0,0,0,0,0,2,0,0,8
1,1,130651,0,0,0,0,24,0,0,0,0,0
1,1,130652,29,29,29,29,29,29,29,29,29,29
1,1,130653,0,0,0,0,0,0,9,0,0,0
2,1,130653,0,0,0,0,0,0,0,0,0,0
3,1,130653,0,0,0,0,0,0,0,0,0,0
1,1,130654,15,15,15,15,15,15,15,15,15,15
1,1,130655,14,0,14,15,25,0,0,30,11,17
1,1,130656,0,0,0,0,0,0,0,0,0,0
1,1,130657,0,0,0,0,0,0,0,0,0,0
2,1,130657,0,0,0,18,0,0,19,0,0,0
3,1,130657,0,0,0,0,0,0,0,0,0,0
1,1,130658,0,0,0,0,0,0,0,0,0,0
1,1,130659,0,0,0,0,0,0,0,14,0,0
2,1,130659,0,0,0,0,0,0,0,0,0,0
3,1,130659,0,0,0,0,0,0,0,0,0,0
1,1,130660,17,17,17,17,17,17,17,17,17,17
1,1,130661,19,19,19,19,19,19,19,19,19,19
1,1,130662,0,0,0,0,0,0,0,0,0,0
1,1,130663,0,0,0,0,0,0,0,0,0,0
1,1,130664,2,2,2,2,2,2,2,2,2,2
2,1,130664,0,0,0,0,0,0,0,0,0,0
1,1,130665,21,21,21,21,21,21,21,21,21,21
1,1,130666,0,0,0,14,6,0,0,0,0,0
2,1,130666,0,0,0,0,0,0,0,0,0,0
1,1,130667,0,0,0,0,0,0,0,0,0,0
1,1,130668,0,0,12,0,0,0,10,0,0,0
1,1,130669,0,0,0,0,0,0,0,0,0,0
2,1,130669,24,7,0,0,0,0,0,0,0,0
3,1,130669,0,0,0,0,0,0,0,0,0,0
1,1,130670,0,0,0,0,0,0,0,0,0,0
1,1,130671,0,0,0,0,0,0,0,0,0,0
2,1,130671,0,0,2,0,0,0,0,0,8,0
3,1,130671,0,0,0,0,0,0,0,0,0,0
1,1,130672,0,0,0,0,0,0,0,0,0,0
2,1,130672,0,0,0,0,0,0,0,0,0,0
1,1,130673,0,16,0,16,23,0,0,0,0,0
2,1,130673,11,0,0,0,0,0,0,0,0,0
1,1,130674,0,0,0,0,0,0,0,0,0,0
1,1,130675,0,0,0,0,0,14,0,0,17,0
1,1,130676,0,0,0,0,0,0,0,0,0,0
2,1,130676,0,0,0,0,0,0,0,0,0,0
1,1,130677,2,2,2,2,2,2,2,2,2,2
2,1,130677,0,0,0,0,0,0,0,0,0,0
1,1,130678,5,5,5,5,5,5,5,5,5,5
1,1,130679,5,5,5,5,5,5,5,5,5,5
1,1,130680,0,0,0,0,0,0,0,0,0,0
2,1,130680,0,0,0,0,0,0,0,0,0,0
1,1,130681,0,0,0,0,0,0,0,0,0,0
4,1,130681,0,0,0,0,0,0,0,4,0,0
5,1,130681,0,0,0,0,0,0,0,8,0,0
1,1,130682,3,3,3,3,3,3,3,3,3,3
1,1,130683,23,23,23,23,23,23,23,23,23,23
1,1,130684,14,14,14,14,14,14,14,14,14,14
1,1,130685,22,22,22,22,22,22,22,22,22,22
1,1,130686,0,0,0,0,0,0,0,0,0,0
2,1,130686,0,0,0,0,0,0,0,0,0,0
1,1,130687,0,0,0,0,0,0,0,0,0,0
1,1,130688,0,0,0,0,0,0,0,0,0,0
2,1,130688,0,0,0,0,0,0,0,0,0,0
3,1,130688,0,0,0,0,0,0,0,0,0,0
1,1,130689,0,0,0,0,0,0,0,0,0,0
2,1,130689,0,0,0,0,0,0,0,0,0,0
3,1,130689,0,0,0,0,0,0,0,0,0,0
4,1,130689,0,0,0,0,0,0,0,0,0,0
1,1,130690,0,0,0,0,0,0,0,0,0,0
2,1,130690,0,0,0,0,0,0,0,0,0,0
3,1,130690,0,0,0,0,0,0,0,0,0,0
0,1,130691,0,0,0,0,0,0,10,0,0,0
1,1,130691,9,9,9,9,9,9,9,9,9,9
1,1,130692,12,12,12,12,12,12,12,12,12,12
1,1,130693,0,0,19,16,0,0,0,0,10,0
2,1,130693,0,0,0,0,0,0,0,0,8,0
3,1,130693,11,0,0,0,0,0,0,0,0,0
1,1,130694,0,0,0,0,0,0,0,0,0,0
2,1,130694,0,0,0,0,0,0,0,0,0,0
1,1,130695,0,0,0,0,17,25,0,0,0,0
2,1,130695,0,0,0,0,0,0,22,0,0,0
0,1,130696,0,0,0,0,0,0,0,0,0,0
1,1,130696,0,0,0,0,0,0,0,0,0,0
1,1,130697,0,0,0,0,0,0,0,0,0,0
2,1,130697,0,0,0,0,0,0,0,0,0,0
1,1,130698,18,0,0,0,17,33,0,0,30,26
2,1,130698,0,0,4,0,0,0,0,0,0,0
1,1,130699,21,21,21,21,21,21,21,21,21,21
1,1,130700,6,6,6,6,6,6,6,6,6,6
1,1,130701,0,0,0,0,0,0,0,0,0,0
1,1,130702,0,0,0,13,20,0,0,19,15,0
1,1,130703,10,10,10,10,10,10,10,10,10,10
2,1,130703,0,0,0,0,0,0,0,42,21,0
1,1,130704,12,0,6,19,22,4,0,12,22,25