VEH_NO,PER_NO,ST_CASE,P1,P2,P3,P4,P5,P6,P7,P8,P9,P10
1,1,130705,33,33,33,33,33,33,33,33,33,33
1,1,130706,0,0,19,0,0,0,20,0,0,20
0,1,130707,37,37,37,37,37,37,37,37,37,37
1,1,130707,0,0,0,0,0,0,0,0,0,0
2,1,130707,0,0,0,0,0,0,0,0,0,0
1,1,130708,0,0,0,0,0,0,0,0,0,0
2,1,130708,0,0,0,0,0,0,0,0,0,0
1,1,130709,0,0,0,0,0,0,0,0,0,0
2,1,130709,0,0,0,0,0,0,0,0,0,0
1,1,130710,0,0,0,0,0,0,0,0,0,0
1,1,130711,0,0,0,0,0,0,0,0,0,0
1,1,130712,22,22,22,22,22,22,22,22,22,22
2,1,130712,0,0,0,0,0,0,0,0,0,0
1,1,130713,0,0,0,0,0,0,0,0,0,0
2,1,130713,0,0,0,0,0,0,0,0,0,0
1,1,130714,13,13,13,13,13,13,13,13,13,13
1,1,130715,0,0,0,0,0,0,0,0,0,0
2,1,130715,0,0,16,0,0,0,0,0,0,0
1,1,130716,0,9,0,24,23,21,0,0,17,0
1,1,130717,23,23,23,23,23,23,23,23,23,23
1,1,130718,0,0,0,0,0,0,0,0,0,0
2,1,130718,0,0,0,0,0,0,0,0,0,0
3,1,130718,0,15,13,0,0,11,0,0,0,0
1,1,130719,13,13,13,13,13,13,13,13,13,13
2,1,130719,0,0,0,7,0,0,0,0,0,0
1,1,130720,29,29,29,29,29,29,29,29,29,29
1,1,130721,0,7,0,0,0,0,0,0,0,0
2,1,130721,0,0,0,0,0,0,0,0,0,0
1,1,130722,0,0,0,0,0,0,0,0,0,0
2,1,130722,0,0,0,0,0,18,0,0,0,0
1,1,130723,40,40,40,40,40,40,40,40,40,40
1,1,130724,0,0,0,11,0,0,0,0,0,0
2,1,130724,0,0,0,0,0,0,0,0,0,0
1,1,130725,0,0,0,0,0,0,0,18,0,0
2,1,130725,0,0,0,0,0,0,0,0,0,0
0,1,130726,0,26,0,0,0,0,20,33,12,0
1,1,130726,0,0,0,0,0,0,0,0,0,0
1,1,130727,21,21,21,21,21,21,21,21,21,21
1,1,130728,0,0,0,0,0,0,14,0,0,0
1,1,130729,0,0,0,29,0,0,2,16,7,29
2,1,130729,0,10,0,0,0,0,0,0,0,0
1,1,130730,7,7,7,7,7,7,7,7,7,7
1,1,130731,0,0,0,0,0,0,0,0,0,0
1,1,130732,0,38,26,24,0,31,22,0,26,24
1,1,130733,0,0,0,0,0,0,0,0,0,0
1,1,130734,0,0,0,0,0,0,0,0,0,0
2,1,130734,0,0,0,0,0,0,0,0,0,0
1,1,130735,0,0,0,0,0,0,0,0,0,0
2,1,130735,0,0,0,0,0,0,0,0,0,0
1,1,130736,0,0,0,0,0,0,0,0,0,0
2,1,130736,0,0,0,0,0,0,0,0,0,0
3,1,130736,0,0,0,0,0,0,0,0,0,0
4,1,130736,0,0,0,0,0,0,0,0,0,0
5,1,130736,0,0,0,0,0,0,0,0,0,0
6,1,130736,0,0,0,0,0,0,0,0,0,0
1,1,130737,0,0,0,0,0,0,0,0,0,0
2,1,130737,0,0,0,0,0,0,0,0,0,0
1,1,130738,0,0,0,17,10,0,0,0,0,0
1,1,130739,24,24,24,24,24,24,24,24,24,24
2,1,130739,0,0,0,0,0,0,0,0,0,0
1,1,130740,0,0,0,0,0,0,0,0,0,0
2,1,130740,0,0,0,0,0,0,0,0,0,0
0,1,130741,18,19,6,17,0,0,0,0,0,25
1,1,130741,0,0,0,0,0,0,0,0,0,0
1,1,130742,0,0,0,0,0,0,0,0,0,0
2,1,130742,0,0,0,0,0,0,0,0,0,0
1,1,130743,0,0,18,0,13,21,0,37,8,0
1,1,130744,0,0,0,0,0,0,0,0,0,0
2,1,130744,0,0,0,0,0,0,0,0,0,0
1,1,130745,0,0,0,11,0,0,0,0,0,0
2,1,130745,0,0,0,0,0,0,0,0,0,0
1,1,130746,0,0,0,0,0,0,0,0,0,8
2,1,130746,0,0,0,0,0,0,0,0,0,0
1,1,130747,0,0,0,0,0,0,0,0,0,0
2,1,130747,0,0,0,0,0,0,0,0,0,0
3,1,130747,0,0,0,0,0,0,0,0,0,0
4,1,130747,0,0,0,0,0,0,0,0,0,12
5,1,130747,0,0,0,0,0,0,0,0,0,0
6,1,130747,0,0,0,0,0,0,0,0,0,0
7,1,130747,0,0,0,0,0,0,0,0,0,0
1,1,130748,2,2,2,2,2,2,2,2,2,2
2,1,130748,0,0,0,0,0,0,5,0,0,0
0,1,130749,0,0,0,0,0,0,0,0,0,29
1,1,130749,0,0,0,10,10,0,0,0,0,0
0,1,130750,0,0,0,0,0,0,0,0,0,0
1,1,130750,0,0,0,0,0,0,0,0,0,0
0,1,130751,0,28,20,27,22,20,26,7,15,38
1,1,130751,0,0,0,0,0,0,0,0,0,0
0,1,130752,0,16,0,0,0,0,0,0,0,0
1,1,130752,0,0,0,0,0,0,0,0,0,0
1,1,130753,0,0,0,0,0,0,0,0,0,0
2,1,130753,0,0,0,0,0,0,0,0,0,0
1,1,130754,0,0,0,0,17,0,0,8,0,0
1,1,130755,0,0,0,0,13,0,0,0,0,12
1,1,130756,0,0,0,0,0,0,0,0,0,0
1,1,130757,25,25,25,25,25,25,25,25,25,25
1,1,130758,0,0,0,0,0,0,0,0,0,0
1,1,130759,0,0,0,0,0,0,0,0,0,0
2,1,130759,0,0,0,0,0,0,0,0,0,0
0,1,130760,0,0,0,0,0,0,0,0,0,0
1,1,130760,25,0,0,0,0,0,0,0,0,0
1,1,130761,0,0,0,0,0,0,0,0,0,0
2,1,130761,0,0,0,0,0,0,0,0,0,0
1,1,130762,0,0,0,0,0,0,0,0,0,0
2,1,130762,0,0,0,0,0,0,0,0,0,0
1,1,130763,15,15,15,15,15,15,15,15,15,15
1,1,130764,0,0,0,0,0,0,0,0,0,0
2,1,130764,0,0,13,0,0,0,0,0,0,0
1,1,130765,0,0,0,0,0,0,0,0,0,0
2,1,130765,0,0,0,0,0,0,0,0,0,0
1,1,130766,0,0,0,13,0,4,0,0,0,0
2,1,130766,0,0,0,0,0,0,0,0,0,0
1,1,130767,10,10,10,10,10,10,10,10,10,10
1,1,130768,0,0,0,0,0,0,0,0,0,0
1,1,130769,0,0,0,0,0,0,13,0,0,0
2,1,130769,0,0,0,0,0,0,0,0,0,0
1,1,130770,0,0,0,0,0,0,0,9,0,0
2,1,130770,0,0,0,0,0,0,0,0,0,0
1,1,130771,0,0,0,0,12,0,0,0,0,0
1,1,130772,0,0,0,8,0,0,0,13,0,6
1,1,130773,27,27,27,27,27,27,27,27,27,27
1,1,130774,0,0,0,0,0,0,0,0,0,0
2,1,130774,0,0,0,0,0,0,0,0,0,0
1,1,130775,0,0,0,0,0,0,0,0,0,0
2,1,130775,0,0,0,0,0,0,0,0,0,0
1,1,130776,0,0,0,0,0,0,0,0,0,0
2,1,130776,0,0,0,0,0,0,0,0,0,0
1,1,130777,11,11,11,11,11,11,11,11,11,11
1,1,130778,11,11,11,11,11,11,11,11,11,11
1,1,130779,0,0,0,0,0,0,0,0,0,0
2,1,130779,0,0,0,0,0,0,0,0,0,0
1,1,130780,0,0,0,0,0,0,0,0,0,0
1,1,130781,0,0,0,0,16,0,0,4,0,0
2,1,130781,0,0,0,0,0,0,0,0,0,0
1,1,130782,0,0,0,0,0,0,0,0,0,0
2,1,130782,0,0,0,0,0,0,0,0,0,0
3,1,130782,0,0,0,0,0,0,0,0,0,0
1,1,130783,0,0,0,0,0,0,0,0,0,0
1,1,130784,0,0,0,0,0,3,0,0,0,0
2,1,130784,0,0,0,0,0,0,0,0,0,0
1,1,130785,0,0,0,0,0,0,0,0,0,0
2,1,130785,0,0,0,0,0,0,0,0,0,0
1,1,130786,16,16,16,16,16,16,16,16,16,16
2,1,130786,0,0,18,0,0,0,20,0,0,0
1,1,130787,0,0,0,0,0,0,0,0,0,0
2,1,130787,0,0,0,0,0,0,0,0,0,0
1,1,130788,0,0,0,0,0,0,0,0,0,0
2,1,130788,0,0,0,0,0,0,0,0,0,0
3,1,130788,0,0,0,0,0,0,0,0,0,0
1,1,130789,0,0,15,13,10,16,0,23,21,0
1,1,130790,0,0,0,0,0,0,0,0,0,0
2,1,130790,0,0,0,0,0,0,0,0,0,0
1,1,130791,0,0,0,0,0,0,0,0,0,0
2,1,130791,0,0,0,0,0,0,0,0,0,0
3,1,130791,0,0,0,0,0,0,0,0,0,0
1,1,130792,0,0,0,0,0,0,0,0,0,0
2,1,130792,8,0,0,16,6,0,0,0,0,0
1,1,130793,0,0,0,0,0,0,0,0,0,0
1,1,130794,0,0,0,0,0,0,0,0,0,21
1,1,130795,16,16,16,16,16,16,16,16,16,16
1,1,130796,0,0,0,0,0,0,0,0,0,9
1,1,130797,0,0,0,0,0,0,0,0,5,11
1,1,130798,9,9,9,9,9,9,9,9,9,9
1,1,130799,0,7,0,0,0,0,0,0,0,0
1,1,130800,0,0,0,0,0,0,0,0,0,0
1,1,130801,0,0,0,0,0,0,0,0,0,0
1,1,130802,19,19,19,19,19,19,19,19,19,19
1,1,130803,0,0,0,0,0,0,0,0,0,0
2,1,130803,13,0,0,39,0,3,5,0,0,8
1,1,130804,17,0,0,0,0,0,0,0,0,0
1,1,130805,24,24,24,24,24,24,24,24,24,24
1,1,130806,18,18,18,18,18,18,18,18,18,18
1,1,130807,7,7,7,7,7,7,7,7,7,7
1,1,130808,15,15,15,15,15,15,15,15,15,15
2,1,130808,0,0,0,0,0,0,0,0,0,0
1,1,130809,25,0,0,20,0,9,12,14,0,16
1,1,130810,24,24,24,24,24,24,24,24,24,24
1,1,130811,6,6,6,6,6,6,6,6,6,6
1,1,130812,0,0,0,0,0,0,0,0,0,0
2,1,130812,0,0,0,0,0,0,0,0,0,0
1,1,130813,0,0,0,0,0,0,0,0,0,0
1,1,130814,0,0,16,18,22,7,0,10,20,25
1,1,130815,0,0,0,15,11,17,0,7,20,0
2,1,130815,0,0,0,0,0,0,0,0,0,0
3,1,130815,0,22,0,0,0,13,0,0,0,0
1,1,130816,0,0,0,0,0,0,0,0,0,0
2,1,130816,22,0,0,0,0,0,0,0,0,0
1,1,130817,0,0,0,0,0,0,0,0,0,0
2,1,130817,0,0,0,0,0,0,0,0,0,0
1,1,130818,0,0,0,0,0,0,0,0,0,0
1,1,130819,0,0,0,0,0,12,5,3,0,0
2,1,130819,0,0,0,0,0,0,0,0,0,0
0,1,130820,19,7,9,18,0,34,22,67,38,27
1,1,130820,16,16,16,16,16,16,16,16,16,16
1,1,130821,0,0,0,0,0,0,0,0,0,0
0,1,130822,0,0,0,0,0,0,0,0,0,0
1,1,130822,0,0,0,0,8,0,0,0,0,0
1,1,130823,0,0,0,0,0,0,0,0,0,0
2,1,130823,0,0,0,0,0,0,0,0,10,0
1,1,130824,0,0,0,0,0,0,0,0,0,0
2,1,130824,0,0,0,0,0,0,0,0,0,0
1,1,130825,0,0,0,0,0,0,0,0,0,0
2,1,130825,0,0,0,0,0,0,0,0,0,0
3,1,130825,0,0,0,0,0,9,0,0,0,0
1,1,130826,0,0,0,0,0,0,0,0,0,0
2,1,130826,0,0,0,0,0,0,0,0,0,0
1,1,130827,10,0,0,0,0,0,5,0,0,0
2,1,130827,0,0,0,0,0,0,0,0,0,0
3,1,130827,0,0,0,0,0,0,0,0,0,0
1,1,130828,0,0,0,0,0,0,0,0,0,0
2,1,130828,0,0,0,0,0,0,0,0,0,0
0,1,130829,0,0,0,24,0,19,0,0,19,0
1,1,130829,0,0,0,0,0,0,0,0,0,0
1,1,130830,0,0,0,0,0,0,7,0,0,0
1,1,130831,0,0,0,0,0,0,0,0,0,0
1,1,130832,0,0,0,0,5,0,0,0,0,0
2,1,130832,2,2,2,2,2,2,2,2,2,2
1,1,130833,0,0,0,0,0,0,0,0,0,0
2,1,130833,0,0,25,0,0,0,0,0,0,0
1,1,130834,0,17,21,0,0,22,20,20,23,12
1,1,130835,24,24,24,24,24,24,24,24,24,24
1,1,130836,0,0,0,0,0,0,0,0,0,0
1,1,130837,0,0,0,0,0,0,0,0,0,0
1,1,130838,3,3,3,3,3,3,3,3,3,3
1,1,130839,0,0,0,0,0,0,0,0,0,0
0,1,130840,0,0,0,0,0,0,0,0,0,0
0,2,130840,0,0,0,0,0,0,0,7,0,0
1,1,130840,0,19,0,0,0,0,0,0,0,0
1,1,130841,0,0,0,0,0,0,0,0,15,0
1,1,130842,0,0,0,0,0,10,0,0,6,0
1,1,130843,0,0,0,0,9,0,0,0,0,0
2,1,130843,0,0,0,22,0,0,0,9,0,0
1,1,130844,0,0,0,0,0,0,0,0,0,0
2,1,130844,0,0,0,0,0,0,0,15,0,0
1,1,130845,14,14,14,14,14,14,14,14,14,14
1,1,130846,0,0,0,0,0,0,0,0,0,0
2,1,130846,0,0,0,0,0,0,0,0,0,0
1,1,130847,0,0,0,0,0,0,0,0,0,0
1,1,130848,9,16,0,0,0,0,0,0,0,0
2,1,130848,0,0,0,0,0,0,0,0,0,0
1,1,130849,0,0,0,0,0,0,0,0,0,0
1,1,130850,27,27,27,27,27,27,27,27,27,27
1,1,130851,0,0,0,0,0,0,0,0,0,0
2,1,130851,0,0,0,0,0,0,0,0,0,0
1,1,130852,18,18,18,18,18,18,18,18,18,18
1,1,130853,6,11,12,20,5,0,0,0,10,23
1,1,130854,0,0,0,0,0,0,0,22,29,0
2,1,130854,0,0,0,0,0,0,0,0,0,0
3,1,130854,14,0,0,0,0,0,0,0,0,17
1,1,130855,0,0,11,0,0,3,0,0,0,0
1,1,130856,0,0,0,0,0,0,0,0,0,0
1,1,130857,0,0,13,0,0,0,16,0,0,0
2,1,130857,0,0,0,0,0,0,0,17,12,0
1,1,130858,16,16,16,16,16,16,16,16,16,16
1,1,130859,0,0,0,0,0,0,0,0,0,0
1,1,130860,0,17,0,0,0,0,0,0,0,0
1,1,130861,0,0,0,0,19,0,0,0,0,0
1,1,130862,0,0,0,0,0,0,0,0,0,0
2,1,130862,0,0,0,0,0,0,0,0,0,0
1,1,130863,0,0,0,0,0,0,0,0,0,0
2,1,130863,0,2,0,0,0,0,0,0,0,0
0,1,130864,0,0,0,0,0,0,0,0,0,15
1,1,130864,0,0,0,0,0,0,0,0,0,0
1,1,130865,0,0,0,0,0,0,0,0,0,0
2,1,130865,0,0,0,0,0,0,0,0,0,0
1,1,130866,0,0,0,0,0,0,0,0,0,0
2,1,130866,0,0,0,0,0,0,0,0,0,0
1,1,130867,0,0,0,0,0,0,0,0,12,0
1,1,130868,0,0,0,0,0,0,0,0,0,0
1,1,130869,0,0,16,0,0,19,15,0,0,25
1,1,130870,0,0,0,0,0,0,0,0,0,0
2,1,130870,0,0,0,0,0,0,0,0,0,0
3,1,130870,0,0,0,0,0,0,0,0,0,0
4,1,130870,0,0,0,0,0,0,0,0,0,0
5,1,130870,0,0,0,0,0,0,0,0,0,0
1,1,130871,0,24,0,0,0,0,0,0,0,0
2,1,130871,0,0,0,0,0,0,11,0,0,0
1,1,130872,0,13,7,5,10,0,0,0,8,0
2,1,130872,0,0,0,0,0,0,0,0,0,0
1,1,130873,0,0,0,0,0,0,26,0,0,20
1,1,130874,0,0,0,0,0,15,0,9,0,0
2,1,130874,0,0,0,0,0,0,0,0,0,0
1,1,130875,18,0,0,8,16,22,0,0,15,0
1,1,130876,0,0,0,0,0,0,0,0,0,0
1,1,130877,0,0,0,0,0,0,0,0,0,0
2,1,130877,0,0,0,0,0,0,0,0,0,0
1,1,130878,0,0,0,0,0,0,2,0,0,0
2,1,130878,12,12,12,12,12,12,12,12,12,12
0,1,130879,0,0,0,0,10,12,0,0,18,0
1,1,130879,0,0,0,0,0,0,0,0,0,0
1,1,130880,0,0,0,0,0,0,0,0,0,0
2,1,130880,0,0,0,0,0,0,0,0,0,0
1,1,130881,0,0,0,0,0,0,0,0,0,0
2,1,130881,0,0,0,0,0,0,0,0,0,0
1,1,130882,0,17,22,31,0,0,0,0,6,0
1,1,130883,0,31,29,20,0,20,31,12,25,0
1,1,130884,0,11,16,2,6,0,0,23,0,19
1,1,130885,8,0,0,12,0,0,0,0,0,0
1,1,130886,0,0,0,0,0,0,0,0,0,0
1,1,130887,19,0,0,0,0,0,0,0,13,0
1,1,130888,0,0,0,0,4,24,0,0,0,9
1,1,130889,0,0,0,0,0,0,30,0,0,0
2,1,130889,0,0,0,10,0,0,0,0,0,0
1,1,130890,0,0,0,0,0,0,0,0,0,0
1,1,130891,0,0,0,0,0,0,0,0,0,0
2,1,130891,0,9,0,0,0,3,0,0,0,0
1,1,130892,0,0,0,0,0,10,12,0,14,19
1,1,130893,0,0,0,0,0,0,0,0,0,0
2,1,130893,0,0,0,0,0,0,0,0,0,0
1,1,130894,0,0,0,0,0,0,0,0,0,0
2,1,130894,0,0,0,0,0,0,0,0,0,0
1,1,130895,14,14,14,14,14,14,14,14,14,14
1,1,130896,0,0,0,0,0,0,0,0,0,0
2,1,130896,0,0,0,0,0,0,0,0,0,0
0,1,130897,19,19,19,19,19,19,19,19,19,19
1,1,130897,0,0,0,0,0,0,0,0,0,0
1,1,130898,0,0,0,0,0,0,0,0,0,0
1,1,130899,0,0,0,0,0,0,0,0,4,0
2,1,130899,0,0,0,0,0,0,0,0,0,0
1,1,130900,0,0,0,0,0,0,0,0,0,0
2,1,130900,0,0,0,0,0,0,0,0,0,0
1,1,130901,0,0,33,0,0,0,0,0,0,0
1,1,130902,0,0,0,0,0,0,0,0,0,0
2,1,130902,0,0,0,0,0,0,0,0,0,0
3,1,130902,14,19,0,0,0,9,0,0,0,7
4,1,130902,17,0,0,0,0,0,0,0,0,9
1,1,130903,0,0,0,0,0,0,0,0,0,0
2,1,130903,0,0,0,0,0,0,0,0,0,0
1,1,130904,17,14,5,0,0,16,5,19,0,0
1,1,130905,24,24,24,24,24,24,24,24,24,24
1,1,130906,12,12,12,12,12,12,12,12,12,12
1,1,130907,19,19,19,19,19,19,19,19,19,19
1,1,130908,0,7,0,0,0,0,0,0,0,0
2,1,130908,0,0,0,0,0,0,0,0,0,0
3,1,130908,0,0,0,0,0,0,0,0,0,0
1,1,130909,16,0,0,0,0,0,0,0,6,0
2,1,130909,0,0,0,0,0,0,0,0,0,0
1,1,130910,0,0,17,14,31,16,12,0,0,0
2,1,130910,0,0,0,0,0,0,0,0,0,0
1,1,130911,21,21,21,21,21,21,21,21,21,21
2,1,130911,0,0,0,0,0,0,0,0,0,0
1,1,130912,0,0,14,0,0,0,0,14,0,3
1,1,130913,0,0,0,0,0,0,0,0,0,0
2,1,130913,0,0,0,0,0,0,0,0,0,0
1,1,130914,15,12,0,0,8,0,0,0,0,16
1,1,130915,0,0,0,0,0,0,0,0,0,0
1,1,130916,7,7,7,7,7,7,7,7,7,7
2,1,130916,0,0,0,0,0,0,0,0,0,0
1,1,130917,0,0,0,0,0,0,0,14,0,0
1,1,130918,23,24,22,20,21,25,10,19,0,0
1,1,130919,16,16,16,16,16,16,16,16,16,16
1,1,130920,0,0,0,0,0,0,0,0,0,0
1,1,130921,5,12,12,11,19,5,9,13,13,24
1,1,130922,0,4,6,15,0,0,0,19,22,6
1,1,130923,19,19,19,19,19,19,19,19,19,19
1,1,130924,0,0,0,0,0,0,0,0,0,0
2,1,130924,0,0,0,0,0,0,0,0,0,0
1,1,130925,0,0,0,0,0,0,0,0,0,0
2,1,130925,0,0,0,0,0,0,0,0,0,0
0,1,130926,2,2,2,2,2,2,2,2,2,2
1,1,130926,0,0,0,0,0,0,0,0,0,0
1,1,130927,0,0,0,0,0,0,0,0,0,0
1,1,130928,22,22,22,22,22,22,22,22,22,22
1,1,130929,25,25,25,25,25,25,25,25,25,25
2,1,130929,0,0,0,0,0,0,0,0,0,0
1,1,130930,24,24,24,24,24,24,24,24,24,24
1,1,130931,0,0,0,0,0,0,0,0,0,0
2,1,130931,0,0,0,0,0,0,0,0,0,0
1,1,130932,0,0,0,0,0,0,0,0,0,0
2,1,130932,0,0,0,0,12,0,0,0,0,0
1,1,130933,0,0,0,0,0,0,0,0,0,0
1,1,130934,8,8,8,8,8,8,8,8,8,8
1,1,130935,0,0,0,0,0,0,0,0,0,0
1,1,130936,6,0,0,0,0,14,0,0,0,0
2,1,130936,0,0,0,0,0,0,0,0,0,0
1,1,130937,0,0,0,0,0,0,0,0,0,0
1,1,130938,0,0,0,0,0,0,0,0,0,0
0,1,130939,26,20,0,0,28,0,20,41,0,11
1,1,130939,19,0,5,0,0,0,16,0,0,11
1,1,130940,0,11,0,0,0,0,0,0,0,0
2,1,130940,0,0,0,0,0,0,0,0,0,0
3,1,130940,0,0,0,0,0,0,0,0,0,0
1,1,130941,0,0,0,0,0,0,0,0,0,0
2,1,130941,0,0,0,0,0,0,0,0,0,0
3,1,130941,0,0,0,0,0,0,0,0,0,0
1,1,130942,8,8,8,8,8,8,8,8,8,8
2,1,130942,0,15,0,3,12,0,11,21,14,20
1,1,130943,0,0,0,0,0,0,0,0,0,0
1,1,130944,0,0,0,0,0,0,0,0,0,0
0,1,130945,18,18,18,18,18,18,18,18,18,18
1,1,130945,0,0,0,0,0,0,0,19,0,0
0,1,130946,16,16,16,16,16,16,16,16,16,16
1,1,130946,0,0,0,0,0,0,0,0,0,0
1,1,130947,0,0,0,0,0,0,0,0,0,0
2,1,130947,0,0,0,0,0,0,0,0,0,0
1,1,130948,0,0,0,0,0,0,0,0,0,0
2,1,130948,0,0,0,0,0,0,0,0,0,0
3,1,130948,0,0,0,0,0,0,0,0,0,0
1,1,130949,21,21,21,21,21,21,21,21,21,21
0,1,130950,0,0,23,0,0,7,0,0,0,0
1,1,130950,0,0,0,0,0,0,0,0,0,0
1,1,130951,0,0,0,0,0,0,0,0,0,0
1,1,130952,0,0,0,0,0,0,0,0,0,0
2,1,130952,0,0,0,0,0,0,0,0,0,0
1,1,130953,0,0,0,0,0,0,0,0,0,0
2,1,130953,0,0,0,0,0,0,0,0,0,0
1,1,130954,15,15,15,15,15,15,15,15,15,15
1,1,130955,13,13,13,13,13,13,13,13,13,13
1,1,130956,0,0,0,0,0,0,0,0,0,0
2,1,130956,0,11,18,0,0,0,0,0,0,0
1,1,130957,0,0,0,0,0,0,0,0,0,0
2,1,130957,0,0,0,0,0,0,0,0,0,0
1,1,130958,3,0,14,14,0,0,7,0,0,0
0,1,130959,0,0,9,0,0,19,23,0,25,0
1,1,130959,4,4,4,4,4,4,4,4,4,4
1,1,130960,0,0,0,0,0,0,0,0,0,0
1,1,130961,0,0,0,0,0,0,0,0,0,0
1,1,130962,5,0,0,17,14,21,0,20,0,0
0,1,130963,0,0,0,0,0,0,0,0,0,0
1,1,130963,0,0,0,0,0,0,0,0,0,0
0,1,130964,0,0,0,0,0,0,0,0,0,0
1,1,130964,0,0,0,0,0,0,0,0,0,0
1,1,130965,0,0,0,0,0,0,0,0,0,0
2,1,130965,0,0,0,0,0,0,0,0,0,0
1,1,130966,0,0,0,0,0,0,0,0,0,0
1,1,130967,0,0,0,0,0,0,0,0,0,0
2,1,130967,0,7,0,5,0,0,0,0,0,8
1,1,130968,0,0,0,0,0,0,0,0,0,0
2,1,130968,0,0,0,0,0,0,0,0,0,0
1,1,130969,12,12,2,10,0,12,2,0,4,7
0,1,130970,19,19,19,19,19,19,19,19,19,19
1,1,130970,0,0,0,0,19,0,0,23,0,0
1,1,130971,21,21,21,21,21,21,21,21,21,21
2,1,130971,0,0,0,0,0,0,0,0,0,0
1,1,130972,0,0,0,0,0,0,0,0,0,0
1,1,130973,0,0,27,0,0,0,0,0,0,20
1,1,130974,0,0,0,0,0,0,0,0,0,0
1,1,130975,0,0,0,0,0,0,0,0,0,0
2,1,130975,0,0,0,18,0,0,0,0,0,0
1,1,130976,0,0,0,0,0,0,0,0,0,0
1,1,130977,0,0,0,0,2,0,0,0,0,0
2,1,130977,0,3,0,0,0,0,0,0,0,0
1,1,130978,15,15,15,15,15,15,15,15,15,15
0,1,130979,0,0,0,0,0,0,0,0,0,0
1,1,130979,0,0,0,0,0,0,0,0,0,0
1,1,130980,0,0,0,0,0,0,0,0,0,0
2,1,130980,0,0,0,0,0,0,0,0,0,0
1,1,130981,0,0,0,0,0,0,0,11,0,18
2,1,130981,0,0,0,0,0,0,0,0,0,0
1,1,130982,0,0,0,0,0,0,0,0,0,0
0,1,130983,21,21,21,21,21,21,21,21,21,21
1,1,130983,15,9,9,26,24,11,0,0,0,0
1,1,130984,0,0,0,0,0,0,0,0,0,0
1,1,130985,22,22,22,22,22,22,22,22,22,22
1,1,130986,26,26,26,26,26,26,26,26,26,26
1,1,130987,0,5,0,0,10,0,0,0,28,0
1,1,130988,13,0,21,0,0,0,0,0,0,0
1,1,130989,26,26,26,26,26,26,26,26,26,26
1,1,130990,13,13,13,13,13,13,13,13,13,13
1,1,130991,0,0,0,0,0,0,0,0,0,0
1,1,130992,0,0,0,0,0,0,0,0,0,0
1,1,130993,0,0,0,0,13,0,0,10,3,0
1,1,130994,0,0,0,0,0,0,0,0,0,0
2,1,130994,0,0,0,0,0,0,0,0,0,0
1,1,130995,0,0,0,0,0,0,0,0,0,0
2,1,130995,0,0,0,0,0,0,0,0,0,0
1,1,130996,0,0,0,0,0,20,0,0,0,0
2,1,130996,0,0,0,0,0,0,0,0,0,0
0,1,130997,0,0,0,0,0,0,0,0,0,0
1,1,130997,0,0,0,0,0,0,0,0,0,0
1,1,130998,26,26,26,26,26,26,26,26,26,26
2,1,130998,0,0,0,0,0,0,0,0,0,0
1,1,130999,17,17,17,17,17,17,17,17,17,17
2,1,130999,0,0,0,0,0,0,0,0,0,0
1,1,131000,0,0,0,0,0,0,0,0,0,0
2,1,131000,0,0,0,0,0,0,0,0,0,0
1,1,131001,0,0,0,0,0,6,22,0,0,0
0,1,131002,0,0,0,0,0,0,0,0,0,0
1,1,131002,0,0,0,0,0,0,0,0,0,0
1,1,131003,0,0,0,0,0,0,0,0,0,0
2,1,131003,0,0,0,0,0,0,0,0,0,0
1,1,131004,0,0,0,0,0,0,0,0,0,0
2,1,131004,11,5,12,10,5,17,11,6,11,22
3,1,131004,0,0,0,0,0,0,0,0,0,0
1,1,131005,0,0,0,0,0,0,0,0,0,0
2,1,131005,0,0,0,0,0,0,0,0,0,0
3,1,131005,0,0,0,0,0,0,0,0,0,0
1,1,131006,0,0,0,0,9,20,0,0,0,0
1,1,131007,0,0,0,0,0,0,0,0,0,0
2,1,131007,0,0,0,0,0,0,0,0,0,0
1,1,131008,0,0,0,0,0,0,0,0,0,0
1,1,131009,0,0,4,0,0,0,0,0,0,0
2,1,131009,0,0,0,0,0,0,0,0,0,0
1,1,131010,0,0,0,0,0,0,0,0,0,0
1,1,131011,23,23,23,23,23,23,23,23,23,23
1,1,131012,22,22,22,22,22,22,22,22,22,22
1,1,131013,26,0,0,0,0,0,0,0,0,3
1,1,131014,0,0,0,0,0,0,0,19,0,0
0,1,131015,0,26,43,19,11,13,4,42,7,41
0,2,131015,0,0,0,0,0,0,0,0,11,17
0,3,131015,0,25,31,0,0,30,0,0,18,14
0,4,131015,0,0,0,0,0,0,0,0,0,0
0,5,131015,0,0,0,0,0,0,0,0,0,0
1,1,131015,0,0,0,0,14,0,5,0,0,20
1,1,131016,0,0,0,0,0,0,0,0,0,0
2,1,131016,0,0,0,0,0,0,0,0,0,0
0,1,131017,19,0,19,17,0,0,19,20,16,0
1,1,131017,0,21,0,0,0,10,0,0,0,0
2,1,131017,0,0,18,0,0,0,14,0,0,0
1,1,131018,0,0,17,0,19,0,0,17,0,9
1,1,131019,0,0,0,0,0,0,0,0,0,0
1,1,131020,0,0,0,0,0,0,0,0,0,0
1,1,131021,0,0,0,0,0,0,0,0,0,0
1,1,131022,0,0,0,0,0,0,0,0,0,0
2,1,131022,0,0,0,0,0,0,0,0,0,0
1,1,131023,0,0,0,0,0,0,0,0,0,0