VEH_NO,PER_NO,ST_CASE,P1,P2,P3,P4,P5,P6,P7,P8,P9,P10
2,1,131023,0,0,0,0,0,0,0,0,0,0
1,1,131024,0,0,0,0,5,0,0,0,12,0
2,1,131024,0,0,0,0,0,0,0,0,0,0
1,1,131025,0,0,0,0,0,0,0,0,0,0
2,1,131025,0,0,0,0,0,0,0,0,0,0
3,1,131025,0,0,0,0,0,0,6,0,24,0
1,1,131026,0,0,0,0,0,0,0,0,0,0
0,1,131027,0,0,0,0,0,0,0,0,0,0
1,1,131027,0,0,0,0,0,0,0,0,0,0
1,1,131028,24,24,24,24,24,24,24,24,24,24
1,1,131029,0,0,0,0,0,0,0,0,0,0
1,1,131030,0,0,0,0,0,0,0,0,0,0
2,1,131030,0,13,0,0,0,0,0,0,24,0
1,1,131031,0,0,0,11,0,0,0,0,0,0
2,1,131031,0,0,0,0,0,0,0,0,0,0
3,1,131031,0,0,0,0,0,0,0,0,0,0
1,1,131032,0,0,0,0,0,0,9,0,0,0
1,1,131033,0,0,0,0,0,0,0,0,0,0
1,1,131034,0,0,0,0,11,0,0,0,0,0
2,1,131034,0,0,0,0,0,0,0,0,0,12
1,1,131035,0,0,0,0,0,0,0,0,0,0
2,1,131035,0,0,0,0,0,0,0,0,0,0
1,1,131036,18,0,0,26,0,0,0,0,0,36
1,1,131037,0,0,0,0,0,0,0,0,0,0
1,1,131038,19,19,19,19,19,19,19,19,19,19
1,1,131039,16,16,16,16,16,16,16,16,16,16
2,1,131039,0,0,0,0,0,0,0,0,0,0
0,1,131040,0,0,46,19,30,0,6,0,0,21
1,1,131040,18,18,18,18,18,18,18,18,18,18
2,1,131040,0,0,0,0,0,0,0,0,0,0
3,1,131040,0,0,16,0,0,14,0,0,0,0
1,1,131041,0,12,0,9,13,0,4,18,34,10
2,1,131041,0,0,0,0,0,0,0,0,0,0
1,1,131042,0,0,0,0,0,0,0,0,0,0
2,1,131042,0,0,0,0,0,0,0,0,0,0
3,1,131042,0,0,0,0,0,0,0,0,0,0
1,1,131043,32,32,32,32,32,32,32,32,32,32
2,1,131043,0,0,0,0,0,0,0,0,0,0
1,1,131044,0,14,0,11,0,0,0,0,0,0
2,1,131044,0,0,0,0,0,0,0,0,0,0
3,1,131044,0,0,0,0,0,0,0,0,0,0
0,1,131045,25,25,25,25,25,25,25,25,25,25
1,1,131045,0,0,0,31,14,0,0,0,0,17
1,1,131046,0,0,0,0,0,0,0,0,0,0
1,1,131047,0,0,0,0,0,0,0,0,0,0
2,1,131047,0,0,0,0,0,0,0,0,0,0
1,1,131048,21,21,21,21,21,21,21,21,21,21
1,1,131049,0,0,0,0,0,0,0,0,0,0
2,1,131049,0,0,0,0,0,0,0,0,0,0
1,1,131050,0,0,0,0,0,0,0,23,0,0
1,1,131051,0,0,9,0,3,0,0,0,0,14
2,1,131051,0,0,0,0,0,0,0,0,0,0
1,1,131052,0,0,0,0,0,0,0,0,0,0
2,1,131052,0,0,0,0,0,0,0,0,0,0
1,1,131053,0,0,0,0,0,0,0,0,0,0
2,1,131053,17,0,0,0,0,0,0,0,0,0
3,1,131053,0,0,0,0,0,0,0,0,0,0
1,1,131054,0,0,0,0,0,0,0,0,0,0
2,1,131054,0,0,0,0,0,0,0,0,0,0
0,1,131055,10,10,10,10,10,10,10,10,10,10
1,1,131055,0,6,0,0,0,0,7,0,0,2
1,1,131056,26,26,26,26,26,26,26,26,26,26
2,1,131056,0,0,0,0,0,0,0,0,0,0
1,1,131057,0,0,0,0,0,0,0,0,0,0
2,1,131057,0,0,0,0,0,0,0,0,0,0
1,1,131058,0,0,0,9,0,9,0,24,11,15
1,1,131059,0,0,0,0,0,0,0,0,0,0
2,1,131059,0,0,0,0,0,0,0,0,0,0
3,1,131059,0,0,0,0,0,0,0,0,0,0
1,1,131060,0,0,0,0,4,0,18,13,5,0
2,1,131060,0,0,0,0,0,0,0,0,0,0
1,1,131061,17,17,17,17,17,17,17,17,17,17
1,1,131062,3,3,3,3,3,3,3,3,3,3
1,1,131063,0,8,0,4,0,0,0,7,0,0
2,1,131063,0,0,0,0,0,0,0,0,0,0
1,1,131064,0,0,0,0,0,0,0,0,0,0
2,1,131064,0,0,0,0,0,0,0,0,0,0
1,1,131065,0,0,0,0,0,0,0,0,0,0
2,1,131065,0,0,0,0,1,0,0,0,0,0
3,1,131065,0,0,0,0,0,0,0,0,0,0
1,1,131066,19,19,19,19,19,19,19,19,19,19
1,1,131067,0,0,0,0,0,0,0,0,0,0
2,1,131067,0,0,0,0,0,0,0,0,0,0
1,1,131068,0,0,0,0,0,0,0,0,0,0
2,1,131068,0,0,0,0,0,0,0,0,0,0
1,1,131069,0,0,0,0,0,0,0,0,0,0
2,1,131069,0,0,0,0,0,0,0,0,0,0
0,1,131070,16,16,16,16,16,16,16,16,16,16
1,1,131070,0,0,0,0,0,0,0,0,0,0
1,1,131071,0,0,0,0,0,0,0,0,0,0
2,1,131071,0,27,0,0,0,0,0,0,0,0
0,1,131072,29,0,13,9,11,0,0,0,0,0
1,1,131072,0,0,0,0,0,0,0,0,0,0
2,1,131072,0,0,0,0,0,0,0,0,0,0
1,1,131073,0,0,0,0,0,0,0,0,0,0
2,1,131073,0,0,0,0,0,0,0,0,0,0
3,1,131073,0,0,0,0,0,0,0,0,0,0
1,1,131074,0,24,0,19,0,0,36,0,0,17
1,1,131075,0,0,0,0,0,0,0,0,0,0
2,1,131075,0,0,0,0,0,0,0,0,0,0
3,1,131075,0,0,0,0,0,0,0,0,0,0
1,1,131076,29,29,29,29,29,29,29,29,29,29
1,1,131077,0,0,0,0,0,0,0,0,0,0
2,1,131077,0,0,33,0,0,21,15,0,0,0
1,1,131078,0,0,0,0,0,0,0,0,0,0
2,1,131078,0,0,0,0,0,0,0,0,0,0
1,1,131079,20,0,27,0,0,0,0,9,0,0
1,1,131080,0,0,0,0,0,0,0,0,0,0
2,1,131080,0,0,0,0,0,0,0,0,0,0
1,1,131081,0,0,0,0,0,0,0,0,0,0
2,1,131081,0,0,0,0,0,0,16,0,0,0
1,1,131082,0,22,0,0,0,0,0,0,0,0
1,1,131083,0,0,0,0,0,0,0,0,0,0
1,1,131084,0,0,0,0,0,0,0,0,0,0
2,1,131084,0,19,0,12,0,0,0,0,0,0
1,1,131085,0,0,0,0,0,0,0,0,0,0
2,1,131085,0,0,12,22,23,0,0,0,0,0
1,1,131086,0,0,0,0,0,0,0,0,0,0
2,1,131086,0,0,0,0,0,0,0,0,0,0
3,1,131086,0,0,0,0,0,0,0,0,0,0
4,1,131086,0,0,0,0,0,0,0,0,0,0
5,1,131086,0,0,0,0,0,0,0,0,0,0
6,1,131086,0,0,0,0,0,0,0,0,0,0
1,1,131087,14,14,14,14,14,14,14,14,14,14
0,1,131088,0,0,0,0,0,0,0,0,0,0
0,2,131088,13,18,0,16,13,21,12,19,0,0
1,1,131088,0,0,0,0,0,0,0,0,0,10
1,1,131089,0,0,0,0,0,0,0,0,0,0
1,1,131090,29,29,29,29,29,29,29,29,29,29
1,1,131091,0,0,0,0,0,0,0,0,0,0
1,1,131092,17,0,0,0,11,0,16,0,0,0
1,1,131093,0,0,0,0,0,0,0,0,0,0
2,1,131093,0,0,0,0,0,0,0,0,0,0
1,1,131094,0,0,0,0,0,0,0,0,0,0
1,1,131095,0,10,0,0,0,0,0,10,0,0
2,1,131095,0,0,0,0,0,0,0,0,0,0
1,1,131096,0,0,0,0,0,0,0,0,0,0
2,1,131096,0,0,0,0,0,0,0,0,0,9
1,1,131097,0,0,0,4,0,0,0,0,0,0
1,1,131098,0,0,0,0,0,0,0,0,0,0
2,1,131098,0,0,0,0,0,0,0,0,0,0
0,1,131099,14,14,14,14,14,14,14,14,14,14
1,1,131099,0,0,0,0,0,0,0,0,0,0
1,1,131100,4,4,4,4,4,4,4,4,4,4
2,1,131100,0,0,0,0,0,0,0,0,0,0
1,1,131101,21,21,21,21,21,21,21,21,21,21
2,1,131101,0,0,0,0,0,0,0,0,0,0
1,1,131102,0,0,0,0,0,0,0,0,0,0
2,1,131102,0,0,0,0,0,0,0,0,0,0
1,1,131103,9,22,11,25,0,11,0,13,3,8
1,1,131104,0,0,0,0,0,0,0,0,0,0
2,1,131104,0,0,0,0,0,0,0,0,0,0
1,1,131105,0,0,0,0,0,0,0,0,0,0
2,1,131105,0,0,0,0,0,0,0,0,0,0
0,1,131106,0,0,22,8,0,0,0,22,19,0
1,1,131106,0,0,0,0,0,0,0,0,0,0
1,1,131107,0,0,0,0,0,0,0,0,0,0
2,1,131107,0,0,0,0,0,0,0,0,0,0
1,1,131108,20,0,0,5,0,0,7,9,0,0
0,1,131109,0,0,16,0,0,0,0,0,0,16
1,1,131109,0,8,0,0,0,0,0,0,0,0
1,1,131110,0,0,0,0,0,0,5,0,0,0
2,1,131110,0,0,0,0,0,0,0,0,0,0
1,1,131111,0,0,0,0,0,0,0,0,0,0
2,1,131111,0,0,0,0,0,0,12,0,0,0
3,1,131111,0,0,0,0,0,0,0,0,0,0
1,1,131112,0,0,0,0,0,0,0,0,0,0
2,1,131112,0,0,0,0,0,0,0,0,0,0
3,1,131112,0,0,0,0,0,0,0,0,0,0
1,1,131113,15,15,15,15,15,15,15,15,15,15
1,1,131114,0,0,0,0,0,0,0,0,0,0
2,1,131114,0,0,0,0,0,0,0,0,0,0
1,1,131115,0,0,0,0,0,0,0,0,0,0
1,1,131116,0,0,0,0,0,0,0,0,0,0
1,1,131117,2,2,2,2,2,2,2,2,2,2
2,1,131117,0,0,0,0,0,0,0,0,0,0
0,1,131118,0,0,0,0,0,7,0,0,0,0
0,2,131118,15,0,0,28,0,0,13,0,0,0
1,1,131118,0,0,0,0,0,0,0,0,0,0
1,1,131119,0,0,0,0,0,0,0,0,0,0
2,1,131119,0,0,0,0,0,0,0,0,0,0
3,1,131119,0,0,0,10,10,0,0,0,0,0
4,1,131119,0,0,8,0,0,0,0,0,0,0
1,1,131120,0,0,0,0,0,0,0,0,0,0
2,1,131120,0,0,0,0,0,0,0,0,0,0
1,1,131121,25,25,25,25,25,25,25,25,25,25
1,1,131122,0,0,0,0,0,0,0,0,0,0
2,1,131122,0,0,0,0,0,0,0,0,0,0
3,1,131122,0,0,0,0,0,0,0,0,0,0
4,1,131122,0,0,0,28,0,0,0,0,11,0
1,1,131123,0,0,0,0,0,0,0,0,0,0
1,1,131124,0,0,0,0,0,0,0,0,0,0
2,1,131124,0,0,0,0,0,0,0,0,0,0
1,1,131125,0,0,0,0,0,0,0,0,0,0
1,1,131126,0,0,0,0,0,0,0,0,0,0
1,1,131127,0,0,0,0,0,0,0,0,0,0
1,1,131128,0,0,0,0,0,0,0,0,0,0
1,1,131129,9,9,9,9,9,9,9,9,9,9
1,1,131130,0,0,0,0,0,0,0,0,0,0
1,1,131131,0,19,0,0,20,20,0,23,6,0
1,1,131132,0,0,0,0,0,0,0,0,0,0
2,1,131132,0,0,0,0,0,0,0,0,0,0
1,1,131133,0,0,0,0,0,0,0,0,0,0
2,1,131133,0,0,0,0,0,0,0,0,0,0
3,1,131133,0,0,0,0,0,0,0,0,0,0
0,1,131134,0,0,0,0,0,0,0,0,0,0
1,1,131134,0,0,0,0,0,0,0,0,0,0
1,1,131135,0,0,0,0,19,22,17,0,0,0
1,1,131136,26,26,26,26,26,26,26,26,26,26
1,1,131137,12,12,12,12,12,12,12,12,12,12
2,1,131137,23,0,0,0,0,0,21,0,0,0
3,1,131137,0,0,0,0,0,0,4,0,0,0
1,1,131138,0,0,0,0,0,0,0,0,0,0
2,1,131138,0,0,0,0,0,0,0,0,0,0
0,1,131139,0,0,0,0,0,0,0,0,0,0
1,1,131139,0,7,0,0,0,0,0,0,14,0
1,1,131140,0,0,0,0,0,0,0,0,0,0
1,1,131141,0,0,0,0,0,0,0,0,0,0
2,1,131141,0,0,0,0,0,0,0,0,0,0
1,1,131142,0,0,0,0,0,0,0,0,0,0
2,1,131142,0,0,0,0,0,0,0,0,0,0
3,1,131142,0,0,0,0,0,0,0,0,0,0
1,1,131143,0,0,0,0,0,0,0,0,0,0
2,1,131143,2,2,2,2,2,2,2,2,2,2
1,1,131144,5,0,8,15,17,0,0,0,2,0
2,1,131144,0,0,0,0,0,0,0,0,0,0
1,1,131145,17,17,17,17,17,17,17,17,17,17
1,1,131146,14,14,14,14,14,14,14,14,14,14
1,1,131147,8,8,8,8,8,8,8,8,8,8
1,1,131148,0,0,8,0,0,0,0,18,0,0
2,1,131148,9,9,9,9,9,9,9,9,9,9
1,1,131149,14,14,14,14,14,14,14,14,14,14
0,1,131150,29,29,29,29,29,29,29,29,29,29
1,1,131150,0,0,0,0,0,0,0,28,0,0
1,1,131152,0,18,0,0,15,0,0,0,24,0
2,1,131152,0,0,0,0,0,0,0,0,0,0
1,1,131153,0,0,0,0,0,0,0,0,0,0
2,1,131153,0,0,0,0,0,0,0,0,0,10
1,1,131154,0,0,0,0,0,0,0,0,0,0
2,1,131154,0,0,0,0,0,0,0,0,0,0
1,1,131155,0,0,0,0,0,0,0,0,0,0
1,1,131156,0,0,0,0,0,0,0,0,0,0
2,1,131156,0,0,0,0,0,0,0,0,0,0
3,1,131156,0,0,0,0,0,0,0,0,0,0
1,1,131157,0,0,0,0,0,0,0,0,0,0
2,1,131157,0,0,0,0,0,0,0,0,0,0
3,1,131157,0,0,0,0,0,0,0,0,0,0
1,1,131158,0,0,0,0,0,0,0,0,0,0
2,1,131158,0,0,0,0,0,0,0,0,0,0
1,1,131159,0,0,0,0,0,0,9,0,0,0
2,1,131159,0,0,0,0,0,0,0,0,0,0
1,1,131160,0,0,0,13,0,0,0,15,28,19
1,1,131161,0,0,0,0,0,7,0,0,0,0
2,1,131161,0,0,0,0,0,0,0,0,0,0
0,1,131162,0,0,0,0,0,0,0,0,0,0
0,2,131162,0,0,0,0,0,0,0,0,0,0
1,1,131162,0,0,0,0,0,0,0,0,0,0
1,1,131163,0,23,23,0,19,12,31,6,0,4
1,1,131164,32,19,25,0,0,27,0,25,0,16
1,1,131165,0,0,0,0,0,0,0,0,0,0
1,1,131166,26,26,26,26,26,26,26,26,26,26
2,1,131166,0,0,0,0,0,0,0,0,0,0
1,1,131167,0,0,0,0,0,0,0,0,0,0
2,1,131167,0,0,0,2,0,0,0,0,0,6
1,1,131168,0,0,0,0,0,0,0,0,0,0
2,1,131168,0,0,0,0,0,0,0,0,0,0
0,1,131169,0,0,0,0,0,0,0,0,0,0
1,1,131169,0,0,0,0,0,0,0,0,0,0
1,1,131170,0,0,0,15,0,0,0,0,0,0
2,1,131170,0,0,0,22,0,0,0,0,0,0
3,1,131170,0,0,0,0,0,0,0,0,0,0
1,1,131171,0,0,0,0,0,0,0,0,0,0
2,1,131171,0,0,0,0,0,0,0,0,0,0
0,1,131172,0,0,0,24,20,9,0,0,23,0
1,1,131172,0,14,0,0,0,10,0,0,0,0
1,1,131173,0,0,3,20,0,0,0,0,0,0
1,1,131174,0,0,9,10,0,8,16,0,12,0
1,1,131175,0,0,0,0,0,0,0,0,0,0
2,1,131175,0,0,0,0,0,0,0,0,0,0
3,1,131175,0,0,0,0,0,0,0,0,0,0
0,1,131176,6,40,0,19,16,0,21,15,11,0
1,1,131176,0,0,0,0,0,0,0,0,0,0
1,1,131177,0,0,0,0,0,0,0,0,0,0
1,1,131178,10,0,0,22,17,25,3,19,0,10
0,1,131179,15,15,15,15,15,15,15,15,15,15
1,1,131179,0,0,0,0,0,0,0,0,0,0
1,1,131180,0,12,0,0,0,0,0,0,0,12
2,1,131180,28,17,0,0,0,0,0,0,0,0
0,1,131181,20,20,20,20,20,20,20,20,20,20
1,1,131181,0,0,0,0,0,0,0,0,0,0
1,1,131182,11,11,11,11,11,11,11,11,11,11
1,1,131183,0,0,0,0,0,0,0,0,0,0
2,1,131183,0,0,0,0,0,0,0,0,0,0
1,1,131184,0,0,0,0,0,0,0,0,0,6
2,1,131184,0,0,0,0,0,0,0,0,0,0
1,1,131185,16,16,16,16,16,16,16,16,16,16
0,1,131186,0,0,0,0,0,0,0,0,0,0
1,1,131186,0,0,0,0,0,0,0,0,0,0
1,1,131187,0,0,0,0,0,0,0,0,0,0
1,1,131188,0,0,0,0,0,0,0,0,0,0
2,1,131188,0,0,0,0,0,0,0,0,0,0
1,1,131189,0,0,0,0,8,0,0,0,0,0
1,1,131190,0,0,0,0,0,0,0,0,0,0
2,1,131190,0,0,0,0,0,0,0,0,0,0
1,1,131191,18,18,18,18,18,18,18,18,18,18
1,1,131192,0,0,0,0,0,0,0,0,0,0
1,1,131193,0,0,0,0,0,0,0,0,0,0
1,1,131194,15,15,15,15,15,15,15,15,15,15
2,1,131194,0,0,0,0,0,0,0,0,0,0
1,1,131195,0,22,7,0,0,0,25,0,0,17
1,1,131196,0,0,0,0,0,0,0,0,0,0
2,1,131196,0,0,0,0,0,0,0,0,0,0
0,1,131197,22,0,0,8,0,17,0,20,0,18
1,1,131197,0,0,0,0,0,0,0,0,0,0
1,1,131198,13,13,26,16,0,8,17,25,6,20
1,1,131199,0,0,26,0,0,0,30,0,0,0
1,1,131200,10,10,10,10,10,10,10,10,10,10
0,1,131201,0,0,17,18,23,0,14,0,0,0
1,1,131201,0,0,8,0,12,0,22,0,0,0
1,1,131202,15,15,15,15,15,15,15,15,15,15
1,1,131203,0,0,0,0,0,0,0,0,0,0
1,1,131204,12,35,0,9,15,0,0,0,0,0
2,1,131204,0,0,0,0,0,16,0,0,0,0
3,1,131204,10,0,7,0,18,7,0,16,0,0
1,1,131205,10,10,10,10,10,10,10,10,10,10
2,1,131205,0,0,0,0,0,0,0,0,0,0
1,1,131206,0,0,0,0,0,25,0,0,0,0
1,1,131207,0,0,0,0,0,0,0,0,0,0
1,1,131208,5,5,5,5,5,5,5,5,5,5
0,1,131209,15,15,15,15,15,15,15,15,15,15
1,1,131209,0,9,0,0,0,7,0,0,0,0
1,1,131210,0,0,0,9,0,0,0,0,0,0
1,1,131211,0,0,0,0,0,0,0,0,0,0
2,1,131211,24,24,24,24,24,24,24,24,24,24
1,1,131212,21,21,21,21,21,21,21,21,21,21
0,1,131213,0,0,0,23,17,0,0,0,0,0
1,1,131213,19,38,23,14,24,12,31,32,23,16
1,1,131214,0,0,0,0,0,0,0,0,0,0
2,1,131214,0,0,0,0,0,0,0,0,0,0
0,1,131215,25,0,41,0,0,0,31,0,0,9
1,1,131215,0,0,0,0,0,0,0,0,0,0
1,1,131216,6,6,6,6,6,6,6,6,6,6
0,1,131217,0,0,0,0,0,0,0,0,0,0
1,1,131217,5,21,0,2,36,18,14,5,44,0
1,1,131218,15,15,15,15,15,15,15,15,15,15
2,1,131218,0,0,0,0,0,0,0,0,0,0
1,1,131219,0,0,0,0,0,0,0,0,0,0
2,1,131219,0,0,17,0,0,0,0,19,0,0
1,1,131220,28,8,17,13,29,10,18,5,20,11
1,1,131221,23,23,23,23,23,23,23,23,23,23
1,1,131222,0,0,0,0,0,0,0,0,0,0
2,1,131222,0,0,0,0,0,0,0,0,0,0
1,1,131223,10,0,11,0,0,17,0,0,0,0
1,1,131224,5,5,5,5,5,5,5,5,5,5
2,1,131224,0,0,0,0,0,0,0,0,0,0
1,1,131225,0,0,0,0,0,0,0,0,0,0
1,1,131226,0,0,0,0,0,0,0,0,0,0
2,1,131226,0,0,0,0,0,0,0,0,0,0
0,1,131227,0,32,0,0,0,0,0,0,0,0
1,1,131227,9,0,0,0,0,13,0,0,0,0
1,1,131228,0,0,0,0,0,0,6,0,0,0
2,1,131228,0,0,0,0,0,0,0,0,0,0
1,1,131229,0,0,0,6,0,0,0,0,0,0
0,1,131230,0,0,0,0,0,0,0,0,0,0
1,1,131230,0,0,0,0,0,0,0,0,0,0
1,1,131231,0,0,0,0,0,0,0,0,0,0
2,1,131231,0,0,0,0,0,0,0,0,0,0
1,1,131232,0,0,0,0,0,0,0,0,0,0
2,1,131232,0,26,0,0,0,0,11,0,0,0
1,1,131233,0,0,0,0,0,0,0,0,0,0
2,1,131233,0,0,0,0,0,0,0,0,0,0
0,1,131234,0,0,0,0,0,0,0,0,0,0
1,1,131234,0,0,0,0,0,0,0,0,0,0
1,1,131235,0,0,0,0,0,0,0,0,0,0
2,1,131235,0,0,0,0,0,0,0,0,0,23
1,1,131236,0,0,11,14,25,28,24,0,7,17
2,1,131236,13,0,0,17,0,0,0,0,0,0
0,1,131237,30,26,38,12,0,0,10,23,11,0
1,1,131237,0,0,0,0,0,0,0,0,0,0
1,1,131238,0,0,0,0,0,0,0,0,0,0
2,1,131238,0,0,0,0,0,0,0,0,0,0
0,1,131239,0,0,0,0,0,0,0,0,0,0
1,1,131239,0,0,0,0,0,0,0,0,0,0
0,1,131240,0,0,0,0,0,0,0,0,0,0
1,1,131240,0,0,0,0,0,0,12,0,0,0
0,1,131241,27,27,27,27,27,27,27,27,27,27
1,1,131241,0,0,0,0,0,0,0,0,0,0
2,1,131241,0,0,0,0,0,0,0,0,0,0
1,1,131242,35,0,0,0,0,0,15,0,18,15
1,1,131243,0,0,0,19,0,17,6,0,0,11
1,1,131244,0,0,0,0,0,0,18,0,0,0
2,1,131244,0,0,0,0,0,0,0,0,0,0
3,1,131244,0,0,0,0,0,0,0,0,0,0
4,1,131244,0,0,0,0,0,0,0,0,0,0
1,1,131245,13,14,14,22,14,39,11,0,18,0
1,1,131246,4,4,4,4,4,4,4,4,4,4
1,1,131247,0,0,0,0,0,0,0,0,0,0
1,1,131248,0,0,0,22,12,0,0,24,0,0
2,1,131248,0,0,0,0,0,0,13,0,0,0
3,1,131248,0,0,0,0,0,0,0,0,9,0
1,1,131249,0,0,0,0,0,0,0,0,0,0
2,1,131249,0,0,0,0,0,0,13,0,0,0
3,1,131249,0,15,0,0,0,0,0,0,0,0
1,1,131250,0,0,0,0,0,0,0,0,0,0
1,1,131251,18,0,0,12,0,0,0,5,2,11
1,1,131252,0,0,0,0,0,0,0,0,0,0
1,1,131253,0,0,0,0,0,0,0,0,0,0
1,1,131254,0,0,0,0,0,0,0,0,0,0
2,1,131254,0,0,0,0,0,0,0,0,0,0
1,1,131255,0,0,0,0,0,0,0,0,0,0
2,1,131255,0,0,0,0,0,0,0,0,0,0
1,1,131256,0,0,0,0,0,0,0,15,0,0
1,1,131257,20,20,20,20,20,20,20,20,20,20
2,1,131257,0,0,0,0,0,0,0,0,0,0
1,1,131258,0,0,0,0,0,0,0,0,0,0
2,1,131258,0,9,0,0,0,0,0,0,0,0
1,1,131259,0,0,0,0,0,0,0,0,0,0
2,1,131259,0,0,0,0,0,0,0,0,0,0
1,1,131260,0,0,0,0,0,0,0,0,0,0
2,1,131260,0,0,0,0,0,0,0,0,0,0
1,1,131261,30,31,10,0,27,16,6,4,0,0
1,1,131262,0,13,0,15,0,0,14,0,0,0
2,1,131262,0,0,0,0,0,0,0,0,0,0
1,1,131263,8,8,8,8,8,8,8,8,8,8
1,1,131264,33,33,33,33,33,33,33,33,33,33
2,1,131264,0,0,0,0,0,0,0,0,0,0
1,1,131265,0,0,0,0,0,0,10,7,0,0
1,1,131266,0,0,0,0,0,0,0,0,0,0
2,1,131266,0,0,0,0,0,0,0,0,0,0
1,1,131267,0,0,0,0,0,0,0,0,0,0
2,1,131267,0,0,0,0,0,0,0,0,0,0
0,1,131268,0,0,0,0,0,0,0,0,0,0
1,1,131268,14,29,18,23,20,0,40,16,19,13
1,1,131269,0,0,0,0,0,0,0,0,0,0
2,1,131269,0,0,0,11,0,0,0,0,0,0
1,1,131270,0,11,0,0,0,0,0,0,0,0
2,1,131270,0,0,0,0,0,0,0,0,0,0
1,1,131271,0,0,0,0,0,0,0,0,0,0
2,1,131271,0,0,0,0,0,0,0,0,0,0
1,1,131272,34,34,34,34,34,34,34,34,34,34
1,1,131273,0,0,0,0,0,0,0,0,0,0
2,1,131273,0,0,0,0,0,0,0,0,0,0
1,1,131274,0,0,0,0,0,0,0,0,0,0
2,1,131274,0,0,0,0,0,0,0,0,0,0
1,1,131275,0,0,0,0,0,0,0,0,9,24
2,1,131275,0,0,0,0,0,0,0,0,0,0
1,1,131276,0,0,0,0,0,0,0,0,0,0
2,1,131276,13,14,18,12,0,12,0,22,0,0
1,1,131277,0,0,0,0,0,0,0,0,0,0
2,1,131277,0,0,0,0,0,0,0,0,0,0
1,1,131278,0,0,0,28,0,0,0,0,17,0
2,1,131278,24,0,0,0,0,0,8,0,0,12
1,1,131279,0,0,11,17,0,16,0,20,9,0
1,1,131280,0,0,0,0,0,0,0,0,0,0
2,1,131280,0,0,0,0,0,0,0,0,4,0
1,1,131281,4,11,6,6,17,2,33,33,16,3
2,1,131281,0,0,0,0,0,0,0,0,0,0
1,1,131282,0,0,0,0,0,0,0,0,0,0
1,1,131283,6,6,6,6,6,6,6,6,6,6
1,1,131284,24,24,24,24,24,24,24,24,24,24
1,1,131285,0,0,0,0,0,0,0,0,0,0
2,1,131285,7,7,7,7,7,7,7,7,7,7
1,1,131286,33,33,33,33,33,33,33,33,33,33
1,1,131287,0,0,0,0,0,0,0,0,0,0
2,1,131287,0,0,0,0,0,0,0,0,0,0
1,1,131288,0,0,0,0,0,0,0,0,0,0
1,1,131289,0,0,0,0,0,0,0,0,0,0
1,1,131290,0,0,0,0,0,0,0,0,0,0
1,1,131291,0,0,0,0,0,0,0,0,0,0
1,1,131292,0,0,0,0,0,0,0,0,0,0
2,1,131292,0,0,0,0,0,0,0,0,0,0
0,1,131293,0,0,20,0,0,7,20,0,0,0
1,1,131293,0,0,0,0,0,0,0,0,0,0
1,1,131294,0,0,0,0,0,0,0,0,0,0
2,1,131294,0,0,0,0,0,0,0,0,0,0
3,1,131294,0,0,0,0,0,0,0,0,0,0
1,1,131295,0,0,0,0,0,0,0,0,0,0
1,1,131296,0,0,0,0,0,0,0,0,0,0
2,1,131296,0,0,0,0,0,0,0,0,0,0
1,1,131297,0,0,0,0,0,0,0,0,0,0
2,1,131297,37,26,0,10,17,24,18,0,18,0
1,1,131298,0,0,0,0,0,0,0,0,0,0
1,1,131299,0,0,0,0,0,0,0,0,0,0
2,1,131299,0,0,0,0,0,0,0,0,0,0
0,1,131300,0,0,0,0,0,0,0,0,0,0
1,1,131300,0,0,0,0,0,0,0,0,0,20
2,1,131300,0,5,0,0,13,0,0,0,0,0
3,1,131300,0,0,0,0,0,0,0,0,0,0
4,1,131300,0,0,0,0,0,0,0,0,0,0
1,1,131301,0,0,0,0,0,0,0,0,0,0
1,1,131302,0,0,0,0,0,0,0,0,0,0
1,1,131303,0,0,0,0,0,0,0,0,0,0
1,1,131304,0,0,0,0,7,0,0,0,0,0
1,1,131305,25,9,6,8,15,6,7,26,3,13
1,1,131306,0,0,0,0,0,0,0,0,0,0
2,1,131306,0,0,0,16,0,0,0,0,0,0
1,1,131307,8,0,5,0,15,11,15,9,0,0
1,1,131308,10,0,24,0,0,0,0,0,0,0
1,1,131309,9,9,17,23,0,0,7,23,7,0
1,1,131310,23,23,23,23,23,23,23,23,23,23
1,1,131311,10,0,0,0,18,0,0,0,0,0
2,1,131311,0,0,20,0,10,0,0,31,0,0
1,1,131312,14,0,12,28,30,31,36,15,8,0
1,1,131313,4,4,4,4,4,4,4,4,4,4
2,1,131313,0,0,0,0,0,0,0,0,0,0
1,1,131314,20,20,20,20,20,20,20,20,20,20
1,1,131315,0,10,0,0,0,0,0,0,0,0
2,1,131315,0,0,0,0,0,0,0,0,0,0
1,1,131316,0,0,0,0,0,0,0,0,0,0
1,1,131317,16,0,0,0,0,0,0,0,0,0
1,1,131318,13,13,13,13,13,13,13,13,13,13
1,1,131319,23,24,0,13,29,0,0,23,28,18
1,1,131320,0,0,0,0,0,0,0,0,0,0
2,1,131320,0,0,0,0,0,0,0,0,0,0
1,1,131321,0,0,0,0,0,0,0,0,0,0
2,1,131321,0,0,0,0,0,0,0,0,0,0
0,1,131322,28,0,15,0,0,26,0,30,0,0
0,1,131323,0,0,0,0,0,0,0,0,0,0