VEH_NO,PER_NO,ST_CASE,P1,P2,P3,P4,P5,P6,P7,P8,P9,P10
2,1,170004,0,0,0,0,0,0,0,0,0,0
1,1,170005,13,13,13,13,13,13,13,13,13,13
1,1,170006,18,18,18,18,18,18,18,18,18,18
2,1,170006,0,0,0,0,0,0,0,0,0,0
1,1,170007,6,6,6,6,6,6,6,6,6,6
1,1,170008,0,0,0,0,0,0,0,0,0,0
2,1,170008,0,0,0,0,0,0,0,0,0,0
1,1,170009,18,18,18,18,18,18,18,18,18,18
1,1,170010,14,14,14,14,14,14,14,14,14,14
1,1,170012,14,14,14,14,14,14,14,14,14,14
1,1,170013,0,0,0,0,0,0,0,0,0,0
1,1,170014,19,19,19,19,19,19,19,19,19,19
1,1,170015,0,0,0,0,0,0,0,0,0,0
1,1,170016,14,14,14,14,14,14,14,14,14,14
1,1,170018,22,22,22,22,22,22,22,22,22,22
1,1,170019,0,9,0,0,0,0,0,0,0,0
2,1,170019,0,0,0,0,0,0,0,0,0,0
1,1,170021,0,0,0,0,0,0,0,0,0,0
2,1,170021,0,0,0,0,0,0,0,0,0,0
1,1,170022,0,0,0,0,0,0,0,0,0,0
2,1,170022,0,0,0,0,0,0,0,0,0,0
1,1,170023,17,17,17,17,17,17,17,17,17,17
1,1,170024,19,19,19,19,19,19,19,19,19,19
1,1,170025,0,0,0,0,0,0,0,0,0,0
2,1,170025,0,0,0,0,0,0,0,0,0,0
1,1,170026,20,20,20,20,20,20,20,20,20,20
1,1,170027,0,0,0,0,0,0,0,0,0,0
2,1,170027,0,0,0,0,0,0,0,0,0,0
3,1,170027,0,0,0,0,0,0,0,0,0,0
1,1,170028,0,0,0,0,0,0,0,0,0,0
2,1,170028,0,0,0,0,0,0,0,0,0,0
3,1,170028,0,0,0,0,0,0,0,0,0,0
1,1,170029,24,24,24,24,24,24,24,24,24,24
1,1,170030,18,18,18,18,18,18,18,18,18,18
1,1,170031,0,0,0,0,0,0,0,0,0,0
2,1,170031,0,0,0,0,0,0,0,0,0,0
1,1,170032,11,11,11,11,11,11,11,11,11,11
0,1,170033,0,0,0,0,0,0,0,0,0,0
1,1,170033,0,0,0,0,0,0,0,0,0,0
1,1,170034,0,0,0,0,0,0,0,0,0,0
2,1,170034,0,0,0,0,0,0,0,0,0,0
3,1,170034,0,0,0,0,0,0,0,0,0,0
0,1,170035,0,0,0,0,0,0,0,0,0,0
1,1,170035,0,0,0,0,0,0,0,0,0,0
1,1,170036,0,0,0,0,0,0,0,0,0,0
2,1,170036,0,0,0,0,0,0,0,0,0,0
3,1,170036,0,0,0,0,0,0,0,0,0,0
1,1,170037,0,0,0,0,0,0,0,0,0,16
2,1,170037,0,0,0,0,0,0,12,0,0,0
3,1,170037,0,0,0,0,0,0,0,0,0,0
1,1,170038,25,25,25,25,25,25,25,25,25,25
1,1,170039,0,0,0,0,0,0,0,0,0,0
2,1,170039,0,0,0,0,0,0,0,0,0,0
1,1,170040,0,0,0,0,0,0,0,0,0,0
1,1,170041,0,0,0,0,0,0,0,10,0,0
2,1,170041,0,0,0,0,0,0,0,0,0,0
0,1,170042,17,17,17,17,17,17,17,17,17,17
1,1,170042,0,0,0,0,0,0,0,0,0,0
0,1,170043,0,0,0,0,0,0,0,0,0,0
1,1,170043,1,1,1,1,1,1,1,1,1,1
1,1,170044,14,14,14,14,14,14,14,14,14,14
1,1,170045,19,20,16,35,35,10,5,20,13,23
2,1,170045,0,0,0,0,0,0,0,0,0,0
1,1,170046,0,0,0,16,0,0,0,0,0,0
0,1,170047,13,13,13,13,13,13,13,13,13,13
1,1,170047,34,0,7,0,0,7,6,0,0,20
1,1,170048,0,0,0,0,0,0,0,0,0,0
1,1,170049,7,7,7,7,7,7,7,7,7,7
2,1,170049,0,0,0,0,0,0,0,0,0,0
1,1,170050,0,0,0,0,0,0,0,0,0,0
1,1,170051,0,0,0,0,0,0,0,0,0,0
1,1,170052,0,0,0,0,0,0,0,0,0,0
1,1,170053,0,0,0,0,0,0,0,0,0,0
2,1,170053,0,0,0,0,0,0,0,0,0,0
1,1,170054,5,5,5,5,5,5,5,5,5,5
1,1,170055,0,0,0,0,0,0,0,0,0,0
1,1,170056,0,0,0,0,0,0,0,0,0,0
2,1,170056,10,0,0,0,0,0,0,0,0,0
1,1,170057,0,0,0,0,0,0,0,0,0,0
1,1,170058,0,0,0,0,0,0,0,0,0,0
1,1,170059,11,11,11,11,11,11,11,11,11,11
1,1,170060,0,0,0,0,0,0,0,9,0,0
1,1,170061,1,1,1,1,1,1,1,1,1,1
1,1,170062,15,15,15,15,15,15,15,15,15,15
1,1,170063,0,0,0,0,0,0,0,0,0,0
2,1,170063,0,0,0,0,0,0,0,0,0,0
1,1,170064,28,28,28,28,28,28,28,28,28,28
2,1,170064,0,0,0,0,9,0,0,0,0,0
3,1,170064,0,0,0,0,0,0,0,0,9,0
1,1,170065,0,0,0,0,0,0,0,0,0,11
1,1,170066,0,0,0,0,0,0,0,0,0,0
1,1,170067,6,6,6,6,6,6,6,6,6,6
1,1,170068,0,0,0,0,0,0,0,0,0,0
1,1,170070,0,0,0,0,0,0,0,0,0,0
2,1,170070,0,0,0,0,0,0,0,0,0,0
3,1,170070,0,0,0,0,0,0,0,0,0,0
4,1,170070,7,7,7,7,7,7,7,7,7,7
1,1,170071,21,21,21,21,21,21,21,21,21,21
2,1,170071,0,0,0,0,0,0,0,0,0,0
1,1,170072,17,17,17,17,17,17,17,17,17,17
2,1,170072,0,0,0,0,0,0,0,0,0,0
1,1,170073,27,27,27,27,27,27,27,27,27,27
1,1,170074,18,18,18,18,18,18,18,18,18,18
0,1,170075,34,34,34,34,34,34,34,34,34,34
1,1,170075,0,0,0,0,0,0,0,0,0,0
1,1,170076,9,9,9,9,9,9,9,9,9,9
2,1,170076,0,29,0,0,6,0,13,34,21,0
1,1,170077,25,25,25,25,25,25,25,25,25,25
1,1,170078,0,0,0,0,0,0,0,0,0,0
1,1,170080,3,3,3,3,3,3,3,3,3,3
2,1,170080,0,0,0,0,0,0,0,0,0,0
1,1,170081,15,15,15,15,15,15,15,15,15,15
1,1,170082,0,0,0,0,0,0,0,0,0,0
2,1,170082,0,0,0,0,0,0,0,0,0,0
0,1,170083,0,0,0,0,0,0,0,0,0,0
1,1,170083,0,0,0,0,0,0,0,0,0,0
1,1,170084,21,21,21,21,21,21,21,21,21,21
1,1,170085,17,17,17,17,17,17,17,17,17,17
0,1,170086,28,28,28,28,28,28,28,28,28,28
1,1,170086,19,10,0,18,0,0,0,0,0,9
1,1,170087,17,17,17,17,17,17,17,17,17,17
1,1,170088,0,0,0,0,0,4,0,0,0,0
2,1,170088,2,0,0,0,0,0,25,0,0,0
1,1,170089,23,23,23,23,23,23,23,23,23,23
2,1,170089,0,0,0,0,0,0,0,0,0,0
3,1,170089,0,0,0,0,0,20,0,0,0,0
1,1,170090,0,0,0,0,0,0,0,0,0,0
2,1,170090,0,0,0,0,0,0,0,0,0,0
0,1,170091,2,2,2,2,2,2,2,2,2,2
1,1,170091,6,6,6,6,6,6,6,6,6,6
0,1,170092,0,0,0,0,0,0,0,0,0,0
1,1,170092,0,0,27,0,26,0,0,0,13,0
1,1,170093,21,21,21,21,21,21,21,21,21,21
1,1,170094,0,0,0,0,0,0,0,0,0,0
3,1,170094,0,0,8,0,0,14,4,0,0,0
0,1,170095,0,0,0,0,0,0,0,0,0,0
1,1,170095,0,0,0,0,0,0,0,0,0,12
1,1,170096,0,0,0,0,0,0,0,0,0,0
1,1,170097,10,10,10,10,10,10,10,10,10,10
2,1,170097,0,0,0,0,0,0,0,0,0,0
1,1,170098,26,26,26,26,26,26,26,26,26,26
1,1,170099,19,19,19,19,19,19,19,19,19,19
1,1,170100,0,0,0,0,0,0,0,0,0,0
2,1,170100,0,0,0,0,0,0,0,0,0,0
0,1,170101,13,32,34,40,16,15,11,14,20,11
1,1,170101,0,0,0,0,0,0,0,0,0,0
1,1,170102,0,0,0,0,0,0,0,0,0,0
1,1,170103,0,0,0,0,0,0,0,0,0,0
2,1,170103,0,0,0,0,0,0,0,0,0,2
1,1,170104,26,26,26,26,26,26,26,26,26,26
1,1,170105,31,31,31,31,31,31,31,31,31,31
1,1,170106,14,14,14,14,14,14,14,14,14,14
1,1,170107,0,0,0,0,0,0,0,0,0,0
2,1,170107,0,13,0,0,0,0,0,0,0,0
3,1,170107,0,0,0,0,0,0,0,0,0,0
1,1,170108,0,0,0,0,0,0,0,0,0,0
1,1,170109,0,0,0,0,0,0,0,0,0,0
2,1,170109,0,0,0,0,0,0,0,0,0,0
1,1,170110,0,0,0,0,0,0,0,0,0,0
2,1,170110,0,0,0,0,0,0,0,0,0,0
1,1,170111,0,0,0,0,0,0,0,0,0,0
2,1,170111,0,0,0,0,0,0,0,0,0,0
1,1,170112,0,0,0,0,0,0,0,0,0,0
2,1,170112,0,0,0,0,0,0,0,0,0,0
1,1,170114,0,0,0,0,0,0,0,0,0,0
2,1,170114,0,0,0,0,0,0,0,0,0,0
3,1,170114,0,0,0,0,0,0,0,0,0,0
1,1,170115,0,0,22,0,0,0,0,0,0,0
2,1,170115,0,0,0,0,0,0,0,0,0,0
1,1,170116,13,13,13,13,13,13,13,13,13,13
1,1,170117,0,0,0,0,0,0,12,0,0,0
2,1,170117,0,0,0,0,0,0,0,0,0,0
1,1,170118,11,0,0,0,0,0,9,27,18,0
1,1,170119,0,0,0,0,0,0,0,0,0,0
2,1,170119,0,0,0,0,0,0,0,0,0,0
3,1,170119,0,0,0,0,0,0,0,0,0,0
4,1,170119,0,0,0,0,0,0,0,0,0,0
5,1,170119,0,0,0,0,0,0,0,0,0,0
6,1,170119,0,0,0,0,0,0,0,0,0,0
7,1,170119,0,0,0,0,0,0,0,0,0,0
1,1,170120,19,19,19,19,19,19,19,19,19,19
2,1,170120,0,0,0,0,0,0,0,0,0,0
1,1,170121,0,0,0,0,0,0,0,0,0,0
1,1,170122,0,0,0,0,0,0,0,0,0,0
2,1,170122,0,0,20,0,15,0,0,0,0,0
1,1,170123,36,36,36,36,36,36,36,36,36,36
2,1,170123,0,0,0,0,0,0,0,0,0,0
1,1,170124,18,18,18,18,18,18,18,18,18,18
1,1,170125,0,0,0,0,0,0,0,0,0,0
1,1,170126,10,10,10,10,10,10,10,10,10,10
2,1,170126,0,0,0,0,0,0,0,0,0,0
1,1,170127,0,0,0,0,0,0,0,0,0,0
2,1,170127,0,0,0,0,0,0,0,0,0,0
1,1,170128,6,6,6,6,6,6,6,6,6,6
1,1,170129,0,0,0,0,0,0,0,0,4,0
1,1,170130,4,4,4,4,4,4,4,4,4,4
1,1,170131,0,0,0,0,0,0,0,0,0,0
2,1,170131,0,0,0,0,0,0,0,0,0,0
1,1,170132,0,0,0,0,0,0,0,0,0,0
2,1,170132,0,0,0,0,0,0,0,0,0,0
0,1,170133,0,0,0,0,0,0,0,0,0,0
1,1,170133,0,0,0,0,0,0,0,0,0,0
0,1,170134,18,15,18,19,8,0,21,6,27,0
1,1,170134,0,0,13,0,0,0,0,0,0,0
1,1,170135,8,8,8,8,8,8,8,8,8,8
1,1,170136,0,0,0,0,0,0,0,0,0,0
1,1,170137,14,14,14,14,14,14,14,14,14,14
1,1,170138,0,0,0,0,0,0,0,0,0,0
2,1,170138,0,0,0,0,0,0,0,0,0,0
1,1,170139,0,0,0,0,0,0,0,0,0,0
1,1,170140,32,32,32,32,32,32,32,32,32,32
2,1,170140,0,0,0,0,0,0,0,0,0,0
1,1,170141,0,0,0,0,0,0,0,0,0,0
0,1,170142,0,0,0,18,0,0,34,0,12,16
1,1,170142,0,0,0,0,0,0,0,0,0,0
1,1,170143,0,0,0,0,0,0,0,0,0,0
2,1,170143,0,0,0,0,0,0,0,0,0,0
1,1,170144,14,14,14,14,14,14,14,14,14,14
1,1,170145,14,14,14,14,14,14,14,14,14,14
1,1,170146,0,0,0,0,0,0,0,0,0,14
2,1,170146,0,0,0,0,0,0,0,0,0,0
0,1,170147,0,0,0,0,0,0,0,0,0,0
1,1,170147,0,0,0,0,0,0,0,0,0,0
1,1,170148,1,1,1,1,1,1,1,1,1,1
1,1,170149,20,20,20,20,20,20,20,20,20,20
1,1,170150,0,0,0,0,0,0,0,0,0,0
1,1,170151,31,31,31,31,31,31,31,31,31,31
1,1,170152,12,12,12,12,12,12,12,12,12,12
1,1,170153,31,15,18,26,12,11,8,12,23,20
1,1,170154,11,11,11,11,11,11,11,11,11,11
2,1,170154,0,0,0,0,0,0,0,0,0,0
3,1,170154,0,0,0,0,0,0,0,0,0,0
1,1,170155,0,0,0,0,0,0,0,0,0,0
2,1,170155,0,4,0,0,0,0,0,0,0,0
0,1,170156,0,0,0,0,0,0,0,0,0,0
1,1,170156,0,0,0,0,0,0,0,0,0,0
1,1,170157,12,12,12,12,12,12,12,12,12,12
1,1,170158,20,20,20,20,20,20,20,20,20,20
1,1,170159,0,0,0,0,0,0,0,0,0,0
2,1,170159,0,19,0,0,0,0,0,0,0,0
1,1,170160,0,0,0,0,0,0,0,0,0,0
0,1,170161,0,0,0,0,0,0,0,0,0,0
1,1,170161,0,0,0,0,0,0,0,0,0,0
1,1,170162,1,1,1,1,1,1,1,1,1,1
2,1,170162,0,0,0,0,0,0,0,0,0,0
3,1,170162,3,3,3,3,3,3,3,3,3,3
1,1,170163,0,0,0,0,0,0,0,0,0,0
2,1,170163,0,0,0,0,0,0,0,0,0,0
1,1,170164,23,23,23,23,23,23,23,23,23,23
2,1,170164,0,0,0,0,0,0,0,0,0,0
1,1,170165,0,0,0,0,0,0,0,0,0,0
2,1,170165,0,0,0,0,0,0,0,0,0,0
1,1,170166,30,30,30,30,30,30,30,30,30,30
1,1,170167,20,20,20,20,20,20,20,20,20,20
2,1,170167,0,0,0,0,0,0,0,0,0,0
1,1,170168,14,14,14,14,14,14,14,14,14,14
1,1,170169,0,0,0,0,0,0,0,0,0,0
1,1,170170,12,12,12,12,12,12,12,12,12,12
1,1,170171,16,16,16,16,16,16,16,16,16,16
3,1,170171,5,0,0,0,0,10,0,0,0,10
1,1,170172,28,28,28,28,28,28,28,28,28,28
1,1,170173,0,0,0,3,0,0,0,0,0,0
2,1,170173,0,0,0,0,0,0,0,0,0,0
1,1,170174,19,19,19,19,19,19,19,19,19,19
2,1,170174,0,0,0,0,0,0,0,0,0,0
1,1,170175,0,0,0,0,0,0,0,0,0,0
2,1,170175,22,24,0,0,0,0,21,0,0,0
1,1,170176,10,10,10,10,10,10,10,10,10,10
1,1,170177,0,0,0,0,0,0,0,0,0,0
2,1,170177,0,0,0,0,0,0,0,0,0,0
1,1,170178,0,0,0,0,0,0,0,0,0,0
1,1,170179,21,21,21,21,21,21,21,21,21,21
2,1,170179,0,0,0,0,0,0,0,0,0,0
1,1,170180,0,0,0,0,0,0,0,0,0,0
1,1,170181,0,0,0,3,0,0,0,0,0,0
2,1,170181,0,0,0,0,0,0,21,0,0,0
1,1,170182,8,8,8,8,8,8,8,8,8,8
1,1,170183,2,2,2,2,2,2,2,2,2,2
2,1,170183,0,0,0,0,0,0,0,0,0,0
1,1,170184,19,19,19,19,19,19,19,19,19,19
1,1,170186,32,32,32,32,32,32,32,32,32,32
1,1,170187,0,0,0,0,0,0,0,0,0,0
1,1,170188,9,0,0,0,0,37,6,0,0,0
2,1,170188,0,0,0,0,0,0,0,0,0,0
0,1,170189,29,29,29,29,29,29,29,29,29,29
1,1,170189,0,0,0,0,0,0,0,0,0,20
1,1,170190,0,0,0,0,0,0,0,0,0,0
1,1,170191,0,0,0,0,0,0,0,0,0,0
1,1,170192,0,0,0,0,0,0,0,0,0,0
2,1,170192,0,0,0,0,0,0,0,0,0,0
1,1,170193,9,2,27,27,10,0,8,10,15,0
2,1,170193,0,0,0,0,0,0,0,0,0,0
1,1,170194,16,16,16,16,16,16,16,16,16,16
1,1,170195,3,3,3,3,3,3,3,3,3,3
1,1,170196,11,11,11,11,11,11,11,11,11,11
2,1,170196,8,0,0,10,0,0,0,0,0,0
1,1,170197,0,0,0,0,0,0,0,0,0,0
2,1,170197,0,0,0,0,0,0,0,0,0,0
3,1,170197,0,0,0,0,0,0,0,0,0,0
4,1,170197,0,0,0,0,0,0,0,0,0,0
1,1,170198,3,3,3,3,3,3,3,3,3,3
2,1,170198,0,0,0,0,0,0,0,0,0,0
1,1,170199,24,24,24,24,24,24,24,24,24,24
1,1,170201,0,0,0,0,0,0,0,0,0,0
2,1,170201,0,0,0,0,0,0,0,0,0,0
3,1,170201,15,0,0,0,0,0,0,0,0,0
1,1,170202,0,0,0,0,0,0,0,0,0,0
2,1,170202,0,0,0,0,0,0,0,0,0,0
3,1,170202,0,0,0,0,0,0,0,0,0,0
1,1,170203,12,0,0,0,0,0,0,0,12,10
1,1,170204,0,0,0,0,0,0,0,0,0,0
2,1,170204,0,0,0,0,0,0,0,0,0,0
1,1,170205,0,0,0,0,0,0,0,0,0,0
1,1,170206,21,21,21,21,21,21,21,21,21,21
1,1,170207,14,14,14,14,14,14,14,14,14,14
1,1,170208,18,18,18,18,18,18,18,18,18,18
2,1,170208,0,0,0,13,0,0,0,0,0,0
1,1,170209,23,23,23,23,23,23,23,23,23,23
1,1,170210,3,3,3,3,3,3,3,3,3,3
1,1,170211,0,0,0,0,0,0,0,0,0,0
1,1,170212,18,18,18,18,18,18,18,18,18,18
2,1,170212,0,7,0,0,0,0,0,0,0,0
1,1,170213,0,0,0,0,0,0,0,0,0,0
2,1,170213,0,0,0,0,0,0,0,0,0,0
1,1,170214,0,0,0,0,0,0,0,9,0,0
1,1,170215,11,11,11,11,11,11,11,11,11,11
2,1,170215,0,0,0,0,0,0,40,0,0,0
3,1,170215,20,0,6,0,0,0,29,0,0,0
1,1,170216,24,24,24,24,24,24,24,24,24,24
1,1,170217,0,0,0,0,0,0,0,0,0,0
1,1,170218,0,0,0,0,0,0,0,0,0,0
2,1,170218,0,0,0,0,0,0,0,0,0,0
1,1,170219,21,21,21,21,21,21,21,21,21,21
1,1,170220,15,15,15,15,15,15,15,15,15,15
1,1,170221,0,0,0,0,0,0,0,0,0,0
2,1,170221,0,0,0,0,0,0,0,0,0,0
1,1,170222,0,0,0,0,0,0,0,0,0,0
1,1,170223,0,0,0,0,7,0,0,27,0,12
1,1,170224,0,0,0,0,0,0,0,0,0,0
2,1,170224,11,0,0,0,0,0,0,0,16,0
1,1,170225,0,0,0,0,0,0,13,0,0,0
2,1,170225,0,0,0,0,0,0,0,0,0,0
1,1,170226,0,0,0,0,0,0,0,0,0,0
2,1,170226,0,0,0,0,0,0,0,0,0,0
1,1,170227,0,16,0,0,19,17,0,0,26,0
1,1,170228,19,19,19,19,19,19,19,19,19,19
1,1,170229,10,10,10,10,10,10,10,10,10,10
1,1,170230,15,10,35,13,0,6,18,26,7,14
1,1,170231,0,0,0,0,0,0,0,0,0,0
1,1,170232,0,0,0,0,0,0,0,0,0,0
2,1,170232,0,0,0,0,0,0,0,0,0,0
1,1,170233,0,0,0,0,0,0,0,0,0,0
1,1,170234,15,15,15,15,15,15,15,15,15,15
0,1,170236,21,21,21,21,21,21,21,21,21,21
1,1,170236,6,16,8,8,14,30,20,22,6,8
1,1,170237,24,24,24,24,24,24,24,24,24,24
1,1,170238,0,0,0,6,0,0,0,0,0,0
1,1,170239,10,10,10,10,10,10,10,10,10,10
1,1,170240,0,0,0,0,0,0,0,0,0,0
2,1,170240,0,0,0,0,0,0,0,0,0,0
1,1,170241,0,0,0,0,0,0,0,0,0,0
2,1,170241,0,0,0,0,0,0,0,0,0,0
1,1,170242,0,0,0,0,0,0,0,0,0,0
1,1,170243,22,22,22,22,22,22,22,22,22,22
1,1,170244,11,11,11,11,11,11,11,11,11,11
1,1,170245,14,14,14,14,14,14,14,14,14,14
2,1,170245,0,0,0,0,0,0,0,0,0,0
1,1,170246,0,0,0,0,0,0,0,0,0,0
1,1,170247,27,27,27,27,27,27,27,27,27,27
1,1,170248,0,0,0,0,0,0,0,0,0,0
1,1,170249,0,0,28,0,0,14,8,0,0,0
2,1,170249,0,0,0,0,0,0,0,7,0,0
3,1,170249,17,0,0,0,2,9,0,6,18,0
0,1,170250,0,0,0,0,0,0,0,0,0,0
1,1,170250,0,0,0,0,8,0,7,0,0,0
1,1,170251,9,0,0,0,0,0,0,0,0,8
2,1,170251,6,6,6,6,6,6,6,6,6,6
0,1,170252,0,0,0,0,0,0,0,0,0,0
1,1,170252,0,0,10,0,0,0,0,0,0,0
1,1,170253,17,17,17,17,17,17,17,17,17,17
0,1,170254,0,0,0,0,0,0,0,0,0,0
1,1,170254,0,0,0,0,0,0,0,0,0,0
1,1,170255,21,13,14,16,17,9,0,0,12,10
1,1,170256,0,0,0,0,0,0,0,0,0,0
2,1,170256,0,0,0,0,3,0,0,0,7,0
3,1,170256,0,0,0,0,0,0,0,0,0,0
4,1,170256,0,0,0,0,0,0,0,0,0,0
1,1,170257,27,27,27,27,27,27,27,27,27,27
1,1,170258,0,0,0,0,0,0,0,0,0,0
2,1,170258,0,0,0,0,0,0,0,0,0,0
1,1,170259,12,9,15,20,9,0,34,23,13,5
1,1,170260,0,0,11,5,0,7,0,0,0,0
1,1,170261,29,29,29,29,29,29,29,29,29,29
2,1,170261,0,0,0,0,0,0,0,0,0,0
1,1,170262,0,0,0,0,0,0,0,0,0,0
2,1,170262,0,0,0,0,0,0,0,0,0,0
1,1,170263,0,0,0,0,0,0,0,0,0,0
2,1,170263,0,0,0,0,0,0,0,0,0,0
1,1,170264,0,0,0,0,0,0,0,0,0,0
1,1,170265,0,0,0,0,0,0,0,0,0,0
2,1,170265,0,0,0,0,0,0,0,0,0,0
1,1,170266,15,15,15,15,15,15,15,15,15,15
2,1,170266,0,0,0,0,0,0,0,0,0,0
1,1,170267,27,27,27,27,27,27,27,27,27,27
2,1,170267,0,0,0,0,0,0,0,0,0,0
1,1,170268,7,0,0,0,0,0,0,0,0,0
2,1,170268,0,0,0,0,0,0,0,0,0,5
0,1,170269,27,27,27,27,27,27,27,27,27,27
1,1,170269,14,6,12,0,0,0,7,0,0,7
1,1,170270,19,19,19,19,19,19,19,19,19,19
1,1,170271,0,0,0,0,0,19,0,27,0,0
2,1,170271,0,0,0,0,0,0,0,0,0,0
1,1,170272,0,0,0,0,0,0,0,0,0,0
0,1,170273,0,0,0,0,0,0,0,0,0,0
1,1,170273,0,0,0,0,0,0,0,0,0,0
0,1,170274,0,0,0,0,0,0,0,0,0,0
1,1,170274,0,0,0,0,0,0,0,0,0,0
1,1,170275,5,5,5,5,5,5,5,5,5,5
1,1,170276,0,0,0,0,0,0,0,0,0,0
1,1,170277,0,0,0,0,0,0,0,0,0,0
1,1,170279,0,0,0,0,0,0,0,7,0,11
1,1,170280,0,0,0,0,0,0,0,0,0,0
2,1,170280,0,0,0,11,0,0,13,0,0,30
0,1,170281,24,24,24,24,24,24,24,24,24,24
1,1,170281,0,0,0,0,0,0,0,0,0,0
1,1,170282,22,22,22,22,22,22,22,22,22,22
1,1,170283,24,24,24,24,24,24,24,24,24,24
1,1,170284,0,7,0,0,0,0,0,0,0,0
2,1,170284,15,15,15,15,15,15,15,15,15,15
1,1,170285,3,3,3,3,3,3,3,3,3,3
1,1,170286,23,23,23,23,23,23,23,23,23,23
1,1,170287,18,18,18,18,18,18,18,18,18,18
1,1,170288,19,19,19,19,19,19,19,19,19,19
1,1,170289,8,8,8,8,8,8,8,8,8,8
1,1,170290,18,18,18,18,18,18,18,18,18,18
1,1,170291,20,12,11,19,2,20,14,25,15,33
1,1,170292,8,8,8,8,8,8,8,8,8,8
1,1,170293,0,0,0,0,3,0,0,0,0,6
1,1,170294,30,30,30,30,30,30,30,30,30,30
2,1,170294,0,0,0,0,0,0,0,0,0,0
1,1,170295,16,16,16,16,16,16,16,16,16,16
2,1,170295,0,9,24,0,0,0,0,0,0,0
1,1,170296,0,0,0,0,0,0,0,0,0,0
2,1,170296,0,0,0,0,0,0,0,0,0,0
1,1,170297,0,0,0,0,0,0,0,0,0,0
1,1,170298,0,0,0,0,0,0,0,0,0,0
1,1,170299,0,0,0,0,0,0,0,0,0,0
2,1,170299,0,0,0,0,0,0,0,0,0,0
1,1,170300,21,6,0,0,0,0,0,0,0,0
2,1,170300,0,0,0,0,0,0,0,0,0,0
1,1,170301,24,12,4,15,9,22,11,19,22,21
1,1,170302,8,8,8,8,8,8,8,8,8,8
1,1,170303,0,0,0,0,0,0,0,0,0,0
2,1,170303,0,0,0,0,0,0,0,0,0,0
1,1,170304,32,32,32,32,32,32,32,32,32,32
2,1,170304,0,0,0,0,0,0,0,0,0,0
1,1,170306,0,0,0,0,0,0,0,0,0,0
1,1,170307,15,15,15,15,15,15,15,15,15,15
1,1,170308,0,0,0,0,0,0,0,0,0,0
2,1,170308,0,0,0,0,0,0,0,0,0,0
3,1,170308,0,0,0,0,0,0,0,0,0,0
1,1,170309,21,21,21,21,21,21,21,21,21,21
1,1,170310,2,2,2,2,2,2,2,2,2,2
1,1,170311,0,0,0,0,0,0,0,0,0,0
1,1,170312,29,29,29,29,29,29,29,29,29,29
1,1,170313,0,0,0,0,0,0,0,0,0,0
2,1,170313,0,15,0,0,0,9,0,0,0,0
1,1,170314,13,18,0,3,12,14,0,29,11,11
1,1,170315,0,0,0,0,0,0,0,0,0,0
1,1,170316,15,15,15,15,15,15,15,15,15,15
1,1,170317,0,0,0,0,0,0,0,0,0,0
2,1,170317,0,0,0,0,0,0,0,0,0,0
1,1,170318,0,0,0,0,0,0,0,0,0,0
2,1,170318,0,0,0,0,0,0,0,0,0,0
1,1,170319,0,0,0,0,0,0,0,0,0,0
1,1,170320,17,17,17,17,17,17,17,17,17,17
1,1,170321,24,24,24,24,24,24,24,24,24,24
1,1,170322,0,0,0,0,0,0,0,0,0,0
1,1,170323,0,0,0,0,0,0,0,0,0,0
2,1,170323,0,0,0,0,0,0,0,0,0,0
1,1,170324,11,18,13,19,8,10,11,13,6,6
2,1,170324,15,5,15,22,7,27,35,25,18,18
1,1,170325,0,0,0,0,0,0,0,0,0,0
2,1,170325,19,19,19,19,19,19,19,19,19,19
3,1,170325,26,13,6,0,0,0,0,0,0,0
1,1,170327,21,21,21,21,21,21,21,21,21,21
1,1,170328,11,6,0,0,0,0,6,0,0,0
2,1,170328,0,0,0,0,0,0,0,0,0,0
1,1,170330,0,0,0,0,0,0,0,0,0,0
2,1,170330,0,0,0,0,0,0,0,0,0,0
3,1,170330,0,0,0,0,0,0,0,0,0,0
1,1,170331,0,0,6,7,0,0,0,0,0,0
2,1,170331,0,0,0,0,0,0,0,0,0,0
1,1,170332,20,20,20,20,20,20,20,20,20,20
1,1,170333,0,0,0,0,0,0,0,0,0,0
1,1,170334,11,11,11,11,11,11,11,11,11,11
0,1,170335,0,0,0,0,0,0,0,0,0,0
0,2,170335,0,0,0,0,0,0,0,0,0,0
0,3,170335,0,0,0,16,6,0,23,0,9,26
1,1,170335,0,0,0,0,0,0,0,0,0,0