VEH_NO,PER_NO,ST_CASE,P1,P2,P3,P4,P5,P6,P7,P8,P9,P10
1,1,170336,0,0,0,29,0,0,0,0,0,0
2,1,170336,0,0,0,0,0,0,0,0,0,0
1,1,170337,22,22,22,22,22,22,22,22,22,22
0,1,170338,0,0,0,0,0,0,0,0,0,0
1,1,170338,0,0,0,0,0,0,0,0,0,0
1,1,170339,24,24,24,24,24,24,24,24,24,24
1,1,170340,19,19,19,19,19,19,19,19,19,19
1,1,170341,24,24,24,24,24,24,24,24,24,24
1,1,170342,27,27,27,27,27,27,27,27,27,27
1,1,170343,16,16,16,16,16,16,16,16,16,16
1,1,170344,0,0,0,0,0,0,0,0,0,0
2,1,170344,22,22,22,22,22,22,22,22,22,22
1,1,170345,25,25,25,25,25,25,25,25,25,25
2,1,170345,0,0,0,0,0,0,0,0,0,0
1,1,170346,26,26,26,26,26,26,26,26,26,26
1,1,170347,12,0,0,0,0,0,0,0,0,0
2,1,170347,0,0,0,0,0,0,6,0,0,0
3,1,170347,0,0,0,0,0,0,0,33,0,0
1,1,170348,28,28,28,28,28,28,28,28,28,28
2,1,170348,0,0,0,0,0,0,0,0,0,0
3,1,170348,20,4,15,12,6,21,13,6,11,20
1,1,170349,0,0,0,0,0,0,0,0,0,0
2,1,170349,1,1,1,1,1,1,1,1,1,1
1,1,170350,0,0,0,0,0,0,0,0,0,0
2,1,170350,0,0,0,0,0,4,0,0,0,0
1,1,170351,0,0,0,0,0,0,0,0,0,0
1,1,170352,0,4,0,0,0,0,0,0,0,0
2,1,170352,0,0,0,0,0,0,0,0,0,0
1,1,170353,0,0,0,0,0,0,0,0,0,0
1,1,170354,0,0,0,0,0,0,0,0,0,0
1,1,170355,0,0,0,0,0,0,0,0,0,0
2,1,170355,0,0,0,0,0,0,0,0,0,0
3,1,170355,0,0,0,0,9,0,0,0,0,0
4,1,170355,0,0,0,0,0,0,0,0,0,0
1,1,170356,0,0,0,0,0,0,0,0,0,0
1,1,170357,0,0,0,7,5,0,0,0,19,0
1,1,170358,18,18,18,18,18,18,18,18,18,18
1,1,170359,0,0,0,0,0,0,0,0,0,0
1,1,170360,1,1,1,1,1,1,1,1,1,1
1,1,170361,0,0,0,0,0,0,0,0,0,0
2,1,170361,0,0,0,0,0,0,0,0,0,0
1,1,170362,0,0,0,0,0,0,13,17,8,9
0,1,170363,0,0,0,0,0,0,0,0,0,0
1,1,170363,0,0,0,0,0,0,0,0,0,0
1,1,170364,12,12,12,12,12,12,12,12,12,12
1,1,170365,14,14,14,14,14,14,14,14,14,14
1,1,170366,23,23,23,23,23,23,23,23,23,23
2,1,170366,0,0,0,0,0,0,0,0,0,0
0,1,170367,29,29,29,29,29,29,29,29,29,29
1,1,170367,0,0,0,10,0,0,16,0,0,0
1,1,170368,0,0,0,0,0,15,0,0,0,0
1,1,170369,0,0,0,0,0,0,0,0,0,0
1,1,170370,20,20,20,20,20,20,20,20,20,20
1,1,170371,11,11,11,11,11,11,11,11,11,11
1,1,170372,0,0,0,0,0,0,0,0,0,0
2,1,170372,0,0,0,0,0,0,0,0,0,0
1,1,170373,0,0,0,0,0,0,0,0,0,0
2,1,170373,0,0,0,0,0,0,0,0,0,0
3,1,170373,0,0,0,0,0,0,0,0,0,0
1,1,170374,0,0,0,0,0,0,0,0,0,0
2,1,170374,0,0,0,0,0,0,0,0,0,0
3,1,170374,0,6,0,0,0,0,0,0,0,0
4,1,170374,0,0,0,0,0,0,0,0,0,11
1,1,170375,17,17,17,17,17,17,17,17,17,17
1,1,170376,8,5,0,0,0,0,0,0,0,0
2,1,170376,0,0,0,0,0,0,0,0,0,0
1,1,170377,0,0,0,0,0,0,0,0,0,0
2,1,170377,0,0,0,0,0,7,0,0,0,0
3,1,170377,0,0,0,0,0,0,0,0,0,0
1,1,170378,0,0,0,0,0,0,0,0,0,0
1,1,170379,0,0,0,0,0,0,0,0,0,0
2,1,170379,0,0,0,0,0,0,0,0,0,0
1,1,170380,0,0,0,0,7,0,0,0,0,0
1,1,170381,10,10,10,10,10,10,10,10,10,10
0,1,170382,0,0,0,0,0,0,0,0,0,0
1,1,170382,0,0,9,0,0,0,0,0,0,0
1,1,170383,7,7,7,7,7,7,7,7,7,7
2,1,170383,0,0,0,0,0,0,0,0,0,0
1,1,170384,25,25,25,25,25,25,25,25,25,25
2,1,170384,0,0,0,0,0,0,0,0,0,0
1,1,170385,3,3,3,3,3,3,3,3,3,3
1,1,170386,31,31,31,31,31,31,31,31,31,31
2,1,170386,14,14,14,14,14,14,14,14,14,14
1,1,170387,0,0,0,0,0,0,0,0,0,0
2,1,170387,0,16,0,0,0,0,0,0,0,0
1,1,170388,7,0,0,0,0,0,0,22,0,0
2,1,170388,0,10,0,16,19,15,16,2,3,15
1,1,170389,12,12,12,12,12,12,12,12,12,12
2,1,170389,0,0,0,0,0,0,0,0,0,0
0,1,170390,0,0,0,0,0,0,0,0,0,0
1,1,170390,0,0,0,0,0,0,0,0,0,0
1,1,170391,10,7,31,10,27,17,0,0,3,25
2,1,170391,0,19,0,0,0,0,0,0,0,0
1,1,170392,0,0,0,0,0,0,0,0,0,0
2,1,170392,0,0,0,0,0,0,0,0,0,0
1,1,170393,0,0,0,0,0,0,0,0,0,0
1,1,170394,0,0,0,0,0,0,0,0,0,0
0,1,170395,0,0,0,0,0,0,0,0,0,0
1,1,170395,0,0,0,0,0,0,0,0,0,0
1,1,170396,8,8,8,8,8,8,8,8,8,8
2,1,170396,0,0,0,0,0,0,0,0,0,0
1,1,170397,0,0,0,0,0,0,0,0,0,0
2,1,170397,0,0,0,0,0,0,0,0,0,0
3,1,170397,0,0,0,0,0,0,0,0,0,0
1,1,170398,0,0,0,0,0,0,0,0,0,0
2,1,170398,0,0,0,0,0,0,0,0,0,0
1,1,170399,0,0,0,0,0,0,0,0,0,0
2,1,170399,0,0,0,0,0,0,0,0,0,0
3,1,170399,0,0,0,0,0,0,0,0,0,0
4,1,170399,0,0,0,0,0,0,0,0,0,0
1,1,170400,0,0,0,0,0,0,0,0,0,0
2,1,170400,11,0,0,0,0,0,0,0,0,0
1,1,170401,0,0,4,0,0,18,0,0,0,0
2,1,170401,0,0,0,0,0,0,0,0,0,0
1,1,170402,20,20,20,20,20,20,20,20,20,20
1,1,170403,15,15,15,15,15,15,15,15,15,15
2,1,170403,0,0,0,0,0,0,0,0,0,0
1,1,170404,0,0,0,0,0,0,17,0,0,0
2,1,170404,0,0,0,0,0,0,0,0,0,0
1,1,170405,0,0,0,0,0,0,0,0,0,0
2,1,170405,0,0,0,0,0,0,0,0,0,0
1,1,170406,16,20,16,6,26,20,11,15,10,25
1,1,170407,0,0,0,0,0,0,0,0,0,0
2,1,170407,0,0,0,0,0,0,0,0,0,0
1,1,170408,0,0,0,0,0,0,0,0,0,0
2,1,170408,0,0,0,0,0,0,0,0,0,0
1,1,170409,0,0,0,0,0,0,0,0,0,0
2,1,170409,0,0,0,0,0,0,0,0,0,0
1,1,170410,0,0,0,0,0,0,0,0,0,9
1,1,170411,7,7,7,7,7,7,7,7,7,7
2,1,170411,12,12,12,12,12,12,12,12,12,12
0,1,170412,0,0,0,0,0,0,0,0,0,0
1,1,170412,12,0,29,0,6,0,0,0,0,0
1,1,170413,7,7,7,7,7,7,7,7,7,7
2,1,170413,0,0,0,0,0,0,0,0,0,12
1,1,170414,17,17,17,17,17,17,17,17,17,17
1,1,170415,0,0,0,0,0,0,0,0,0,0
2,1,170415,0,0,0,0,14,0,0,0,0,0
1,1,170416,0,0,0,0,0,0,0,0,0,0
2,1,170416,0,0,0,0,0,0,0,0,0,0
1,1,170417,0,0,0,0,0,0,0,0,0,0
2,1,170417,0,0,0,0,0,0,0,0,0,0
1,1,170418,0,0,0,0,0,0,0,0,0,0
2,1,170418,0,0,0,0,0,0,0,0,0,0
1,1,170419,0,0,0,0,0,0,0,0,0,0
2,1,170419,0,10,0,0,0,0,0,0,0,0
1,1,170420,5,5,5,5,5,5,5,5,5,5
1,1,170421,16,16,16,16,16,16,16,16,16,16
2,1,170421,16,16,16,16,16,16,16,16,16,16
0,1,170422,0,0,0,0,0,0,0,0,0,0
1,1,170422,9,9,9,9,9,9,9,9,9,9
2,1,170422,0,0,0,0,0,0,0,0,0,0
1,1,170423,11,7,16,0,0,0,0,0,0,0
1,1,170424,35,35,35,35,35,35,35,35,35,35
1,1,170425,0,0,0,0,0,0,0,0,0,0
1,1,170426,16,16,16,16,16,16,16,16,16,16
2,1,170426,0,0,0,0,0,0,0,0,0,0
1,1,170427,26,26,26,26,26,26,26,26,26,26
1,1,170428,0,0,0,0,0,0,0,0,0,0
1,1,170429,0,0,0,0,0,0,0,0,0,0
2,1,170429,0,0,0,0,0,0,0,0,0,0
1,1,170430,1,1,1,1,1,1,1,1,1,1
0,1,170431,0,0,0,0,0,0,0,0,0,0
1,1,170431,0,0,15,15,22,0,0,3,2,11
1,1,170432,0,0,0,0,0,0,0,0,0,0
0,1,170433,0,0,0,0,0,0,0,0,0,0
1,1,170433,0,0,0,0,0,0,0,0,0,0
1,1,170434,0,0,0,0,16,0,0,0,0,0
1,1,170435,22,22,22,22,22,22,22,22,22,22
2,1,170435,0,0,0,0,0,0,0,0,0,0
1,1,170436,0,0,0,0,0,0,0,0,0,0
2,1,170436,0,0,0,0,0,0,0,0,0,0
3,1,170436,0,0,0,0,0,0,0,0,0,0
0,1,170437,18,18,18,18,18,18,18,18,18,18
1,1,170437,0,0,4,10,14,0,0,0,0,0
1,1,170438,8,8,8,8,8,8,8,8,8,8
2,1,170438,16,0,0,0,0,0,9,0,16,0
3,1,170438,0,0,0,0,0,0,0,0,0,0
4,1,170438,0,0,0,0,0,0,0,0,0,0
1,1,170439,0,0,2,7,18,15,7,0,18,18
1,1,170440,0,0,0,0,0,0,0,0,0,0
2,1,170440,0,0,23,13,0,0,0,0,0,0
0,1,170441,9,9,9,9,9,9,9,9,9,9
1,1,170441,0,0,0,0,0,14,12,0,0,0
1,1,170442,0,0,0,0,0,0,0,0,0,0
2,1,170442,0,0,0,0,0,0,0,0,0,0
1,1,170443,0,0,0,0,0,0,0,0,0,0
2,1,170443,0,0,0,0,0,0,0,0,0,0
1,1,170444,0,0,0,0,0,0,0,0,0,0
2,1,170444,0,0,0,0,0,0,0,0,0,0
1,1,170445,0,0,0,0,0,0,0,0,0,0
2,1,170445,0,14,0,0,0,0,0,0,0,20
1,1,170447,0,0,0,0,0,0,0,0,0,0
2,1,170447,0,0,0,0,0,0,0,7,0,0
0,1,170448,0,0,0,25,0,0,0,0,0,16
1,1,170448,18,0,0,0,0,0,0,0,0,0
1,1,170449,0,0,0,0,0,0,0,0,0,0
2,1,170449,0,0,0,0,0,0,0,0,0,0
1,1,170450,0,0,0,0,0,0,0,0,0,0
2,1,170450,0,0,0,0,16,0,0,0,0,0
1,1,170451,0,0,0,0,0,0,0,0,0,0
2,1,170451,0,0,0,0,0,0,0,0,0,0
3,1,170451,0,0,0,0,0,0,0,0,0,0
1,1,170452,19,19,19,19,19,19,19,19,19,19
1,1,170453,0,0,0,0,6,0,0,0,6,0
1,1,170454,22,22,22,22,22,22,22,22,22,22
2,1,170454,0,0,0,0,0,16,0,0,0,0
1,1,170455,0,0,0,0,0,0,0,0,0,0
2,1,170455,0,0,32,22,7,0,0,0,0,0
1,1,170456,6,6,6,6,6,6,6,6,6,6
2,1,170456,0,0,0,0,0,0,0,0,0,0
1,1,170457,0,0,0,0,0,0,0,0,0,0
1,1,170458,0,0,0,0,0,0,0,0,0,0
2,1,170458,0,0,0,0,0,0,0,0,12,0
1,1,170459,1,1,1,1,1,1,1,1,1,1
1,1,170460,0,0,0,0,0,0,0,0,0,0
1,1,170461,22,27,11,33,6,11,24,17,23,39
1,1,170462,15,15,15,15,15,15,15,15,15,15
2,1,170462,15,15,15,15,15,15,15,15,15,15
1,1,170463,5,5,5,5,5,5,5,5,5,5
2,1,170463,0,0,0,0,0,0,0,0,0,0
1,1,170464,0,0,0,0,0,0,0,0,0,0
2,1,170464,0,0,0,0,0,0,0,0,0,0
3,1,170464,0,0,0,0,0,0,0,0,0,0
1,1,170465,0,0,0,0,0,0,0,0,0,0
2,1,170465,0,0,0,0,0,0,0,0,0,0
1,1,170466,0,0,0,0,0,0,0,0,0,0
2,1,170466,0,0,0,0,0,0,0,0,0,0
0,1,170467,1,1,1,1,1,1,1,1,1,1
0,2,170467,0,0,0,0,0,0,0,0,0,0
1,1,170467,0,0,0,0,0,0,0,0,0,0
1,1,170468,19,10,20,16,18,13,30,17,12,19
1,1,170469,5,5,5,5,5,5,5,5,5,5
2,1,170469,0,0,0,0,0,0,0,0,0,0
1,1,170470,13,13,13,13,13,13,13,13,13,13
2,1,170470,2,2,2,2,2,2,2,2,2,2
1,1,170471,11,0,25,6,0,0,0,4,0,0
1,1,170472,0,0,0,0,0,0,0,0,0,0
1,1,170473,0,0,0,0,0,0,0,0,0,0
2,1,170473,0,0,0,0,0,0,4,0,0,0
1,1,170474,0,0,0,0,0,0,0,0,0,0
2,1,170474,0,0,0,0,0,0,0,0,0,0
1,1,170475,23,18,20,19,18,19,14,21,11,15
1,1,170476,23,23,23,23,23,23,23,23,23,23
2,1,170476,0,0,0,0,0,0,0,0,0,0
3,1,170476,0,0,0,0,0,0,0,0,0,0
1,1,170477,0,0,0,0,0,0,0,0,0,0
2,1,170477,0,0,0,0,0,0,0,0,0,0
3,1,170477,0,0,0,0,0,0,0,0,0,0
4,1,170477,0,0,0,0,0,0,0,0,0,0
1,1,170478,0,0,0,0,0,0,0,0,0,0
2,1,170478,0,0,0,0,0,0,0,0,0,0
3,1,170478,0,0,0,0,0,0,0,0,0,0
1,1,170479,0,0,0,0,15,0,0,0,0,0
0,1,170480,0,0,0,0,0,0,0,0,0,0
1,1,170480,0,0,0,0,0,0,22,0,0,15
2,1,170480,0,10,0,0,0,0,0,0,0,0
3,1,170480,13,0,0,0,0,0,0,0,0,0
1,1,170481,0,0,0,0,0,0,0,0,0,0
2,1,170481,0,0,0,0,0,0,0,0,0,0
1,1,170482,0,0,0,0,0,0,0,0,0,0
2,1,170482,0,0,0,0,0,0,0,0,0,0
3,1,170482,0,0,0,0,0,0,0,0,0,11
1,1,170483,0,0,0,0,0,0,0,0,0,0
1,1,170484,0,0,0,0,0,0,0,0,0,0
1,1,170485,0,0,0,0,0,0,0,0,0,0
2,1,170485,0,0,0,0,0,0,0,0,0,0
1,1,170486,18,18,18,18,18,18,18,18,18,18
1,1,170487,11,0,0,32,14,0,0,0,13,22
2,1,170487,0,0,0,0,0,0,0,0,0,0
1,1,170488,20,20,20,20,20,20,20,20,20,20
1,1,170489,0,0,0,0,0,0,0,0,0,0
2,1,170489,0,0,0,0,0,0,0,0,0,0
1,1,170490,0,0,0,0,0,0,0,0,0,0
2,1,170490,0,0,0,0,0,0,0,0,0,0
1,1,170491,15,15,15,15,15,15,15,15,15,15
1,1,170492,0,0,0,0,0,0,0,0,0,0
2,1,170492,0,0,0,0,0,0,0,0,0,0
0,1,170493,0,0,0,0,0,0,0,0,0,0
1,1,170493,0,0,0,0,0,0,0,0,0,0
1,1,170494,0,0,0,28,0,0,14,0,0,0
1,1,170495,0,0,0,0,0,8,0,0,0,0
2,1,170495,0,0,0,0,0,0,0,0,0,0
1,1,170496,16,16,16,16,16,16,16,16,16,16
2,1,170496,0,0,0,0,0,0,0,0,0,0
1,1,170497,1,1,1,1,1,1,1,1,1,1
1,1,170499,8,8,8,8,8,8,8,8,8,8
0,1,170500,0,0,0,0,0,0,0,0,0,0
1,1,170500,12,0,0,0,0,0,0,0,0,0
1,1,170501,24,24,24,24,24,24,24,24,24,24
1,1,170502,0,0,35,17,0,17,0,0,0,0
1,1,170503,0,0,0,0,0,0,0,0,0,0
2,1,170503,0,0,0,0,0,0,0,0,0,0
1,1,170504,6,6,6,6,6,6,6,6,6,6
0,1,170505,0,0,0,0,0,0,0,0,0,0
0,2,170505,0,18,0,0,0,0,7,0,7,0
1,1,170505,0,0,0,0,0,0,0,0,0,0
2,1,170505,0,0,0,0,0,0,0,0,0,0
1,1,170506,0,0,0,0,0,0,0,0,0,0
0,1,170507,0,0,0,0,0,0,0,0,0,0
1,1,170507,0,0,0,0,0,0,0,0,0,0
1,1,170508,14,19,0,0,0,31,0,23,21,19
1,1,170509,0,0,0,0,0,0,0,0,0,0
0,1,170510,32,32,32,32,32,32,32,32,32,32
1,1,170510,0,0,0,0,0,0,0,0,0,0
1,1,170511,21,21,21,21,21,21,21,21,21,21
2,1,170511,4,4,4,4,4,4,4,4,4,4
0,1,170512,0,0,0,0,0,0,0,0,0,0
1,1,170512,0,0,0,0,0,0,0,0,0,0
1,1,170513,0,0,0,0,0,0,0,0,0,0
2,1,170513,16,0,0,0,0,0,0,0,0,0
1,1,170514,19,19,19,19,19,19,19,19,19,19
0,1,170515,0,0,0,0,0,0,0,0,0,0
1,1,170515,0,0,0,0,0,0,20,0,0,3
1,1,170516,11,11,11,11,11,11,11,11,11,11
1,1,170517,16,16,16,16,16,16,16,16,16,16
1,1,170518,28,28,28,28,28,28,28,28,28,28
1,1,170519,0,0,0,0,0,0,0,0,0,0
1,1,170520,0,0,0,0,0,0,0,0,0,0
1,1,170521,0,0,0,0,0,0,0,0,0,0
1,1,170522,0,0,0,0,0,0,0,0,0,0
2,1,170522,0,0,0,0,0,0,0,0,0,0
0,1,170523,0,0,0,0,0,0,0,0,0,0
0,2,170523,0,0,0,0,0,0,0,0,0,0
1,1,170523,0,0,0,0,0,0,0,0,0,0
0,1,170524,0,0,0,0,0,0,0,0,0,0
0,2,170524,0,0,13,0,0,0,0,15,0,0
1,1,170524,0,0,0,0,0,0,0,0,0,0
0,1,170525,33,30,32,57,30,40,0,11,0,11
1,1,170525,0,20,0,22,6,0,14,23,0,0
1,1,170526,5,5,5,5,5,5,5,5,5,5
1,1,170527,18,18,18,18,18,18,18,18,18,18
2,1,170527,9,0,0,0,0,0,0,0,0,0
1,1,170528,0,0,0,0,0,0,0,0,0,0
2,1,170528,0,0,0,0,0,0,0,0,0,0
1,1,170529,0,0,0,0,0,0,0,0,0,0
2,1,170529,0,0,0,20,0,16,6,19,10,13
1,1,170530,0,0,19,0,0,0,8,0,0,0
2,1,170530,0,0,0,0,0,0,0,0,0,0
1,1,170531,14,14,14,14,14,14,14,14,14,14
1,1,170532,0,0,0,0,0,0,0,0,0,0
2,1,170532,1,1,1,1,1,1,1,1,1,1
0,1,170533,0,0,0,0,0,0,0,0,0,8
1,1,170533,32,32,32,32,32,32,32,32,32,32
2,1,170533,0,0,0,0,0,0,0,0,0,0
1,1,170534,29,29,29,29,29,29,29,29,29,29
1,1,170535,12,12,12,12,12,12,12,12,12,12
2,1,170535,0,0,0,0,0,0,0,0,0,0
1,1,170536,5,8,11,10,17,12,18,22,6,19
1,1,170537,0,0,0,0,0,0,0,0,0,0
2,1,170537,0,0,0,0,0,0,0,0,0,0
3,1,170537,0,0,0,0,0,0,0,0,0,0
4,1,170537,0,0,0,0,0,0,0,0,0,0
5,1,170537,0,0,0,0,0,0,0,0,0,0
6,1,170537,0,0,0,0,0,0,0,0,0,0
1,1,170538,15,15,15,15,15,15,15,15,15,15
1,1,170539,19,19,19,19,19,19,19,19,19,19
2,1,170539,0,0,0,0,0,0,0,0,0,0
1,1,170540,0,0,0,0,0,0,0,0,0,0
2,1,170540,0,0,0,0,0,0,0,16,0,0
1,1,170541,0,0,0,0,0,0,0,0,0,0
2,1,170541,0,0,0,0,0,0,0,0,0,0
1,1,170542,16,16,16,16,16,16,16,16,16,16
1,1,170543,0,0,0,0,0,0,0,0,0,0
1,1,170544,0,0,0,0,0,8,0,0,8,0
2,1,170544,0,0,0,0,0,0,0,0,0,0
0,1,170545,16,16,16,16,16,16,16,16,16,16
1,1,170545,0,0,10,0,15,0,0,16,0,0
1,1,170546,6,6,6,6,6,6,6,6,6,6
1,1,170547,0,0,0,0,0,0,0,0,0,0
0,1,170548,21,21,21,21,21,21,21,21,21,21
0,2,170548,10,6,0,16,0,19,6,21,19,20
1,1,170548,6,6,6,6,6,6,6,6,6,6
1,1,170549,0,0,0,0,9,0,0,0,0,0
2,1,170549,1,1,1,1,1,1,1,1,1,1
1,1,170550,0,0,0,0,0,0,0,0,0,0
1,1,170551,0,0,0,0,0,0,0,0,0,0
2,1,170551,0,0,0,0,0,0,0,0,0,0
1,1,170552,14,14,14,14,14,14,14,14,14,14
1,1,170553,18,18,18,18,18,18,18,18,18,18
1,1,170554,0,0,0,0,0,0,0,0,0,0
1,1,170555,0,0,0,0,0,0,0,0,0,0
1,1,170556,0,0,0,0,0,0,0,0,0,0
2,1,170556,0,0,0,0,0,0,0,0,0,0
3,1,170556,0,0,0,0,0,0,0,0,0,0
1,1,170557,24,24,24,24,24,24,24,24,24,24
1,1,170558,0,17,0,0,6,12,0,0,0,0
2,1,170558,0,0,0,0,0,0,0,0,0,0
1,1,170559,37,37,37,37,37,37,37,37,37,37
2,1,170559,0,0,0,0,0,0,0,0,0,0
3,1,170559,0,0,0,0,0,0,0,0,0,0
1,1,170560,0,0,0,0,0,0,0,0,0,0
2,1,170560,0,0,0,0,0,0,0,0,0,0
1,1,170561,25,25,25,25,25,25,25,25,25,25
1,1,170562,15,15,15,15,15,15,15,15,15,15
1,1,170563,0,0,0,0,0,0,0,0,0,0
2,1,170563,0,0,0,0,0,0,0,0,0,0
3,1,170563,0,0,0,0,0,0,0,0,0,0
0,1,170564,0,0,0,0,0,0,0,0,0,0
1,1,170564,0,0,0,0,0,0,0,0,0,0
1,1,170565,0,0,0,0,0,0,0,0,0,0
1,1,170566,0,0,0,0,0,0,0,0,0,0
2,1,170566,17,17,17,17,17,17,17,17,17,17
0,1,170567,0,0,0,0,0,0,0,0,0,0
1,1,170567,0,0,0,0,0,0,0,0,0,0
2,1,170567,0,0,0,0,0,0,0,0,0,0
1,1,170568,0,0,0,0,0,0,0,0,0,0
1,1,170569,0,0,0,0,0,0,0,0,0,0
2,1,170569,0,0,0,0,0,0,0,0,0,0
3,1,170569,0,0,0,0,0,0,0,0,0,0
4,1,170569,0,0,0,0,0,0,0,0,0,0
5,1,170569,0,0,0,38,0,0,0,0,0,0
6,1,170569,0,0,0,0,0,0,0,0,0,0
1,1,170570,6,6,6,6,6,6,6,6,6,6
1,1,170571,0,0,0,0,0,0,0,0,0,0
2,1,170571,0,0,0,0,0,0,0,0,0,0
1,1,170572,0,0,0,0,0,0,0,0,0,0
2,1,170572,0,0,0,0,0,0,0,0,0,0
3,1,170572,0,0,0,0,0,0,0,0,0,0
0,1,170573,26,26,26,26,26,26,26,26,26,26
1,1,170573,0,13,0,0,0,0,0,0,0,0
0,1,170574,0,0,0,0,0,0,0,0,0,0
0,2,170574,0,0,0,0,0,0,0,0,0,0
1,1,170574,0,0,0,0,0,0,0,0,0,0
1,1,170575,0,0,0,0,0,0,0,0,0,0
2,1,170575,0,0,0,0,0,0,0,0,0,0
1,1,170576,22,22,22,22,22,22,22,22,22,22
0,1,170577,13,13,13,13,13,13,13,13,13,13
1,1,170577,0,0,0,0,0,0,0,0,0,0
0,1,170578,15,15,15,15,15,15,15,15,15,15
0,2,170578,15,15,15,15,15,15,15,15,15,15
1,1,170578,0,0,0,0,0,0,0,0,0,0
1,1,170579,0,0,0,0,0,0,0,0,0,0
1,1,170580,0,0,0,0,0,0,0,0,0,0
1,1,170581,0,0,0,0,0,0,0,0,0,0
2,1,170581,0,0,0,0,0,0,0,0,0,0
1,1,170582,18,18,18,18,18,18,18,18,18,18
1,1,170583,0,0,0,0,0,0,0,0,0,0
1,1,170584,8,8,8,8,8,8,8,8,8,8
2,1,170584,0,0,0,0,0,0,0,0,0,0
1,1,170585,0,0,0,0,12,0,0,0,0,0
2,1,170585,0,0,0,0,7,0,0,0,0,0
1,1,170586,16,16,16,16,16,16,16,16,16,16
1,1,170587,0,0,0,0,0,0,0,0,0,0
2,1,170587,0,0,0,0,0,0,0,0,0,0
1,1,170588,0,0,0,0,0,0,0,0,0,0
2,1,170588,0,0,0,0,0,0,0,0,0,0
1,1,170589,0,0,0,0,0,0,0,0,0,0
1,1,170590,0,20,20,9,26,0,14,0,10,14
0,1,170591,0,0,0,0,0,0,21,39,0,0
0,2,170591,0,0,0,0,0,0,0,0,0,0
1,1,170591,0,0,0,0,0,0,0,0,0,0
0,1,170592,20,20,20,20,20,20,20,20,20,20
1,1,170592,0,0,0,0,0,0,0,0,0,0
1,1,170593,0,0,0,0,0,0,0,0,0,0
1,1,170594,0,0,0,0,0,0,0,0,0,0
2,1,170594,0,0,0,0,0,0,0,0,0,0
1,1,170595,0,0,0,0,0,0,0,0,0,0
1,1,170596,0,0,0,0,0,0,0,0,0,0
1,1,170597,9,9,9,9,9,9,9,9,9,9
1,1,170598,7,7,7,7,7,7,7,7,7,7
1,1,170599,2,2,2,2,2,2,2,2,2,2
0,1,170600,0,2,15,0,14,22,13,0,21,22
0,2,170600,0,23,5,17,0,13,0,0,0,7
0,3,170600,0,0,0,0,0,0,0,0,0,0
0,4,170600,0,0,0,0,0,0,0,0,0,0
0,5,170600,0,0,0,0,0,0,0,0,0,0
0,6,170600,4,0,24,0,0,0,0,0,0,0
1,1,170600,0,0,0,0,0,0,0,0,0,0
1,1,170601,0,0,0,0,0,0,0,0,0,8
1,1,170602,0,0,0,0,0,0,0,0,0,0
1,1,170603,0,0,0,0,0,0,0,0,0,0
2,1,170603,0,0,0,0,0,0,0,0,0,0
1,1,170604,31,31,31,31,31,31,31,31,31,31
1,1,170605,0,0,0,0,0,0,0,0,0,0
2,1,170605,0,25,8,0,0,12,0,0,0,0
1,1,170606,5,21,0,6,28,4,27,30,24,0
1,1,170607,16,16,16,16,16,16,16,16,16,16
1,1,170608,22,22,22,22,22,22,22,22,22,22
1,1,170609,0,0,0,0,0,0,0,0,0,0
2,1,170609,0,0,0,0,0,0,0,0,0,0
1,1,170610,0,0,0,12,16,2,0,0,0,0
1,1,170612,0,0,0,0,0,0,0,0,0,0
2,1,170612,0,0,0,0,0,0,0,0,0,0
1,1,170613,0,0,0,0,0,0,0,0,0,0
1,1,170614,2,2,2,2,2,2,2,2,2,2
2,1,170614,0,0,0,0,0,0,0,0,0,0
1,1,170615,21,21,21,21,21,21,21,21,21,21
1,1,170616,22,22,22,22,22,22,22,22,22,22
1,1,170617,0,0,0,0,0,0,0,0,0,0
2,1,170617,0,0,0,0,0,0,0,0,0,0
1,1,170618,0,0,0,0,0,0,0,0,0,0
2,1,170618,0,0,0,0,0,0,0,0,0,0
3,1,170618,0,0,0,0,0,0,0,0,0,0
0,1,170619,25,25,25,25,25,25,25,25,25,25
1,1,170619,0,0,0,0,0,0,0,0,0,0
1,1,170620,19,19,19,19,19,19,19,19,19,19
0,1,170621,0,0,0,0,0,0,0,0,0,0
1,1,170621,0,0,0,0,0,0,0,0,0,0
1,1,170622,0,0,0,0,0,0,0,0,0,0
2,1,170622,0,0,0,0,0,0,0,0,0,0
1,1,170623,0,0,0,0,0,0,0,0,0,0
1,1,170624,0,0,0,0,0,0,0,0,0,0
1,1,170625,0,0,0,0,0,0,0,0,0,0
2,1,170625,1,1,1,1,1,1,1,1,1,1
1,1,170626,0,0,0,0,0,0,0,0,0,0
2,1,170626,0,0,0,0,0,0,0,0,0,0
1,1,170627,0,0,0,0,0,0,0,0,0,0
2,1,170627,0,0,0,0,0,0,0,0,0,0
3,1,170627,0,0,0,0,0,0,0,0,0,0
4,1,170627,0,0,0,0,0,0,0,0,0,0
0,1,170628,0,0,0,0,0,0,0,0,0,0