VEH_NO,PER_NO,ST_CASE,P1,P2,P3,P4,P5,P6,P7,P8,P9,P10
1,1,170628,0,0,0,0,0,0,0,0,0,0
1,1,170629,0,0,0,0,19,0,0,0,0,0
2,1,170629,0,0,0,0,0,0,0,0,0,0
3,1,170629,0,0,0,0,0,0,0,0,0,0
4,1,170629,0,0,6,0,0,0,0,4,0,0
1,1,170630,0,0,0,0,0,0,0,0,0,0
2,1,170630,0,0,0,0,0,0,0,0,0,0
0,1,170631,0,0,0,0,0,0,0,0,0,0
1,1,170631,0,0,11,0,3,0,0,0,0,0
1,1,170632,12,12,12,12,12,12,12,12,12,12
1,1,170633,0,0,0,0,0,0,0,0,0,0
1,1,170634,20,20,20,20,20,20,20,20,20,20
1,1,170635,0,0,0,0,0,0,0,0,0,0
2,1,170635,0,0,0,0,0,0,0,0,0,0
1,1,170636,16,17,0,0,15,20,0,0,11,0
2,1,170636,5,5,5,5,5,5,5,5,5,5
1,1,170637,0,0,0,0,0,0,0,0,0,0
0,1,170638,33,33,33,33,33,33,33,33,33,33
1,1,170638,0,0,0,0,0,0,0,0,0,0
1,1,170639,16,16,16,16,16,16,16,16,16,16
1,1,170640,27,0,0,0,0,0,0,0,0,0
2,1,170640,0,0,0,0,0,0,0,0,0,0
3,1,170640,0,0,0,0,0,0,0,0,0,0
1,1,170641,10,10,10,10,10,10,10,10,10,10
2,1,170641,10,10,10,10,10,10,10,10,10,10
1,1,170642,1,1,1,1,1,1,1,1,1,1
2,1,170642,0,0,0,0,0,0,0,0,0,0
1,1,170643,25,25,25,25,25,25,25,25,25,25
1,1,170644,0,0,0,0,0,0,0,0,0,0
1,1,170645,10,10,10,10,10,10,10,10,10,10
2,1,170645,0,0,0,0,0,0,0,0,0,0
0,1,170646,0,0,0,0,0,0,0,0,0,0
1,1,170646,0,11,0,0,0,0,14,0,0,0
1,1,170647,9,9,9,9,9,9,9,9,9,9
1,1,170648,0,0,0,0,0,0,0,0,0,0
0,1,170649,25,25,25,25,25,25,25,25,25,25
1,1,170649,0,0,0,0,0,0,0,0,0,0
1,1,170650,18,18,18,18,18,18,18,18,18,18
0,1,170651,0,0,0,0,0,0,0,0,0,0
1,1,170651,0,0,0,0,0,0,0,0,0,0
0,1,170652,3,3,3,3,3,3,3,3,3,3
1,1,170652,9,9,9,9,9,9,9,9,9,9
1,1,170653,0,0,0,0,0,0,0,0,0,0
2,1,170653,2,2,2,2,2,2,2,2,2,2
1,1,170654,0,0,0,0,0,0,0,0,0,0
2,1,170654,4,0,0,0,0,0,0,0,0,0
1,1,170655,0,0,0,0,0,0,0,0,0,0
2,1,170655,0,0,0,0,0,0,0,0,0,0
1,1,170656,3,3,3,3,3,3,3,3,3,3
0,1,170657,0,0,0,0,0,0,0,0,0,0
1,1,170657,0,0,0,7,16,0,0,0,0,0
1,1,170658,14,14,14,14,14,14,14,14,14,14
1,1,170659,36,36,36,36,36,36,36,36,36,36
1,1,170660,0,0,0,0,0,0,0,0,0,3
2,1,170660,0,0,0,0,0,0,0,0,0,0
1,1,170661,13,13,13,13,13,13,13,13,13,13
1,1,170662,0,10,0,0,0,0,0,0,0,0
2,1,170662,0,0,0,0,0,0,0,0,0,0
1,1,170663,21,21,21,21,21,21,21,21,21,21
1,1,170664,7,7,7,7,7,7,7,7,7,7
1,1,170665,16,16,16,16,16,16,16,16,16,16
1,1,170666,4,4,4,4,4,4,4,4,4,4
1,1,170667,15,15,15,15,15,15,15,15,15,15
0,1,170668,6,6,6,6,6,6,6,6,6,6
1,1,170668,16,0,0,14,16,13,0,0,0,6
0,1,170669,26,26,26,26,26,26,26,26,26,26
1,1,170669,0,0,0,0,0,0,0,0,0,0
1,1,170670,0,0,0,0,0,0,0,0,0,0
1,1,170671,9,9,9,9,9,9,9,9,9,9
0,1,170672,25,25,25,25,25,25,25,25,25,25
1,1,170672,0,0,12,0,0,19,0,0,0,0
1,1,170673,0,0,0,0,0,0,0,0,0,0
2,1,170673,0,0,0,0,0,0,0,0,0,12
0,1,170674,1,1,1,1,1,1,1,1,1,1
1,1,170674,0,0,2,0,0,0,0,0,10,0
1,1,170675,0,0,0,0,0,0,0,0,0,0
1,1,170676,0,0,0,0,0,0,0,0,0,0
2,1,170676,0,0,0,0,0,0,0,0,0,0
1,1,170677,12,12,12,12,12,12,12,12,12,12
1,1,170678,1,1,1,1,1,1,1,1,1,1
1,1,170679,20,20,20,20,20,20,20,20,20,20
2,1,170679,0,12,0,1,12,0,0,0,0,0
3,1,170679,1,1,1,1,1,1,1,1,1,1
1,1,170680,14,34,24,23,20,15,17,6,0,17
1,1,170681,23,23,23,23,23,23,23,23,23,23
1,1,170682,24,24,24,24,24,24,24,24,24,24
2,1,170682,0,0,0,0,0,0,0,0,0,0
3,1,170682,0,0,0,0,0,0,0,0,0,0
4,1,170682,0,0,0,0,0,0,0,0,0,0
1,1,170683,0,0,0,0,0,0,0,0,0,0
2,1,170683,0,0,0,0,0,0,0,0,0,5
1,1,170684,0,0,0,0,0,0,0,0,0,0
2,1,170684,0,0,0,0,0,0,0,0,0,0
1,1,170685,16,16,16,16,16,16,16,16,16,16
1,1,170686,0,0,0,0,0,0,0,0,0,0
2,1,170686,0,0,0,0,0,0,0,0,0,0
3,1,170686,0,0,0,0,0,0,0,0,0,0
4,1,170686,0,0,0,0,0,0,0,0,0,3
1,1,170687,0,0,0,0,0,0,0,0,0,0
1,1,170688,0,0,0,0,0,0,0,0,0,0
1,1,170689,13,13,13,13,13,13,13,13,13,13
0,1,170690,0,0,0,0,0,0,0,0,0,0
1,1,170690,1,1,1,1,1,1,1,1,1,1
1,1,170691,24,24,24,24,24,24,24,24,24,24
2,1,170691,0,10,0,0,0,0,0,0,0,0
0,1,170692,2,2,2,2,2,2,2,2,2,2
1,1,170692,0,0,0,0,0,0,0,0,0,0
1,1,170693,0,3,0,0,0,0,0,0,0,0
2,1,170693,0,0,0,0,0,0,0,0,0,0
1,1,170694,6,6,6,6,6,6,6,6,6,6
2,1,170694,9,9,9,9,9,9,9,9,9,9
1,1,170695,6,12,4,24,18,11,18,12,7,0
2,1,170695,17,17,17,17,17,17,17,17,17,17
0,1,170696,0,0,0,0,0,0,0,0,0,0
1,1,170696,7,7,7,7,7,7,7,7,7,7
0,1,170697,0,0,0,0,0,0,0,0,0,0
1,1,170697,0,0,19,0,0,0,0,0,0,0
1,1,170698,0,18,15,0,16,0,0,9,0,33
2,1,170698,0,0,0,0,0,0,0,0,0,0
1,1,170699,15,15,15,15,15,15,15,15,15,15
2,1,170699,0,0,0,0,0,0,0,0,0,0
3,1,170699,0,0,8,0,0,0,0,0,0,0
0,1,170700,57,57,57,57,57,57,57,57,57,57
1,1,170700,0,0,0,0,0,0,0,0,0,0
1,1,170701,0,0,0,0,0,0,0,0,0,0
2,1,170701,0,0,0,0,0,0,0,0,0,0
1,1,170702,0,0,0,0,0,0,0,0,0,0
0,1,170703,3,3,3,3,3,3,3,3,3,3
1,1,170703,0,0,0,0,0,0,0,0,0,0
1,1,170704,0,0,0,0,0,0,0,0,0,0
2,1,170704,0,0,0,0,0,0,0,0,0,0
3,1,170704,0,0,0,0,0,0,0,0,0,0
4,1,170704,0,0,0,0,0,0,0,0,0,0
1,1,170705,0,0,0,0,0,0,0,0,0,0
2,1,170705,32,0,0,0,0,18,0,24,0,17
1,1,170706,26,26,26,26,26,26,26,26,26,26
1,1,170707,12,12,12,12,12,12,12,12,12,12
1,1,170708,0,0,0,0,0,0,0,0,0,0
1,1,170709,10,10,10,10,10,10,10,10,10,10
1,1,170710,0,0,0,0,0,0,0,0,0,0
2,1,170710,0,0,0,0,0,0,0,0,20,0
0,1,170711,9,9,9,9,9,9,9,9,9,9
1,1,170711,0,0,0,0,0,0,0,0,0,0
1,1,170712,0,0,0,0,0,0,0,0,0,0
2,1,170712,0,0,0,0,0,0,0,0,0,0
1,1,170713,0,0,0,0,0,0,0,0,0,0
2,1,170713,0,0,0,0,12,0,0,0,0,9
1,1,170714,0,7,0,0,0,0,0,0,0,0
2,1,170714,0,0,0,0,0,0,0,0,0,0
1,1,170715,0,0,0,0,0,0,0,0,0,0
2,1,170715,0,0,0,0,0,0,0,0,0,0
1,1,170716,0,0,0,0,0,0,0,0,0,0
1,1,170717,11,11,11,11,11,11,11,11,11,11
1,1,170718,11,11,11,11,11,11,11,11,11,11
1,1,170719,0,0,0,0,0,0,0,0,0,0
2,1,170719,0,0,0,0,0,0,0,0,0,0
1,1,170720,0,0,18,18,0,0,0,0,0,0
1,1,170721,0,8,7,4,7,0,0,7,0,18
1,1,170722,0,0,0,0,0,0,0,0,0,0
2,1,170722,0,0,0,0,0,0,0,0,0,0
1,1,170723,0,0,0,0,0,0,0,0,0,0
2,1,170723,0,0,0,0,0,0,0,0,0,0
1,1,170724,0,0,0,0,0,0,0,0,0,0
1,1,170725,0,0,0,0,0,0,0,0,0,0
1,1,170726,21,21,21,21,21,21,21,21,21,21
1,1,170727,0,0,0,0,0,0,0,0,0,0
2,1,170727,22,22,22,22,22,22,22,22,22,22
3,1,170727,0,0,0,0,0,0,0,0,0,0
1,1,170728,22,22,22,22,22,22,22,22,22,22
2,1,170728,2,2,2,2,2,2,2,2,2,2
0,1,170729,24,29,0,0,0,0,0,22,12,25
1,1,170729,0,0,0,0,0,0,8,5,0,0
1,1,170730,0,0,0,0,0,0,0,0,0,0
1,1,170731,0,0,0,0,0,0,0,0,0,0
2,1,170731,0,0,0,0,0,0,8,0,0,0
0,1,170732,0,0,0,0,0,0,0,0,0,0
1,1,170732,0,0,0,0,16,0,0,0,0,0
1,1,170733,0,0,0,0,0,0,0,0,0,0
2,1,170733,0,0,0,0,0,0,0,0,0,0
1,1,170734,0,0,0,0,0,0,0,0,0,0
2,1,170734,0,0,0,14,0,0,17,0,0,0
1,1,170735,10,10,10,10,10,10,10,10,10,10
2,1,170735,2,2,2,2,2,2,2,2,2,2
1,1,170736,0,0,0,0,0,0,0,0,0,0
2,1,170736,0,0,0,0,0,0,0,0,0,0
1,1,170737,0,0,0,0,0,0,0,0,0,0
2,1,170737,0,0,0,0,0,0,0,14,0,0
1,1,170738,0,0,0,0,0,6,0,0,0,0
1,1,170739,0,0,0,0,0,0,0,0,0,0
0,1,170740,0,0,0,0,0,0,0,0,0,0
0,2,170740,0,0,0,0,0,0,0,0,0,0
0,3,170740,0,0,5,0,0,0,6,19,0,0
1,1,170740,0,0,0,0,0,0,0,0,0,0
1,1,170741,0,0,0,0,0,0,0,0,0,0
2,1,170741,0,21,18,18,8,27,0,11,0,0
1,1,170742,0,0,0,0,0,0,0,0,0,0
1,1,170743,10,10,10,10,10,10,10,10,10,10
2,1,170743,0,0,0,0,0,0,0,0,0,0
1,1,170744,6,6,6,6,6,6,6,6,6,6
1,1,170745,13,13,13,13,13,13,13,13,13,13
1,1,170746,16,16,16,16,16,16,16,16,16,16
0,1,170747,0,0,0,0,0,0,0,0,0,0
1,1,170747,0,0,0,0,0,0,0,0,0,0
1,1,170748,12,0,17,0,0,11,0,16,19,17
2,1,170748,0,0,0,0,0,0,0,0,0,0
1,1,170749,8,8,8,8,8,8,8,8,8,8
1,1,170750,0,0,0,0,0,0,0,0,0,0
2,1,170750,0,0,0,0,0,0,0,0,0,0
1,1,170751,17,17,17,17,17,17,17,17,17,17
2,1,170751,0,0,0,0,0,0,0,0,0,0
1,1,170752,12,12,12,12,12,12,12,12,12,12
1,1,170753,0,0,0,0,0,0,0,0,0,0
1,1,170754,0,0,0,0,0,0,0,0,0,0
2,1,170754,0,0,0,0,0,0,0,12,0,0
3,1,170754,0,0,0,0,0,0,0,0,0,0
4,1,170754,0,0,0,0,0,0,0,0,0,0
1,1,170755,0,15,0,0,0,0,0,0,0,11
2,1,170755,0,0,0,0,0,0,0,0,0,0
1,1,170756,0,0,0,0,0,0,0,0,0,0
1,1,170757,0,0,0,0,0,0,0,0,0,0
1,1,170758,0,0,0,0,0,0,0,0,0,0
2,1,170758,0,0,0,0,0,0,0,0,0,0
0,1,170759,0,0,0,0,0,0,0,0,0,0
1,1,170759,0,0,0,0,0,0,0,0,0,0
1,1,170760,0,0,0,0,0,0,0,0,0,5
2,1,170760,0,0,0,0,0,0,0,0,0,0
1,1,170762,0,0,0,0,0,0,0,0,0,0
2,1,170762,0,0,0,0,0,0,0,0,0,0
1,1,170763,0,0,0,0,0,0,0,0,0,0
2,1,170763,0,0,0,0,0,0,0,0,0,0
1,1,170764,14,14,14,14,14,14,14,14,14,14
2,1,170764,0,9,0,0,0,0,0,0,0,0
0,1,170765,22,22,22,22,22,22,22,22,22,22
1,1,170765,0,0,0,0,0,0,0,0,0,0
1,1,170766,0,0,0,0,0,0,0,0,0,0
2,1,170766,0,0,0,0,0,0,0,0,0,0
3,1,170766,0,0,0,0,0,0,0,0,0,0
0,1,170767,7,7,7,7,7,7,7,7,7,7
1,1,170767,0,0,0,0,0,0,0,0,0,0
1,1,170768,0,0,0,0,0,0,0,0,0,0
1,1,170769,24,24,24,24,24,24,24,24,24,24
2,1,170769,0,0,0,0,0,0,0,0,0,0
1,1,170770,0,0,0,0,0,0,0,0,0,0
1,1,170771,0,0,0,0,0,0,0,0,0,0
1,1,170772,0,0,0,0,0,0,0,0,0,0
1,1,170773,3,3,3,3,3,3,3,3,3,3
1,1,170774,22,22,22,22,22,22,22,22,22,22
2,1,170774,0,0,0,0,0,0,0,0,0,0
1,1,170775,0,0,0,0,0,0,0,0,0,0
1,1,170776,22,22,22,22,22,22,22,22,22,22
1,1,170777,54,54,54,54,54,54,54,54,54,54
1,1,170778,22,22,22,22,22,22,22,22,22,22
1,1,170779,9,9,9,9,9,9,9,9,9,9
1,1,170780,0,0,0,0,0,0,0,0,0,0
1,1,170781,0,0,0,0,0,0,0,0,0,0
1,1,170782,11,11,11,11,11,11,11,11,11,11
1,1,170783,0,0,0,0,0,0,0,0,0,0
2,1,170783,0,0,0,0,0,0,0,0,0,0
1,1,170784,0,0,0,0,0,0,0,0,0,0
2,1,170784,0,0,0,0,0,0,0,0,0,0
1,1,170785,0,0,0,0,0,0,0,0,0,0
1,1,170786,6,6,6,6,6,6,6,6,6,6
1,1,170787,19,19,19,19,19,19,19,19,19,19
1,1,170788,0,0,0,0,0,0,0,0,0,0
1,1,170789,16,16,16,16,16,16,16,16,16,16
2,1,170789,0,0,0,0,0,0,18,0,0,0
1,1,170790,0,0,0,0,0,0,0,0,0,0
1,1,170791,0,0,7,0,0,0,0,0,0,0
1,1,170792,0,0,0,0,0,0,0,0,0,0
1,1,170793,9,9,9,9,9,9,9,9,9,9
2,1,170793,0,0,25,0,0,0,0,0,0,0
1,1,170794,0,0,0,0,0,0,0,0,0,0
2,1,170794,0,0,0,0,0,0,0,0,0,0
1,1,170795,0,0,0,0,0,0,0,0,0,0
1,1,170796,26,26,26,26,26,26,26,26,26,26
1,1,170797,28,28,28,28,28,28,28,28,28,28
0,1,170798,14,14,14,14,14,14,14,14,14,14
1,1,170798,14,14,14,14,14,14,14,14,14,14
1,1,170799,0,0,0,0,12,0,0,8,0,0
2,1,170799,0,0,0,0,0,0,0,0,0,0
1,1,170800,4,4,4,4,4,4,4,4,4,4
2,1,170800,0,0,0,0,0,0,0,0,0,0
3,1,170800,0,0,0,0,0,0,0,0,0,0
1,1,170801,0,0,10,0,32,0,0,0,0,0
1,1,170802,0,0,0,0,0,0,0,0,0,0
1,1,170803,0,0,0,0,0,0,0,0,0,0
2,1,170803,0,0,0,0,0,0,0,0,0,0
1,1,170804,0,0,0,0,0,0,0,0,0,0
2,1,170804,0,0,0,0,0,0,0,0,0,0
1,1,170805,0,0,0,0,0,0,0,0,0,0
2,1,170805,0,0,0,0,0,0,0,0,0,0
1,1,170806,24,24,24,24,24,24,24,24,24,24
2,1,170806,0,0,0,0,0,0,0,0,0,0
1,1,170807,16,16,16,16,16,16,16,16,16,16
2,1,170807,14,14,14,14,14,14,14,14,14,14
1,1,170808,9,9,9,9,9,9,9,9,9,9
2,1,170808,0,0,0,0,0,0,0,0,0,0
1,1,170809,17,17,17,17,17,17,17,17,17,17
0,1,170810,0,0,0,0,0,0,0,0,0,0
0,2,170810,0,0,0,8,0,0,0,0,12,0
1,1,170810,0,0,0,8,0,0,0,0,0,0
1,1,170811,0,0,0,0,0,0,0,0,0,0
2,1,170811,0,0,6,0,0,0,0,0,0,0
3,1,170811,0,0,0,0,5,0,0,0,0,3
1,1,170812,0,0,0,0,0,0,0,0,0,0
0,1,170813,0,0,0,0,0,0,0,0,0,0
1,1,170813,1,1,1,1,1,1,1,1,1,1
1,1,170814,22,22,22,22,22,22,22,22,22,22
2,1,170814,0,0,0,0,0,0,0,0,0,0
1,1,170815,24,24,24,24,24,24,24,24,24,24
2,1,170815,0,0,0,0,0,0,0,0,0,0
1,1,170816,0,0,0,0,0,0,0,0,0,0
1,1,170817,0,0,0,0,0,0,0,0,0,0
1,1,170818,0,0,0,0,0,0,0,0,0,0
2,1,170818,0,0,0,0,0,0,0,0,0,0
1,1,170819,0,0,0,0,0,0,0,0,0,0
1,1,170820,22,22,22,22,22,22,22,22,22,22
1,1,170821,0,0,0,0,0,0,0,0,0,0
2,1,170821,0,0,0,0,0,0,0,0,0,0
1,1,170822,0,0,8,15,0,0,0,0,0,0
1,1,170823,10,13,6,17,0,17,0,0,20,10
1,1,170824,0,0,0,0,0,0,0,0,0,0
1,1,170825,0,0,0,0,0,0,0,0,0,0
2,1,170825,0,0,0,0,0,0,0,0,0,0
1,1,170826,0,0,0,0,0,0,0,0,0,0
2,1,170826,0,0,0,0,0,0,0,0,0,0
1,1,170827,0,0,0,0,0,0,0,0,0,0
2,1,170827,0,0,0,0,0,0,0,0,0,0
1,1,170828,0,0,0,0,0,0,0,0,0,0
1,1,170829,0,0,0,0,0,0,0,0,0,0
2,1,170829,0,0,0,0,0,0,0,0,0,0
3,1,170829,0,0,0,0,0,0,0,0,0,0
1,1,170830,0,0,0,0,0,0,0,0,0,0
1,1,170831,17,17,17,17,17,17,17,17,17,17
1,1,170832,19,0,0,0,0,0,0,0,22,0
2,1,170832,0,0,0,0,0,0,0,0,0,0
1,1,170834,0,0,0,0,0,0,0,0,0,0
1,1,170835,0,0,0,0,0,0,0,0,0,0
2,1,170835,0,0,0,0,0,0,0,0,0,0
3,1,170835,0,0,0,0,0,0,0,0,0,0
1,1,170836,8,8,8,8,8,8,8,8,8,8
2,1,170836,0,0,0,0,3,0,0,0,0,0
0,1,170837,0,0,0,0,0,0,0,0,0,0
1,1,170837,0,0,0,0,0,0,0,0,27,0
1,1,170838,0,0,0,0,0,0,0,0,0,0
2,1,170838,0,0,0,0,0,0,0,0,0,0
1,1,170839,0,0,0,0,0,0,0,0,0,0
2,1,170839,0,0,0,0,0,0,0,0,0,0
1,1,170840,0,0,0,0,0,0,0,0,0,0
0,1,170841,14,14,14,14,14,14,14,14,14,14
1,1,170841,29,0,0,18,0,0,0,0,0,0
1,1,170842,0,0,0,0,0,0,0,0,0,0
1,1,170843,17,17,17,17,17,17,17,17,17,17
1,1,170844,0,0,0,0,0,0,0,0,0,0
1,1,170845,12,12,12,12,12,12,12,12,12,12
1,1,170846,14,20,15,19,9,15,0,0,0,14
2,1,170846,0,0,0,0,0,0,0,0,0,0
0,1,170847,21,21,21,21,21,21,21,21,21,21
1,1,170847,20,0,0,0,18,0,0,0,14,0
1,1,170848,23,23,23,23,23,23,23,23,23,23
1,1,170849,0,0,0,0,0,0,0,0,0,0
2,1,170849,0,0,0,0,0,0,0,0,0,0
3,1,170849,0,0,0,0,0,0,0,0,0,0
4,1,170849,0,0,0,0,0,0,0,0,0,0
1,1,170850,9,9,9,9,9,9,9,9,9,9
2,1,170850,0,13,0,0,0,0,0,0,0,5
1,1,170852,25,25,25,25,25,25,25,25,25,25
2,1,170852,0,17,0,0,0,0,0,0,19,0
3,1,170852,0,0,0,0,0,0,0,0,0,0
4,1,170852,0,0,0,0,0,0,0,0,0,0
5,1,170852,0,0,0,0,0,0,0,0,0,0
1,1,170853,16,16,16,16,16,16,16,16,16,16
1,1,170854,0,0,0,0,0,0,0,0,0,0
2,1,170854,0,0,0,0,0,0,0,0,0,0
1,1,170855,15,15,15,15,15,15,15,15,15,15
2,1,170855,0,0,0,0,0,0,0,0,0,0
3,1,170855,0,0,0,0,0,0,0,0,0,0
4,1,170855,0,0,0,0,0,0,0,0,0,0
1,1,170856,0,0,0,0,0,0,0,0,0,0
2,1,170856,0,0,0,0,0,0,0,0,0,0
1,1,170857,0,13,0,18,0,19,14,0,0,0
2,1,170857,0,0,0,0,22,11,0,0,5,9
1,1,170858,0,0,0,0,0,0,0,0,0,0
0,1,170859,0,0,0,0,0,0,0,0,0,0
1,1,170859,23,0,8,0,0,0,0,0,13,0
2,1,170859,8,0,0,0,0,0,0,0,13,0
1,1,170860,0,0,0,0,0,0,0,0,0,0
2,1,170860,0,0,0,0,0,0,0,0,0,0
1,1,170861,7,7,7,7,7,7,7,7,7,7
2,1,170861,0,0,0,0,0,0,0,0,0,0
1,1,170862,22,22,22,22,22,22,22,22,22,22
1,1,170863,20,20,20,20,20,20,20,20,20,20
1,1,170864,0,0,0,0,0,0,0,0,0,0
0,1,170865,0,0,0,0,0,0,16,0,0,0
1,1,170865,0,0,0,0,0,0,0,0,0,0
1,1,170866,0,0,0,0,0,0,0,0,0,0
2,1,170866,0,0,0,0,0,5,0,0,0,0
1,1,170867,0,0,0,0,0,0,0,0,0,0
2,1,170867,0,0,0,0,0,0,0,0,0,0
1,1,170868,0,7,0,0,0,0,8,0,0,0
1,1,170869,0,0,0,0,0,0,0,0,0,0
2,1,170869,0,0,0,0,0,0,0,0,0,0
1,1,170870,36,36,36,36,36,36,36,36,36,36
1,1,170871,24,0,0,0,16,0,0,0,32,21
2,1,170871,0,0,0,0,0,0,0,0,0,0
3,1,170871,0,0,0,0,0,0,0,0,0,0
4,1,170871,11,28,22,0,0,0,0,0,16,0
0,1,170872,0,0,0,0,0,0,0,0,0,0
1,1,170872,14,14,14,14,14,14,14,14,14,14
1,1,170873,20,20,20,20,20,20,20,20,20,20
1,1,170874,29,29,29,29,29,29,29,29,29,29
1,1,170875,0,0,0,0,0,0,0,0,0,0
2,1,170875,0,0,0,0,0,0,0,0,0,0
0,1,170877,0,0,0,0,0,0,0,0,0,0
1,1,170877,9,9,9,9,9,9,9,9,9,9
1,1,170878,13,13,13,13,13,13,13,13,13,13
1,1,170879,0,0,0,0,0,0,0,0,0,0
1,1,170880,0,0,0,0,0,0,0,0,0,0
2,1,170880,0,0,0,0,0,0,0,0,0,0
1,1,170881,0,0,0,0,0,0,0,0,0,0
1,1,170882,24,24,24,24,24,24,24,24,24,24
1,1,170883,0,0,0,0,0,0,0,0,0,0
2,1,170883,0,0,0,0,0,0,0,0,0,0
1,1,170884,0,0,0,0,0,0,0,0,0,0
2,1,170884,0,13,0,0,0,0,0,0,0,0
1,1,170885,0,0,0,0,0,0,0,0,0,0
1,1,170887,12,12,12,12,12,12,12,12,12,12
0,1,170888,38,38,38,38,38,38,38,38,38,38
1,1,170888,17,17,17,17,17,17,17,17,17,17
2,1,170888,0,0,0,0,0,0,0,0,0,14
3,1,170888,0,0,17,0,0,0,39,18,0,0
1,1,170889,26,26,26,26,26,26,26,26,26,26
0,1,170890,0,0,0,0,0,0,0,0,0,0
0,2,170890,25,0,16,7,0,0,0,0,0,0
0,3,170890,10,9,20,0,0,0,0,0,0,0
1,1,170890,5,30,0,17,0,0,14,7,17,0
1,1,170891,0,7,0,0,12,0,16,6,14,18
2,1,170891,0,0,0,0,0,0,0,0,0,7
3,1,170891,0,0,0,0,0,0,0,0,0,0
1,1,170892,0,0,0,0,0,0,0,0,0,0
1,1,170893,11,11,11,11,11,11,11,11,11,11
2,1,170893,0,0,0,0,0,0,0,0,0,0
1,1,170894,0,0,0,0,0,0,0,0,0,0
1,1,170895,6,6,6,6,6,6,6,6,6,6
1,1,170896,5,5,5,5,5,5,5,5,5,5
1,1,170897,19,19,19,19,19,19,19,19,19,19
0,1,170898,0,0,0,0,0,0,0,0,0,0
0,2,170898,36,31,14,13,0,13,0,8,0,0
1,1,170898,13,13,13,13,13,13,13,13,13,13
1,1,170899,0,0,0,0,0,0,0,0,0,0
1,1,170900,0,0,0,0,0,0,0,0,0,0
2,1,170900,0,0,0,0,0,7,0,0,0,0
1,1,170901,0,0,0,0,0,0,0,0,0,0
2,1,170901,0,0,0,0,0,0,0,0,0,0
1,1,170902,0,0,0,0,2,0,0,0,6,17
1,1,170903,0,0,0,0,0,0,0,0,0,0
0,1,170904,0,0,12,0,0,0,4,0,0,0
1,1,170904,0,0,0,0,0,0,0,4,0,0
1,1,170905,1,1,1,1,1,1,1,1,1,1
1,1,170906,0,0,0,0,0,0,0,0,0,0
1,1,170907,17,2,16,0,8,4,15,9,13,10
2,1,170907,5,0,0,0,0,0,0,0,0,0
1,1,170908,0,0,0,0,0,0,0,0,0,0
2,1,170908,0,0,0,0,0,0,0,0,0,0
1,1,170909,15,15,40,25,19,25,9,39,20,22
0,1,170910,0,0,0,0,0,0,0,0,0,0
1,1,170910,0,0,12,0,29,11,20,0,22,22
0,1,170912,17,17,17,17,17,17,17,17,17,17
1,1,170912,0,0,0,0,0,0,0,0,0,0
1,1,170913,21,21,21,21,21,21,21,21,21,21
1,1,170914,19,19,19,19,19,19,19,19,19,19
1,1,170915,0,0,0,0,0,0,0,0,0,0
2,1,170915,0,0,0,0,0,0,0,0,0,0
1,1,170916,13,13,13,13,13,13,13,13,13,13
2,1,170916,0,0,0,0,0,0,0,0,0,0
1,1,170917,0,0,0,0,0,0,0,0,0,0
1,1,170918,17,17,17,17,17,17,17,17,17,17
1,1,170919,0,0,0,0,0,0,0,0,14,0
1,1,170920,0,0,0,0,0,0,0,0,0,0
1,1,170921,0,0,0,0,0,0,0,0,0,0
2,1,170921,0,0,0,0,0,0,0,0,0,0
0,1,170922,17,17,17,17,17,17,17,17,17,17
1,1,170922,0,0,0,0,0,0,0,0,0,0
1,1,170923,16,7,23,20,7,30,41,19,21,0
1,1,170924,23,23,23,23,23,23,23,23,23,23
1,1,170925,28,28,28,28,28,28,28,28,28,28
1,1,170926,0,0,0,0,0,0,0,0,0,0
1,1,170927,0,0,0,0,0,22,0,0,0,0
2,1,170927,15,0,0,0,0,21,0,0,0,0
3,1,170927,0,0,0,0,0,0,0,0,0,0
1,1,170928,0,0,0,0,0,0,0,0,0,0
2,1,170928,0,0,0,0,0,0,0,0,0,0
0,1,170929,0,0,0,0,0,0,0,0,0,0
1,1,170929,0,0,0,0,0,10,0,0,0,0
1,1,170930,16,16,16,16,16,16,16,16,16,16
1,1,170931,0,0,0,0,0,0,0,0,0,0
0,1,170932,0,0,0,0,0,0,0,0,0,0
1,1,170932,0,0,0,0,0,0,0,0,0,0
1,1,170933,14,14,14,14,14,14,14,14,14,14
1,1,170934,0,0,0,0,0,0,0,0,0,0
1,1,170935,8,8,8,8,8,8,8,8,8,8
2,1,170935,13,13,13,13,13,13,13,13,13,13
1,1,170936,7,13,8,26,19,31,12,4,21,28
1,1,170937,0,0,0,0,0,0,0,0,0,0
2,1,170937,0,0,0,0,0,0,0,0,0,0
1,1,170938,43,0,0,31,0,0,34,10,0,16
0,1,170939,15,15,15,15,15,15,15,15,15,15