VEH_NO,PER_NO,ST_CASE,P1,P2,P3,P4,P5,P6,P7,P8,P9,P10
1,1,170939,0,0,0,16,0,0,11,0,0,12
1,1,170940,0,0,0,0,0,0,0,0,0,0
2,1,170940,0,0,0,0,0,0,0,0,0,0
1,1,170941,0,0,0,0,0,0,0,0,0,0
2,1,170941,0,0,0,0,0,0,0,0,0,0
3,1,170941,15,0,0,0,0,0,0,0,0,0
1,1,170942,0,0,0,0,0,0,0,0,0,0
1,1,170943,0,0,0,0,0,0,0,0,0,0
2,1,170943,0,0,0,0,0,0,0,0,0,0
1,1,170944,0,0,0,0,0,0,0,0,0,0
2,1,170944,0,0,0,0,0,19,5,0,0,0
1,1,170945,0,0,0,0,0,0,0,0,0,0
2,1,170945,0,0,0,0,0,0,0,0,0,0
3,1,170945,0,0,0,0,0,0,0,0,0,0
1,1,170946,0,0,0,0,0,0,0,0,0,0
1,1,170947,0,0,0,0,0,0,0,0,0,0
2,1,170947,0,0,0,0,0,0,0,0,0,0
1,1,170948,0,0,0,0,0,0,0,0,0,0
2,1,170948,0,0,0,0,0,0,0,0,0,0
1,1,170949,17,17,17,17,17,17,17,17,17,17
1,1,170950,10,10,10,10,10,10,10,10,10,10
1,1,170951,2,2,2,2,2,2,2,2,2,2
1,1,170952,31,18,23,29,21,30,35,43,17,21
1,1,170953,0,0,0,0,0,0,0,0,0,0
0,1,170954,0,0,0,0,0,0,0,0,0,0
1,1,170954,0,0,0,0,0,0,0,0,0,0
0,1,170955,16,16,16,16,16,16,16,16,16,16
1,1,170955,0,0,0,0,0,27,0,0,0,0
1,1,170956,0,0,0,0,0,0,0,0,0,0
2,1,170956,0,0,0,0,0,0,0,0,0,0
1,1,170957,0,0,0,0,0,0,0,0,0,0
2,1,170957,0,0,0,0,0,0,0,0,0,0
1,1,170958,0,0,0,0,0,0,0,0,0,0
2,1,170958,0,0,0,0,0,0,0,0,0,0
1,1,170959,0,0,0,0,0,0,0,0,0,0
2,1,170959,0,0,0,0,0,0,0,0,0,0
1,1,170960,0,0,12,15,0,18,0,0,0,13
2,1,170960,7,7,7,7,7,7,7,7,7,7
1,1,170961,2,2,2,2,2,2,2,2,2,2
0,1,170962,22,22,22,22,22,22,22,22,22,22
1,1,170962,0,0,0,0,0,0,0,0,0,0
1,1,170963,0,0,0,0,0,0,0,0,0,0
2,1,170963,0,0,0,0,0,0,0,0,0,0
1,1,170964,14,14,14,14,14,14,14,14,14,14
2,1,170964,0,0,0,0,0,0,0,0,0,0
0,1,170966,0,0,0,0,0,0,0,0,0,0
1,1,170966,0,0,3,0,0,0,0,0,0,0
0,1,170968,0,0,0,0,0,0,0,0,0,0
1,1,170968,0,0,0,0,0,0,0,0,0,0
0,1,170969,0,0,0,0,0,0,0,0,0,0
1,1,170969,0,0,0,0,0,0,0,0,0,0
1,1,170970,0,0,0,0,0,0,0,0,0,0
2,1,170970,0,0,0,0,0,0,0,0,0,0
1,1,170971,0,0,0,0,0,0,0,0,0,0
1,1,170972,0,0,0,0,0,0,0,0,0,0
1,1,170973,36,36,36,36,36,36,36,36,36,36
2,1,170973,0,0,0,0,0,0,0,0,0,0
1,1,170974,0,5,0,0,0,0,13,0,0,0
2,1,170974,0,0,0,0,0,0,0,0,0,0
0,1,170975,0,0,0,0,0,0,0,0,0,0
1,1,170975,0,0,0,0,0,0,0,0,0,0
2,1,170975,0,0,0,0,0,0,0,0,0,0
1,1,170976,20,25,0,33,33,18,37,20,16,16
1,1,170977,18,18,18,18,18,18,18,18,18,18
2,1,170977,0,0,0,0,0,0,0,0,0,0
1,1,170978,0,0,0,0,0,0,0,0,0,0
2,1,170978,0,0,0,0,0,0,0,0,0,0
1,1,170979,0,0,0,0,14,22,0,11,0,0
1,1,170980,0,0,0,0,0,0,0,0,0,0
2,1,170980,0,0,0,0,0,0,0,0,0,0
0,1,170981,0,0,0,0,0,0,0,0,0,0
1,1,170981,11,11,11,11,11,11,11,11,11,11
1,1,170982,18,18,18,18,18,18,18,18,18,18
1,1,170983,12,12,12,12,12,12,12,12,12,12
1,1,170984,0,0,0,0,0,0,0,0,0,0
1,1,170985,0,0,0,0,0,0,0,0,0,0
2,1,170985,0,0,0,0,0,0,0,0,0,0
0,1,170986,29,29,29,29,29,29,29,29,29,29
1,1,170986,0,17,0,0,8,0,0,0,0,35
1,1,170987,0,0,0,0,0,0,0,0,0,0
2,1,170987,3,3,3,3,3,3,3,3,3,3
3,1,170987,0,0,0,0,0,0,0,0,0,0
1,1,170988,22,22,22,22,22,22,22,22,22,22
0,1,170989,0,0,0,0,0,0,0,0,0,0
1,1,170989,0,0,0,0,0,0,0,0,0,0
1,1,170990,12,12,12,12,12,12,12,12,12,12
2,1,170990,0,0,0,0,0,0,0,5,0,13
3,1,170990,0,0,0,0,0,0,0,0,0,0
1,1,170991,0,0,0,0,0,0,0,0,0,0
2,1,170991,0,0,0,0,0,0,0,0,0,0
0,1,170992,0,0,0,0,0,0,0,0,0,0
1,1,170992,0,0,0,0,0,0,0,0,0,0
1,1,170993,16,16,16,16,16,16,16,16,16,16
2,1,170993,0,0,0,0,0,0,0,0,0,0
1,1,170994,0,0,0,0,0,5,0,0,0,0
2,1,170994,20,0,13,7,0,29,0,0,0,33
1,1,170995,21,21,21,21,21,21,21,21,21,21
1,1,170996,0,0,0,0,0,0,0,0,0,0
2,1,170996,0,0,0,0,0,0,0,0,0,0
1,1,170997,0,16,0,4,0,0,0,0,0,4
2,1,170997,0,0,0,0,0,0,0,0,0,0
1,1,170998,27,27,27,27,27,27,27,27,27,27
2,1,170998,15,15,15,15,15,15,15,15,15,15
1,1,170999,6,6,6,6,6,6,6,6,6,6
2,1,170999,0,0,0,0,0,0,0,0,0,0
1,1,171000,0,0,0,0,0,0,0,0,0,0
2,1,171000,0,0,0,0,0,0,0,0,0,0
0,1,171001,0,0,0,0,0,0,0,0,0,0
1,1,171001,0,0,0,0,0,0,0,0,0,0
1,1,171002,20,20,20,20,20,20,20,20,20,20
0,1,171003,0,0,0,0,0,0,0,0,0,0
1,1,171003,0,0,0,0,0,0,0,0,0,0
0,1,171004,0,0,0,0,0,0,0,0,0,0
1,1,171004,0,0,0,0,0,0,0,0,0,0
1,1,171005,13,13,13,13,13,13,13,13,13,13
1,1,171006,0,0,0,0,0,0,0,0,0,0
2,1,171006,0,0,0,0,0,0,0,0,0,0
1,1,171007,0,0,0,0,0,0,0,0,0,0
2,1,171007,0,0,0,0,0,0,0,0,0,0
1,1,171008,0,0,0,0,0,0,0,0,0,0
2,1,171008,0,0,0,0,0,0,0,0,0,0
1,1,171009,0,0,0,0,0,0,0,0,0,0
2,1,171009,0,0,0,0,0,0,0,0,0,0
0,1,171010,0,0,0,0,0,0,0,0,0,0
1,1,171010,0,0,0,24,0,0,0,0,19,0
1,1,171011,19,19,19,19,19,19,19,19,19,19
0,1,171012,8,8,8,8,8,8,8,8,8,8
1,1,171012,0,0,14,0,0,0,0,0,0,0
0,1,171013,0,0,0,0,0,0,0,0,0,0
1,1,171013,0,0,0,5,0,0,0,0,0,0
1,1,171014,0,0,0,0,0,0,0,0,0,0
2,1,171014,0,0,0,0,0,0,0,0,0,0
1,1,171015,24,24,24,24,24,24,24,24,24,24
2,1,171015,0,0,0,0,0,0,0,0,0,0
1,1,171016,15,15,15,15,15,15,15,15,15,15
1,1,171017,0,0,0,0,0,0,0,0,0,0
1,1,171018,26,26,26,26,26,26,26,26,26,26
1,1,171019,1,1,1,1,1,1,1,1,1,1
2,1,171019,0,0,0,0,0,0,8,0,0,0
1,1,171020,0,0,0,0,0,0,0,0,0,0
1,1,171021,5,5,5,5,5,5,5,5,5,5
0,1,171022,0,0,0,0,0,0,0,0,0,0
1,1,171022,16,16,16,16,16,16,16,16,16,16
2,1,171022,0,0,0,0,0,0,12,0,0,0
3,1,171022,0,0,15,0,0,0,0,0,0,0
0,1,171024,0,0,0,0,0,0,0,0,0,0
0,2,171024,0,0,0,0,0,0,0,0,0,0
1,1,171024,0,5,0,8,0,0,0,0,0,0
2,1,171024,0,0,0,0,0,0,0,0,18,0
1,1,171025,0,0,0,0,0,0,0,0,0,0
2,1,171025,0,0,0,0,0,0,0,0,0,0
1,1,171026,0,0,0,0,0,0,0,0,0,0
1,1,171027,11,11,11,11,11,11,11,11,11,11
1,1,171028,18,18,18,18,18,18,18,18,18,18
1,1,171029,0,0,0,0,0,0,0,0,0,0
1,1,171030,16,16,16,16,16,16,16,16,16,16
1,1,171031,0,0,0,0,0,0,0,0,0,0
1,1,171032,19,19,19,19,19,19,19,19,19,19
2,1,171032,0,0,0,0,0,12,0,0,0,0
1,1,171033,0,0,0,0,0,0,0,0,0,0
2,1,171033,13,13,13,13,13,13,13,13,13,13
1,1,171034,0,0,0,0,0,0,0,0,0,0
2,1,171034,0,0,15,0,0,0,0,0,15,0
1,1,171035,0,0,0,0,0,0,0,0,0,0
1,1,171036,0,0,0,0,0,0,0,0,0,0
2,1,171036,0,0,0,0,0,0,0,0,0,0
1,1,171037,26,26,26,26,26,26,26,26,26,26
2,1,171037,0,0,0,0,0,0,0,0,0,0
3,1,171037,0,0,0,0,0,0,0,0,0,0
1,1,171038,0,0,0,0,0,0,0,0,0,0
2,1,171038,0,0,0,0,0,0,0,0,0,0
1,1,171039,0,0,0,0,0,0,0,0,0,0
1,1,171040,8,0,10,0,0,0,0,0,18,0
2,1,171040,0,0,0,0,0,0,0,0,0,0
0,1,171041,13,13,13,13,13,13,13,13,13,13
0,2,171041,14,14,14,14,14,14,14,14,14,14
1,1,171041,14,4,0,0,0,0,0,0,0,33
1,1,171042,0,0,0,0,0,0,0,0,0,0
0,1,171043,0,0,0,0,0,0,0,0,0,0
1,1,171043,0,0,0,0,0,0,18,0,0,0
1,1,171044,0,0,0,0,0,0,0,0,0,0
1,1,171045,0,16,0,14,8,0,14,0,0,0
1,1,171046,0,0,0,0,0,0,0,0,0,0
2,1,171046,0,0,0,0,0,0,0,0,0,0
1,1,171047,13,13,13,13,13,13,13,13,13,13
1,1,171048,0,0,0,0,0,0,0,0,0,0
2,1,171048,0,0,0,0,0,0,0,0,0,0
0,1,171049,20,20,20,20,20,20,20,20,20,20
1,1,171049,5,5,5,5,5,5,5,5,5,5
1,1,171050,17,17,17,17,17,17,17,17,17,17
2,1,171050,0,0,11,0,0,0,0,0,0,0
1,1,171051,23,23,23,23,23,23,23,23,23,23
2,1,171051,0,0,0,0,0,0,0,0,0,0
3,1,171051,0,0,0,0,0,0,0,0,5,0
1,1,171052,2,2,2,2,2,2,2,2,2,2
2,1,171052,0,0,0,0,0,0,0,0,0,0
1,1,171053,0,0,0,0,0,0,0,0,0,0
2,1,171053,0,0,0,0,0,0,0,0,0,0
1,1,171054,5,5,5,5,5,5,5,5,5,5
2,1,171054,0,0,0,0,0,0,0,0,0,0
1,1,171055,0,0,0,0,0,0,0,0,0,0
2,1,171055,0,0,0,0,0,0,0,0,0,0
1,1,171056,0,0,0,0,0,0,0,0,0,0
2,1,171056,0,0,0,0,0,0,0,0,0,0
1,1,171057,0,0,0,0,0,0,0,0,0,0
2,1,171057,0,0,0,0,0,0,0,0,0,0
3,1,171057,0,0,0,0,0,0,0,0,0,0
4,1,171057,0,0,0,0,0,0,0,0,0,0
5,1,171057,0,0,0,0,0,0,0,0,0,0
6,1,171057,0,0,0,0,0,0,0,0,0,0
7,1,171057,0,0,0,0,0,0,0,0,0,0
1,1,171058,26,26,26,26,26,26,26,26,26,26
1,1,171059,0,0,0,0,13,20,0,0,0,0
0,1,171060,0,0,0,0,0,0,0,0,0,0
1,1,171060,0,0,0,0,0,0,0,0,0,0
1,1,171061,6,6,6,6,6,6,6,6,6,6
1,1,171062,0,0,0,0,0,0,0,0,0,0
1,1,171063,0,0,0,0,0,0,0,0,0,0
2,1,171063,0,0,0,0,0,0,0,0,0,0
1,1,171064,0,0,0,0,0,0,0,0,0,0
2,1,171064,0,0,0,0,0,0,0,0,0,0
0,1,171065,0,22,0,0,0,0,0,0,0,0
0,2,171065,0,0,0,0,0,0,0,0,0,0
0,3,171065,0,0,0,0,0,0,0,0,0,0
1,1,171065,0,0,0,0,0,0,0,0,0,0
0,1,171066,0,0,0,0,0,0,0,0,0,0
1,1,171066,0,0,0,0,0,0,0,0,0,0
0,1,171067,0,0,0,4,0,0,0,0,0,0
1,1,171067,0,0,0,0,0,0,0,0,0,0
1,1,171068,17,17,17,17,17,17,17,17,17,17
0,1,171069,0,0,0,0,0,0,0,0,0,0
1,1,171069,0,0,0,0,0,0,0,0,0,0
0,1,171070,0,0,0,0,0,0,0,0,0,0
1,1,171070,20,0,0,8,17,10,0,0,0,0
1,1,171071,17,17,17,17,17,17,17,17,17,17
1,1,171072,0,0,0,0,0,0,0,0,0,0
2,1,171072,0,0,0,0,0,0,0,0,0,0
1,1,171073,14,14,14,14,14,14,14,14,14,14
1,1,171074,0,0,0,0,0,0,0,0,0,0
2,1,171074,0,0,0,0,0,0,0,0,0,0
1,1,171075,0,0,0,0,0,0,0,0,0,0
2,1,171075,0,0,0,0,0,0,0,0,0,0
3,1,171075,0,0,0,0,0,0,0,0,0,0
0,1,171076,28,28,28,28,28,28,28,28,28,28
1,1,171076,2,2,2,2,2,2,2,2,2,2
1,1,171077,0,0,0,0,0,0,0,0,0,0
1,1,171078,11,11,11,11,11,11,11,11,11,11
0,1,171079,24,24,24,24,24,24,24,24,24,24
1,1,171079,0,0,0,0,2,0,23,0,0,0
1,1,171080,0,0,0,0,0,0,0,0,0,0
1,1,171081,0,0,0,0,0,0,0,0,0,0
2,1,171081,0,0,0,0,0,0,0,0,0,0
1,1,171082,16,16,16,16,16,16,16,16,16,16
1,1,171083,0,0,0,0,0,0,0,0,0,0
2,1,171083,0,0,0,0,0,0,0,0,0,0
1,1,171084,0,0,0,0,0,0,0,0,0,0
2,1,171084,0,0,0,0,0,0,0,0,0,0
1,1,171085,0,0,0,0,0,0,0,0,0,0
1,1,171086,0,0,0,0,0,0,0,0,0,0
1,1,171087,0,0,0,0,0,0,0,0,0,0
2,1,171087,0,0,0,8,0,0,0,0,0,0
1,1,171088,0,0,0,0,0,0,0,0,0,0
1,1,171089,0,0,0,0,0,0,0,0,0,0
2,1,171089,0,0,0,0,0,0,0,0,0,0
3,1,171089,0,0,0,0,0,0,0,0,0,0
4,1,171089,0,0,0,0,0,0,0,5,0,0
1,1,171091,13,13,13,13,13,13,13,13,13,13
2,1,171091,0,0,0,0,0,0,0,0,0,0
0,1,171092,0,0,0,0,0,0,0,0,0,0
1,1,171092,0,0,0,0,0,0,0,0,0,0
0,1,171093,9,9,9,9,9,9,9,9,9,9
1,1,171093,15,15,15,15,15,15,15,15,15,15
0,1,171094,0,0,0,0,0,0,0,0,0,0
0,2,171094,0,0,0,0,0,0,0,6,0,22
1,1,171094,0,0,0,0,0,0,0,0,0,0
1,1,171095,0,0,0,0,0,0,0,0,0,0
1,1,171096,20,20,20,20,20,20,20,20,20,20
0,1,171097,29,29,29,29,29,29,29,29,29,29
1,1,171097,0,0,0,0,0,0,0,0,0,0
1,1,171098,0,0,0,0,0,0,0,0,0,0
1,1,171099,15,15,15,15,15,15,15,15,15,15
2,1,171099,0,0,0,0,0,0,0,0,0,0
1,1,171100,0,0,0,0,0,0,0,0,0,0
2,1,171100,0,0,0,0,0,0,0,0,0,0
3,1,171100,0,0,0,0,0,0,0,0,0,0
4,1,171100,0,0,0,0,0,0,0,0,0,0
1,1,171101,11,11,11,11,11,11,11,11,11,11
1,1,171102,0,0,0,0,0,0,0,0,0,0
2,1,171102,0,0,0,0,0,0,0,0,0,0
3,1,171102,0,0,0,0,0,13,0,0,0,0
0,1,171103,0,0,0,0,0,0,0,0,0,0
1,1,171103,0,0,0,0,0,0,0,0,0,0
0,1,171104,10,10,10,10,10,10,10,10,10,10
1,1,171104,11,0,0,0,0,0,0,0,0,0
0,1,171105,6,6,6,6,6,6,6,6,6,6
1,1,171105,0,0,0,9,0,0,0,0,13,0
1,1,171106,0,0,11,0,8,0,0,13,0,0
2,1,171106,0,0,0,0,0,0,0,0,0,9
1,1,171107,0,0,0,0,0,0,0,0,0,0
0,1,171108,0,0,0,0,0,0,0,0,0,0
1,1,171108,0,0,0,0,0,0,0,0,7,0
1,1,171109,0,0,0,0,0,0,0,0,0,0
2,1,171109,0,0,0,0,0,0,0,0,0,0
0,1,171110,0,0,0,0,0,0,0,0,0,0
1,1,171110,23,23,23,23,23,23,23,23,23,23
1,1,171111,0,0,0,0,0,0,0,0,0,0
2,1,171111,0,0,20,0,0,0,0,0,0,28
1,1,171112,14,14,14,14,14,14,14,14,14,14
1,1,171113,15,15,15,15,15,15,15,15,15,15
0,1,171114,6,6,6,6,6,6,6,6,6,6
1,1,171114,0,0,0,0,0,0,0,0,0,0
0,1,171115,0,0,0,0,0,0,0,0,0,0
1,1,171115,0,0,0,0,0,0,0,9,0,0
1,1,171116,0,0,0,0,0,0,0,0,0,0
1,1,171117,0,0,36,0,0,0,0,0,0,0
2,1,171117,0,0,0,0,0,0,0,0,0,0
0,1,171118,0,0,0,0,0,0,0,0,0,0
1,1,171118,0,0,0,0,28,0,0,0,0,0
1,1,171119,9,9,9,9,9,9,9,9,9,9
2,1,171119,0,0,0,0,0,7,0,0,0,0
0,1,171120,0,0,0,0,0,0,0,0,0,0
1,1,171120,0,0,0,0,0,0,0,0,0,0
0,1,171121,0,0,0,0,0,0,0,0,0,0
1,1,171121,0,0,0,0,0,0,0,0,0,0
0,1,171122,2,6,11,0,0,15,20,0,0,0
1,1,171122,12,0,0,0,0,18,20,0,0,0
0,1,171123,17,17,17,17,17,17,17,17,17,17
1,1,171123,0,0,0,0,12,0,0,0,0,0
1,1,171124,22,0,0,0,0,0,0,0,0,0
2,1,171124,0,0,0,0,0,0,0,0,0,0
1,1,171125,0,0,0,0,0,0,0,0,0,0
1,1,171126,18,18,18,18,18,18,18,18,18,18
2,1,171126,0,0,0,0,0,0,0,0,0,0
1,1,171127,18,18,18,18,18,18,18,18,18,18
1,1,171128,22,22,22,22,22,22,22,22,22,22
2,1,171128,0,0,10,0,0,22,0,24,0,0
1,1,171129,0,0,0,0,0,0,0,0,0,0
2,1,171129,0,0,0,0,0,0,0,0,0,0
1,1,171130,0,0,0,0,0,0,0,0,0,0
1,1,171131,0,0,0,0,0,0,0,0,0,0
2,1,171131,0,25,0,0,0,0,0,0,0,0
1,1,171132,0,22,0,0,0,0,0,0,0,0
0,1,171133,0,0,0,0,0,0,0,0,0,0
1,1,171133,0,0,0,0,0,0,0,0,0,0
1,1,171134,0,16,27,0,0,24,0,0,0,28
2,1,171134,0,0,7,0,0,0,14,11,0,12
0,1,171135,0,0,0,0,0,0,0,0,0,0
1,1,171135,5,0,0,0,14,0,0,16,23,8
0,1,171136,7,7,7,7,7,7,7,7,7,7
1,1,171136,0,0,0,0,0,0,0,0,0,0
1,1,171137,2,2,2,2,2,2,2,2,2,2
0,1,171138,0,0,0,0,0,0,0,0,0,0
1,1,171138,0,0,0,0,0,0,0,0,0,0
0,1,171139,0,0,25,5,0,16,14,0,0,18
1,1,171139,0,0,0,0,0,0,0,0,0,0
1,1,171140,0,0,0,0,0,0,19,0,0,0
2,1,171140,0,0,0,0,17,0,0,0,0,0
1,1,171141,0,0,0,0,0,0,17,0,0,0
2,1,171141,0,0,11,0,0,0,0,0,0,0
1,1,171142,5,5,5,5,5,5,5,5,5,5
2,1,171142,0,0,7,0,0,0,0,20,0,0
1,1,171143,0,0,0,0,0,0,0,0,0,0
2,1,171143,0,0,0,0,0,0,0,0,0,0
3,1,171143,0,0,0,0,0,0,0,0,0,0
0,1,171144,0,0,0,0,0,0,0,0,0,0
1,1,171144,0,0,0,0,0,0,0,0,0,0
1,1,171145,0,0,0,0,0,0,0,0,0,0
2,1,171145,0,0,0,0,0,0,0,0,0,0
0,1,171146,0,0,0,0,0,0,0,0,0,0
1,1,171146,0,0,0,0,0,0,0,0,0,0
1,1,171147,0,0,0,0,0,0,0,0,0,0
2,1,171147,0,0,0,0,0,0,0,0,0,0
0,1,171148,0,29,0,0,0,31,0,0,0,0
1,1,171148,0,0,0,0,0,0,0,0,0,0
1,1,171149,0,0,0,0,0,0,0,0,0,0
2,1,171149,0,0,0,0,0,0,0,0,0,0
0,1,171150,21,21,21,21,21,21,21,21,21,21
1,1,171150,0,20,0,0,0,6,14,0,23,19
1,1,171151,0,0,0,0,0,0,0,0,0,0
1,1,171152,34,34,34,34,34,34,34,34,34,34
1,1,171153,0,0,0,1,16,12,0,21,10,0
1,1,171154,19,19,19,19,19,19,19,19,19,19
1,1,171155,0,0,29,16,0,0,0,0,0,0
2,1,171155,0,0,0,0,0,0,0,0,0,0
3,1,171155,17,0,0,0,15,0,0,0,0,0
1,1,171156,12,12,12,12,12,12,12,12,12,12
1,1,171157,0,0,0,0,0,0,0,0,0,0
2,1,171157,0,0,0,0,0,0,0,0,0,0
3,1,171157,0,0,0,0,0,0,0,0,0,0
1,1,171158,0,10,12,0,25,0,0,0,16,0
2,1,171158,0,0,0,0,0,0,0,0,0,0
1,1,171159,10,17,0,28,15,17,37,5,0,0
2,1,171159,0,0,0,0,0,0,0,0,0,0
1,1,171160,19,19,19,19,19,19,19,19,19,19
1,1,171161,0,0,0,0,0,0,0,0,0,0
2,1,171161,0,0,0,0,0,0,0,0,0,0
1,1,171162,0,0,0,0,0,0,0,0,0,0
2,1,171162,0,0,0,0,0,0,0,0,0,0
1,1,171163,21,0,0,11,0,0,0,0,0,0
2,1,171163,0,0,0,0,0,0,0,0,0,0
1,1,180001,0,0,0,0,0,0,0,0,0,0
2,1,180001,0,0,0,0,0,0,0,0,0,0
1,1,180002,0,0,0,0,0,0,0,0,0,0
2,1,180002,0,0,0,0,0,0,0,0,0,0
1,1,180003,24,24,24,24,24,24,24,24,24,24
2,1,180003,0,0,0,0,0,14,0,0,0,0
1,1,180004,0,0,0,0,0,0,0,0,0,0
1,1,180005,0,0,0,0,0,0,0,0,0,0
2,1,180005,0,0,0,0,0,0,0,0,0,0
1,1,180006,0,0,0,0,0,0,0,0,0,0
1,1,180007,17,17,17,17,17,17,17,17,17,17
1,1,180008,0,0,0,0,0,0,0,0,0,0
2,1,180008,0,0,0,0,0,0,0,0,0,0
3,1,180008,0,0,0,0,0,0,0,0,0,0
1,1,180009,0,0,0,0,0,0,0,0,0,0
1,1,180010,0,0,0,0,0,0,0,0,0,0
2,1,180010,2,2,2,2,2,2,2,2,2,2
1,1,180011,0,0,0,0,0,0,0,0,0,0
2,1,180011,0,0,0,0,0,0,0,0,0,0
1,1,180012,3,3,3,3,3,3,3,3,3,3
2,1,180012,0,0,0,0,0,0,0,0,0,0
1,1,180013,0,0,0,0,0,0,0,0,0,0
1,1,180014,0,0,0,0,28,12,0,21,10,0
1,1,180015,0,0,0,0,0,0,0,0,0,0
1,1,180016,0,0,0,0,0,0,0,0,0,0
2,1,180016,0,0,0,0,0,0,0,0,0,0
1,1,180017,0,0,0,0,0,0,0,0,0,0
2,1,180017,0,0,0,0,0,0,0,0,0,0
3,1,180017,0,0,0,0,0,0,0,0,0,0
1,1,180018,0,0,0,0,0,0,0,0,0,0
2,1,180018,0,0,0,0,0,0,0,0,0,0
1,1,180019,0,0,0,0,0,0,0,0,0,0
1,1,180020,0,0,0,0,0,10,0,0,0,0
1,1,180021,0,0,0,0,0,0,0,0,0,0
2,1,180021,0,0,0,0,0,0,0,0,0,0
3,1,180021,0,0,0,3,0,0,0,0,0,0
4,1,180021,0,0,0,8,0,0,0,0,0,0
1,1,180022,0,22,0,7,0,30,11,0,27,0
1,1,180023,0,0,0,0,0,0,0,0,0,0
1,1,180024,0,0,0,0,0,0,0,0,0,0
1,1,180025,0,0,0,0,0,0,0,0,0,0
1,1,180026,8,8,8,8,8,8,8,8,8,8
1,1,180027,0,0,0,0,0,0,0,0,0,0
2,1,180027,0,0,0,0,0,0,0,0,0,0
1,1,180028,14,14,14,14,14,14,14,14,14,14
1,1,180029,16,16,16,16,16,16,16,16,16,16
1,1,180030,0,0,0,0,0,0,0,0,0,0
2,1,180030,0,0,0,0,0,0,0,0,0,0
1,1,180031,0,0,0,0,0,0,0,0,0,0
2,1,180031,0,0,0,0,0,0,0,0,0,0
1,1,180032,0,0,0,13,0,0,17,14,0,0
1,1,180033,0,0,0,0,0,0,0,0,0,0
2,1,180033,0,0,0,0,0,0,0,0,0,0
1,1,180034,12,12,12,12,12,12,12,12,12,12
1,1,180035,0,0,0,0,0,0,0,0,0,0
2,1,180035,0,0,0,0,0,0,0,0,0,0
1,1,180036,8,0,5,0,15,20,0,14,12,18
1,1,180037,21,21,21,21,21,21,21,21,21,21
1,1,180038,0,0,0,0,0,0,0,0,0,0
1,1,180039,0,0,0,0,0,0,0,0,0,0
1,1,180040,0,0,0,0,0,0,0,0,0,0
2,1,180040,0,0,0,0,0,0,0,0,0,0
1,1,180041,0,0,0,0,0,0,0,0,0,0
1,1,180042,0,0,0,0,0,0,0,0,0,0
1,1,180043,0,0,0,0,0,0,0,0,0,0
2,1,180043,0,0,0,0,0,0,0,0,0,0
1,1,180044,0,0,0,0,0,0,0,0,0,0
2,1,180044,0,0,0,0,0,0,0,0,0,0
3,1,180044,0,0,0,0,0,0,0,0,0,0
1,1,180045,0,0,0,0,0,0,0,0,0,0
2,1,180045,0,0,0,0,0,0,0,0,0,0
1,1,180046,0,0,0,0,0,0,0,0,0,0
2,1,180046,0,0,0,0,0,0,0,0,0,0
1,1,180047,0,0,0,0,0,0,0,0,0,0
2,1,180047,0,0,0,0,0,0,0,0,0,0
1,2,180048,0,9,0,0,14,14,15,0,0,0
1,1,180049,0,0,0,0,0,0,0,0,0,0
1,1,180050,0,0,0,0,0,0,0,0,0,0
1,1,180051,26,26,26,26,26,26,26,26,26,26
1,1,180052,0,0,0,0,0,0,0,0,0,0
1,1,180053,26,26,26,26,26,26,26,26,26,26
1,1,180054,24,24,24,24,24,24,24,24,24,24
1,1,180055,17,17,17,17,17,17,17,17,17,17
1,1,180056,19,19,19,19,19,19,19,19,19,19
1,1,180057,0,0,0,0,0,0,0,0,0,0
2,1,180057,0,0,0,0,0,0,0,0,0,0
1,1,180058,0,0,0,0,0,0,0,0,0,0
1,1,180059,0,0,0,10,13,24,0,0,0,0
1,1,180060,0,0,0,0,0,0,0,0,0,0
2,1,180060,0,0,0,0,0,0,0,0,0,0
1,1,180061,0,0,0,0,0,0,0,0,0,0
2,1,180061,0,0,0,0,0,0,0,0,0,0
1,1,180062,0,0,0,0,0,0,0,0,0,0
1,1,180063,0,0,0,0,0,0,0,0,0,0
1,1,180064,0,0,0,0,0,0,0,0,0,0
2,1,180064,0,0,0,0,0,0,0,0,0,0
1,1,180065,0,0,0,0,0,0,0,0,0,0
1,1,180066,0,0,0,0,0,0,0,0,0,0
2,1,180066,0,0,0,0,0,0,0,0,0,0
3,1,180066,0,0,0,0,0,0,0,0,0,0
1,1,180067,0,0,0,0,0,0,0,0,0,0
2,1,180067,0,0,0,0,0,0,0,0,0,0
1,1,180068,24,24,24,24,24,24,24,24,24,24
1,1,180069,37,0,0,9,14,0,0,0,20,22
1,1,180070,0,0,0,0,0,0,0,0,0,0
1,1,180071,29,29,29,29,29,29,29,29,29,29
2,1,180071,0,0,0,0,0,0,0,0,0,0
1,1,180072,0,0,0,0,0,0,0,0,0,0
2,1,180072,0,0,0,0,0,0,0,0,0,0
1,1,180073,0,0,0,0,0,0,0,0,0,0
1,1,180074,0,0,0,0,0,0,0,0,0,0
1,1,180075,24,24,0,15,0,6,0,24,28,17
1,1,180076,0,0,0,0,0,0,0,0,0,0
2,1,180076,0,0,0,0,0,0,0,0,0,0