VEH_NO,PER_NO,ST_CASE,P1,P2,P3,P4,P5,P6,P7,P8,P9,P10
1,1,180077,0,0,0,0,0,0,0,0,0,0
1,1,180078,6,6,6,6,6,6,6,6,6,6
2,1,180078,0,0,0,0,0,0,0,0,0,0
1,1,180079,0,0,0,0,0,0,0,0,0,0
2,1,180079,0,0,0,0,0,0,0,0,0,0
1,1,180080,13,13,13,13,13,13,13,13,13,13
2,1,180080,0,0,27,16,14,0,11,14,28,0
1,1,180081,15,15,15,15,15,15,15,15,15,15
1,1,180082,0,0,0,0,0,0,0,0,0,0
2,1,180082,0,0,0,0,0,0,0,0,0,0
1,1,180083,0,0,0,0,0,0,0,0,0,0
1,1,180084,0,0,0,0,0,0,0,0,0,0
1,1,180085,0,0,0,0,0,0,0,0,0,0
2,1,180085,0,0,0,0,0,0,0,0,0,0
1,1,180086,0,0,0,0,0,0,0,0,0,0
2,1,180086,0,0,0,0,0,0,0,0,0,0
1,1,180087,0,0,0,0,0,0,0,0,0,0
2,1,180087,0,0,0,0,0,0,0,0,0,0
1,1,180088,0,0,0,0,0,0,0,0,0,0
2,1,180088,0,0,0,0,0,0,0,0,0,0
1,1,180089,0,0,0,0,0,0,0,0,0,0
0,1,180090,0,19,0,0,0,0,0,0,0,0
0,2,180090,0,0,0,0,0,0,0,0,0,4
1,1,180090,16,16,16,16,16,16,16,16,16,16
1,1,180091,0,0,0,0,0,0,0,0,0,0
2,1,180091,0,0,0,0,0,0,0,0,0,0
1,1,180092,0,0,0,0,0,0,0,0,0,0
1,1,180093,0,0,0,0,0,0,0,0,0,0
2,1,180093,0,0,0,0,0,0,0,0,0,0
3,1,180093,0,0,0,0,0,0,0,0,0,0
1,1,180094,19,19,19,19,19,19,19,19,19,19
1,1,180095,0,0,0,0,0,0,0,0,0,0
2,1,180095,0,0,0,0,0,0,0,0,0,5
1,1,180096,19,19,19,19,19,19,19,19,19,19
2,1,180096,0,0,0,0,0,21,0,0,0,0
3,1,180096,0,0,4,0,0,0,0,0,0,0
1,1,180097,0,0,0,0,0,0,0,0,0,0
1,1,180098,39,39,39,39,39,39,39,39,39,39
1,1,180099,0,0,0,0,0,0,0,0,0,0
2,1,180099,0,0,0,0,0,0,0,0,0,0
1,1,180100,0,0,0,0,0,0,0,0,0,0
1,1,180101,0,0,0,0,0,0,0,0,0,0
2,1,180101,0,0,0,0,0,0,18,0,0,0
1,1,180102,0,0,0,0,0,0,0,0,0,0
1,1,180103,0,0,0,0,0,0,0,0,0,0
2,1,180103,0,0,0,0,0,0,0,0,0,0
3,1,180103,0,0,0,0,0,0,0,0,0,0
4,1,180103,0,0,0,0,0,0,0,0,0,0
1,1,180104,18,18,18,18,18,18,18,18,18,18
1,1,180105,0,0,0,0,0,0,0,0,0,0
2,1,180105,16,0,0,12,0,0,0,0,0,0
1,1,180106,0,0,0,0,0,0,0,0,0,0
1,1,180107,23,23,23,23,23,23,23,23,23,23
1,1,180108,0,0,8,0,0,0,19,0,0,0
1,1,180109,0,0,0,0,0,0,0,0,0,0
1,1,180110,0,0,0,0,0,0,0,0,0,0
2,1,180110,0,0,0,0,0,0,0,0,0,0
1,1,180111,27,27,27,27,27,27,27,27,27,27
1,1,180112,0,0,0,0,0,0,0,0,0,0
2,1,180112,0,0,0,0,0,0,0,0,0,0
1,1,180113,0,0,0,0,0,0,0,0,0,0
1,1,180114,27,27,27,27,27,27,27,27,27,27
1,1,180115,21,21,21,21,21,21,21,21,21,21
2,1,180115,8,8,8,8,8,8,8,8,8,8
1,1,180116,0,0,0,0,0,0,13,0,0,0
2,1,180116,0,0,0,0,0,9,6,0,0,0
1,1,180117,0,0,0,0,4,0,0,0,0,0
1,1,180118,0,0,0,0,0,0,0,0,0,0
2,1,180118,0,0,0,0,0,0,0,16,0,0
1,1,180119,0,0,0,0,0,0,0,0,0,0
1,1,180120,13,13,13,13,13,13,13,13,13,13
1,1,180121,0,0,0,0,0,0,0,0,0,0
2,1,180121,0,0,0,0,0,0,0,0,0,0
1,1,180122,0,0,0,0,0,0,0,0,0,0
2,1,180122,0,0,0,0,0,0,0,0,0,0
1,1,180123,0,0,0,0,0,0,0,0,0,0
1,1,180124,0,0,0,0,0,0,0,5,0,0
1,1,180125,0,0,0,6,0,0,0,0,0,0
2,1,180125,0,0,0,0,0,0,0,0,0,0
3,1,180125,0,0,0,0,0,0,0,0,0,0
1,1,180126,0,0,0,0,0,0,0,0,0,0
1,1,180127,15,15,15,15,15,15,15,15,15,15
1,1,180128,0,0,0,0,0,0,0,0,0,0
1,1,180129,0,0,0,0,0,0,0,0,0,0
1,1,180130,0,0,0,0,0,0,0,0,0,0
2,1,180130,0,0,0,0,0,0,0,0,0,0
1,1,180131,0,0,0,0,0,0,0,0,0,0
1,1,180132,0,25,0,0,0,0,0,7,0,0
2,1,180132,0,0,0,0,0,0,0,0,0,0
1,1,180133,0,0,0,0,0,0,0,0,0,0
1,1,180134,0,0,0,0,0,0,0,0,0,0
2,1,180134,0,0,0,0,0,0,0,0,0,0
1,1,180135,0,23,0,12,11,0,0,0,0,0
2,1,180135,0,0,0,0,0,0,0,0,0,0
1,1,180136,19,19,19,19,19,19,19,19,19,19
1,1,180137,0,0,0,0,0,0,0,0,0,0
2,1,180137,0,0,0,0,0,0,0,0,0,0
3,1,180137,0,0,0,28,0,0,0,0,0,0
4,1,180137,0,0,0,0,10,0,0,0,0,0
1,1,180138,0,0,0,0,0,0,0,0,0,0
2,1,180138,7,7,7,7,7,7,7,7,7,7
3,1,180138,0,0,0,0,0,0,0,0,0,0
1,1,180139,0,0,0,0,0,0,0,0,0,0
1,1,180140,4,4,4,4,4,4,4,4,4,4
1,1,180141,0,0,0,0,0,0,0,0,0,0
2,1,180141,16,0,0,22,0,0,0,0,0,0
1,1,180142,17,17,17,17,17,17,17,17,17,17
1,1,180143,0,0,0,0,0,0,0,0,0,0
2,1,180143,0,0,0,0,0,0,0,0,0,0
1,1,180144,21,21,21,21,21,21,21,21,21,21
1,1,180145,19,19,19,19,19,19,19,19,19,19
1,1,180146,0,0,0,0,0,0,0,0,0,0
0,1,180147,0,0,29,0,0,0,0,0,0,0
1,1,180147,0,0,0,0,0,0,0,0,0,0
0,1,180148,3,0,0,0,0,9,0,18,3,0
0,2,180148,11,0,0,0,0,0,0,0,12,0
2,1,180148,0,0,0,0,0,0,0,0,0,0
3,1,180148,0,0,0,0,0,0,0,0,0,0
1,1,180149,0,0,0,0,14,0,27,0,0,0
0,1,180150,0,0,0,0,0,0,0,15,24,0
1,1,180150,0,0,0,0,0,0,0,0,0,0
0,1,180151,0,0,0,0,0,0,0,0,0,0
1,1,180151,0,0,0,0,0,0,0,0,0,0
0,1,180152,0,0,0,0,0,0,0,0,0,0
1,1,180152,0,0,0,0,0,0,0,0,0,0
0,1,180153,30,30,30,30,30,30,30,30,30,30
1,1,180153,0,0,0,0,0,0,0,0,0,0
0,1,180154,0,0,0,0,0,0,0,0,0,0
1,1,180154,0,0,0,0,0,0,0,0,19,0
1,1,180155,19,19,19,19,19,19,19,19,19,19
0,1,180156,3,3,3,3,3,3,3,3,3,3
1,1,180156,0,0,0,0,0,0,0,0,0,0
0,1,180157,0,10,30,17,0,17,22,11,17,0
1,1,180157,0,0,0,0,0,0,0,0,0,0
1,1,180158,0,0,0,0,0,5,0,0,0,0
0,1,180159,0,0,0,0,0,0,0,0,0,0
1,1,180159,0,0,0,0,0,0,0,0,0,0
2,1,180159,0,0,0,0,0,0,0,0,0,0
0,1,180160,0,0,0,0,0,0,0,0,0,0
1,1,180160,0,0,0,0,0,0,0,0,0,0
0,1,180161,27,27,27,27,27,27,27,27,27,27
1,1,180161,0,0,0,0,0,0,0,0,0,0
2,1,180161,0,0,0,0,0,0,0,0,0,0
1,1,180162,21,21,21,21,21,21,21,21,21,21
1,1,180163,0,0,0,0,0,0,0,0,0,0
2,1,180163,0,0,0,0,0,0,0,0,0,0
1,1,180164,0,0,0,0,0,0,0,0,0,0
1,1,180165,0,0,0,0,0,0,0,0,0,0
1,1,180166,27,27,27,27,27,27,27,27,27,27
1,1,180167,0,0,0,0,0,0,0,0,0,0
2,1,180167,0,0,0,0,0,0,0,0,0,0
1,1,180168,0,0,0,0,0,0,0,0,0,0
2,1,180168,0,0,0,0,0,0,0,0,0,0
1,1,180169,0,0,7,0,0,0,10,0,0,0
2,1,180169,0,0,0,0,0,0,0,0,0,0
1,1,180170,0,7,0,0,20,0,5,20,16,0
0,1,180171,0,0,0,0,0,0,0,0,0,0
0,2,180171,23,0,0,0,12,0,0,0,12,0
0,3,180171,0,15,0,8,0,7,0,0,23,0
0,4,180171,0,0,23,0,18,0,0,0,0,0
0,5,180171,0,12,0,12,17,0,0,0,13,0
0,6,180171,0,0,0,0,0,0,0,0,0,0
0,7,180171,0,0,18,0,0,0,0,0,0,0
0,8,180171,48,0,31,0,0,0,0,0,14,0
0,9,180171,0,0,0,0,0,0,24,0,0,0
0,10,180171,0,0,0,0,0,0,0,0,0,20
1,1,180171,0,0,0,0,0,0,0,0,0,0
2,1,180171,0,0,0,0,0,0,0,0,0,0
3,1,180171,0,0,0,0,0,0,0,0,0,0
1,1,180172,0,0,0,0,0,0,0,0,0,0
2,1,180172,0,0,0,0,0,0,0,0,0,0
0,1,180173,0,0,0,0,0,0,0,0,0,0
1,1,180173,0,0,0,0,0,0,0,0,0,0
2,1,180173,0,0,0,0,0,0,0,0,0,0
4,1,180173,0,0,0,0,0,0,0,0,0,0
1,1,180174,0,0,0,0,0,0,0,0,0,0
2,1,180174,0,0,0,0,0,0,0,0,0,0
3,1,180174,0,0,0,0,0,0,0,0,0,0
1,1,180175,0,0,0,0,0,0,0,0,0,0
2,1,180175,0,0,0,0,0,0,0,0,0,0
1,1,180177,0,0,0,0,0,0,0,0,0,0
2,1,180177,0,0,0,0,0,0,0,0,0,0
1,1,180178,11,11,11,11,11,11,11,11,11,11
1,1,180179,4,22,0,9,13,27,0,0,0,15
1,1,180180,20,0,7,20,16,9,6,8,5,14
1,1,180181,0,0,0,0,0,0,0,0,0,0
2,1,180181,0,0,0,0,0,0,0,0,0,0
1,1,180182,0,0,0,0,0,0,0,0,0,0
2,1,180182,0,0,0,0,0,0,0,0,17,0
1,1,180183,0,0,0,0,0,0,22,0,0,0
2,1,180183,0,0,0,0,0,0,0,0,0,0
1,1,180184,0,0,0,0,0,0,0,0,0,0
2,1,180184,0,0,0,0,0,0,0,0,0,0
1,1,180185,4,4,4,4,4,4,4,4,4,4
1,1,180186,0,0,0,0,0,0,0,0,0,0
1,1,180187,0,0,0,0,0,0,0,0,0,0
2,1,180187,0,0,0,0,0,0,0,0,0,0
1,1,180188,1,1,1,1,1,1,1,1,1,1
2,1,180188,1,1,1,1,1,1,1,1,1,1
1,1,180189,0,0,0,0,0,0,0,0,0,0
2,1,180189,13,13,13,13,13,13,13,13,13,13
1,1,180190,2,2,2,2,2,2,2,2,2,2
2,1,180190,0,0,0,0,0,0,0,0,0,0
1,1,180191,0,6,0,0,17,0,0,12,0,10
1,1,180192,11,11,11,11,11,11,11,11,11,11
1,1,180193,22,22,22,22,22,22,22,22,22,22
0,1,180194,0,0,0,0,0,0,0,0,0,0
1,1,180194,0,0,0,0,0,0,0,0,0,0
1,1,180195,0,0,0,0,0,0,0,0,0,0
2,1,180195,0,0,0,0,0,0,0,0,0,0
1,1,180196,0,0,0,0,0,0,0,0,0,0
1,1,180197,0,0,0,0,0,0,0,0,0,0
2,1,180197,0,0,0,0,0,0,0,0,0,0
3,1,180197,0,0,0,0,0,0,0,0,0,0
1,1,180198,25,25,25,25,25,25,25,25,25,25
0,1,180199,0,15,34,0,40,32,4,0,0,25
1,1,180199,0,0,0,0,0,0,0,0,0,0
1,1,180200,0,0,0,0,0,0,0,0,0,0
2,1,180200,0,0,0,0,0,0,0,0,0,0
1,1,180201,0,0,0,0,0,24,0,0,0,0
1,1,180202,0,0,0,0,0,0,0,0,0,0
2,1,180202,11,0,0,0,0,0,0,0,0,0
3,1,180202,0,0,0,0,0,0,0,0,0,0
1,1,180203,0,0,0,0,0,0,0,0,0,0
2,1,180203,0,0,0,0,0,0,0,0,0,0
1,1,180204,18,18,18,18,18,18,18,18,18,18
2,1,180204,0,0,0,0,0,0,0,0,0,0
1,1,180205,0,0,0,0,0,0,0,0,0,0
2,1,180205,0,0,0,0,0,0,0,0,0,0
1,1,180206,0,0,0,0,0,0,0,15,0,0
1,1,180207,21,21,21,21,21,21,21,21,21,21
1,1,180208,0,0,0,0,0,0,4,0,0,0
2,1,180208,0,0,0,0,0,0,0,0,0,0
1,1,180209,0,0,0,0,0,0,0,0,0,0
2,1,180209,0,0,0,0,0,0,0,0,0,0
1,1,180210,0,5,0,0,0,0,0,0,0,0
1,1,180211,17,17,17,17,17,17,17,17,17,17
0,1,180212,0,22,0,0,17,29,10,0,33,19
1,1,180212,0,9,0,22,0,0,0,0,0,0
1,1,180213,0,0,0,0,0,0,0,0,0,0
1,1,180214,0,9,0,0,0,0,0,0,0,0
2,1,180214,0,0,0,0,0,0,0,0,0,0
1,1,180215,0,0,0,0,0,0,0,0,0,0
1,1,180216,25,25,25,25,25,25,25,25,25,25
2,1,180216,0,0,0,0,0,0,0,0,0,0
0,1,180217,23,23,23,23,23,23,23,23,23,23
1,1,180217,0,0,0,0,0,0,0,0,0,0
1,1,180218,0,0,0,0,0,0,0,0,0,0
2,1,180218,17,0,0,0,0,0,0,0,0,0
3,1,180218,0,0,0,0,0,0,0,0,0,0
4,1,180218,0,0,0,9,0,0,0,0,0,0
1,1,180219,0,0,0,0,0,0,0,0,0,0
1,1,180220,0,0,0,0,0,0,0,0,0,0
2,1,180220,0,0,0,0,0,0,0,0,0,0
1,1,180221,0,0,0,0,0,0,11,0,0,0
1,1,180222,0,0,0,0,0,0,12,0,0,0
2,1,180222,0,0,0,0,0,0,0,0,0,0
0,1,180223,0,0,0,0,0,0,7,0,15,0
1,1,180223,0,0,15,0,0,0,0,0,0,0
1,1,180224,0,0,0,0,0,0,0,0,0,0
2,1,180224,0,0,0,0,0,0,0,0,0,0
1,1,180225,0,0,0,0,0,0,0,0,0,0
2,1,180225,0,0,0,0,0,0,0,0,0,0
3,1,180225,0,0,0,0,0,0,0,0,0,0
1,1,180226,12,0,0,0,0,0,0,0,0,0
1,1,180227,7,0,0,0,0,0,0,23,0,0
1,1,180228,0,0,0,0,0,0,0,0,0,0
2,1,180228,0,0,0,0,0,0,0,0,0,0
1,1,180229,15,15,15,15,15,15,15,15,15,15
1,1,180230,19,19,19,19,19,19,19,19,19,19
1,1,180231,0,0,0,0,0,0,0,0,0,0
1,1,180232,0,0,0,0,0,0,0,0,0,0
2,1,180232,0,0,0,0,0,0,0,0,0,0
1,1,180233,17,17,17,17,17,17,17,17,17,17
1,1,180234,6,20,12,0,0,0,0,0,0,10
1,1,180235,12,12,12,12,12,12,12,12,12,12
1,1,180236,0,0,0,0,0,0,0,14,0,0
2,1,180236,0,0,0,0,0,0,0,0,0,0
1,1,180237,0,0,8,0,0,0,0,0,0,0
2,1,180237,0,0,16,0,0,0,0,0,0,0
1,1,180238,0,0,0,0,0,3,0,0,0,0
1,1,180239,0,0,0,0,0,0,0,0,0,0
2,1,180239,0,0,0,0,0,0,0,0,0,0
1,1,180240,0,0,0,0,0,0,0,0,0,0
1,1,180241,12,12,12,12,12,12,12,12,12,12
1,1,180242,29,29,29,29,29,29,29,29,29,29
1,1,180243,33,16,18,5,0,26,0,14,0,11
1,1,180244,24,24,24,24,24,24,24,24,24,24
1,1,180245,16,16,16,16,16,16,16,16,16,16
2,1,180245,0,0,0,0,0,0,0,0,0,0
1,1,180246,17,17,17,17,17,17,17,17,17,17
1,1,180247,18,18,18,18,18,18,18,18,18,18
1,1,180248,23,23,23,23,23,23,23,23,23,23
1,1,180249,0,0,0,0,0,0,0,0,0,0
1,1,180250,21,6,22,16,11,0,0,0,0,8
1,1,180251,16,0,0,19,6,19,0,0,18,16
1,1,180252,0,0,0,0,0,0,0,0,0,0
1,1,180253,0,0,0,0,0,0,0,0,0,0
1,1,180254,0,0,0,9,0,0,0,0,0,0
2,1,180254,0,0,0,0,0,0,0,0,0,0
1,1,180255,0,0,0,0,11,0,0,11,0,0
2,1,180255,0,0,0,0,0,0,0,0,0,0
1,1,180256,18,18,18,18,18,18,18,18,18,18
2,1,180256,0,0,0,0,7,0,0,27,0,2
1,1,180257,0,0,0,0,0,0,0,0,0,0
1,1,180258,17,17,17,17,17,17,17,17,17,17
2,1,180258,0,0,0,0,0,0,0,0,0,0
1,1,180259,0,0,0,0,0,0,0,0,0,0
1,1,180260,16,16,16,16,16,16,16,16,16,16
1,1,180261,30,30,30,30,30,30,30,30,30,30
0,1,180262,0,0,0,0,0,0,0,0,0,0
0,2,180262,0,0,0,0,0,0,0,0,0,0
1,1,180262,9,9,9,9,9,9,9,9,9,9
2,1,180263,0,0,0,0,0,0,0,0,0,0
1,1,180264,0,0,0,0,0,0,0,0,0,0
2,1,180264,0,0,18,0,0,0,0,0,0,0
0,1,180265,17,17,17,17,17,17,17,17,17,17
1,1,180265,0,0,0,0,0,0,0,0,0,0
1,1,180266,6,6,6,6,6,6,6,6,6,6
1,1,180267,0,0,0,0,0,0,0,0,0,0
2,1,180267,0,0,0,0,0,5,0,12,0,0
1,1,180268,0,0,0,0,0,23,14,0,0,0
1,1,180269,0,0,0,0,0,0,9,0,0,0
2,1,180269,22,22,22,22,22,22,22,22,22,22
0,1,180270,0,0,0,0,0,0,0,0,0,0
1,1,180270,0,0,0,0,0,0,0,0,0,0
1,1,180271,0,0,0,0,0,0,0,0,0,0
2,1,180271,0,0,0,0,0,0,0,0,0,0
1,1,180272,14,14,14,14,14,14,14,14,14,14
1,1,180273,14,14,14,14,14,14,14,14,14,14
2,1,180273,0,0,0,0,0,0,0,0,0,0
1,1,180274,14,14,14,14,14,14,14,14,14,14
2,1,180274,0,0,0,0,0,0,0,0,2,0
1,1,180275,26,26,26,26,26,26,26,26,26,26
2,1,180275,9,9,9,9,9,9,9,9,9,9
1,1,180276,0,0,0,0,0,0,0,0,0,0
1,1,180277,0,0,0,0,0,0,0,0,0,0
2,1,180277,0,0,0,0,0,0,0,0,0,0
4,1,180277,0,0,7,0,0,0,0,0,0,0
1,1,180278,0,0,0,0,0,0,0,0,8,12
2,1,180278,0,0,0,0,0,0,0,0,0,0
1,1,180279,0,27,0,0,12,0,20,0,0,0
1,1,180280,0,0,0,0,0,0,0,0,0,0
1,1,180281,30,5,22,23,18,15,11,16,12,22
1,1,180282,0,0,0,12,0,4,18,0,17,15
0,1,180283,0,0,0,0,0,0,0,0,0,0
1,1,180283,0,0,0,0,0,0,0,0,0,0
1,1,180284,0,0,0,0,0,0,0,0,0,0
2,1,180284,0,0,0,0,0,0,0,0,0,0
3,1,180284,0,0,0,0,0,0,0,0,0,0
1,1,180285,0,0,0,10,0,0,0,0,0,0
2,1,180285,0,0,0,0,0,0,0,0,0,0
1,1,180286,19,19,19,19,19,19,19,19,19,19
1,1,180287,16,12,32,20,21,25,10,29,42,22
2,1,180287,0,0,0,0,0,0,0,0,0,0
1,1,180288,0,0,0,0,0,0,0,0,0,0
2,1,180288,0,0,0,0,0,0,0,0,0,0
1,1,180289,0,0,0,0,0,0,0,0,0,0
2,1,180289,0,0,0,0,0,0,0,0,0,0
1,1,180290,26,26,26,26,26,26,26,26,26,26
1,1,180291,0,0,0,0,0,0,0,0,0,0
1,1,180292,12,12,12,12,12,12,12,12,12,12
1,1,180293,0,0,0,0,0,0,0,0,0,0
2,1,180293,0,0,0,0,0,0,0,0,0,0
1,1,180294,7,7,7,7,7,7,7,7,7,7
2,1,180294,22,22,22,22,22,22,22,22,22,22
1,1,180295,0,0,0,0,0,23,0,0,27,0
2,1,180295,0,0,0,0,0,0,0,0,0,0
3,1,180295,0,0,0,0,0,0,0,0,0,0
1,1,180296,12,12,12,12,12,12,12,12,12,12
2,1,180296,0,0,0,0,21,0,0,0,0,0
1,1,180297,0,0,0,0,0,0,0,0,0,0
2,1,180297,0,0,0,0,0,0,0,0,0,0
1,1,180299,0,0,0,0,0,0,0,0,0,0
2,1,180299,0,0,0,0,0,0,0,0,0,0
1,1,180300,15,15,15,15,15,15,15,15,15,15
1,1,180301,26,26,26,26,26,26,26,26,26,26
1,1,180302,0,0,0,0,0,0,0,0,0,0
2,1,180302,0,0,0,0,0,0,0,0,0,0
0,1,180303,0,0,0,0,0,0,0,0,0,0
1,1,180303,0,0,0,0,0,0,0,0,0,0
1,1,180305,2,2,2,2,2,2,2,2,2,2
2,1,180305,0,0,0,0,0,0,0,0,0,0
1,1,180306,0,0,11,0,8,0,0,0,9,22
1,1,180307,15,15,15,15,15,15,15,15,15,15
1,1,180308,0,0,0,0,0,0,0,0,0,0
2,1,180308,0,0,0,0,0,0,0,0,0,0
1,1,180309,0,0,0,0,0,0,0,0,0,0
2,1,180309,0,0,0,0,0,0,0,0,0,0
1,1,180310,1,1,1,1,1,1,1,1,1,1
1,1,180311,0,0,0,0,0,0,0,0,0,0
2,1,180311,0,0,0,0,0,0,0,0,0,0
0,1,180312,0,0,0,0,0,0,0,0,0,0
0,2,180312,0,0,0,0,0,0,0,0,0,0
1,1,180312,0,0,0,0,0,0,0,0,0,0
1,1,180313,0,0,0,0,0,0,0,0,0,0
2,1,180313,0,0,0,0,0,0,0,0,0,0
3,1,180313,14,0,0,0,0,0,0,0,0,0
1,1,180314,0,0,0,0,0,0,0,0,0,0
1,1,180315,0,0,0,0,0,0,0,0,0,0
1,1,180316,13,13,13,13,13,13,13,13,13,13
1,1,180317,12,12,12,12,12,12,12,12,12,12
1,1,180318,0,0,0,0,0,0,0,0,0,0
2,1,180318,0,0,0,0,0,0,0,0,0,0
1,1,180319,0,0,0,0,0,0,0,0,0,0
2,1,180319,0,0,0,0,0,0,0,0,0,0
1,1,180320,0,0,0,0,0,0,0,0,0,0
2,1,180320,0,0,0,0,0,0,0,0,0,0
1,1,180321,0,9,0,0,0,0,0,0,0,0
2,1,180321,0,0,0,0,0,0,0,0,0,0
1,1,180322,18,18,18,18,18,18,18,18,18,18
1,1,180323,11,11,11,11,11,11,11,11,11,11
1,1,180324,17,17,17,17,17,17,17,17,17,17
1,1,180325,0,0,0,0,0,0,0,0,0,0
2,1,180325,0,0,0,0,0,0,0,0,0,0
1,1,180326,11,11,11,11,11,11,11,11,11,11
1,1,180327,0,0,0,0,0,0,0,0,0,0
1,1,180328,30,30,30,30,30,30,30,30,30,30
0,1,180329,0,0,0,0,0,0,0,0,0,0
1,1,180329,0,0,0,0,0,0,0,0,0,0
1,1,180330,0,0,0,13,20,0,12,38,0,28
1,1,180331,0,0,0,0,0,0,0,9,0,0
1,1,180332,0,0,0,0,0,0,0,0,0,0
2,1,180332,0,0,0,0,0,0,0,0,0,0
1,1,180333,0,0,0,0,0,0,0,0,0,0
1,1,180334,0,0,0,0,0,0,0,0,0,0
2,1,180334,0,0,0,0,0,0,0,0,0,0
3,1,180334,0,0,0,8,0,0,4,0,0,0
1,1,180335,11,11,11,11,11,11,11,11,11,11
1,1,180336,22,22,22,22,22,22,22,22,22,22
1,1,180337,0,0,0,0,0,0,0,0,0,0
2,1,180337,0,0,0,0,0,0,0,0,0,0
1,1,180338,11,0,0,0,15,0,0,0,12,0
2,1,180338,0,23,0,16,9,0,12,0,18,27
1,1,180339,17,17,17,17,17,17,17,17,17,17
0,1,180340,0,0,0,0,8,0,0,0,0,0
1,1,180340,0,0,0,0,0,0,0,0,0,0
1,1,180342,0,0,0,0,0,0,0,0,0,0
2,1,180342,0,0,0,0,0,0,0,0,0,0
1,1,180343,19,19,19,19,19,19,19,19,19,19
2,1,180343,13,13,13,13,13,13,13,13,13,13
1,1,180344,0,0,0,0,0,0,0,0,0,0
2,1,180344,0,0,0,0,0,0,0,0,0,0
3,1,180344,0,0,0,0,0,0,0,0,0,0
0,1,180345,0,0,24,8,0,0,8,0,0,0
1,1,180345,0,0,0,0,0,0,0,0,0,0
0,1,180346,33,33,33,33,33,33,33,33,33,33
1,1,180346,0,0,0,0,0,0,0,7,0,0
1,1,180347,0,0,0,0,0,0,0,0,0,0
1,1,180348,26,26,26,26,26,26,26,26,26,26
1,1,180349,19,19,19,19,19,19,19,19,19,19
2,1,180349,0,0,0,0,0,0,0,0,0,0
1,1,180351,0,0,0,0,0,0,0,0,0,0
2,1,180351,0,0,0,0,0,0,0,0,0,0
0,1,180352,0,0,0,0,0,0,0,10,0,0
1,1,180352,15,15,15,15,15,15,15,15,15,15
2,1,180352,0,0,0,0,0,0,0,0,0,0
1,1,180353,0,0,0,0,0,0,0,0,0,0
1,1,180354,0,0,0,0,0,0,0,0,0,0
2,1,180354,0,0,0,0,0,0,0,0,0,0
1,1,180355,12,12,12,12,12,12,12,12,12,12
1,1,180356,0,0,0,0,0,0,0,0,0,0
2,1,180356,0,0,0,0,0,0,0,0,0,0
1,1,180357,20,20,20,20,20,20,20,20,20,20
2,1,180357,0,0,0,0,0,0,0,0,0,0
1,1,180358,11,11,11,11,11,11,11,11,11,11
2,1,180358,0,0,0,0,0,0,0,0,0,0
1,1,180359,0,0,0,0,0,0,0,0,0,0
2,1,180359,0,0,0,0,0,0,0,0,0,0
1,1,180360,0,0,0,0,0,0,0,0,0,0
2,1,180360,0,0,0,0,0,0,0,0,0,0
0,1,180361,0,0,0,0,0,0,0,0,0,0
1,1,180361,0,0,0,0,0,0,0,0,0,0
1,1,180362,0,0,0,0,0,0,0,0,0,0
0,1,180363,0,0,0,0,0,0,0,0,0,0
0,2,180363,0,0,0,0,0,0,0,0,0,0
1,1,180363,0,0,0,0,0,0,0,0,0,0
1,1,180364,0,0,0,0,0,0,0,0,0,0
1,1,180365,2,2,2,2,2,2,2,2,2,2
2,1,180365,0,0,0,0,0,0,0,0,0,0
1,1,180366,0,0,0,0,0,0,0,0,0,0
2,1,180366,11,0,0,0,0,0,0,0,0,0
1,1,180367,2,2,2,2,2,2,2,2,2,2
2,1,180367,0,0,0,0,0,0,0,0,0,0
3,1,180367,0,0,0,0,0,0,0,0,0,0
1,1,180368,0,0,0,0,0,0,0,0,0,0
1,1,180369,0,0,12,0,0,0,17,17,0,17
1,1,180370,0,0,15,0,0,0,0,0,0,0
1,1,180371,0,0,0,0,0,0,0,0,0,0
2,1,180371,0,0,0,0,0,0,0,0,0,19
1,1,180372,0,0,0,0,0,0,0,0,0,0
2,1,180372,0,0,0,0,0,0,0,0,0,0
3,1,180372,0,0,0,0,0,0,0,0,0,0
1,1,180373,0,0,0,0,0,0,0,0,0,0
2,1,180373,2,2,2,2,2,2,2,2,2,2
1,1,180374,0,0,0,0,0,0,0,0,0,0
1,1,180375,19,19,19,19,19,19,19,19,19,19
2,1,180375,0,0,0,0,0,0,0,0,0,0
1,1,180376,0,0,0,6,0,0,0,0,7,0
0,1,180377,0,24,22,10,17,0,27,0,0,32
0,2,180377,0,2,20,0,0,0,0,0,18,0
1,1,180377,0,0,0,0,0,0,0,0,0,0
1,1,180378,0,0,0,0,0,0,0,0,0,0
0,1,180379,0,0,0,0,0,0,0,0,0,0
1,1,180379,0,0,0,0,0,0,0,0,0,0
1,1,180382,0,0,0,0,0,0,0,0,0,0
2,1,180382,0,0,0,0,0,0,0,0,0,0
1,1,180383,0,0,0,0,0,0,0,0,0,0
2,1,180383,0,0,0,0,0,0,0,0,0,0
3,1,180383,0,0,0,0,5,0,0,0,0,0
0,1,180384,0,0,0,0,0,0,0,0,13,0
1,1,180384,0,0,0,0,0,0,0,0,0,0
1,1,180385,0,0,0,0,0,0,0,0,0,0