VEH_NO,PER_NO,ST_CASE,P1,P2,P3,P4,P5,P6,P7,P8,P9,P10
2,1,180701,0,0,0,0,0,0,0,0,0,0
1,1,180702,0,0,0,0,0,0,0,0,0,0
2,1,180702,0,0,0,0,0,0,0,0,0,0
1,1,180703,8,0,0,12,22,0,22,0,14,0
2,1,180703,0,0,0,0,0,0,0,0,0,0
1,1,180704,12,12,12,12,12,12,12,12,12,12
1,1,180705,21,21,21,21,21,21,21,21,21,21
2,1,180705,0,0,0,0,0,0,0,0,0,0
0,1,180706,0,0,0,0,0,0,0,0,9,0
1,1,180706,0,0,0,0,0,0,0,0,0,0
1,1,180707,9,9,9,9,9,9,9,9,9,9
2,1,180707,0,0,0,0,0,0,0,0,0,0
3,1,180707,0,0,0,0,0,0,0,0,0,0
4,1,180707,0,0,0,0,0,0,0,0,0,0
1,1,180708,19,19,19,19,19,19,19,19,19,19
1,1,180709,11,11,11,11,11,11,11,11,11,11
2,1,180709,0,0,0,0,0,0,0,0,0,0
1,1,180710,19,19,19,19,19,19,19,19,19,19
1,1,180711,0,0,0,0,0,0,0,0,11,11
1,1,180712,0,0,0,0,0,0,0,0,0,0
1,1,180713,0,0,0,0,0,0,0,0,0,0
2,1,180713,0,0,0,0,0,0,0,0,0,0
1,1,180714,0,0,0,0,0,0,0,0,0,0
2,1,180714,0,0,0,0,0,0,0,0,0,0
1,1,180715,0,0,0,0,0,0,0,0,0,0
2,1,180715,0,0,0,0,0,0,0,0,5,0
0,1,180716,23,23,23,23,23,23,23,23,23,23
1,1,180716,0,0,0,0,0,0,0,0,0,0
0,1,180717,0,0,0,0,0,0,0,0,0,0
1,1,180717,0,0,0,0,0,0,0,0,0,0
1,1,180718,0,0,0,0,0,0,0,0,0,0
2,1,180718,0,0,0,0,0,0,0,0,0,0
1,1,180719,0,28,0,0,0,0,20,5,0,0
1,1,180720,0,0,0,0,0,0,0,0,0,0
1,1,180721,29,29,29,29,29,29,29,29,29,29
1,1,180722,0,0,0,14,0,0,0,0,0,0
1,1,180723,20,0,0,0,0,0,0,0,0,0
1,1,180724,0,0,0,0,0,0,0,0,0,0
1,1,180725,19,19,19,19,19,19,19,19,19,19
1,1,180726,11,11,11,11,11,11,11,11,11,11
1,1,180727,0,0,0,0,0,0,0,0,0,0
2,1,180727,0,0,0,0,0,0,0,0,0,0
1,1,180728,0,0,0,0,0,0,0,0,0,0
2,1,180728,0,0,0,0,0,0,0,0,0,0
1,1,180729,0,0,0,0,0,0,0,0,0,0
2,1,180729,0,0,0,0,0,0,0,0,0,0
1,1,180730,22,22,22,22,22,22,22,22,22,22
1,1,180731,18,18,18,18,18,18,18,18,18,18
1,1,180732,0,0,0,0,0,0,0,0,0,0
2,1,180732,0,0,0,0,0,0,0,0,0,0
0,1,180733,0,0,37,30,0,22,25,34,9,15
1,1,180733,0,0,0,0,0,0,0,0,0,0
1,1,180734,0,0,0,0,0,0,0,0,0,0
2,1,180734,0,0,0,0,0,0,0,0,0,0
1,1,180735,0,0,0,0,0,0,0,0,0,0
2,1,180735,0,0,0,0,0,0,0,0,0,0
1,1,180736,0,0,0,0,0,0,0,0,0,0
2,1,180736,0,0,0,0,0,0,0,0,13,0
3,1,180736,0,0,0,0,0,0,0,0,0,6
4,1,180736,0,0,0,0,0,0,0,0,0,0
1,1,180737,0,0,0,0,0,0,0,0,0,0
1,1,180738,0,0,27,0,0,0,0,0,0,0
1,1,180739,0,0,0,0,0,0,0,0,0,0
2,1,180739,0,0,0,0,0,0,0,0,0,0
1,1,180740,0,0,0,0,0,0,0,0,0,0
2,1,180740,0,0,0,0,0,0,0,0,0,0
1,1,180741,0,0,0,0,0,0,0,0,0,0
2,1,180741,0,0,0,0,0,0,0,0,0,0
1,1,180742,0,0,0,0,0,0,0,0,0,0
1,1,180743,0,0,0,0,0,0,0,0,0,0
1,1,180744,15,7,16,0,0,0,0,0,6,8
1,1,180745,0,0,0,0,0,0,0,0,0,0
1,1,180746,32,0,0,0,0,0,0,0,0,0
1,1,180747,0,0,0,0,0,0,0,0,0,27
2,1,180747,0,0,0,0,0,0,0,0,0,0
1,1,180748,0,0,0,0,0,0,0,0,0,0
1,1,180749,0,0,0,0,0,0,0,0,0,0
2,1,180749,7,7,7,7,7,7,7,7,7,7
1,1,180750,0,0,0,23,0,0,0,0,0,0
1,1,180751,0,24,22,23,19,0,23,20,0,34
1,1,180752,19,19,19,19,19,19,19,19,19,19
0,1,180753,38,38,38,38,38,38,38,38,38,38
1,1,180753,0,0,0,0,0,0,13,0,0,0
1,1,180754,0,0,0,0,0,0,0,0,0,0
2,1,180754,0,0,0,0,0,0,0,0,0,0
1,1,180755,0,0,0,0,0,0,0,0,0,0
1,1,180756,0,0,0,0,0,0,0,0,0,0
1,1,180757,0,6,0,0,10,0,0,22,0,0
2,1,180757,0,0,0,0,0,0,0,0,0,0
1,1,180758,0,0,0,0,0,0,0,0,0,0
0,1,180759,0,0,0,14,0,0,0,0,0,28
1,1,180759,0,9,0,0,0,0,0,0,0,0
1,1,180760,0,0,0,0,0,0,0,0,0,0
2,1,180760,0,0,0,0,0,0,0,0,0,0
0,1,180761,0,0,0,0,0,0,0,0,0,0
1,1,180761,0,0,0,0,0,0,0,0,0,0
1,1,180762,0,0,0,0,0,0,0,0,0,0
2,1,180762,0,0,0,0,0,0,0,0,0,0
0,1,180763,29,29,29,29,29,29,29,29,29,29
1,1,180763,0,0,0,0,0,0,0,0,0,0
2,1,180763,0,0,0,0,0,0,0,0,0,0
1,1,180764,13,13,13,13,13,13,13,13,13,13
2,1,180764,0,0,27,0,0,14,0,0,0,0
3,1,180764,17,0,0,0,0,0,0,0,0,0
1,1,180765,24,24,24,24,24,24,24,24,24,24
1,1,180766,17,17,17,17,17,17,17,17,17,17
1,1,180767,0,0,0,0,0,0,0,0,0,0
0,1,180768,19,0,0,0,0,0,0,7,0,6
1,1,180768,0,0,0,0,0,0,0,0,0,0
1,1,180769,0,0,0,0,0,0,0,0,0,0
1,1,180770,4,4,4,4,4,4,4,4,4,4
2,1,180770,0,8,0,0,0,0,0,0,0,0
1,1,180771,0,0,0,0,0,0,0,0,0,0
2,1,180771,0,0,24,0,0,0,0,0,21,20
0,1,180772,0,0,0,0,0,0,0,0,0,0
1,1,180772,0,0,0,0,9,0,0,0,0,13
1,1,180773,0,0,0,0,0,0,0,0,0,0
2,1,180773,0,0,0,0,0,0,0,0,0,0
1,1,180774,25,25,25,25,25,25,25,25,25,25
1,1,180775,0,0,0,0,0,0,0,0,0,0
2,1,180775,0,0,0,0,0,0,0,0,0,0
1,1,180776,0,0,6,0,0,0,0,0,0,30
1,1,180777,0,0,0,0,0,0,0,0,0,0
2,1,180777,0,0,0,0,0,0,0,0,0,0
1,1,180778,16,22,0,8,0,9,0,18,0,21
1,1,180779,0,0,0,0,0,15,0,0,0,0
1,1,180780,0,0,0,0,0,0,0,0,0,0
1,1,180781,0,0,0,0,0,0,0,0,0,0
2,1,180781,0,0,0,0,0,0,0,0,0,0
1,1,180782,19,19,19,19,19,19,19,19,19,19
2,1,180782,0,0,0,4,0,0,0,0,0,0
1,1,180783,11,11,11,11,11,11,11,11,11,11
1,1,180784,0,0,0,0,0,0,0,0,0,0
2,1,180784,0,0,0,0,0,0,0,0,0,0
1,1,180785,16,16,16,16,16,16,16,16,16,16
1,1,180786,0,0,0,0,0,14,12,0,0,0
2,1,180786,20,0,0,0,0,0,0,0,0,0
1,1,180787,0,0,0,0,0,0,0,0,0,0
2,1,180787,0,0,0,0,0,0,0,0,0,0
1,1,180788,0,0,0,0,0,0,0,0,0,0
2,1,180788,0,0,0,0,0,0,0,0,0,0
1,1,180789,0,0,0,0,0,0,0,0,0,0
2,1,180789,0,0,0,0,0,0,0,0,0,0
1,1,180790,17,17,17,17,17,17,17,17,17,17
1,1,180791,0,0,0,0,0,0,0,0,0,0
2,1,180791,0,0,0,0,0,0,0,0,0,0
1,1,180792,0,0,14,6,0,0,0,17,0,0
1,1,180793,0,0,0,0,0,0,0,0,0,0
2,1,180793,0,0,0,0,0,0,0,0,0,0
1,1,180794,0,6,16,0,0,0,0,0,0,0
2,1,180794,0,0,0,0,0,0,17,0,0,0
3,1,180794,0,0,24,0,0,0,0,0,0,0
1,1,180795,0,0,0,0,0,0,0,0,0,0
2,1,180795,0,0,0,0,0,0,0,0,0,0
1,1,180796,0,0,0,0,0,0,0,0,0,0
2,1,180796,0,0,0,0,0,0,0,0,0,0
1,1,180797,0,0,0,0,0,0,0,0,0,0
2,1,180797,36,36,36,36,36,36,36,36,36,36
0,1,180798,0,0,0,0,0,0,0,0,0,0
1,1,180798,0,0,0,0,0,0,0,0,0,0
1,1,180799,7,7,7,7,7,7,7,7,7,7
1,1,180800,0,0,0,0,0,0,0,0,0,17
2,1,180800,0,6,0,0,0,3,0,0,0,0
0,1,180801,0,8,0,0,0,0,0,0,0,0
0,2,180801,8,0,0,0,0,0,0,0,0,0
1,1,180801,0,0,0,0,0,0,0,0,0,0
1,1,180802,24,24,24,24,24,24,24,24,24,24
1,1,180803,0,0,0,0,0,0,0,0,0,0
2,1,180803,0,0,13,0,0,0,0,31,0,0
1,1,180804,20,0,14,0,0,21,23,19,38,14
1,1,180805,24,24,24,24,24,24,24,24,24,24
0,1,180806,25,25,25,25,25,25,25,25,25,25
1,1,180806,0,0,0,0,0,0,0,0,0,0
1,1,180807,0,0,0,0,0,0,0,0,0,0
2,1,180807,0,0,0,0,0,0,0,0,0,0
1,1,180808,0,0,0,0,0,0,0,0,0,0
2,1,180808,0,0,0,0,0,0,0,0,0,0
1,1,180809,0,29,0,18,14,12,0,16,6,18
1,1,180810,0,0,0,0,0,0,0,0,0,0
2,1,180810,0,0,0,0,0,0,0,0,0,0
1,1,180811,17,17,17,17,17,17,17,17,17,17
1,1,180812,15,15,15,15,15,15,15,15,15,15
1,1,180813,13,0,0,0,6,0,0,0,0,0
1,1,180814,10,10,10,10,10,10,10,10,10,10
1,1,180815,0,0,0,0,0,0,0,0,0,0
2,1,180815,9,9,9,9,9,9,9,9,9,9
0,1,180816,0,0,0,0,0,0,0,0,0,0
1,1,180816,11,0,0,0,0,0,0,0,0,0
0,1,180817,22,21,0,0,0,0,0,0,0,0
1,1,180817,0,0,0,0,0,0,0,0,0,0
0,1,180818,0,0,0,0,0,0,0,0,0,0
0,2,180818,0,0,0,0,0,0,0,0,0,0
1,1,180818,0,0,0,0,0,0,0,0,0,0
2,1,180818,0,0,0,0,0,0,0,0,0,0
1,1,180819,12,0,18,8,0,26,11,0,0,0
2,1,180819,0,0,0,0,0,0,0,0,0,0
1,1,180820,14,12,0,45,0,5,5,7,0,8
0,1,180821,22,22,22,22,22,22,22,22,22,22
1,1,180821,0,0,0,0,0,0,0,0,0,0
2,1,180821,0,0,0,0,0,0,0,0,0,0
3,1,180821,0,0,0,0,0,0,0,0,0,0
1,1,180822,0,0,0,0,0,0,0,28,0,0
1,1,180823,12,12,12,12,12,12,12,12,12,12
2,1,180823,0,0,0,0,0,0,0,0,0,0
1,1,180824,0,0,0,0,0,0,0,0,0,0
2,1,180824,0,0,0,0,0,0,10,0,0,0
0,1,180825,35,0,0,11,30,0,0,22,0,0
1,1,180825,0,0,0,0,0,0,0,0,0,20
1,1,180826,18,18,18,18,18,18,18,18,18,18
1,1,180827,0,0,0,0,0,0,0,15,30,0
1,1,180828,15,0,0,9,0,0,0,0,0,0
0,1,180829,11,0,10,10,0,0,35,0,3,0
1,1,180829,0,0,0,0,0,0,0,0,0,0
0,1,180830,0,0,0,0,0,0,0,0,0,0
1,1,180830,0,0,0,0,0,0,0,0,0,0
1,1,180831,7,7,7,7,7,7,7,7,7,7
2,1,180831,0,0,0,0,0,0,0,0,0,0
1,1,180832,0,0,0,0,0,7,0,0,0,0
1,1,180834,10,0,0,0,0,0,0,0,0,0
2,1,180834,0,0,0,0,0,0,0,0,0,29
1,1,180835,0,0,0,0,0,0,0,0,0,0
2,1,180835,0,0,0,0,0,0,0,0,0,0
3,1,180835,0,0,0,0,0,0,0,0,0,0
1,1,180836,0,0,0,0,0,0,0,0,0,0
2,1,180836,0,0,0,0,0,0,0,0,0,0
1,1,190001,0,0,0,0,0,0,0,0,0,0
2,1,190001,0,0,0,0,0,0,0,0,0,6
0,1,190002,0,7,15,0,0,11,16,0,0,10
1,1,190002,0,0,0,0,0,0,0,0,0,0
1,1,190003,0,0,0,0,0,0,0,0,0,0
1,1,190004,0,0,0,0,0,0,0,0,0,0
1,1,190005,0,0,0,0,0,0,0,0,0,0
2,1,190005,0,0,0,0,0,0,0,0,0,0
1,1,190006,0,0,0,0,3,0,0,0,0,0
2,1,190006,0,0,0,0,0,0,0,0,0,0
1,1,190007,0,0,0,0,6,0,0,0,0,0
1,1,190008,0,0,0,0,0,0,0,0,0,0
1,1,190009,22,22,22,22,22,22,22,22,22,22
1,1,190010,0,0,0,0,0,0,0,0,0,0
2,1,190010,0,0,0,0,0,0,0,0,0,0
1,1,190011,0,0,0,17,0,0,0,0,0,0
1,1,190012,0,0,0,0,0,0,0,0,0,0
1,1,190013,0,0,0,0,0,0,0,0,0,0
2,1,190013,0,0,0,0,0,0,0,0,0,0
1,1,190014,0,0,0,0,28,0,17,0,0,0
1,1,190015,0,0,0,0,0,0,0,0,0,0
2,1,190015,20,0,0,0,0,0,0,0,0,0
3,1,190015,0,0,0,0,0,0,0,0,0,0
1,1,190016,21,21,21,21,21,21,21,21,21,21
0,1,190017,0,0,0,0,0,33,0,0,0,4
0,2,190017,0,0,0,0,0,0,17,0,0,0
1,1,190017,0,0,0,0,0,0,0,0,0,0
1,1,190018,0,22,0,0,0,0,0,0,0,0
2,1,190018,0,0,0,0,0,0,0,0,0,0
0,1,190019,27,21,0,10,0,9,0,22,0,0
0,2,190019,0,0,0,0,0,0,0,0,0,0
0,3,190019,0,0,0,0,0,18,0,0,0,0
1,1,190019,0,0,0,0,0,0,0,0,0,0
2,1,190019,5,0,0,0,0,0,0,14,0,0
1,1,190020,0,0,0,0,0,16,0,19,0,20
2,1,190020,0,0,0,0,0,0,0,0,0,0
1,1,190021,0,0,0,0,14,0,0,0,0,0
2,1,190021,0,0,0,0,0,0,0,0,0,0
1,1,190022,15,11,0,9,24,17,0,27,17,0
1,1,190023,31,31,31,31,31,31,31,31,31,31
1,1,190024,0,0,0,9,0,21,16,0,0,33
1,1,190025,27,27,27,27,27,27,27,27,27,27
1,1,190026,0,17,0,0,0,0,0,0,0,0
1,1,190027,0,0,0,0,0,0,10,0,0,0
2,1,190027,0,0,0,0,0,0,0,0,0,0
1,1,190028,0,0,0,0,0,0,0,0,0,0
1,1,190029,0,0,0,0,0,8,0,0,26,0
1,1,190030,0,0,0,0,0,0,0,0,0,0
1,1,190031,0,0,0,0,0,0,0,0,0,0
2,1,190031,0,0,0,0,0,0,0,0,0,0
1,1,190032,0,0,0,0,0,0,0,0,0,0
2,1,190032,0,0,0,0,0,0,0,0,0,0
1,1,190033,14,14,14,14,14,14,14,14,14,14
1,1,190034,0,0,8,0,0,0,0,0,0,0
2,1,190034,0,0,0,0,0,0,0,0,0,0
1,1,190035,0,0,0,0,0,0,0,0,0,0
2,1,190035,0,0,0,0,0,0,0,0,0,0
1,1,190036,10,0,0,0,0,0,0,0,0,0
0,1,190037,39,39,39,39,39,39,39,39,39,39
1,1,190037,4,4,4,4,4,4,4,4,4,4
1,1,190038,0,0,0,0,0,0,0,0,0,0
1,1,190039,0,0,6,0,0,0,0,0,0,0
2,1,190039,0,0,0,0,0,0,0,0,0,0
0,1,190040,0,0,0,0,0,0,0,0,0,0
1,1,190040,0,0,0,0,0,0,0,0,0,0
1,1,190041,23,23,23,23,23,23,23,23,23,23
1,1,190042,0,0,0,0,0,0,0,0,0,0
2,1,190042,0,0,0,0,0,0,0,0,0,0
1,1,190043,0,0,0,0,0,0,0,0,0,0
1,1,190044,10,14,0,16,13,0,24,0,5,28
1,1,190045,8,8,8,8,8,8,8,8,8,8
1,1,190046,0,0,0,0,0,0,26,0,0,0
2,1,190046,0,0,0,0,0,0,0,0,0,0
1,1,190047,0,0,0,0,0,0,0,0,0,0
2,1,190047,0,0,0,0,0,0,0,0,0,0
1,1,190048,15,15,15,15,15,15,15,15,15,15
1,1,190049,0,0,0,0,0,0,0,12,0,0
2,1,190049,0,0,0,0,0,0,0,0,0,0
1,1,190050,9,9,9,9,9,9,9,9,9,9
1,1,190051,0,0,0,0,0,0,0,0,0,0
2,1,190051,0,0,0,0,0,0,0,0,0,0
1,1,190052,0,0,0,0,0,0,0,0,0,0
2,1,190052,0,0,0,0,0,0,0,0,0,0
1,1,190053,0,0,0,0,0,0,0,0,0,0
2,1,190053,0,0,0,0,0,0,0,0,0,0
1,1,190054,9,9,9,9,9,9,9,9,9,9
1,1,190055,0,0,0,0,0,0,0,0,0,0
2,1,190055,12,12,12,12,12,12,12,12,12,12
1,1,190056,0,0,0,0,0,0,0,0,0,0
2,1,190056,24,24,24,24,24,24,24,24,24,24
1,1,190057,0,0,0,0,0,0,0,0,0,0
2,1,190057,0,0,0,0,0,0,0,0,0,0
1,1,190058,0,0,0,0,0,0,0,0,14,0
1,1,190059,7,0,0,0,24,10,0,15,0,0
1,1,190060,0,0,0,0,0,0,0,0,0,0
2,1,190060,0,0,0,0,0,0,0,0,0,0
1,1,190061,0,0,0,0,0,0,0,0,0,0
2,1,190061,0,0,0,0,0,0,0,0,0,0
1,1,190062,0,0,11,0,0,0,0,0,0,0
1,1,190063,18,18,18,18,18,18,18,18,18,18
2,1,190063,0,0,0,0,0,0,0,0,0,0
1,1,190064,0,0,0,0,0,0,0,0,0,0
1,1,190065,0,0,0,0,0,0,0,0,0,0
2,1,190065,0,0,0,0,0,0,0,0,0,0
1,1,190066,0,0,0,0,0,0,0,0,0,0
2,1,190066,0,0,0,0,0,0,0,0,0,0
1,1,190067,0,0,0,0,0,0,0,0,0,0
2,1,190067,0,0,0,0,0,0,0,0,0,0
3,1,190067,0,0,0,0,0,0,0,0,0,0
1,1,190068,0,0,0,0,0,0,0,0,0,0
2,1,190068,0,0,0,0,0,0,0,0,0,0
1,1,190069,0,0,0,0,0,0,0,0,0,0
2,1,190069,0,0,0,0,0,0,0,0,0,0
3,1,190069,0,0,0,0,0,0,0,0,0,0
1,1,190070,0,10,0,16,0,0,0,0,0,0
2,1,190070,0,0,0,0,0,0,0,0,0,0
1,1,190071,0,0,0,0,0,0,0,0,0,0
1,1,190072,12,12,12,12,12,12,12,12,12,12
1,1,190073,0,0,0,0,0,0,0,0,0,0
2,1,190073,0,0,0,0,0,0,0,0,0,0
1,1,190074,0,0,0,0,0,0,0,0,0,0
2,1,190074,0,0,0,0,0,0,0,0,0,0
1,1,190075,0,0,0,0,0,0,0,0,0,0
2,1,190075,5,5,5,5,5,5,5,5,5,5
1,1,190076,0,0,0,0,0,0,0,0,0,0
1,1,190077,2,2,2,2,2,2,2,2,2,2
1,1,190078,0,0,0,0,12,0,23,0,0,0
1,1,190079,13,0,25,17,8,11,21,0,26,17
1,1,190080,0,0,0,0,0,0,4,0,0,0
2,1,190080,0,0,0,0,24,0,0,0,0,0
1,1,190081,0,0,0,0,0,0,0,0,0,0
2,1,190081,0,0,0,0,0,0,0,19,0,0
1,1,190082,0,0,0,0,0,0,0,0,0,10
1,1,190083,0,0,0,0,0,0,0,0,0,0
0,1,190084,39,0,0,11,19,0,0,0,14,17
1,1,190084,7,0,7,0,0,0,0,0,0,0
1,1,190085,0,0,0,21,0,0,12,11,0,0
1,1,190086,0,4,20,0,0,16,0,11,0,16
1,1,190087,23,23,23,23,23,23,23,23,23,23
1,1,190088,0,0,0,0,0,0,0,0,0,0
2,1,190088,2,0,0,0,0,0,0,0,0,0
1,1,190089,0,0,0,0,0,0,0,0,0,0
2,1,190089,0,0,0,0,13,0,0,20,0,0
1,1,190090,20,20,20,20,20,20,20,20,20,20
1,1,190091,15,12,0,0,0,0,0,25,0,0
1,1,190092,0,0,0,0,14,0,0,0,21,31
0,1,190093,16,16,16,16,16,16,16,16,16,16
1,1,190093,26,0,0,0,0,0,0,0,0,19
0,1,190094,0,0,0,0,0,0,0,0,0,0
1,1,190094,23,16,6,0,5,4,0,26,19,15
1,1,190095,0,0,0,0,0,0,0,0,0,0
2,1,190095,6,6,6,6,6,6,6,6,6,6
1,1,190096,0,0,0,0,0,0,0,0,0,0
2,1,190096,0,0,0,0,0,0,0,0,0,0
1,1,190097,0,0,0,0,0,0,0,0,0,0
2,1,190097,0,0,0,13,0,0,0,0,0,0
1,1,190098,0,0,0,0,0,0,0,0,0,0
2,1,190098,0,0,0,0,0,0,0,0,0,0
1,1,190100,0,0,10,0,0,0,12,0,0,0
2,1,190100,0,0,0,0,0,0,0,0,0,0
1,1,190101,0,41,0,0,0,0,0,0,0,0
2,1,190101,0,0,0,0,0,0,0,0,0,0
1,1,190102,0,0,0,0,0,0,0,0,0,0
1,1,190103,0,15,0,0,0,0,0,20,0,11
1,1,190104,14,14,14,14,14,14,14,14,14,14
2,1,190104,7,7,7,7,7,7,7,7,7,7
1,1,190105,0,0,0,0,0,0,0,0,0,0
2,1,190105,0,0,0,0,0,0,0,0,0,0
1,1,190106,0,0,0,0,0,0,0,0,0,0
2,1,190106,0,0,0,0,0,0,0,0,0,0
1,1,190107,9,9,9,9,9,9,9,9,9,9
1,1,190108,0,5,16,16,25,23,17,17,0,26
1,1,190109,0,0,0,0,0,19,0,0,0,0
2,1,190109,0,0,0,0,0,0,0,0,0,0
1,1,190110,0,0,0,0,6,0,0,0,0,0
2,1,190110,0,0,0,0,0,0,0,0,0,0
1,1,190111,0,0,0,0,0,0,4,0,0,0
2,1,190111,0,0,0,0,0,0,0,0,0,0
1,1,190112,0,0,0,0,0,0,0,0,0,0
2,1,190112,0,0,0,0,0,0,0,0,0,0
1,1,190113,0,0,0,0,0,0,0,0,0,0
2,1,190113,0,0,0,0,0,0,0,0,11,14
3,1,190113,0,0,0,0,0,0,0,0,0,0
4,1,190113,0,0,0,0,0,0,0,0,0,0
1,1,190114,0,0,10,0,0,0,0,0,0,0
1,1,190115,20,0,0,0,0,0,0,0,19,0
1,1,190116,0,0,0,0,0,0,0,0,0,0
1,1,190117,10,10,10,10,10,10,10,10,10,10
1,1,190118,0,0,0,0,0,0,0,0,0,0
2,1,190118,0,0,0,0,0,0,0,0,0,0
1,1,190119,0,0,0,0,0,0,0,0,0,0
2,1,190119,0,0,0,0,0,0,0,0,0,0
1,1,190120,0,0,0,0,0,0,0,0,0,0
1,1,190121,7,7,7,7,7,7,7,7,7,7
2,1,190121,0,0,0,0,0,0,0,0,0,0
1,1,190122,0,0,0,0,0,0,0,0,0,0
2,1,190122,0,0,0,0,0,0,0,0,0,0
1,1,190123,0,0,0,0,0,0,0,0,0,0
2,1,190123,8,0,0,0,0,0,0,0,6,0
1,1,190124,0,0,0,4,0,0,0,0,0,0
1,1,190125,0,0,0,0,0,0,0,0,0,0
1,1,190126,0,0,0,0,0,0,0,0,0,0
1,1,190127,24,15,0,0,12,0,0,0,0,16
1,1,190128,0,0,0,0,0,0,0,0,0,0
1,1,190129,0,0,0,0,0,0,0,0,0,0
1,1,190130,11,11,11,11,11,11,11,11,11,11
1,1,190131,0,18,0,0,0,0,0,0,0,0
1,1,190132,0,31,0,0,0,20,3,0,19,0
1,1,190133,0,0,0,0,0,0,0,0,0,0
1,1,190134,0,0,0,0,0,0,0,0,0,0
2,1,190134,0,0,0,0,0,0,0,0,0,0
0,1,190135,0,0,0,0,0,0,0,0,0,0
1,1,190135,0,0,0,0,0,0,0,0,0,0
1,1,190136,0,0,0,0,0,0,0,0,0,0
1,1,190137,0,8,0,0,0,0,0,0,0,0
1,1,190138,15,15,15,15,15,15,15,15,15,15
1,1,190139,0,0,5,0,0,0,0,0,0,0
1,1,190140,15,0,0,0,0,18,23,0,0,17
1,1,190141,0,0,0,0,0,0,0,0,0,0
2,1,190141,0,0,0,0,0,0,0,0,0,0
1,1,190142,0,0,0,0,0,0,0,0,0,0
2,1,190142,0,0,0,0,0,0,0,0,0,0
1,1,190143,0,0,0,0,0,0,0,0,0,0
2,1,190143,0,0,0,0,0,0,0,0,0,0
1,1,190144,1,1,1,1,1,1,1,1,1,1
2,1,190144,0,0,0,0,0,0,0,0,0,0
1,1,190145,25,25,25,25,25,25,25,25,25,25
1,1,190146,0,0,0,0,0,0,0,0,0,0
2,1,190146,0,0,0,0,0,0,0,0,0,0
3,1,190146,0,0,0,0,0,0,0,0,0,0
4,1,190146,0,0,0,0,0,0,0,0,0,0
5,1,190146,0,0,0,0,0,0,0,0,0,0
6,1,190146,0,0,0,0,0,0,0,0,0,0
7,1,190146,0,0,0,0,0,0,0,0,0,0
8,1,190146,0,0,0,0,0,0,0,0,0,0
1,1,190147,0,0,0,0,0,0,0,0,0,0
2,1,190147,0,0,0,0,0,0,0,0,0,0
1,1,190148,0,0,0,0,0,0,0,0,0,0
2,1,190148,0,0,0,0,0,0,0,0,0,0
1,1,190149,0,0,0,0,0,0,0,0,0,0
2,1,190149,0,0,0,0,0,0,0,0,0,0
1,1,190150,0,0,0,0,0,0,0,0,0,0
1,1,190151,0,19,0,0,13,13,16,0,0,23
1,1,190152,0,0,0,0,0,0,0,0,0,0
1,1,190154,0,0,0,0,0,0,0,0,0,0
2,1,190154,0,0,0,0,0,0,0,0,0,0
1,1,190155,0,0,0,0,14,0,14,0,0,0
2,1,190155,0,0,0,0,0,0,0,0,0,0
1,1,190156,0,0,0,0,0,0,0,0,0,0
2,1,190156,0,0,0,0,0,0,0,0,0,0
3,1,190156,0,0,0,0,0,0,0,0,0,0
0,1,190157,0,0,0,0,0,0,0,0,0,0
1,1,190157,0,0,0,0,0,0,0,0,0,0
1,1,190158,0,0,0,0,0,0,0,0,0,0
1,1,190159,0,0,0,0,0,0,0,0,0,0
2,1,190159,0,0,0,0,0,0,0,0,0,0
1,1,190160,0,0,9,0,0,0,0,0,0,0
1,1,190161,0,0,0,0,0,0,0,0,0,0
2,1,190161,0,0,0,0,0,0,0,0,0,0
1,1,190162,19,19,19,19,19,19,19,19,19,19
1,1,190163,10,13,4,0,6,0,0,13,0,0
1,1,190164,0,0,8,0,0,0,20,0,32,0
1,1,190165,2,2,2,2,2,2,2,2,2,2
1,1,190166,0,0,0,0,0,0,0,0,0,0
1,1,190167,0,0,0,0,0,0,0,0,0,0
2,1,190167,0,0,0,0,18,0,0,0,0,0
1,1,190168,12,12,12,12,12,12,12,12,12,12
2,1,190168,0,0,0,0,0,0,0,0,0,0
1,1,190169,0,0,0,0,0,0,0,0,0,0
2,1,190169,0,0,0,0,0,0,0,0,0,0
0,1,190170,0,0,0,0,0,0,0,0,0,0
1,1,190170,0,0,0,0,0,0,0,0,0,0
1,1,190171,6,0,15,0,15,0,0,14,0,0
2,1,190171,0,0,12,0,0,0,0,0,0,0
1,1,190172,0,0,0,0,0,0,0,0,0,0
1,1,190173,0,0,0,0,0,0,0,0,0,0
2,1,190173,0,0,0,16,0,0,0,0,0,0
1,1,190174,11,11,11,11,11,11,11,11,11,11
1,1,190175,0,0,0,0,0,0,0,0,0,0
2,1,190175,0,0,0,0,0,0,0,0,0,0
0,1,190176,0,0,0,0,0,0,5,0,0,16
1,1,190176,0,0,0,0,0,0,0,0,18,0
1,1,190177,0,0,0,0,0,0,0,0,0,0
2,1,190177,0,0,0,0,0,0,0,0,0,0
1,1,190178,0,0,0,0,0,0,0,0,0,0
1,1,190179,0,0,0,0,0,0,0,0,0,0
2,1,190179,0,0,0,0,0,0,0,0,0,0
1,1,190180,0,0,0,0,0,0,0,0,0,0
2,1,190180,0,0,0,0,0,0,0,0,0,0
1,1,190181,0,9,0,0,0,0,0,0,0,0
2,1,190181,0,0,0,0,0,0,0,0,0,0
0,1,190182,0,32,0,18,0,70,6,27,36,30
1,1,190182,0,0,0,0,0,0,0,0,0,0
1,1,190183,0,0,0,0,0,0,0,0,0,0