VEH_NO,PER_NO,ST_CASE,P1,P2,P3,P4,P5,P6,P7,P8,P9,P10
2,1,190183,0,0,0,0,0,0,0,0,0,0
1,1,190184,13,13,13,13,13,13,13,13,13,13
1,1,190185,0,0,0,0,0,0,0,0,0,0
1,1,190186,0,0,0,0,0,0,0,0,0,6
1,1,190187,17,0,0,0,0,0,0,0,0,0
1,1,190188,0,0,0,0,0,0,0,0,0,0
2,1,190188,0,0,0,0,0,0,0,0,0,0
1,1,190189,0,0,0,0,0,0,0,0,0,0
2,1,190189,0,0,0,0,0,0,0,0,0,0
1,1,190190,26,26,26,26,26,26,26,26,26,26
2,1,190190,15,15,15,15,15,15,15,15,15,15
1,1,190191,0,0,0,0,0,0,0,0,0,0
2,1,190191,0,0,0,0,0,0,0,0,0,0
1,1,190193,0,0,0,0,0,0,0,0,0,0
2,1,190193,0,0,0,0,0,0,0,0,0,0
1,1,190194,0,0,0,0,0,11,0,0,0,0
1,1,190195,28,28,28,28,28,28,28,28,28,28
1,1,190196,39,14,20,19,25,0,5,0,14,0
1,1,190197,0,18,0,12,21,12,0,0,11,17
1,1,190199,17,17,17,17,17,17,17,17,17,17
1,1,190200,0,0,0,0,0,0,0,0,0,0
2,1,190200,4,0,0,15,0,0,0,0,0,0
1,1,190201,32,20,0,0,0,18,26,0,0,0
1,1,190202,22,22,22,22,22,22,22,22,22,22
1,1,190203,0,0,0,0,0,0,0,0,0,15
2,1,190203,0,0,0,0,0,0,0,0,0,0
0,1,190204,0,0,0,0,0,0,0,0,0,0
1,1,190204,0,0,0,0,0,0,0,0,0,0
1,1,190205,36,36,36,36,36,36,36,36,36,36
1,1,190206,9,9,9,9,9,9,9,9,9,9
2,1,190206,0,0,0,0,0,0,0,0,0,0
1,1,190207,0,0,0,0,0,0,0,0,0,0
2,1,190207,0,0,0,0,0,0,0,0,0,0
1,1,190208,0,0,0,0,0,0,0,0,0,0
2,1,190208,0,0,0,0,0,0,0,0,0,0
1,1,190209,18,18,18,18,18,18,18,18,18,18
1,1,190210,8,0,0,0,0,0,0,12,0,0
0,1,190211,28,21,23,8,0,0,18,0,0,0
1,1,190211,21,21,21,21,21,21,21,21,21,21
1,1,190212,0,0,0,0,0,0,0,0,0,0
0,1,190213,0,0,0,0,0,0,0,13,19,0
1,1,190213,0,0,0,0,0,0,0,0,0,0
0,1,190214,20,0,34,29,0,6,22,19,36,27
1,1,190214,0,0,0,0,0,0,0,0,0,0
1,1,190215,14,0,0,0,0,0,15,0,0,0
1,1,190216,23,23,23,23,23,23,23,23,23,23
1,1,190217,0,0,0,0,0,0,0,0,0,0
1,1,190218,20,26,12,23,27,21,0,0,0,11
1,1,190219,17,17,17,17,17,17,17,17,17,17
1,1,190220,0,0,0,0,0,0,0,0,0,0
2,1,190220,0,0,0,0,0,0,0,0,6,0
1,1,190221,0,0,0,0,0,0,0,0,0,0
2,1,190221,0,0,0,0,0,0,0,0,0,0
1,1,190222,0,0,0,0,0,0,0,0,0,0
2,1,190222,0,0,0,0,0,0,0,0,0,0
1,1,190223,0,0,0,0,0,0,0,0,0,0
2,1,190223,0,0,0,0,0,0,0,0,0,0
1,1,190224,0,0,0,0,0,0,0,0,0,0
2,1,190224,0,0,0,0,0,0,0,0,0,0
1,1,190225,0,0,0,0,0,0,4,0,0,14
0,1,190226,0,0,0,0,0,0,0,0,0,0
1,1,190226,0,0,0,0,0,0,0,0,0,0
1,1,190227,0,0,0,0,0,0,0,0,0,0
2,1,190227,0,0,0,0,0,6,0,0,0,0
3,1,190227,0,0,0,0,0,0,0,0,0,0
4,1,190227,0,0,0,0,0,0,0,0,0,0
1,1,190228,0,0,12,8,14,13,0,15,14,0
1,1,190229,33,33,33,33,33,33,33,33,33,33
1,1,190230,0,0,0,0,0,0,0,0,0,0
1,1,190231,0,0,0,0,0,0,0,0,0,0
2,1,190231,0,0,0,0,0,0,0,0,0,0
1,1,190232,12,12,12,12,12,12,12,12,12,12
1,1,190233,0,0,0,0,0,0,0,0,0,0
2,1,190233,0,0,0,0,0,0,0,0,0,0
1,1,190234,14,14,14,14,14,14,14,14,14,14
1,1,190235,8,11,2,17,10,15,10,11,11,23
1,1,190236,0,0,0,0,0,0,0,0,0,0
2,1,190236,0,0,0,0,0,0,0,0,0,0
1,1,190237,0,0,0,0,0,0,0,0,0,0
0,1,190238,16,3,0,0,0,0,0,0,0,0
1,1,190238,16,16,16,16,16,16,16,16,16,16
1,1,190239,14,14,14,14,14,14,14,14,14,14
1,1,190240,0,0,0,0,6,0,0,0,0,0
2,1,190240,0,0,0,0,0,0,0,0,0,0
1,1,190241,0,0,0,0,0,0,0,0,0,0
2,1,190241,0,0,0,0,0,0,0,0,0,0
1,1,190242,0,0,0,0,0,0,0,0,0,9
2,1,190242,18,8,0,0,0,0,5,0,0,0
1,1,190243,14,14,14,14,14,14,14,14,14,14
1,1,190244,0,0,0,0,14,0,6,14,0,0
1,1,190245,0,0,0,0,0,0,0,0,0,0
2,1,190245,0,0,0,0,0,0,0,0,0,0
1,1,190246,0,0,0,0,0,0,0,0,0,0
1,1,190247,0,0,0,0,0,0,0,0,0,0
2,1,190247,0,0,0,0,0,0,0,0,0,0
1,1,190248,12,6,0,0,0,10,0,8,0,0
1,1,190249,0,0,0,18,0,0,7,0,5,0
1,1,190250,0,0,0,0,0,0,0,0,0,0
0,1,190251,0,0,0,0,0,0,0,0,0,12
1,1,190251,0,0,0,0,0,0,0,0,0,0
1,1,190252,0,0,0,0,0,0,0,0,0,0
2,1,190252,0,0,0,0,0,23,0,0,0,0
1,1,190253,0,0,0,0,0,0,0,0,0,0
0,1,190254,23,23,23,23,23,23,23,23,23,23
1,1,190254,0,0,0,0,0,0,0,0,0,0
1,1,190255,0,0,0,0,0,0,0,0,0,0
2,1,190255,0,0,0,0,0,0,0,0,0,0
1,1,190256,0,0,0,0,0,0,0,0,0,0
2,1,190256,6,6,6,6,6,6,6,6,6,6
1,1,190257,0,8,0,0,0,0,0,6,0,0
2,1,190257,0,0,0,0,0,0,0,0,0,0
1,1,190258,0,0,0,0,0,0,0,0,0,0
1,1,190259,0,0,0,0,0,0,0,0,0,0
2,1,190259,0,0,0,0,3,0,0,12,0,0
0,1,190260,0,0,0,0,0,0,0,0,0,0
1,1,190260,0,0,10,0,0,0,0,0,0,0
1,1,190261,0,0,0,0,0,0,0,0,0,0
2,1,190261,0,0,0,0,0,0,0,13,0,0
1,1,190262,0,0,0,0,0,0,0,0,0,0
2,1,190262,0,0,0,0,0,0,0,0,0,0
1,1,190263,17,17,17,17,17,17,17,17,17,17
1,1,190264,0,0,0,0,0,0,0,0,0,0
2,1,190264,0,0,0,0,0,0,0,0,0,0
1,1,190265,19,19,19,19,19,19,19,19,19,19
2,1,190265,0,0,0,0,0,0,0,0,0,0
0,1,190266,0,24,0,0,18,8,0,15,0,0
1,1,190266,13,13,13,13,13,13,13,13,13,13
1,1,190267,0,9,0,0,12,0,0,16,0,12
1,1,190268,0,0,0,0,4,0,0,0,0,0
2,1,190268,0,0,0,0,0,0,0,0,0,0
1,1,190269,0,0,0,0,0,16,0,0,0,0
2,1,190269,0,0,0,0,0,0,0,0,0,0
1,1,190270,0,0,0,0,0,0,0,0,0,0
2,1,190270,0,0,0,0,0,0,0,0,0,0
1,1,190271,0,0,0,0,0,0,0,0,0,0
2,1,190271,2,2,2,2,2,2,2,2,2,2
1,1,190272,0,0,0,0,0,0,0,0,0,0
2,1,190272,0,3,0,0,0,0,0,0,0,0
1,1,190273,17,17,17,17,17,17,17,17,17,17
1,1,190274,0,0,0,0,16,0,0,0,0,0
2,1,190274,25,25,25,25,25,25,25,25,25,25
1,1,190275,12,8,0,0,22,17,5,0,0,0
1,1,190276,0,0,0,0,0,0,0,0,0,0
2,1,190276,0,0,0,0,0,0,0,0,0,0
1,1,190277,0,0,0,0,0,0,0,0,0,0
2,1,190277,0,0,0,0,0,0,0,0,0,0
1,1,190278,10,10,10,10,10,10,10,10,10,10
1,1,190279,0,0,0,0,0,0,0,0,0,0
2,1,190279,0,0,0,0,0,0,0,0,0,0
1,1,190280,0,0,0,0,6,0,0,0,0,0
2,1,190280,0,0,0,0,0,0,0,0,0,0
1,1,190281,0,0,0,0,0,0,0,0,0,0
0,1,190282,7,17,30,27,23,17,9,32,36,7
1,1,190282,15,15,15,15,15,15,15,15,15,15
1,1,190283,28,0,26,14,5,8,9,27,0,20
1,1,190284,0,0,0,0,0,0,0,0,0,0
2,1,190284,0,0,0,0,0,0,0,0,0,0
1,1,190285,0,0,0,0,0,0,0,0,0,0
1,1,190286,10,10,10,10,10,10,10,10,10,10
1,1,190287,0,0,0,0,0,0,0,0,0,14
1,1,190288,0,0,0,0,0,0,0,0,0,0
2,1,190288,0,0,0,0,0,0,0,0,0,0
1,1,190289,0,0,4,0,0,0,0,0,0,0
2,1,190289,0,0,0,0,0,0,0,0,0,0
1,1,190290,0,0,0,0,0,0,0,0,0,0
2,1,190290,22,22,22,22,22,22,22,22,22,22
1,1,190291,0,4,0,0,0,0,0,0,0,0
2,1,190291,0,0,0,0,0,0,0,0,0,0
1,1,190292,2,2,2,2,2,2,2,2,2,2
2,1,190292,0,0,0,0,0,0,0,0,0,0
1,1,190293,0,0,0,0,0,0,0,0,0,0
2,1,190293,0,0,0,0,0,0,0,0,0,0
1,1,190294,0,0,0,0,0,0,0,0,0,0
2,1,190294,0,0,0,0,0,0,0,0,0,0
1,1,190295,0,0,0,0,0,0,0,0,23,0
2,1,190295,0,0,0,0,0,0,0,0,0,0
3,1,190295,0,0,0,0,0,0,0,0,0,0
1,1,190296,0,0,0,0,0,0,0,0,0,0
2,1,190296,0,0,0,0,0,0,0,0,0,0
3,1,190296,0,0,0,0,0,0,0,0,0,0
0,1,190297,0,0,0,0,0,0,0,0,0,0
1,1,190297,0,0,0,0,0,0,0,0,0,0
1,1,190298,0,0,0,0,0,0,0,0,0,0
2,1,190298,0,0,0,0,0,0,0,3,0,0
3,1,190298,21,21,21,21,21,21,21,21,21,21
1,1,190299,0,0,0,0,0,0,0,0,0,0
1,1,190300,26,26,26,26,26,26,26,26,26,26
2,1,190300,0,0,0,0,0,0,0,0,0,0
1,1,190301,21,14,0,0,0,13,0,0,0,0
2,1,190301,0,0,0,0,0,0,0,0,3,0
1,1,190302,17,17,17,17,17,17,17,17,17,17
1,1,190303,0,0,0,0,0,0,0,0,0,0
2,1,190303,0,0,0,0,0,0,0,0,0,0
1,1,190304,0,0,0,0,0,0,0,0,0,0
0,1,190305,0,26,0,0,0,0,0,0,8,0
1,1,190305,0,0,0,0,0,0,7,0,0,0
1,1,190306,17,17,17,17,17,17,17,17,17,17
1,1,190307,28,28,28,28,28,28,28,28,28,28
1,1,190308,26,26,26,26,26,26,26,26,26,26
2,1,190308,0,0,0,0,0,0,0,0,0,0
3,1,190308,0,0,0,0,24,0,0,0,0,0
1,1,190309,18,18,18,18,18,18,18,18,18,18
1,1,190310,17,17,17,17,17,17,17,17,17,17
2,1,190310,0,0,0,0,0,0,0,0,0,0
1,1,190311,0,0,0,0,0,0,0,0,0,0
2,1,190311,0,0,0,0,0,0,5,0,19,0
1,1,190312,0,0,0,0,0,0,0,0,0,0
2,1,190312,0,0,0,0,0,0,0,0,0,0
1,1,190313,0,0,0,0,0,0,0,0,0,0
1,1,190314,0,0,0,0,0,0,0,0,15,10
1,1,190315,0,0,0,0,0,10,0,0,0,0
2,1,190315,0,3,0,0,0,0,0,0,0,0
1,1,190316,0,0,0,0,0,0,0,0,0,0
2,1,190316,0,0,0,0,0,0,0,0,0,0
1,1,190317,21,21,21,21,21,21,21,21,21,21
1,1,190318,14,0,0,0,0,0,0,22,13,0
1,1,190319,0,24,0,0,0,0,18,0,0,37
1,1,190320,12,12,12,12,12,12,12,12,12,12
1,1,190321,0,0,0,0,0,0,0,0,0,0
2,1,190321,0,0,0,0,0,0,0,0,0,0
1,1,190322,29,0,0,0,0,0,0,0,0,0
0,1,190324,0,0,42,30,9,0,32,0,0,0
1,1,190324,0,0,11,0,0,0,0,0,0,18
1,1,190325,20,20,20,20,20,20,20,20,20,20
0,1,190326,0,0,0,0,0,0,0,0,0,0
1,1,190326,0,0,0,0,0,0,0,0,0,0
1,1,190327,0,0,0,0,0,0,0,0,0,0
2,1,190327,0,0,0,0,0,0,0,0,0,0
1,1,190328,0,0,0,0,0,0,20,0,0,0
2,1,190328,0,0,0,0,0,0,0,0,0,0
1,1,190329,0,0,0,0,0,0,0,0,0,0
1,1,190330,0,0,0,0,0,0,0,0,0,0
1,1,190331,29,29,29,29,29,29,29,29,29,29
1,1,190332,18,18,18,18,18,18,18,18,18,18
1,1,190333,13,13,13,13,13,13,13,13,13,13
2,1,190333,0,0,0,0,0,0,0,0,0,0
1,1,190334,14,14,14,14,14,14,14,14,14,14
1,1,190335,25,25,25,25,25,25,25,25,25,25
1,1,190336,0,17,27,0,0,12,29,0,17,6
1,1,190337,0,0,0,0,0,0,0,0,0,0
1,1,190338,0,0,0,0,15,0,0,0,0,0
1,1,190339,0,0,0,0,0,0,0,23,0,0
0,1,190340,0,0,0,0,0,0,0,0,0,0
1,1,190340,0,0,0,0,0,0,0,0,0,0
1,1,190341,0,0,0,0,0,0,0,0,0,0
1,1,190342,0,0,0,0,0,0,0,0,0,0
2,1,190342,0,0,0,0,0,0,0,0,0,0
3,1,190342,0,0,0,9,15,18,0,0,0,0
4,1,190342,0,0,0,0,0,0,0,0,0,0
1,1,190343,1,1,1,1,1,1,1,1,1,1
1,1,190344,10,10,10,10,10,10,10,10,10,10
1,1,190345,0,0,0,0,0,0,0,0,0,0
1,1,190346,35,35,35,35,35,35,35,35,35,35
2,1,190346,0,0,0,0,0,0,0,0,0,0
3,1,190346,0,0,0,0,0,0,0,0,0,0
1,1,190347,20,0,0,0,0,0,0,0,0,0
1,1,190348,22,22,22,22,22,22,22,22,22,22
1,1,190349,0,0,0,0,0,0,0,0,0,0
1,1,190350,0,0,0,0,0,0,0,0,15,0
2,1,190350,0,0,0,0,0,0,0,0,0,0
1,1,190351,26,26,26,26,26,26,26,26,26,26
0,1,190352,0,0,0,0,26,0,0,0,0,0
1,1,190352,0,0,0,0,0,0,0,0,0,0
1,1,190353,27,27,27,27,27,27,27,27,27,27
2,1,190353,13,0,0,9,0,24,0,24,0,0
1,1,190354,0,0,0,11,0,0,0,0,0,0
1,1,190355,0,0,0,0,0,0,0,0,0,0
2,1,190355,0,0,0,0,0,0,0,0,0,0
1,1,190356,0,0,0,0,0,0,0,0,0,0
1,1,190357,0,0,0,0,0,0,0,0,0,0
2,1,190357,0,0,0,0,0,0,0,0,0,0
1,1,190358,0,0,0,0,0,0,0,0,0,0
2,1,190358,0,0,0,0,0,0,0,0,0,0
1,1,190359,0,0,0,0,0,0,0,0,0,0
2,1,190359,0,0,0,0,0,0,0,0,0,0
1,1,190360,0,0,0,0,0,0,0,0,0,0
1,1,190361,0,0,0,0,0,0,0,0,0,0
2,1,190361,0,0,13,0,0,0,0,0,0,0
0,1,190362,0,0,10,0,0,0,18,0,0,0
1,1,190362,0,0,19,40,0,0,0,0,0,0
1,1,190364,7,7,7,7,7,7,7,7,7,7
1,1,190365,19,14,0,0,0,0,23,0,0,0
1,1,190366,0,0,0,0,0,0,0,0,0,0
2,1,190366,0,0,0,0,0,0,0,0,0,0
3,1,190366,0,0,0,0,0,0,0,0,0,0
1,1,190367,17,0,0,0,0,0,0,0,0,0
2,1,190367,0,0,0,0,0,0,0,0,0,0
3,1,190367,0,0,0,0,0,14,0,0,0,0
1,1,190368,0,0,0,0,0,0,0,0,0,15
1,1,190369,0,0,0,0,0,0,0,0,0,0
2,1,190369,0,0,0,0,0,0,0,0,0,0
1,1,190370,0,0,0,0,0,0,0,0,0,0
2,1,190370,0,0,0,0,0,0,0,0,0,0
1,1,190371,0,0,0,0,0,0,0,0,0,0
2,1,190371,0,0,0,0,0,0,0,0,0,0
1,1,190372,21,21,21,21,21,21,21,21,21,21
1,1,190373,0,0,0,0,8,0,0,0,0,11
2,1,190373,0,0,0,0,0,0,0,0,0,20
1,1,190374,34,34,34,34,34,34,34,34,34,34
1,1,190375,0,0,0,0,0,0,4,0,0,0
2,1,190375,0,0,7,0,0,0,0,0,0,0
1,1,190376,0,0,0,0,0,0,0,0,0,0
1,1,190377,0,0,0,0,0,0,0,0,0,0
1,1,190378,13,13,13,13,13,13,13,13,13,13
1,1,190379,0,0,0,0,8,0,0,0,0,0
1,1,190380,0,0,0,0,0,15,0,0,0,0
2,1,190380,0,0,0,0,0,0,0,0,0,0
1,1,190382,0,0,0,0,0,0,0,0,0,0
2,1,190382,0,0,0,0,0,0,0,0,0,0
1,1,190383,0,0,0,0,0,0,0,0,0,0
2,1,190383,0,0,0,0,0,0,0,0,0,0
1,1,190384,0,0,0,0,0,0,0,0,0,0
1,1,190385,0,0,0,0,0,0,0,0,0,0
1,1,190386,0,0,0,0,0,0,8,0,0,0
1,1,190387,0,0,0,0,0,0,0,0,0,0
1,1,190388,0,0,0,0,0,0,0,0,0,0
2,1,190388,0,0,0,0,0,0,0,0,0,0
1,1,190389,0,2,0,22,30,0,33,0,12,0
1,1,190390,15,15,15,15,15,15,15,15,15,15
1,1,190393,3,0,9,5,7,0,0,0,0,0
1,1,190394,0,0,0,0,0,0,0,0,0,0
1,1,190395,0,0,0,0,0,0,0,0,0,0
1,1,200001,0,0,0,0,0,0,0,0,0,0
0,1,200002,0,0,0,0,0,0,0,0,0,0
1,1,200002,0,0,0,0,0,0,0,0,0,0
1,1,200003,0,0,0,0,0,0,0,0,0,0
2,1,200003,0,0,0,16,0,0,0,0,4,7
1,1,200004,0,0,0,0,0,0,0,0,0,0
1,1,200005,0,0,0,0,0,0,0,0,0,0
2,1,200005,0,0,0,0,0,0,0,0,0,0
1,1,200006,0,0,0,0,0,0,0,0,0,0
1,1,200007,14,14,14,14,14,14,14,14,14,14
1,1,200008,0,0,0,0,0,0,0,0,0,0
1,1,200009,0,0,0,22,0,0,0,0,0,13
1,1,200010,0,0,0,0,0,0,0,0,0,0
2,1,200010,0,0,0,0,0,0,0,0,0,0
1,1,200011,0,0,0,0,0,0,0,0,0,0
2,1,200011,0,0,0,0,0,0,0,0,0,0
1,1,200012,0,0,0,0,0,0,0,0,0,0
2,1,200012,0,0,0,0,0,0,0,0,0,0
1,1,200013,0,0,0,0,0,0,0,0,0,0
1,1,200014,24,24,24,24,24,24,24,24,24,24
1,1,200015,6,6,6,6,6,6,6,6,6,6
1,1,200016,0,0,0,0,0,0,0,0,0,0
2,1,200016,0,0,0,0,0,0,0,0,0,0
1,1,200017,10,10,10,10,10,10,10,10,10,10
1,1,200018,21,21,21,21,21,21,21,21,21,21
1,1,200019,26,15,23,14,20,21,17,19,20,17
1,1,200020,0,0,0,0,0,17,0,0,13,0
1,1,200021,0,0,0,0,0,0,0,0,0,0
2,1,200021,0,0,0,0,0,0,0,0,0,0
1,1,200022,0,0,0,0,0,0,0,0,0,0
2,1,200022,0,0,0,0,0,0,0,0,0,0
1,1,200023,20,20,20,20,20,20,20,20,20,20
1,1,200024,0,0,0,0,0,0,0,0,0,0
2,1,200024,0,0,0,0,0,0,0,0,0,0
1,1,200025,0,0,0,0,0,0,0,0,0,5
1,1,200026,0,0,0,20,0,0,0,0,0,0
1,1,200027,0,0,0,0,0,0,0,0,0,0
2,1,200027,0,0,7,0,0,0,0,0,0,0
3,1,200027,0,0,0,0,0,0,0,0,0,0
4,1,200027,0,0,0,0,0,0,0,0,0,0
1,1,200029,0,0,0,10,0,0,0,0,0,0
1,1,200030,19,19,19,19,19,19,19,19,19,19
1,1,200031,26,28,23,14,26,24,13,23,10,18
1,1,200033,0,0,8,0,0,0,0,0,0,0
1,1,200034,23,0,14,14,22,18,18,16,0,10
2,1,200034,0,0,0,0,0,0,0,0,0,0
3,1,200034,0,0,0,0,0,0,0,0,0,0
1,1,200035,0,0,0,0,0,0,0,0,0,0
1,1,200036,0,0,0,0,0,0,0,0,0,0
1,1,200037,29,29,29,29,29,29,29,29,29,29
1,1,200038,18,18,18,18,18,18,18,18,18,18
1,1,200039,0,0,0,0,0,0,0,0,0,0
1,1,200040,0,0,0,0,0,0,0,0,0,0
1,1,200041,15,15,15,15,15,15,15,15,15,15
1,1,200042,6,21,9,6,13,5,6,6,6,10
1,1,200043,2,12,18,8,18,19,14,0,11,16
1,1,200044,0,0,0,0,0,0,0,0,0,0
1,1,200045,6,6,6,6,6,6,6,6,6,6
2,1,200045,0,0,0,0,0,0,0,0,0,0
3,1,200045,0,0,0,0,0,0,0,0,0,0
1,1,200046,0,0,0,0,0,0,0,0,0,0
2,1,200046,0,0,0,0,0,0,0,0,0,0
1,1,200047,17,17,17,17,17,17,17,17,17,17
1,1,200048,0,0,0,0,0,0,0,0,0,0
1,1,200049,0,14,0,0,0,0,0,0,0,0
1,1,200050,0,21,0,0,0,0,0,0,0,0
1,1,200051,6,6,6,6,6,6,6,6,6,6
1,1,200052,0,0,0,0,0,0,0,0,0,0
1,1,200053,0,0,0,9,0,0,0,0,0,0
1,1,200054,0,0,0,0,0,0,0,0,0,0
0,1,200058,0,0,0,0,0,0,0,0,0,0
1,1,200058,0,3,0,0,0,0,0,0,0,0
0,1,200059,0,0,0,0,0,0,0,0,0,0
1,1,200059,0,0,0,0,0,0,0,0,0,0
1,1,200060,9,9,9,9,9,9,9,9,9,9
0,1,200061,0,0,0,0,0,0,0,0,0,0
1,1,200061,0,0,0,0,0,0,0,0,0,0
1,1,200062,0,0,0,0,0,0,0,0,0,0
1,1,200063,8,8,8,8,8,8,8,8,8,8
1,1,200064,11,11,11,11,11,11,11,11,11,11
1,1,200065,0,0,0,0,0,0,0,0,0,0
2,1,200065,0,0,0,0,0,0,0,0,0,0
1,1,200066,26,26,26,26,26,26,26,26,26,26
1,1,200067,0,0,0,0,0,0,0,0,0,0
1,1,200068,18,18,18,18,18,18,18,18,18,18
1,1,200069,16,16,16,16,16,16,16,16,16,16
1,1,200070,22,22,22,22,22,22,22,22,22,22
2,1,200070,0,0,0,0,0,0,29,0,0,0
1,1,200071,13,13,13,13,13,13,13,13,13,13
1,1,200072,0,0,0,0,0,0,0,0,0,0
1,1,200073,23,23,23,23,23,23,23,23,23,23
1,1,200074,23,23,23,23,23,23,23,23,23,23
1,1,200075,0,0,0,0,7,0,0,0,0,0
2,1,200075,0,0,0,0,0,0,0,0,0,0
1,1,200077,16,16,16,16,16,16,16,16,16,16
1,1,200078,0,0,0,0,0,0,0,0,0,0
2,1,200078,0,0,0,0,0,0,0,0,0,0
1,1,200079,29,22,0,0,0,0,14,0,0,0
1,1,200080,22,22,22,22,22,22,22,22,22,22
1,1,200081,28,0,0,0,0,0,0,0,0,0
1,1,200082,0,0,0,0,0,0,0,0,0,0
2,1,200082,0,0,0,0,14,0,0,0,0,0
1,1,200083,0,6,0,9,0,0,20,0,0,0
2,1,200083,10,17,24,44,13,12,11,6,13,17
1,1,200084,0,0,0,0,0,0,0,0,0,0
1,1,200085,0,0,10,0,0,0,0,0,0,0
2,1,200085,0,0,0,0,0,0,0,0,0,0
1,1,200086,14,0,0,0,0,0,0,0,0,14
0,1,200087,0,0,0,0,0,0,0,0,0,0
1,1,200087,0,0,0,10,0,0,0,0,0,0
1,1,200088,0,0,0,0,0,0,0,0,0,0
2,1,200088,0,0,0,0,0,0,0,0,0,0
1,1,200089,0,0,0,0,0,0,0,0,0,0
2,1,200089,0,0,0,0,0,0,0,0,0,0
1,1,200090,0,0,0,0,0,0,0,0,0,0
2,1,200090,0,0,0,0,0,0,0,0,0,0
1,1,200091,0,0,0,7,0,0,5,0,0,0
1,1,200092,0,0,0,0,0,0,0,0,0,0
1,1,200093,9,9,9,9,9,9,9,9,9,9
2,1,200093,0,0,0,0,0,15,0,0,0,0
1,1,200094,0,0,0,0,0,0,0,0,0,0
2,1,200094,0,0,0,0,0,0,0,11,0,0
1,1,200095,0,12,0,0,29,0,0,0,14,0
1,1,200097,0,0,0,0,0,0,0,0,0,0
2,1,200097,0,0,0,0,0,0,0,0,0,0
1,1,200098,0,0,0,0,0,0,0,0,0,0
1,1,200099,17,17,17,17,17,17,17,17,17,17
2,1,200099,12,12,12,12,12,12,12,12,12,12
1,1,200101,9,9,9,9,9,9,9,9,9,9
1,1,200102,0,0,0,0,0,0,0,0,0,0
1,1,200103,0,0,0,23,0,0,0,0,0,22
1,1,200104,0,0,0,0,0,0,11,0,0,0
1,1,200105,1,1,1,1,1,1,1,1,1,1
2,1,200105,0,0,0,0,0,0,0,0,0,0
3,1,200105,0,0,0,0,0,0,0,0,0,0
1,1,200106,0,0,0,0,0,0,0,0,0,0
1,1,200107,22,22,22,22,22,22,22,22,22,22
1,1,200108,0,0,0,0,0,0,0,0,0,0
2,1,200108,3,3,3,3,3,3,3,3,3,3
1,1,200109,0,0,0,0,0,0,0,0,0,0
2,1,200109,0,0,0,0,0,0,0,0,0,0
1,1,200110,0,15,5,0,0,0,10,0,0,0
2,1,200110,0,0,0,0,0,22,0,0,12,0
1,1,200111,0,0,0,0,0,0,0,0,0,0
2,1,200111,0,0,0,0,0,0,0,0,0,0
3,1,200111,0,0,0,0,0,0,0,0,0,0
1,1,200112,0,0,0,0,0,0,0,0,0,0
2,1,200112,0,0,0,0,0,0,0,0,0,0
3,1,200112,0,0,0,0,0,0,0,0,0,0
1,1,200113,0,0,0,0,0,0,0,0,0,0
1,1,200114,0,0,0,0,0,0,0,0,0,0
1,1,200115,0,0,0,0,0,0,0,0,0,0
2,1,200115,0,0,0,0,0,0,0,0,0,14
1,1,200117,14,12,25,7,0,0,0,0,0,0
1,1,200118,0,0,0,0,0,0,0,0,0,0
1,1,200119,3,3,3,3,3,3,3,3,3,3
2,1,200119,0,0,0,0,0,0,0,0,0,0
1,1,200120,0,0,0,0,0,0,0,0,0,0
2,1,200120,0,0,0,0,0,0,0,0,0,0
1,1,200121,0,0,0,0,0,0,0,0,0,0
1,1,200122,0,0,0,0,0,0,0,0,0,0
1,1,200123,12,17,20,0,37,17,13,27,26,13
1,1,200124,14,0,13,4,0,11,15,17,12,5
1,1,200125,0,0,0,0,0,0,0,0,0,0
2,1,200125,0,0,0,0,0,0,0,0,0,0
1,1,200126,13,13,13,13,13,13,13,13,13,13
1,1,200127,17,18,25,26,26,23,10,14,13,19
1,1,200128,11,11,11,11,11,11,11,11,11,11
2,1,200128,0,0,0,0,0,0,0,0,0,0
1,1,200129,8,16,11,0,22,21,20,8,25,19
2,1,200129,0,0,0,0,0,0,0,0,0,0
0,1,200130,0,0,0,0,0,0,0,0,0,0
1,1,200130,0,0,0,0,0,0,0,0,0,0
1,1,200131,0,0,0,0,0,0,0,0,0,0
2,1,200131,0,0,0,0,0,0,0,12,0,0
1,1,200132,0,15,0,0,0,0,0,0,0,0
1,1,200133,0,0,0,0,0,0,0,0,0,0
1,1,200134,0,0,0,0,0,0,0,0,0,0
2,1,200134,0,0,0,0,0,0,0,0,0,0
1,1,200135,18,18,18,18,18,18,18,18,18,18
2,1,200135,0,0,0,7,0,6,0,17,0,0
1,1,200136,2,2,2,2,2,2,2,2,2,2
1,1,200137,14,11,10,25,27,31,14,18,13,28
1,1,200138,14,14,14,14,14,14,14,14,14,14
2,1,200138,0,0,0,0,0,0,0,0,0,0
1,1,200139,0,0,0,0,0,0,0,0,0,0
2,1,200139,0,0,0,0,0,0,0,0,0,0
1,1,200140,0,9,0,0,14,0,26,0,0,0
1,1,200141,0,0,0,0,0,0,0,0,0,0