VEH_NO,PER_NO,ST_CASE,P1,P2,P3,P4,P5,P6,P7,P8,P9,P10
1,1,210359,0,0,0,0,0,0,0,0,0,0
2,1,210359,0,0,18,0,0,0,0,0,0,0
1,1,210360,0,0,0,0,0,0,0,0,0,0
1,1,210361,0,0,0,0,0,0,0,0,0,0
1,1,210362,0,0,0,0,0,0,0,0,0,0
2,1,210362,0,0,0,0,0,0,0,0,0,0
1,1,210363,0,0,0,0,0,0,0,0,0,0
1,1,210364,0,0,0,0,0,0,0,0,0,0
1,1,210365,0,0,0,0,0,0,0,0,0,0
2,1,210365,0,0,0,0,0,0,0,0,0,0
1,1,210366,0,0,0,0,0,0,0,0,0,0
2,1,210366,0,0,0,0,0,0,0,0,0,0
1,1,210367,0,0,0,0,0,0,0,0,0,0
1,1,210368,11,0,0,0,0,0,0,0,0,0
2,1,210368,0,0,0,0,0,0,0,0,0,0
1,1,210369,0,0,0,0,0,0,0,0,0,0
2,1,210369,0,0,0,0,0,0,0,0,0,0
1,1,210370,13,13,13,13,13,13,13,13,13,13
1,1,210371,0,0,0,0,0,0,0,0,0,0
2,1,210371,0,0,0,0,0,0,0,0,0,0
3,1,210371,0,0,0,0,0,17,0,0,0,0
1,1,210372,0,0,0,0,0,0,0,0,0,0
1,1,210373,0,0,0,0,0,0,0,0,0,0
0,1,210374,3,3,3,3,3,3,3,3,3,3
1,1,210374,0,0,0,0,0,0,0,0,0,0
1,1,210375,0,0,0,0,0,0,0,0,0,0
1,1,210376,0,0,0,0,0,0,0,0,0,0
2,1,210376,0,0,0,0,0,0,0,0,0,0
1,1,210377,12,0,0,0,0,17,0,0,0,0
1,1,210378,0,0,0,0,0,0,0,0,0,0
2,1,210378,0,0,0,0,0,0,0,0,0,0
0,1,210379,0,0,0,0,0,0,0,0,0,0
1,1,210379,0,0,0,0,0,0,0,0,0,0
1,1,210380,6,6,6,6,6,6,6,6,6,6
2,1,210380,0,0,0,0,0,0,0,0,0,0
1,1,210381,0,0,0,0,0,0,0,0,0,0
2,1,210381,0,0,0,0,0,0,0,0,0,0
1,1,210382,0,0,0,0,0,0,0,0,0,0
1,1,210383,25,25,25,25,25,25,25,25,25,25
2,1,210383,0,0,0,0,0,0,0,0,0,0
3,1,210383,0,0,6,0,0,0,0,0,0,0
1,1,210384,0,0,0,0,0,0,0,0,0,0
2,1,210384,0,0,0,0,0,0,0,0,0,0
1,1,210385,24,24,24,24,24,24,24,24,24,24
1,1,210386,0,0,0,0,0,0,0,0,0,0
2,1,210386,0,0,0,0,0,0,0,0,0,0
3,1,210386,0,0,0,0,0,0,0,0,0,0
4,1,210386,0,0,0,0,0,0,0,0,0,0
1,1,210387,0,0,0,0,0,0,0,0,0,0
1,1,210388,0,0,0,0,0,0,0,0,0,0
2,1,210388,0,0,0,0,0,0,0,0,0,0
1,1,210389,0,0,0,0,0,0,0,0,0,0
2,1,210389,0,0,0,0,0,0,0,0,0,0
1,1,210390,0,0,0,0,0,0,0,0,0,0
1,1,210391,0,0,0,0,0,0,0,0,0,0
1,1,210392,22,22,22,22,22,22,22,22,22,22
2,1,210392,0,0,0,0,0,0,0,0,0,0
1,1,210393,0,0,0,0,0,0,0,0,0,0
2,1,210393,0,0,0,0,0,0,0,0,0,0
1,1,210394,0,0,0,0,0,11,0,9,0,0
2,1,210394,0,0,0,15,0,0,6,0,0,0
1,1,210395,0,11,0,0,0,0,18,0,0,0
1,1,210396,0,0,0,0,0,0,0,0,0,0
1,1,210397,22,0,0,0,0,0,0,0,0,0
2,1,210397,0,0,0,0,0,0,0,0,0,0
1,1,210398,22,22,22,22,22,22,22,22,22,22
2,1,210398,0,0,0,0,0,0,0,0,0,0
0,1,210399,24,30,22,0,19,13,18,25,12,21
0,2,210399,31,21,24,31,12,7,23,19,15,23
1,1,210399,0,0,0,0,0,0,0,0,0,0
1,1,210400,10,10,10,10,10,10,10,10,10,10
1,1,210401,0,39,0,0,0,0,0,27,18,14
2,1,210401,0,10,10,20,14,0,23,12,17,12
1,1,210402,17,17,17,17,17,17,17,17,17,17
2,1,210402,0,0,0,0,0,0,0,0,0,0
1,1,210403,5,14,0,0,3,7,24,0,0,2
1,1,210404,0,0,0,0,0,0,0,0,0,0
1,1,210405,20,20,20,20,20,20,20,20,20,20
1,1,210406,0,0,0,0,0,0,0,0,0,0
2,1,210406,0,0,0,0,0,0,0,0,0,0
3,1,210406,0,0,0,0,0,0,0,0,0,0
1,1,210407,0,0,0,0,0,0,0,0,0,0
2,1,210407,0,0,0,0,0,0,0,0,0,0
3,1,210407,0,0,0,0,0,0,0,0,0,0
1,1,210408,0,0,0,0,0,0,0,0,24,0
2,1,210408,0,0,0,0,0,0,0,0,0,0
3,1,210408,0,0,0,0,0,0,0,0,0,0
1,1,210409,0,0,0,0,0,0,0,0,0,0
1,1,210410,0,0,0,0,0,0,0,0,0,0
2,1,210410,0,0,0,0,0,0,0,0,0,0
1,1,210411,16,16,16,16,16,16,16,16,16,16
1,1,210412,0,0,0,0,0,0,0,0,0,0
2,1,210412,0,0,0,0,0,0,0,0,0,0
1,1,210413,0,0,0,0,0,0,0,0,0,0
1,1,210414,0,0,0,0,0,0,0,0,0,0
2,1,210414,0,0,8,0,0,0,0,0,7,0
1,1,210415,0,0,10,0,0,0,0,6,0,6
1,1,210416,0,0,0,0,0,0,0,0,0,0
1,1,210417,0,0,0,0,0,0,0,0,0,0
2,1,210417,0,0,0,0,0,0,0,0,0,0
1,1,210418,0,0,13,16,22,11,12,9,12,0
1,1,210419,0,24,0,0,0,16,20,0,0,0
1,1,210420,0,0,0,0,0,0,0,0,0,0
1,1,210421,0,0,0,0,0,0,0,0,0,0
2,1,210421,0,0,0,0,0,0,0,0,0,0
0,1,210422,0,0,0,14,0,23,5,18,0,0
1,1,210422,15,0,13,0,0,0,20,13,3,0
1,1,210423,0,19,0,0,0,0,0,0,0,0
1,1,210424,0,0,0,0,0,0,0,0,0,0
1,1,210425,0,0,0,0,0,0,0,0,0,0
2,1,210425,0,0,0,0,0,0,0,0,0,0
1,1,210426,0,0,18,0,0,0,0,0,0,0
1,1,210427,26,26,26,26,26,26,26,26,26,26
1,1,210428,11,11,11,11,11,11,11,11,11,11
1,1,210429,15,15,15,15,15,15,15,15,15,15
1,1,210430,0,0,0,0,0,0,0,0,0,0
1,1,210431,0,24,9,0,0,0,19,15,0,0
0,1,210432,0,0,2,0,0,0,0,0,0,0
1,1,210432,0,0,0,0,0,0,0,0,0,0
1,1,210433,0,0,0,0,0,0,0,0,0,0
1,1,210434,0,0,0,0,0,0,0,0,0,0
2,1,210434,0,0,0,0,0,0,0,0,0,0
1,1,210435,0,8,0,0,16,0,0,0,0,0
1,1,210436,18,0,0,0,0,0,0,13,0,0
2,1,210436,0,0,0,0,0,0,0,0,0,0
1,1,210437,0,0,0,0,0,0,0,0,0,0
1,1,210438,0,0,0,0,0,0,0,0,0,0
2,1,210438,0,0,0,0,0,0,0,0,0,0
1,1,210439,21,21,21,21,21,21,21,21,21,21
1,1,210440,0,0,0,0,0,0,0,0,0,0
2,1,210440,0,0,0,0,0,0,0,0,0,0
1,1,210441,9,9,9,9,9,9,9,9,9,9
2,1,210441,0,0,0,0,0,0,0,0,0,0
1,1,210442,0,0,0,0,0,0,0,0,0,0
2,1,210442,0,0,19,0,0,0,0,0,0,0
1,1,210443,0,0,0,0,0,0,0,0,0,0
2,1,210443,0,0,0,0,7,0,0,0,0,0
0,1,210444,0,0,0,0,0,0,0,0,0,0
1,1,210444,0,0,0,0,0,0,0,0,0,0
1,1,210445,0,0,0,0,0,0,0,0,0,0
2,1,210445,0,0,0,0,8,0,0,0,0,7
1,1,210446,0,0,0,0,0,0,0,0,0,0
2,1,210446,0,0,0,0,0,0,0,0,0,0
1,1,210447,0,0,0,0,0,0,0,0,0,0
2,1,210447,0,0,0,0,0,0,0,0,0,0
1,1,210448,0,0,0,0,0,0,0,0,0,0
2,1,210448,0,0,0,0,0,0,0,0,0,0
3,1,210448,0,0,0,0,0,0,0,0,0,0
1,1,210449,0,0,0,0,0,0,0,0,0,0
2,1,210449,0,0,0,0,0,0,0,0,0,0
1,1,210450,0,0,0,4,0,0,0,0,0,0
2,1,210450,0,19,0,0,0,0,0,0,0,0
1,1,210451,0,0,0,0,0,0,0,0,0,0
1,1,210452,0,0,0,0,0,0,0,0,0,0
2,1,210452,0,0,0,0,0,0,0,0,0,0
1,1,210453,22,22,22,22,22,22,22,22,22,22
2,1,210453,0,0,0,0,0,0,0,0,0,0
1,1,210454,0,0,0,0,0,0,0,0,0,0
2,1,210454,0,0,0,0,0,0,0,0,0,0
1,1,210455,0,0,0,0,0,0,0,0,0,0
2,1,210455,8,8,8,8,8,8,8,8,8,8
3,1,210455,0,0,0,0,0,0,0,0,0,0
1,1,210456,0,0,0,0,0,0,0,0,0,0
1,1,210457,0,0,0,0,0,0,0,0,0,0
2,1,210457,0,0,0,0,0,0,0,0,0,0
1,1,210458,3,3,3,3,3,3,3,3,3,3
1,1,210459,0,0,0,9,0,0,0,0,16,17
2,1,210459,0,0,0,0,0,0,0,0,0,0
1,1,210460,0,0,0,0,0,0,0,0,0,0
1,1,210461,27,15,25,24,0,4,22,14,29,20
0,1,210462,0,0,0,0,0,0,0,0,0,0
1,1,210462,0,0,0,0,0,0,0,0,0,0
1,1,210463,0,5,0,0,14,0,0,0,0,0
2,1,210463,0,0,0,0,0,0,0,0,0,0
1,1,210464,0,0,0,0,0,0,0,0,0,0
1,1,210465,0,0,0,0,0,0,0,0,0,0
2,1,210465,0,0,0,0,0,0,0,0,0,0
1,1,210466,2,2,2,2,2,2,2,2,2,2
2,1,210466,0,0,0,0,0,0,0,0,0,0
1,1,210467,19,19,19,19,19,19,19,19,19,19
1,1,210468,0,0,0,0,0,0,0,0,0,0
2,1,210468,0,0,0,0,0,0,0,0,0,0
3,1,210468,0,0,0,0,0,0,0,0,0,0
1,1,210469,0,0,0,0,5,0,0,0,0,0
1,1,210470,0,0,0,0,0,0,0,0,0,0
2,1,210470,0,0,0,0,0,0,10,0,0,0
0,1,210471,22,0,0,31,0,0,27,27,40,30
1,1,210471,0,0,0,0,0,0,0,0,0,0
1,1,210472,0,0,0,0,0,0,0,0,0,0
2,1,210472,0,0,0,0,0,0,0,0,0,0
1,1,210473,0,0,0,0,0,0,0,0,0,0
1,1,210474,13,13,13,13,13,13,13,13,13,13
1,1,210475,0,0,0,0,0,0,0,0,0,0
1,1,210476,0,0,0,0,0,0,0,0,0,0
2,1,210476,0,0,0,0,0,0,0,0,0,0
1,1,210477,0,0,0,0,0,0,0,0,0,0
2,1,210477,7,7,7,7,7,7,7,7,7,7
1,1,210478,0,0,0,0,0,0,0,0,0,0
1,1,210479,0,0,0,0,0,0,0,0,0,0
2,1,210479,0,0,0,0,0,0,0,0,0,0
1,1,210480,4,4,4,4,4,4,4,4,4,4
1,1,210481,9,9,9,9,9,9,9,9,9,9
2,1,210481,0,0,0,0,0,0,0,0,0,0
1,1,210482,14,14,14,14,14,14,14,14,14,14
1,1,210483,8,8,8,8,8,8,8,8,8,8
1,1,210484,0,0,0,0,0,0,0,0,0,0
2,1,210484,0,0,0,0,0,0,0,0,0,0
1,1,210485,0,0,0,0,0,0,0,0,0,0
2,1,210485,0,0,0,0,0,0,0,0,0,0
1,1,210486,0,0,0,0,0,0,0,0,0,0
2,1,210486,0,0,0,0,0,0,0,0,0,0
1,1,210487,0,0,0,15,0,23,0,5,0,0
2,1,210487,0,0,0,0,0,0,0,0,0,0
1,1,210488,0,0,0,0,0,0,0,0,0,0
1,1,210489,0,0,0,0,0,0,0,0,0,0
2,1,210489,0,0,0,0,0,0,0,0,0,0
1,1,210490,0,0,0,0,0,0,0,0,0,0
2,1,210490,0,0,0,0,0,0,0,0,0,0
1,1,210491,0,0,0,0,0,0,0,0,0,0
2,1,210491,0,0,0,0,0,0,0,0,0,0
1,1,210492,0,0,0,0,0,0,0,0,0,0
1,1,210493,0,0,0,0,0,0,0,0,0,0
2,1,210493,0,0,0,0,0,0,0,0,0,0
1,1,210494,0,0,0,0,0,0,0,0,0,0
2,1,210494,0,0,0,0,0,0,0,0,0,0
1,1,210495,27,27,27,27,27,27,27,27,27,27
1,1,210496,0,0,0,0,0,0,0,0,0,0
2,1,210496,0,0,0,0,0,0,0,0,0,0
1,1,210497,0,0,0,0,0,0,0,0,0,0
1,1,210498,0,0,0,0,0,0,0,0,0,0
2,1,210498,0,0,0,0,0,0,0,0,0,0
1,1,210499,15,15,15,15,15,15,15,15,15,15
1,1,210500,0,0,0,0,0,0,0,0,0,0
2,1,210500,0,0,0,0,0,0,0,0,0,0
1,1,210501,0,0,0,0,0,0,0,0,0,0
2,1,210501,0,0,0,0,0,0,0,0,0,0
1,1,210502,5,9,0,5,0,6,34,0,0,0
1,1,210503,18,18,18,18,18,18,18,18,18,18
1,1,210504,22,22,22,22,22,22,22,22,22,22
0,1,210505,0,0,0,0,19,0,0,0,0,0
1,1,210505,0,0,0,0,0,0,0,0,0,0
1,1,210506,0,0,0,0,0,0,0,0,0,0
1,1,210507,0,0,0,0,0,0,0,0,0,0
2,1,210507,0,0,0,0,0,0,0,0,0,0
1,1,210508,0,0,0,0,0,0,0,0,0,0
2,1,210508,0,0,17,0,0,0,0,0,0,0
1,1,210509,0,0,0,0,0,0,0,0,0,0
2,1,210509,0,0,0,0,0,0,0,0,0,0
0,1,210510,0,0,0,0,0,0,0,0,0,0
1,1,210510,24,24,24,24,24,24,24,24,24,24
0,1,210511,0,0,0,0,0,0,0,0,0,0
1,1,210511,0,0,0,0,0,0,0,15,0,0
1,1,210512,0,0,0,0,0,0,0,0,0,0
2,1,210512,0,0,0,0,0,0,0,0,0,0
1,1,210513,0,0,0,0,0,0,0,0,0,0
2,1,210513,0,0,0,0,0,0,0,0,0,0
1,1,210514,0,0,0,0,0,0,0,0,0,0
2,1,210514,0,0,0,0,0,0,0,0,0,0
1,1,210515,0,0,0,0,0,0,0,0,0,0
1,1,210516,0,0,0,0,0,0,0,0,0,0
1,1,210517,0,0,0,0,0,0,0,0,0,0
1,1,210518,26,26,26,26,26,26,26,26,26,26
1,1,210519,0,0,0,0,0,0,0,0,0,0
2,1,210519,0,8,0,0,0,0,0,0,0,0
1,1,210520,0,0,0,0,0,0,0,0,0,0
2,1,210520,0,0,0,0,0,0,0,0,0,0
1,1,210521,16,16,16,16,16,16,16,16,16,16
1,1,210522,0,0,0,0,0,0,0,0,0,0
1,1,210523,0,0,0,0,0,0,0,0,0,0
2,1,210523,0,0,0,0,0,0,0,0,0,0
3,1,210523,0,0,4,5,0,0,0,0,0,0
1,1,210524,0,0,0,0,0,0,0,0,0,0
1,1,210525,7,7,7,7,7,7,7,7,7,7
1,1,210526,15,15,15,15,15,15,15,15,15,15
1,1,210527,11,11,11,11,11,11,11,11,11,11
1,1,210528,23,23,23,23,23,23,23,23,23,23
1,1,210529,12,21,13,6,15,7,0,0,2,24
1,1,210530,0,0,0,0,0,0,0,0,0,0
1,1,210531,0,0,0,0,0,0,0,0,0,0
2,1,210531,0,0,0,0,0,0,0,0,0,0
3,1,210531,0,0,0,0,0,0,0,0,0,0
4,1,210531,0,0,0,0,0,0,0,0,0,0
5,1,210531,0,0,0,0,0,0,0,0,0,0
1,1,210532,0,0,0,0,0,0,0,0,0,0
2,1,210532,7,0,0,0,0,0,4,0,0,0
1,1,210533,0,0,0,0,0,0,0,0,0,0
2,1,210533,0,0,0,0,3,0,0,0,0,0
1,1,210534,0,0,0,0,0,0,0,0,0,0
2,1,210534,0,0,0,0,0,0,0,0,0,0
0,1,210535,0,0,0,0,0,0,0,0,0,0
1,1,210535,0,0,0,0,0,0,0,0,0,0
1,1,210536,19,19,19,19,19,19,19,19,19,19
1,1,210537,0,0,0,0,0,0,0,0,0,0
2,1,210537,16,0,13,6,0,0,0,0,0,0
1,1,210538,0,0,0,0,0,0,7,0,0,0
1,1,210539,0,0,0,0,0,0,0,0,0,0
2,1,210539,0,0,0,0,0,0,0,0,0,0
1,1,210540,0,0,0,0,0,0,0,0,0,0
1,1,210541,0,0,0,0,0,0,0,0,0,0
1,1,210542,0,0,0,0,0,0,0,0,0,0
1,1,210543,0,0,0,0,0,0,0,0,0,0
1,1,210544,1,1,1,1,1,1,1,1,1,1
2,1,210544,0,0,0,0,0,0,0,0,0,0
1,1,210545,0,8,7,0,0,0,6,0,0,0
2,1,210545,0,0,0,0,0,0,0,0,0,0
1,1,210546,13,13,13,13,13,13,13,13,13,13
1,1,210547,0,0,0,0,0,0,0,0,0,0
2,1,210547,0,0,4,0,0,0,0,0,0,0
1,1,210548,0,0,0,0,0,0,0,0,0,0
0,1,210549,16,17,15,0,29,14,0,0,24,0
1,1,210549,0,0,0,0,0,0,0,0,0,0
1,1,210550,0,0,0,0,0,0,0,0,0,0
2,1,210550,0,0,0,0,0,0,0,0,0,0
3,1,210550,0,0,0,0,0,0,0,0,0,0
4,1,210550,0,0,0,0,0,0,0,0,0,0
1,1,210551,8,8,8,8,8,8,8,8,8,8
2,1,210551,0,0,0,0,0,0,0,0,0,0
0,1,210552,23,23,23,23,23,23,23,23,23,23
1,1,210552,0,0,0,0,0,0,0,0,0,0
1,1,210553,14,26,11,21,9,8,11,14,30,26
1,1,210554,12,0,0,3,0,0,18,8,0,0
2,1,210554,0,0,0,0,0,0,0,0,0,0
1,1,210555,0,0,0,0,0,0,0,0,0,0
1,1,210556,0,0,0,0,0,0,0,0,0,0
2,1,210556,0,0,0,0,0,0,0,0,0,0
1,1,210557,0,0,0,0,0,0,0,0,0,0
2,1,210557,0,0,0,0,0,0,0,0,0,0
1,1,210558,0,0,0,0,0,0,5,0,0,0
2,1,210558,0,0,0,0,0,0,0,0,0,0
1,1,210559,20,20,20,20,20,20,20,20,20,20
1,1,210560,0,0,0,0,0,0,0,0,0,0
2,1,210560,0,0,0,0,0,0,0,0,0,0
3,1,210560,0,0,0,0,0,0,0,0,0,0
4,1,210560,0,0,0,0,0,0,0,0,0,0
5,1,210560,0,0,0,0,0,0,0,0,0,0
0,1,210561,0,0,0,0,0,0,0,0,0,0
1,1,210561,0,0,0,14,0,0,0,0,0,0
0,1,210562,18,18,18,18,18,18,18,18,18,18
1,1,210562,2,0,0,0,0,0,0,0,0,0
1,1,210563,0,0,23,0,0,0,0,0,0,0
2,1,210563,0,0,0,0,0,0,0,0,0,0
3,1,210563,0,0,0,0,0,0,0,0,0,0
1,1,210564,19,19,18,21,19,17,10,17,3,26
1,1,210565,0,0,0,0,0,0,0,0,13,0
1,1,210566,21,0,0,0,12,0,0,0,0,0
1,1,210567,13,13,13,13,13,13,13,13,13,13
2,1,210567,0,0,0,0,0,0,0,0,0,0
1,1,210568,0,0,0,0,0,0,0,0,0,0
2,1,210568,0,0,0,0,0,0,0,0,0,0
1,1,210569,25,25,25,25,25,25,25,25,25,25
1,1,210570,0,0,0,0,0,0,0,0,0,0
2,1,210570,0,0,0,0,0,0,0,0,0,0
1,1,210571,0,0,0,0,0,0,0,0,0,0
1,1,210572,0,0,0,0,0,0,0,0,0,0
1,1,210573,17,17,17,17,17,17,17,17,17,17
1,1,210574,28,22,11,19,22,14,24,34,20,5
2,1,210574,0,0,0,0,0,0,0,0,0,0
1,1,210575,0,0,12,0,0,19,0,0,0,0
1,1,210576,8,8,8,8,8,8,8,8,8,8
2,1,210576,0,0,0,0,0,0,0,0,0,0
1,1,210577,22,22,22,22,22,22,22,22,22,22
1,1,210578,0,0,0,0,0,0,0,0,0,0
1,1,210579,0,0,0,0,0,0,0,0,0,0
2,1,210579,0,0,0,0,0,0,0,0,0,0
1,1,210580,18,18,18,18,18,18,18,18,18,18
0,1,210581,0,0,0,0,0,0,0,0,0,0
1,1,210581,0,11,0,0,0,0,0,0,0,0
1,1,210582,5,5,5,5,5,5,5,5,5,5
1,1,210583,0,0,0,0,0,0,0,0,0,0
1,1,210584,0,0,0,0,0,0,0,0,0,0
2,1,210584,0,0,0,0,0,0,0,0,0,0
1,1,210585,0,0,3,0,0,0,7,0,0,0
2,1,210585,0,0,0,0,0,0,0,0,14,0
1,1,210586,0,0,0,0,0,0,0,0,0,0
1,1,210587,0,0,0,0,5,0,0,0,0,0
1,1,210588,0,9,0,0,0,0,0,0,0,0
2,1,210588,0,0,0,0,0,0,0,0,0,0
3,1,210588,0,0,0,0,0,0,0,0,0,0
1,1,210589,0,0,0,0,0,0,0,0,0,0
1,1,210590,0,0,0,6,0,2,0,0,0,0
2,1,210590,0,0,0,0,0,0,0,0,0,11
1,1,210591,0,18,0,0,11,0,0,0,0,0
2,1,210591,0,6,0,0,0,0,0,0,0,0
1,1,210592,0,0,0,0,0,0,0,0,0,0
1,1,210593,12,12,12,12,12,12,12,12,12,12
0,1,210594,0,0,0,0,0,0,0,9,4,0
0,2,210594,0,0,0,0,0,0,0,12,0,0
1,1,210594,0,0,0,0,0,0,0,0,0,0
1,1,210595,0,0,0,0,0,0,0,0,0,0
2,1,210595,0,0,0,0,0,0,0,0,0,0
3,1,210595,0,0,0,5,0,0,0,0,0,0
1,1,210596,0,0,0,0,0,0,0,0,0,0
1,1,210597,25,25,25,25,25,25,25,25,25,25
1,1,210598,0,0,0,0,0,0,0,0,0,0
0,1,210599,0,0,0,0,0,0,0,0,0,0
1,1,210599,0,0,0,0,0,0,0,0,0,18
1,1,210600,13,0,15,0,0,0,9,13,0,0
1,1,210601,0,0,0,0,0,0,0,0,0,0
2,1,210601,0,0,0,0,0,0,0,0,0,0
0,1,210602,0,0,0,0,0,0,0,0,0,0
1,1,210602,0,7,0,0,0,0,0,10,0,0
1,1,210603,0,0,0,0,0,0,0,0,0,0
1,1,210604,0,0,0,0,0,0,0,0,0,0
2,1,210604,0,0,0,0,0,0,0,0,0,0
3,1,210604,0,0,0,0,0,0,0,0,0,0
4,1,210604,0,0,0,0,0,0,0,0,0,0
1,1,210605,0,0,10,0,0,0,0,0,0,0
2,1,210605,0,0,0,0,0,0,0,0,0,0
1,1,210606,13,13,13,13,13,13,13,13,13,13
1,1,210607,16,16,16,16,16,16,16,16,16,16
2,1,210607,0,0,0,0,0,0,0,0,0,0
1,1,210608,9,9,9,9,9,9,9,9,9,9
2,1,210608,0,0,0,0,0,0,0,0,0,0
1,1,210609,0,0,0,0,0,0,0,0,0,0
1,1,210610,3,3,3,3,3,3,3,3,3,3
1,1,210611,13,13,13,13,13,13,13,13,13,13
2,1,210611,0,0,0,0,0,0,0,0,0,0
1,1,210612,13,0,0,0,16,0,0,12,0,0
0,1,210613,0,0,20,0,0,0,0,4,0,0
1,1,210613,0,0,6,0,0,0,0,0,0,0
1,1,210614,0,0,0,0,0,0,0,0,0,0
1,1,210615,31,26,19,10,19,26,13,10,16,37
1,1,210616,22,23,21,31,19,18,15,14,14,16
0,1,210617,0,0,0,0,0,0,0,0,0,0
1,1,210617,0,0,0,0,0,0,0,0,0,16
1,1,210618,22,22,22,22,22,22,22,22,22,22
1,1,210619,0,0,0,0,0,0,0,0,0,0
2,1,210619,0,0,0,0,0,0,0,0,0,0
1,1,210620,0,0,0,0,17,0,0,0,0,0
1,1,210621,0,0,0,0,0,0,0,0,0,0
2,1,210621,0,0,0,0,0,0,0,0,0,0
3,1,210621,0,0,0,0,0,0,0,0,0,0
1,1,210622,0,0,0,0,0,0,0,0,0,0
2,1,210622,0,0,0,0,0,0,0,0,0,0
1,1,210623,0,0,0,0,0,0,0,0,0,0
0,1,210624,0,0,0,0,0,0,0,0,0,0
1,1,210624,0,0,0,0,0,0,0,0,0,0
1,1,210625,0,0,0,0,0,0,0,0,0,0
2,1,210625,0,0,0,0,0,0,0,0,0,0
1,1,210626,14,14,14,14,14,14,14,14,14,14
1,1,210627,21,21,21,21,21,21,21,21,21,21
3,1,210627,0,0,0,0,0,0,0,0,0,0
1,1,210628,0,0,0,0,0,0,0,0,0,0
1,1,210629,0,0,0,0,0,0,0,0,0,0
2,1,210629,0,0,0,0,0,0,0,0,0,0
3,1,210629,0,0,0,0,0,0,0,0,0,0
0,1,210630,0,0,0,0,0,0,0,0,0,0
1,1,210630,0,0,0,0,0,0,0,0,0,0
1,1,210631,17,17,17,17,17,17,17,17,17,17
0,1,210632,0,0,0,0,0,0,0,0,0,0
1,1,210632,0,0,0,0,0,0,0,0,0,0
1,1,210633,0,0,0,0,0,0,0,0,0,0
2,1,210633,0,0,0,0,0,0,0,0,0,0
1,1,210634,2,2,2,2,2,2,2,2,2,2
1,1,210635,0,0,0,0,0,0,0,0,0,0
2,1,210635,0,0,0,0,0,0,0,0,0,0
1,1,210636,0,0,0,0,0,0,0,0,0,0
1,1,210637,0,0,0,15,0,23,0,23,0,6
1,1,210638,0,0,0,0,0,0,0,0,0,0
2,1,210638,0,0,0,0,0,0,0,0,0,0
1,1,210639,0,0,0,0,0,0,0,0,0,0
2,1,210639,0,0,0,0,0,0,0,0,0,0
1,1,210640,9,9,9,9,9,9,9,9,9,9
1,1,210641,22,12,11,43,8,7,31,18,17,28
1,1,210642,0,0,0,0,0,0,0,0,0,0
1,1,210643,22,22,22,22,22,22,22,22,22,22
1,1,210644,23,0,0,0,0,0,0,0,0,0
1,1,210645,0,0,0,0,0,0,0,0,0,0
2,1,210645,0,0,0,0,0,0,0,0,0,0
1,1,210646,21,0,0,0,0,0,0,0,0,0
1,1,210647,0,0,0,0,0,0,0,0,0,0
1,1,210648,24,24,24,24,24,24,24,24,24,24
1,1,210649,24,24,24,24,24,24,24,24,24,24
0,1,210650,3,10,0,0,0,0,0,0,0,0
1,1,210650,0,0,0,0,0,0,0,0,20,0
0,1,210651,0,0,0,0,0,0,0,0,0,0
1,1,210651,0,0,0,0,0,0,0,0,0,0
1,1,210652,0,0,0,0,0,0,0,0,0,0
2,1,210652,0,0,0,0,0,0,0,0,0,0
1,1,210653,0,0,0,0,0,0,0,0,0,0
2,1,210653,0,0,0,0,0,0,0,0,0,0
1,1,210654,0,0,0,0,0,0,0,0,0,0
2,1,210654,0,0,0,0,0,0,0,0,0,0
1,1,210655,0,0,0,0,0,0,0,0,0,0
1,1,210656,0,0,0,0,0,0,0,0,0,0
2,1,210656,0,0,0,0,0,0,0,0,0,0
1,1,210657,0,0,0,0,0,0,0,0,23,0
2,1,210657,0,0,0,0,0,0,0,0,0,0
1,1,210658,0,0,0,0,0,0,0,0,0,0
2,1,210658,0,0,0,0,0,0,0,0,0,0
1,1,210659,23,23,23,23,23,23,23,23,23,23
1,1,210660,15,15,15,15,15,15,15,15,15,15
1,1,210661,0,0,0,0,0,0,0,0,0,18
1,1,210662,29,29,29,29,29,29,29,29,29,29
1,1,210663,0,0,0,0,0,0,0,0,0,0
1,1,210664,0,0,0,0,0,0,0,0,0,0
2,1,210664,0,0,0,0,0,0,0,0,0,0
3,1,210664,0,0,0,17,0,6,0,0,0,0
1,1,210665,0,0,0,0,0,0,0,0,0,0
2,1,210665,0,0,0,0,0,0,0,0,0,0
1,1,210666,0,16,19,12,16,4,10,10,17,19
1,1,210667,0,0,0,0,0,0,0,0,0,0
1,1,210668,30,30,30,30,30,30,30,30,30,30
1,1,210669,0,0,0,0,0,0,0,0,0,0
1,1,210670,22,22,22,22,22,22,22,22,22,22
1,1,210671,13,13,13,13,13,13,13,13,13,13
1,1,210672,0,0,0,0,0,0,0,0,0,0
1,2,210673,23,23,23,23,23,23,23,23,23,23
1,1,210674,0,0,0,0,0,0,0,0,0,0
2,1,210674,0,0,0,0,0,0,0,0,0,0
1,1,210675,0,0,0,0,0,0,0,0,0,0
2,1,210675,0,0,0,0,0,0,0,0,0,0
1,1,210676,0,0,0,0,0,0,0,0,0,0
2,1,210676,0,0,0,0,0,0,0,0,0,0
1,1,210677,0,0,0,0,0,0,0,0,0,0
2,1,210677,0,0,0,0,0,0,0,0,0,0
1,1,210678,0,0,0,0,0,0,0,0,0,0
2,1,210678,0,0,0,0,0,0,0,0,0,0
1,1,210679,5,5,5,5,5,5,5,5,5,5