VEH_NO,PER_NO,ST_CASE,P1,P2,P3,P4,P5,P6,P7,P8,P9,P10
1,1,210680,0,0,0,0,0,0,0,0,0,0
1,1,210681,0,0,0,0,0,0,0,0,0,0
2,1,210681,0,0,0,0,0,0,0,0,0,0
3,1,210681,0,0,0,0,0,0,0,0,0,0
1,1,210682,0,0,0,0,0,0,0,0,0,0
1,1,210683,0,0,0,0,0,0,0,0,0,0
2,1,210683,0,0,0,0,0,0,0,0,0,0
1,1,210684,20,20,20,20,20,20,20,20,20,20
1,1,210685,0,0,0,0,0,0,0,0,0,0
1,1,210686,0,0,0,0,0,0,0,0,0,0
2,1,210686,0,0,0,0,0,0,0,0,0,0
1,1,210687,0,0,0,0,0,0,0,0,0,0
2,1,210687,0,0,0,0,0,0,0,0,0,0
1,1,210688,16,8,31,24,20,23,13,23,13,0
2,1,210688,11,14,4,20,18,44,11,9,23,15
1,1,210689,0,0,0,0,0,23,0,33,0,0
0,1,210690,0,37,0,0,0,13,10,0,0,0
1,1,210690,0,0,0,0,0,0,0,0,0,0
1,1,210691,0,0,0,17,6,0,0,0,0,0
1,1,210692,0,0,0,0,0,0,0,0,0,0
2,1,210692,0,0,0,0,0,0,0,0,0,0
1,1,210693,0,17,0,24,0,18,0,4,21,0
1,1,210694,0,0,0,11,0,0,0,0,0,0
1,1,210695,0,0,0,0,0,0,0,0,0,0
1,1,210696,0,0,0,0,0,0,0,0,0,0
2,1,210696,0,0,0,0,0,0,0,0,0,0
1,1,210697,0,0,0,0,0,0,0,0,0,0
1,1,210698,0,0,0,0,0,0,0,0,0,0
2,1,210698,0,0,0,0,0,0,0,0,0,0
1,2,210699,0,0,0,0,0,0,0,0,0,0
1,1,210700,0,0,0,0,0,0,0,0,0,0
1,1,210701,0,0,0,0,0,0,0,0,19,0
2,1,210701,0,0,0,0,0,0,0,0,0,0
3,1,210701,0,0,0,0,0,0,0,0,0,0
1,1,210702,0,0,0,0,0,0,0,0,0,0
1,1,210703,0,0,0,0,0,0,0,0,0,0
1,1,210704,0,0,0,0,0,0,0,0,0,0
2,1,210704,0,0,0,0,0,0,0,0,0,0
3,1,210704,0,0,0,0,0,0,0,0,0,0
1,1,210705,0,0,0,0,0,0,0,0,0,0
2,1,210705,0,0,0,0,0,0,11,0,0,0
1,1,210706,0,0,0,0,0,0,0,0,0,0
2,1,210706,0,0,0,0,0,0,0,0,0,0
0,1,210707,0,0,0,0,0,0,0,0,0,0
1,1,210707,0,0,0,0,0,0,0,0,0,0
1,1,210708,13,11,15,13,22,0,15,21,10,6
1,1,210709,0,0,0,0,0,0,0,0,0,0
2,1,210709,0,0,0,0,0,0,0,0,0,0
1,1,210710,0,0,0,0,0,0,0,0,0,0
2,1,210710,0,0,0,0,0,0,0,0,0,0
1,1,210711,0,0,0,0,0,0,0,0,0,0
1,1,210712,0,0,0,0,0,0,0,0,0,0
2,1,210712,0,0,0,0,0,0,0,0,0,0
1,1,210713,0,0,0,0,0,0,0,0,0,0
1,1,210714,0,0,0,0,0,0,0,0,0,0
2,1,210714,0,0,0,0,0,0,0,0,0,0
1,1,210715,0,0,0,0,0,0,0,0,0,0
2,1,210715,0,0,0,0,0,0,0,0,0,0
1,1,210716,0,0,0,0,0,0,0,0,0,0
2,1,210716,10,10,10,10,10,10,10,10,10,10
1,1,210717,16,16,16,16,16,16,16,16,16,16
1,1,210718,0,0,0,0,0,0,0,0,0,0
2,1,210718,0,0,0,0,0,0,0,0,0,0
0,1,210719,0,0,0,0,0,0,0,0,0,0
1,1,210719,0,0,0,0,0,0,0,0,0,0
1,1,210720,0,0,19,0,20,0,0,0,0,0
1,1,210721,5,5,5,5,5,5,5,5,5,5
1,1,210722,0,0,3,0,0,0,0,8,0,0
1,1,210723,0,0,0,0,0,0,0,0,0,0
2,1,210723,0,0,0,0,0,0,0,0,0,0
1,1,210724,0,0,0,0,0,0,0,0,0,0
2,1,210724,0,0,0,0,0,0,0,0,0,0
1,1,210725,0,0,0,0,0,0,0,0,0,0
1,1,210726,0,0,0,0,0,0,0,0,0,0
1,1,210727,0,0,0,0,0,0,0,0,0,0
2,1,210727,0,0,0,0,0,0,0,0,0,0
1,1,210728,0,0,0,0,0,0,0,0,0,0
2,1,210728,0,0,0,0,0,0,0,0,0,0
1,1,210729,0,0,0,0,0,0,0,0,0,0
2,1,210729,0,0,0,0,0,0,0,0,0,0
1,1,210730,0,0,0,0,0,0,0,0,0,0
2,1,210730,0,0,0,0,0,0,0,0,0,0
0,1,210731,0,0,38,0,0,21,20,0,0,30
1,1,210731,0,0,0,0,0,0,0,0,0,0
1,1,210732,0,0,0,0,0,0,0,0,0,0
2,1,210732,0,0,0,0,0,0,0,0,0,0
1,1,210733,0,0,0,0,0,0,0,0,0,0
1,1,210734,0,0,0,0,0,0,0,0,0,0
2,1,210734,0,0,0,0,0,0,0,0,0,0
1,1,210735,0,0,0,0,0,0,0,0,0,0
1,1,210736,0,0,0,0,0,0,0,0,0,0
1,1,210737,0,0,0,0,0,0,0,0,0,0
1,1,210738,0,0,0,0,0,0,0,0,0,0
2,1,210738,0,0,0,0,0,0,0,0,0,0
1,1,210739,0,0,0,0,0,0,0,0,0,0
2,1,210739,0,0,0,0,0,0,0,0,0,0
1,1,210740,0,0,0,0,0,0,0,0,0,0
2,1,210740,0,0,0,0,0,0,0,0,0,0
1,1,210741,20,20,20,20,20,20,20,20,20,20
1,1,210742,10,10,10,10,10,10,10,10,10,10
1,1,210743,0,0,0,0,0,0,0,0,0,0
1,1,210744,3,3,3,3,3,3,3,3,3,3
1,1,210745,11,11,11,11,11,11,11,11,11,11
1,1,210746,0,0,0,0,0,0,0,0,0,0
2,1,210746,0,0,0,0,0,0,0,0,0,0
1,1,210747,0,0,0,0,0,0,0,0,0,0
2,1,210747,0,0,0,0,0,0,0,0,0,0
3,1,210747,0,0,0,0,0,0,0,0,0,0
1,1,210748,0,0,0,0,0,0,0,0,0,0
1,1,210749,0,0,0,0,0,0,0,0,0,0
1,1,210750,0,0,0,0,0,0,0,0,0,0
2,1,210750,0,0,0,0,0,0,0,0,0,0
1,1,210751,0,0,0,0,0,0,0,11,0,0
1,1,210752,0,0,0,0,0,0,0,0,0,0
2,1,210752,0,0,0,0,0,0,0,0,0,0
1,1,210753,0,0,0,0,0,0,0,0,0,0
1,1,210754,0,13,0,0,0,0,0,0,0,8
1,1,210755,7,7,25,7,11,0,24,9,0,17
2,1,210755,0,0,0,0,0,0,0,5,0,0
3,1,210755,0,0,0,0,0,0,0,0,0,0
0,1,210756,4,4,4,4,4,4,4,4,4,4
1,1,210756,0,0,0,0,0,0,0,0,0,0
1,1,210757,0,0,0,0,0,0,0,0,0,0
2,1,210757,0,0,0,0,0,0,0,0,0,0
0,1,210758,0,0,0,0,13,0,0,34,11,25
1,1,210758,0,0,0,0,0,0,0,0,0,0
1,1,210759,0,0,0,0,0,0,0,0,0,8
1,1,210760,0,19,20,0,0,0,0,0,0,0
1,1,210761,0,0,0,0,0,0,0,0,0,0
1,1,210762,0,8,0,0,0,0,0,0,0,0
1,1,210763,0,0,0,0,0,0,3,0,0,0
1,1,210764,0,0,0,0,0,0,0,0,0,0
2,1,210764,0,0,9,0,0,0,0,0,0,0
1,1,210765,0,0,32,0,10,0,0,0,0,0
1,1,210766,0,0,0,0,0,0,0,0,0,0
1,1,210767,12,12,12,12,12,12,12,12,12,12
2,1,210767,0,0,0,0,0,0,0,0,0,0
1,1,210768,13,13,13,13,13,13,13,13,13,13
1,1,210769,0,0,0,0,0,0,0,0,0,0
2,1,210769,0,0,0,0,0,0,0,0,0,0
1,1,210770,26,12,16,25,32,15,16,25,38,9
1,1,210771,0,0,0,1,0,0,0,0,0,23
1,1,210772,0,0,0,0,0,0,0,0,0,0
1,1,210773,0,0,0,0,0,0,0,0,0,0
1,1,210774,8,8,8,8,8,8,8,8,8,8
1,1,210775,10,10,10,10,10,10,10,10,10,10
1,1,210776,0,0,0,13,0,0,0,0,0,0
1,1,210777,0,0,0,0,0,0,0,0,0,0
2,1,210777,0,0,0,0,0,0,0,0,0,0
3,1,210777,0,0,0,0,0,0,0,0,0,0
4,1,210777,0,0,0,0,0,0,0,0,0,0
1,1,210778,0,0,0,0,0,0,0,0,0,0
1,1,210779,0,0,0,0,0,0,0,0,0,0
1,1,210780,0,0,0,0,0,0,0,0,0,0
2,1,210780,0,0,0,0,0,0,0,0,0,11
1,1,210781,18,18,18,18,18,18,18,18,18,18
1,1,210782,0,0,0,0,0,0,0,0,0,0
1,1,210783,0,0,0,0,0,0,0,0,0,0
1,1,210784,0,0,0,0,0,0,0,0,0,0
2,1,210784,0,0,0,0,0,0,0,0,0,0
1,1,210785,14,14,14,14,14,14,14,14,14,14
1,1,210786,0,0,11,0,0,0,0,0,0,0
1,1,210787,0,0,0,0,0,0,0,0,0,0
0,1,210788,0,0,0,0,0,0,0,0,0,0
1,1,210788,0,0,0,0,10,0,0,0,0,0
1,1,210789,0,0,0,0,0,0,0,0,0,0
1,1,210790,0,0,0,0,0,0,0,0,0,0
1,1,210791,0,0,0,0,0,0,0,0,0,0
2,1,210791,0,0,0,0,0,0,0,0,0,0
1,1,210792,0,0,0,0,0,0,0,0,0,0
1,1,210793,16,16,16,16,16,16,16,16,16,16
1,1,210794,0,0,0,0,0,0,0,0,0,0
1,1,210795,0,0,0,0,0,0,0,0,0,18
2,1,210795,0,0,0,0,0,0,0,0,0,0
1,1,210796,0,0,0,0,0,0,0,0,0,0
2,1,210796,0,0,0,11,0,15,0,0,0,0
1,1,210797,0,0,0,0,0,0,0,0,0,0
2,1,210797,0,0,0,0,0,0,0,0,0,0
3,1,210797,0,0,0,0,0,0,0,0,0,0
4,1,210797,0,0,0,0,0,0,0,0,0,0
1,1,210798,0,0,0,0,0,0,0,0,0,0
2,1,210798,0,0,0,0,0,0,0,0,0,0
1,1,210799,0,0,0,0,0,0,0,0,0,0
2,1,210799,0,0,0,0,0,0,0,0,0,0
1,1,210800,0,0,0,0,0,0,0,0,0,0
2,1,210800,0,0,0,0,0,0,0,0,0,0
1,1,210801,22,22,22,22,22,22,22,22,22,22
1,1,210802,0,0,0,0,0,0,0,0,0,0
1,1,210803,0,0,0,0,0,0,0,0,0,0
1,1,210804,0,0,0,0,0,0,0,0,0,0
2,1,210804,0,0,0,0,0,3,0,0,0,0
3,1,210804,0,0,0,0,0,0,0,0,0,0
1,1,210805,0,0,0,31,0,0,0,0,0,0
1,1,210806,0,0,0,0,0,0,0,0,0,0
1,1,210807,0,0,0,0,0,0,0,0,0,0
2,1,210807,0,0,0,0,0,0,0,0,0,0
1,1,210808,37,37,37,37,37,37,37,37,37,37
2,1,210808,0,0,0,0,0,0,0,0,0,0
3,1,210808,0,0,0,0,0,0,0,0,0,0
1,1,210809,0,0,0,0,0,0,0,0,0,0
1,1,210810,0,0,0,0,0,0,0,0,0,0
1,1,210811,7,7,7,7,7,7,7,7,7,7
1,1,210812,0,0,9,0,0,0,0,0,15,0
1,1,210813,0,0,0,0,0,0,0,0,0,0
2,1,210813,0,0,0,0,0,0,0,0,0,0
3,1,210813,0,0,0,0,0,0,0,0,0,0
1,1,210814,0,0,0,0,0,6,0,0,0,0
2,1,210814,0,0,0,0,0,0,0,0,0,0
1,1,210815,0,22,0,0,0,0,17,0,0,0
1,1,210816,13,13,13,13,13,13,13,13,13,13
1,1,210817,13,13,13,13,13,13,13,13,13,13
1,1,210818,0,9,0,0,0,27,16,10,0,0
1,1,210819,0,0,0,0,0,0,0,0,0,0
1,1,210820,37,37,37,37,37,37,37,37,37,37
1,1,210821,0,5,0,0,0,0,0,0,0,0
1,1,210822,0,0,0,0,0,0,0,0,0,0
2,1,210822,0,0,0,0,0,0,0,0,0,0
1,1,210823,0,0,0,0,0,0,0,0,0,0
0,1,210824,0,24,0,0,17,0,32,28,25,0
1,1,210824,0,0,0,0,5,0,0,0,0,0
1,1,210825,0,0,0,0,0,0,0,0,0,0
1,1,210826,0,0,5,0,0,0,0,0,0,0
1,1,210827,21,21,21,21,21,21,21,21,21,21
1,1,210828,0,0,0,0,0,0,0,0,0,0
1,1,210829,0,0,0,0,0,0,0,0,0,0
2,1,210829,0,0,0,0,0,0,0,0,0,0
1,1,210830,0,0,0,0,0,0,0,0,0,0
1,1,210831,0,0,0,0,0,0,0,0,0,0
2,1,210831,0,0,0,0,0,0,0,0,0,0
1,1,210832,0,0,14,0,0,0,0,20,0,14
1,1,210833,0,0,0,0,0,0,0,0,0,0
2,1,210833,0,0,0,0,0,0,0,0,0,0
1,1,210834,0,0,0,0,0,0,0,0,0,0
2,1,210834,0,0,0,0,0,0,0,0,0,0
3,1,210834,0,0,0,0,0,0,0,0,0,0
1,1,210835,0,0,0,0,0,0,0,0,0,0
2,1,210835,0,0,0,0,0,0,0,0,0,0
1,1,210836,20,20,20,20,20,20,20,20,20,20
1,1,210837,1,1,1,1,1,1,1,1,1,1
1,1,220001,23,23,23,23,23,23,23,23,23,23
2,1,220001,0,0,0,0,0,0,0,0,0,0
1,1,220002,0,0,19,19,0,9,0,0,0,0
1,1,220003,0,0,0,0,0,0,0,0,0,0
1,1,220004,0,0,0,0,0,0,0,0,0,0
2,1,220004,0,0,0,0,0,0,0,0,0,0
1,1,220005,0,0,16,0,0,0,0,0,0,0
1,1,220006,0,0,0,0,0,0,0,0,0,0
2,1,220006,0,0,0,0,0,0,0,0,0,0
1,1,220007,0,0,0,0,24,0,0,0,0,0
1,1,220008,0,0,0,13,0,0,0,0,0,0
1,1,220009,0,7,7,10,11,16,9,3,11,22
2,1,220009,0,0,0,0,0,0,0,0,0,0
1,1,220010,0,0,7,0,0,0,0,0,0,0
2,1,220010,0,11,0,0,0,0,0,0,0,0
1,1,220011,21,21,21,21,21,21,21,21,21,21
1,1,220012,33,0,0,0,10,21,0,0,0,0
1,1,220013,0,0,19,15,0,0,16,0,16,9
0,1,220014,0,0,0,6,0,0,0,0,0,0
1,1,220014,0,0,0,0,0,0,0,0,0,0
1,1,220015,6,6,6,6,6,6,6,6,6,6
2,1,220015,0,0,0,0,0,0,0,0,0,0
1,1,220016,0,27,3,0,22,0,28,0,0,0
2,1,220016,0,0,0,0,0,0,0,0,0,0
1,1,220017,0,0,0,0,0,0,0,0,0,0
2,1,220017,0,0,0,0,0,0,0,0,0,0
1,1,220018,14,0,0,0,12,0,11,0,0,0
1,1,220019,15,23,5,0,14,30,7,6,15,0
2,1,220019,0,0,0,0,0,0,0,0,0,0
0,1,220020,13,13,13,13,13,13,13,13,13,13
1,1,220020,0,0,0,0,0,0,0,0,0,0
1,1,220021,0,10,0,0,13,23,9,11,0,15
1,1,220022,0,0,0,0,0,0,0,0,0,0
2,1,220022,0,0,0,0,0,0,0,0,0,0
1,1,220023,0,0,0,0,17,0,12,0,0,0
1,1,220024,0,0,0,0,0,0,0,0,0,0
2,1,220024,0,0,0,0,0,0,0,0,0,0
1,1,220025,0,0,0,0,0,0,0,0,0,0
0,1,220026,0,39,0,0,12,0,0,19,18,0
1,1,220026,0,0,0,0,0,0,0,0,0,0
1,1,220027,0,0,0,0,0,0,0,0,0,0
2,1,220027,0,0,0,0,0,0,0,0,0,0
1,1,220028,0,0,0,0,0,0,0,0,0,0
2,1,220028,0,0,0,0,0,0,0,0,0,0
1,1,220029,14,0,0,0,0,0,0,0,0,0
1,1,220030,0,0,0,0,0,0,0,0,0,0
2,1,220030,0,0,0,0,0,0,0,0,0,0
3,1,220030,0,0,0,0,0,0,0,0,0,0
1,1,220031,0,0,0,0,0,0,26,0,0,0
1,1,220032,12,0,15,0,0,0,16,0,0,0
1,1,220033,21,5,36,30,4,15,9,24,22,29
0,1,220034,0,0,0,0,0,0,6,19,0,0
1,1,220034,11,11,11,11,11,11,11,11,11,11
1,1,220035,0,23,0,0,23,0,0,24,0,0
1,1,220036,0,0,0,0,0,0,0,0,0,0
0,1,220037,0,23,40,12,25,7,0,0,0,0
1,1,220037,9,9,9,9,9,9,9,9,9,9
1,1,220038,0,0,0,0,0,0,0,0,0,0
1,1,220039,0,7,13,0,0,0,10,0,0,14
2,1,220039,0,0,0,0,0,0,0,20,0,0
3,1,220039,0,0,0,0,0,0,0,0,0,0
4,1,220039,0,0,0,0,0,0,0,0,0,0
0,1,220040,65,20,23,26,14,27,32,0,12,31
1,1,220040,0,0,0,0,0,0,0,0,0,0
1,1,220043,0,0,0,0,0,0,0,0,0,0
2,1,220043,0,0,0,0,0,0,0,0,0,0
1,1,220044,0,0,0,0,0,0,0,0,0,0
2,1,220044,0,6,0,0,0,0,0,0,0,0
1,1,220045,0,17,0,0,0,0,0,0,0,0
1,1,220046,14,9,16,33,7,23,25,12,19,6
0,1,220047,0,0,0,0,0,0,0,0,0,0
1,1,220047,0,0,0,0,0,0,0,0,0,0
1,1,220048,0,0,0,0,0,0,0,0,0,0
2,1,220048,0,0,19,0,0,0,0,21,0,0
1,1,220049,0,0,0,0,0,0,0,0,0,0
1,1,220050,0,0,0,0,0,0,0,0,0,0
1,1,220051,0,0,0,0,0,0,0,0,0,0
2,1,220051,7,0,0,0,0,0,0,0,0,0
1,1,220052,15,15,15,15,15,15,15,15,15,15
0,1,220053,30,0,27,26,0,0,36,0,3,22
1,1,220053,0,0,0,0,0,0,0,0,0,0
1,1,220054,12,16,24,34,18,30,14,0,23,22
0,1,220055,17,41,20,25,41,14,21,33,18,17
1,1,220055,10,0,0,0,0,0,0,0,0,0
2,1,220055,0,0,0,0,0,0,0,0,0,0
3,1,220055,0,0,0,0,0,0,0,0,0,0
4,1,220055,0,0,0,0,0,0,0,0,0,0
5,1,220055,0,0,24,0,0,0,0,0,0,0
1,1,220056,17,0,12,14,18,20,31,0,0,0
1,1,220057,0,0,0,0,0,0,0,0,0,0
2,1,220057,0,0,0,0,0,0,0,0,0,0
1,1,220058,0,0,0,0,0,0,0,0,0,0
2,1,220058,0,0,0,0,0,0,0,0,0,0
1,1,220059,0,0,0,0,0,0,0,0,0,0
2,1,220059,0,0,0,0,0,0,0,0,0,0
1,1,220060,19,19,19,19,19,19,19,19,19,19
1,1,220061,5,5,5,5,5,5,5,5,5,5
1,1,220062,0,0,0,0,0,0,0,0,0,0
1,1,220063,0,7,0,22,0,0,0,0,0,0
0,1,220064,0,0,0,0,0,0,0,34,0,0
1,1,220064,0,0,0,0,0,0,0,0,0,0
1,1,220065,0,0,0,0,0,0,0,0,0,0
2,1,220065,0,0,0,0,0,0,0,0,0,0
1,1,220066,0,0,0,0,0,0,0,0,0,0
3,1,220066,0,0,0,0,0,0,0,0,0,0
1,1,220067,0,0,0,0,0,0,0,0,0,0
2,1,220067,0,0,0,0,0,0,0,0,0,0
1,1,220068,11,11,11,11,11,11,11,11,11,11
1,1,220069,7,22,0,0,26,0,14,14,0,0
1,1,220070,0,0,0,0,0,0,0,0,0,0
0,1,220071,28,0,0,0,0,0,0,22,3,17
1,1,220071,0,0,0,0,0,0,0,0,0,0
1,1,220072,0,13,0,0,0,0,0,0,14,0
2,1,220072,0,9,0,0,0,9,15,0,0,0
1,1,220073,16,6,13,12,8,19,11,12,0,11
2,1,220073,0,0,0,0,0,0,0,0,0,0
0,1,220074,0,0,0,2,0,0,0,0,0,0
1,1,220074,0,0,14,0,8,0,0,7,0,0
1,1,220075,20,20,20,20,20,20,20,20,20,20
1,1,220076,0,0,0,0,0,0,0,0,0,0
1,1,220077,0,0,0,0,0,0,0,0,0,0
2,1,220077,0,0,0,0,0,0,0,0,0,0
1,1,220078,34,34,9,17,33,19,19,14,15,20
2,1,220078,0,0,0,0,0,0,0,0,0,0
0,1,220079,0,0,0,0,0,0,0,0,0,0
1,1,220079,0,0,0,0,0,0,0,0,0,0
1,1,220080,6,6,6,6,6,6,6,6,6,6
0,1,220081,14,0,12,0,0,15,0,0,0,0
1,1,220081,0,0,0,0,0,0,0,0,0,0
1,1,220082,8,8,8,8,8,8,8,8,8,8
2,1,220082,0,0,0,0,0,0,0,0,0,0
3,1,220082,0,0,0,0,0,0,0,0,0,0
1,1,220083,0,0,0,0,0,0,0,0,0,0
1,1,220084,0,0,0,0,0,0,0,0,0,0
2,1,220084,0,0,0,0,0,0,0,0,0,0
3,1,220084,0,0,0,0,0,0,0,0,0,0
1,1,220085,10,10,10,10,10,10,10,10,10,10
2,1,220085,0,0,0,0,0,0,0,0,0,0
1,1,220086,0,3,19,10,0,11,0,18,0,22
2,1,220086,0,0,0,0,0,0,0,0,0,0
0,1,220087,27,0,0,25,0,13,17,0,0,0
1,1,220087,0,0,0,0,0,0,0,0,0,0
0,1,220088,11,11,11,11,11,11,11,11,11,11
1,1,220088,29,12,9,10,18,31,11,0,9,17
1,1,220089,18,18,18,18,18,18,18,18,18,18
1,1,220090,0,0,0,0,0,0,0,0,0,0
2,1,220090,0,0,0,0,0,0,0,0,0,0
0,1,220091,14,7,11,11,0,0,0,0,0,0
1,1,220091,0,0,0,0,0,0,0,0,0,0
1,1,220092,0,0,0,0,0,0,0,0,0,0
2,1,220092,0,0,0,0,0,0,0,0,0,0
1,1,220093,0,0,0,12,9,0,0,0,0,0
1,1,220094,0,0,0,0,0,0,0,0,0,0
1,1,220095,0,0,0,0,0,0,0,0,0,0
0,1,220096,0,0,27,40,24,16,0,13,27,31
1,1,220096,0,0,0,0,0,0,0,0,0,0
1,1,220097,0,19,10,38,17,0,12,3,0,0
1,1,220098,20,20,20,20,20,20,20,20,20,20
1,1,220099,0,0,0,0,0,0,0,0,0,0
1,1,220100,10,23,15,12,22,13,29,15,45,14
2,1,220100,0,0,24,11,20,0,0,0,0,0
1,1,220101,0,0,0,0,0,0,0,0,0,0
1,1,220102,0,0,0,0,0,0,0,0,0,0
2,1,220102,0,0,0,0,0,0,0,0,0,0
1,1,220103,0,0,0,0,0,0,0,0,0,0
2,1,220103,0,0,0,0,0,0,0,0,0,0
3,1,220103,0,0,0,0,0,0,0,0,0,0
1,1,220104,0,0,0,0,0,0,0,0,0,0
2,1,220104,0,0,0,0,0,0,0,0,0,0
1,1,220105,0,11,0,0,0,0,0,0,0,0
2,1,220105,0,0,0,0,0,0,0,0,0,0
1,1,220106,0,0,0,0,16,0,0,0,0,0
2,1,220106,0,0,0,0,0,0,0,0,0,0
1,1,220107,0,0,0,0,0,0,0,0,0,0
2,1,220107,0,5,0,0,0,0,0,0,0,0
1,1,220108,12,12,12,12,12,12,12,12,12,12
1,1,220109,0,0,0,0,32,0,0,0,0,0
2,1,220109,0,0,0,0,0,0,0,0,0,0
1,1,220110,0,16,16,0,0,0,0,19,0,0
1,1,220111,17,17,17,17,17,17,17,17,17,17
1,1,220112,28,28,18,12,30,28,25,14,30,4
1,1,220113,32,32,32,32,32,32,32,32,32,32
1,1,220114,9,9,9,9,9,9,9,9,9,9
1,1,220115,0,0,0,0,0,0,0,0,0,0
2,1,220115,0,0,0,0,0,0,0,0,0,0
1,1,220116,2,5,15,14,0,0,19,15,20,5
1,1,220117,25,25,25,25,25,25,25,25,25,25
1,1,220118,0,0,0,0,0,0,0,0,0,0
1,1,220119,0,0,0,0,0,0,0,0,0,0
2,1,220119,0,0,0,0,0,0,0,0,0,0
3,1,220119,0,0,0,0,0,0,0,0,0,0
1,1,220120,0,0,0,0,0,0,0,0,0,0
2,1,220120,0,0,0,0,0,0,0,0,0,0
1,1,220121,0,0,0,0,0,0,0,0,0,0
2,1,220121,0,0,0,0,0,0,0,0,0,0
1,1,220122,24,24,24,24,24,24,24,24,24,24
1,1,220123,0,5,0,0,0,0,0,6,0,8
2,1,220123,0,0,0,0,0,0,0,0,0,0
1,1,220124,0,0,0,8,0,9,0,0,8,0
2,1,220124,0,0,0,0,0,0,0,0,0,0
3,1,220124,0,0,0,0,0,0,0,0,0,0
4,1,220124,0,0,0,0,0,0,0,0,0,0
1,1,220125,0,13,0,0,0,0,21,0,0,0
2,1,220125,0,0,0,0,0,0,0,0,0,0
0,1,220126,30,18,31,0,0,12,0,24,0,0
1,1,220126,0,0,0,0,0,0,0,0,0,0
1,1,220127,0,0,0,0,6,0,0,0,8,18
0,1,220128,10,0,16,17,0,0,0,0,0,17
1,1,220128,1,1,1,1,1,1,1,1,1,1
1,1,220129,0,0,0,0,0,0,0,0,0,0
1,1,220130,17,17,17,17,17,17,17,17,17,17
1,1,220131,0,0,0,0,0,0,0,0,0,0
2,1,220131,0,0,0,0,0,37,0,0,0,0
1,1,220132,0,0,0,0,0,0,0,0,0,0
2,1,220132,0,0,0,0,10,0,0,0,0,0
1,1,220133,0,0,0,0,0,0,0,0,0,0
2,1,220133,0,0,0,0,6,0,0,0,0,0
1,1,220134,27,27,27,27,27,27,27,27,27,27
1,1,220136,28,28,28,28,28,28,28,28,28,28
2,1,220136,0,0,0,0,0,0,0,0,0,0
1,1,220137,22,22,22,22,22,22,22,22,22,22
1,1,220138,18,29,17,15,21,12,17,2,14,30
1,1,220139,0,0,0,0,0,0,0,0,0,0
1,1,220140,11,11,11,11,11,11,11,11,11,11
0,1,220141,23,33,13,15,15,30,27,37,23,17
1,1,220141,0,0,0,0,0,0,0,0,0,0
1,1,220142,0,0,0,0,0,0,0,0,0,0
2,1,220142,0,0,0,0,0,0,0,0,0,0
0,1,220143,27,25,0,12,25,43,25,37,23,15
1,1,220143,0,0,0,0,0,0,0,0,0,0
1,1,220144,0,0,0,0,0,0,0,0,9,0
1,1,220145,0,0,0,0,0,0,0,0,0,0
1,1,220146,0,0,0,0,0,0,0,0,0,0
2,1,220146,13,13,13,13,13,13,13,13,13,13
3,1,220146,0,0,0,0,0,0,0,0,0,0
1,1,220147,20,20,12,27,9,32,13,28,29,26
0,1,220148,28,13,18,19,27,23,36,22,27,10
1,1,220148,0,0,0,8,19,0,10,0,0,26
2,1,220148,0,0,0,0,0,0,0,0,0,0
1,1,220149,0,0,0,0,0,0,0,0,0,0
1,1,220150,13,13,13,13,13,13,13,13,13,13
1,1,220151,18,18,18,18,18,18,18,18,18,18
2,1,220151,0,0,0,0,0,0,0,0,0,0
3,1,220151,0,0,0,0,0,0,0,0,0,0
1,1,220152,0,0,0,0,0,0,0,0,0,0
2,1,220152,0,0,0,0,0,0,0,0,0,0
1,1,220153,0,0,0,0,0,0,0,0,0,0
2,1,220153,0,0,0,0,0,0,0,0,0,0
3,1,220153,0,0,0,0,0,0,0,0,0,0
1,1,220154,0,0,0,0,0,0,0,0,16,0
2,1,220154,0,0,0,0,0,0,0,0,0,0
1,1,220155,0,0,0,0,0,0,0,0,0,0
2,1,220155,0,0,0,0,0,0,0,0,0,0
1,1,220156,0,0,31,0,0,13,0,18,0,0
1,1,220157,20,20,20,20,20,20,20,20,20,20
1,1,220158,0,0,0,0,0,0,0,0,0,0
2,1,220158,0,0,0,0,0,0,0,0,0,0
1,1,220159,0,0,0,0,0,0,0,0,0,0
2,1,220159,0,0,0,0,0,0,0,0,0,0
1,1,220160,14,0,0,25,0,0,0,0,0,0
1,1,220161,21,21,21,21,21,21,21,21,21,21
2,1,220161,0,0,0,0,0,0,0,0,0,0
1,1,220162,0,0,0,0,0,0,0,0,0,0
2,1,220162,11,11,11,11,11,11,11,11,11,11
1,1,220163,0,0,0,0,0,0,0,0,0,0
2,1,220163,0,0,0,0,0,0,0,0,0,0
0,1,220164,23,23,23,23,23,23,23,23,23,23
1,1,220164,0,0,0,0,0,0,0,0,0,0
1,1,220165,20,19,21,10,9,8,13,5,27,23
1,1,220166,0,0,0,0,0,0,0,0,0,0
1,1,220167,14,18,0,0,0,0,18,0,0,0
1,1,220168,18,25,18,0,0,0,22,19,0,0
1,1,220169,0,13,0,0,0,6,0,0,0,0
1,1,220170,7,7,7,7,7,7,7,7,7,7
2,1,220170,0,0,0,0,0,0,0,0,0,0
1,1,220171,0,0,0,0,0,0,0,0,0,0
1,1,220172,0,0,0,0,0,0,0,0,7,0
2,1,220172,11,0,0,0,0,0,0,0,0,0