VEH_NO,PER_NO,ST_CASE,P1,P2,P3,P4,P5,P6,P7,P8,P9,P10
0,1,220173,0,0,0,0,0,0,0,0,0,0
1,1,220173,0,0,0,0,0,13,0,0,0,0
2,1,220173,0,0,0,0,0,0,0,0,0,0
1,1,220174,12,12,12,12,12,12,12,12,12,12
1,1,220176,21,21,21,21,21,21,21,21,21,21
1,1,220177,0,0,0,0,0,0,0,0,0,0
1,1,220178,16,16,16,16,16,16,16,16,16,16
2,1,220178,0,0,0,0,0,0,0,0,0,0
1,1,220179,0,21,0,0,0,0,0,0,9,28
2,1,220179,0,0,0,0,0,0,0,0,0,0
3,1,220179,0,0,0,0,0,10,0,0,0,0
1,1,220180,0,0,20,0,30,0,25,9,0,17
1,1,220181,25,25,25,25,25,25,25,25,25,25
1,1,220182,0,0,0,0,0,0,0,0,0,0
1,1,220183,0,0,0,0,0,0,0,0,0,0
2,1,220183,0,0,0,0,0,0,0,0,0,0
0,1,220184,21,21,21,21,21,21,21,21,21,21
1,1,220184,0,0,0,0,0,0,0,0,0,0
1,1,220185,0,28,18,11,27,15,34,12,0,0
2,1,220185,0,0,0,0,0,0,0,0,0,0
1,1,220186,0,0,0,0,0,0,0,0,0,0
2,1,220186,0,0,0,0,0,0,0,0,0,0
0,1,220187,0,0,11,0,17,25,7,0,20,11
1,1,220187,6,6,6,6,6,6,6,6,6,6
1,1,220188,0,0,0,0,0,0,0,0,0,0
1,1,220189,0,0,0,0,0,0,0,0,0,0
2,1,220189,0,0,0,0,0,0,0,0,0,0
0,1,220190,0,0,0,0,0,0,0,0,0,0
1,1,220190,12,0,0,0,23,0,0,10,24,0
1,1,220191,15,15,15,15,15,15,15,15,15,15
1,1,220192,0,0,0,0,0,0,0,0,0,0
2,1,220192,0,0,0,0,0,0,0,0,0,0
1,1,220193,18,18,18,18,18,18,18,18,18,18
1,1,220194,29,29,29,29,29,29,29,29,29,29
1,1,220195,0,0,28,13,0,15,21,0,17,0
1,1,220196,0,0,0,0,0,0,0,0,0,0
2,1,220196,0,0,0,0,0,0,0,0,0,0
1,1,220197,10,10,10,10,10,10,10,10,10,10
0,1,220198,0,35,29,23,0,15,18,5,33,30
1,1,220198,9,0,10,0,0,17,0,0,0,0
2,1,220198,0,0,0,0,0,0,0,0,0,0
1,1,220199,7,14,8,6,16,29,3,6,17,9
1,1,220200,4,4,4,4,4,4,4,4,4,4
2,1,220200,2,2,2,2,2,2,2,2,2,2
3,1,220200,13,13,13,13,13,13,13,13,13,13
4,1,220200,3,3,3,3,3,3,3,3,3,3
1,1,220201,0,0,0,0,0,0,0,0,0,0
2,1,220201,0,0,0,0,0,0,0,0,0,0
0,1,220202,0,0,0,0,0,0,0,0,0,0
1,1,220202,0,0,0,0,0,0,0,0,0,0
1,1,220203,0,0,0,0,0,0,0,0,0,0
1,1,220204,0,0,0,0,0,0,0,0,0,0
2,1,220204,0,0,0,0,0,0,0,0,0,0
1,1,220205,17,17,17,17,17,17,17,17,17,17
0,1,220206,20,20,20,20,20,20,20,20,20,20
1,1,220206,0,0,0,0,0,0,0,0,0,0
1,1,220207,3,3,3,3,3,3,3,3,3,3
2,1,220207,0,0,0,0,0,0,0,0,0,0
1,1,220209,0,0,0,0,0,0,0,0,0,0
2,1,220209,0,0,0,0,0,0,0,0,0,0
1,1,220210,0,0,0,0,0,0,0,0,0,0
2,1,220210,0,0,0,0,0,0,0,0,0,0
1,1,220211,20,21,16,9,24,26,30,9,5,24
2,1,220211,0,0,0,0,0,0,0,0,0,0
1,1,220212,23,23,23,23,23,23,23,23,23,23
2,1,220212,0,0,0,0,0,0,0,0,0,0
0,1,220213,28,28,28,28,28,28,28,28,28,28
1,1,220213,0,0,0,0,0,0,0,0,0,0
1,1,220214,26,26,26,26,26,26,26,26,26,26
2,1,220214,2,2,2,2,2,2,2,2,2,2
1,1,220215,14,0,0,0,0,0,0,0,0,0
2,1,220215,0,0,0,0,0,0,0,0,0,0
1,1,220216,0,0,0,0,0,0,0,0,0,0
2,1,220216,0,0,0,0,0,0,0,0,0,0
3,1,220216,0,0,0,0,0,0,0,0,0,0
1,1,220217,0,0,0,0,0,0,0,0,0,0
0,1,220218,0,0,0,0,0,0,0,0,0,0
1,1,220218,0,0,0,0,0,0,0,0,0,0
1,1,220219,12,12,12,12,12,12,12,12,12,12
1,1,220220,0,0,0,0,0,0,0,0,0,0
0,1,220221,12,17,34,0,6,36,17,0,0,0
1,1,220221,0,0,0,0,6,0,12,0,11,0
1,1,220222,0,0,0,0,0,0,0,0,0,0
2,1,220222,0,0,0,0,0,0,0,0,0,0
1,1,220223,13,13,13,13,13,13,13,13,13,13
2,1,220223,0,0,0,0,0,0,0,0,0,0
3,1,220223,0,0,9,0,0,0,0,0,0,0
1,1,220224,0,0,0,0,0,0,0,0,0,0
1,1,220225,9,9,9,9,9,9,9,9,9,9
1,1,220226,15,15,15,15,15,15,15,15,15,15
1,1,220227,0,0,0,0,0,0,0,0,0,0
1,1,220228,9,9,9,9,9,9,9,9,9,9
1,1,220229,10,10,10,10,10,10,10,10,10,10
1,1,220230,16,16,23,5,27,16,26,9,24,19
1,1,220231,40,40,40,40,40,40,40,40,40,40
1,1,220232,15,0,11,15,16,34,12,22,20,22
1,1,220233,0,0,0,0,0,0,0,0,0,0
1,1,220234,0,0,0,0,0,0,0,0,0,0
2,1,220234,0,0,0,0,0,0,0,0,0,0
1,1,220235,0,0,0,0,0,0,0,0,0,0
2,1,220235,0,0,0,0,0,0,0,0,0,0
1,1,220236,0,0,0,0,0,0,0,0,0,0
2,1,220236,0,0,0,0,0,0,0,0,0,0
1,1,220237,0,0,0,0,0,0,0,0,0,0
2,1,220237,0,0,0,0,0,0,0,0,0,0
3,1,220237,0,0,0,0,0,0,0,0,0,0
1,1,220238,0,0,13,0,0,27,0,13,0,8
1,1,220239,0,0,0,0,0,0,0,0,0,0
1,1,220240,5,5,5,5,5,5,5,5,5,5
2,1,220240,0,0,0,0,0,0,0,0,0,0
1,1,220241,6,6,6,6,6,6,6,6,6,6
0,1,220242,28,17,10,17,15,13,38,10,13,15
1,1,220242,0,0,0,0,0,0,0,0,0,0
0,1,220243,0,0,0,0,0,0,0,0,0,0
1,1,220243,0,0,0,0,0,0,0,0,0,0
0,1,220244,23,23,23,23,23,23,23,23,23,23
1,1,220244,0,0,0,0,0,0,14,0,0,0
2,1,220244,0,0,4,12,9,0,0,0,0,16
1,1,220245,16,16,16,16,16,16,16,16,16,16
1,1,220246,0,0,0,0,0,0,0,0,0,0
1,1,220247,3,3,3,3,3,3,3,3,3,3
1,1,220248,7,34,19,11,36,23,37,19,11,23
0,1,220249,6,26,9,0,11,0,32,7,30,29
1,1,220249,0,0,0,0,0,0,0,0,0,0
2,1,220249,25,0,0,0,0,0,0,0,0,0
1,1,220250,0,0,0,0,0,0,0,0,0,0
1,1,220251,18,18,18,18,18,18,18,18,18,18
2,1,220251,0,0,0,0,0,0,0,0,0,0
1,1,220252,0,15,0,0,0,27,0,0,7,7
1,1,220253,0,0,0,0,0,0,0,0,0,0
2,1,220253,17,23,0,6,25,10,21,21,10,36
0,1,220254,0,0,16,17,14,0,34,10,21,0
1,1,220254,0,0,0,0,0,0,0,0,0,0
1,1,220255,0,0,0,0,8,0,0,12,8,0
1,1,220256,32,32,32,32,32,32,32,32,32,32
1,1,220257,9,9,9,9,9,9,9,9,9,9
1,1,220258,0,0,0,0,0,0,0,0,0,0
2,1,220258,0,0,0,0,0,0,0,0,0,0
1,1,220259,0,0,0,0,0,0,0,0,0,0
2,1,220259,0,0,0,0,0,0,0,0,0,0
1,1,220260,0,0,0,0,0,0,0,0,0,0
2,1,220260,0,0,0,0,0,0,0,0,0,0
1,1,220261,22,22,22,22,22,22,22,22,22,22
2,1,220261,10,10,10,10,10,10,10,10,10,10
1,1,220262,0,0,0,0,0,0,0,0,0,0
2,1,220262,0,0,0,0,0,0,9,8,0,0
1,1,220263,10,10,10,10,10,10,10,10,10,10
1,1,220264,0,0,0,0,0,0,0,0,0,0
1,1,220265,0,0,0,0,0,0,0,0,0,0
1,1,220266,12,12,12,12,12,12,12,12,12,12
1,1,220267,0,0,0,0,0,0,0,0,0,0
2,1,220267,0,0,0,0,0,0,0,0,0,0
3,1,220267,0,0,0,0,0,0,0,0,0,0
1,1,220268,8,8,8,8,8,8,8,8,8,8
1,1,220269,21,21,21,21,21,21,21,21,21,21
2,1,220269,0,0,0,0,0,0,0,0,0,0
1,1,220270,6,6,6,6,6,6,6,6,6,6
0,1,220271,33,33,33,33,33,33,33,33,33,33
1,1,220271,0,0,0,0,0,0,0,0,0,0
1,1,220272,0,0,0,0,0,0,0,0,0,0
1,1,220273,0,0,0,0,0,0,0,0,0,0
2,1,220273,0,0,0,0,0,0,0,0,0,0
1,1,220274,0,0,0,0,0,15,0,0,0,0
2,1,220274,0,0,0,0,0,0,0,0,0,0
1,1,220275,12,25,26,19,24,13,15,24,18,25
1,1,220276,0,0,0,0,0,0,0,0,0,0
1,1,220277,0,0,0,0,0,0,0,0,0,0
0,1,220278,0,31,0,24,0,30,0,20,0,66
1,1,220278,6,14,0,26,12,14,33,12,14,14
1,1,220279,17,17,17,17,17,17,17,17,17,17
1,1,220280,0,0,0,0,0,0,0,0,0,0
2,1,220280,0,0,0,0,0,0,0,0,0,0
1,1,220281,0,0,4,0,10,0,0,0,15,0
2,1,220281,0,0,0,0,0,0,0,0,0,0
3,1,220281,0,0,0,0,0,0,0,0,0,0
1,1,220282,0,0,0,0,0,0,0,0,0,0
2,1,220282,0,0,0,0,0,0,0,0,0,0
3,1,220282,0,0,0,0,0,0,0,0,0,0
1,1,220283,0,0,0,0,21,0,0,0,0,0
2,1,220283,0,0,0,0,0,0,0,0,21,0
1,1,220284,0,0,0,0,0,0,0,0,0,0
1,1,220285,0,0,0,0,0,0,0,0,0,0
1,1,220286,0,0,0,0,0,0,0,0,0,0
0,1,220287,0,0,0,0,0,0,0,0,0,0
1,1,220287,0,3,0,0,13,0,0,0,13,19
1,1,220288,13,13,13,13,13,13,13,13,13,13
2,1,220288,10,14,0,0,0,0,0,5,12,0
1,1,220289,15,0,13,0,11,1,45,0,0,17
1,1,220290,0,0,0,0,14,0,0,0,0,0
1,1,220291,19,19,19,19,19,19,19,19,19,19
1,1,220292,0,0,14,0,0,17,8,0,0,0
2,1,220292,0,0,0,0,0,0,0,0,0,0
3,1,220292,0,0,0,0,0,0,0,0,0,0
1,1,220293,0,6,9,0,0,7,0,0,13,26
1,1,220294,28,28,28,28,28,28,28,28,28,28
1,1,220295,8,8,8,8,8,8,8,8,8,8
2,1,220295,12,0,0,0,0,0,0,0,0,0
0,1,220297,10,10,10,10,10,10,10,10,10,10
1,1,220297,0,0,0,0,0,0,0,0,0,0
0,1,220298,0,0,0,0,0,0,0,0,0,0
1,1,220298,0,0,0,0,0,0,0,0,0,0
1,1,220299,0,0,0,0,0,0,0,0,0,0
2,1,220299,0,0,0,0,0,0,0,0,0,0
1,1,220300,0,0,18,27,0,0,0,0,0,36
1,1,220301,0,0,0,0,0,0,0,0,0,0
1,1,220302,0,0,0,0,0,0,0,0,0,0
2,1,220302,0,0,0,0,0,0,0,0,0,0
0,1,220303,27,27,27,27,27,27,27,27,27,27
1,1,220303,6,6,6,6,6,6,6,6,6,6
1,1,220304,0,0,0,0,0,0,0,0,0,0
1,1,220305,9,0,18,7,0,16,21,9,13,5
1,1,220306,0,0,0,0,0,0,0,0,0,0
2,1,220306,0,0,0,0,0,0,0,0,0,0
1,1,220307,0,0,0,0,0,0,7,0,0,0
1,1,220308,32,32,32,32,32,32,32,32,32,32
1,1,220309,0,0,0,0,0,0,0,0,0,0
1,1,220310,16,26,25,20,15,10,30,39,37,11
2,1,220310,7,16,16,11,11,16,15,28,17,9
1,1,220311,0,0,0,0,0,0,0,0,0,0
2,1,220311,0,0,0,0,0,0,0,0,0,0
3,1,220311,0,0,0,0,0,0,0,0,0,0
1,1,220312,0,0,0,0,0,0,0,0,0,0
2,1,220312,0,0,0,0,0,0,0,0,0,0
3,1,220312,0,0,0,0,0,0,0,0,0,0
4,1,220312,0,0,0,0,0,0,0,0,0,0
2,1,220313,0,0,0,0,0,0,0,0,0,0
1,1,220314,0,0,0,0,0,0,0,0,0,0
2,1,220314,0,0,0,0,0,0,0,0,0,0
1,1,220315,0,0,0,0,0,0,0,0,0,0
2,1,220315,0,0,0,0,0,0,0,0,0,0
1,1,220316,36,26,25,13,31,18,10,20,28,6
1,1,220317,17,17,17,17,17,17,17,17,17,17
1,1,220318,22,22,22,22,22,22,22,22,22,22
1,1,220319,1,1,1,1,1,1,1,1,1,1
1,1,220320,0,0,0,0,0,0,0,0,0,0
1,1,220321,24,16,4,28,16,13,16,22,8,10
1,1,220322,13,24,19,13,11,10,7,0,15,5
1,1,220323,0,0,0,0,0,0,0,0,0,0
2,1,220323,0,0,0,0,0,0,0,10,0,0
1,1,220324,0,0,0,0,0,0,0,0,0,0
2,1,220324,0,0,0,0,0,0,10,0,0,0
1,1,220325,0,0,0,0,0,0,0,0,0,0
2,1,220325,0,10,0,0,0,0,0,0,21,0
3,1,220325,0,0,0,0,0,21,0,0,0,0
0,1,220326,0,0,0,0,0,0,0,0,0,0
1,1,220326,15,15,15,15,15,15,15,15,15,15
1,1,220327,19,0,17,13,32,11,17,21,19,25
2,1,220327,0,0,0,2,0,3,6,9,20,0
1,1,220328,0,0,0,0,0,0,0,0,0,0
1,1,220329,15,15,15,15,15,15,15,15,15,15
1,1,220330,16,16,16,16,16,16,16,16,16,16
1,1,220331,19,19,19,19,19,19,19,19,19,19
1,1,220332,21,21,21,21,21,21,21,21,21,21
1,1,220333,14,14,14,14,14,14,14,14,14,14
1,1,220334,24,0,5,0,23,0,5,0,0,0
1,1,220335,11,11,11,11,11,11,11,11,11,11
1,1,220336,18,19,12,34,14,41,26,14,29,22
1,1,220337,0,0,0,0,0,0,0,0,0,0
2,1,220337,0,0,0,0,0,0,0,0,0,0
1,1,220338,11,11,11,11,11,11,11,11,11,11
1,1,220339,21,21,21,21,21,21,21,21,21,21
1,1,220340,9,9,9,9,9,9,9,9,9,9
2,1,220340,0,0,0,5,0,0,0,0,0,0
3,1,220340,0,0,0,0,0,0,0,0,0,0
4,1,220340,15,6,0,0,0,0,0,0,0,0
1,1,220341,0,0,0,0,0,0,0,0,0,0
2,1,220341,0,0,0,0,0,0,0,0,0,0
1,1,220342,0,0,0,0,0,0,0,0,0,0
2,1,220342,0,0,0,0,0,0,0,0,0,0
0,1,220343,18,18,18,18,18,18,18,18,18,18
1,1,220343,0,0,0,0,0,0,0,0,0,0
2,1,220343,0,0,0,0,0,0,0,0,0,0
3,1,220343,0,0,0,0,0,0,0,0,0,0
0,1,220344,0,0,0,0,0,0,0,0,0,0
1,1,220344,18,18,18,18,18,18,18,18,18,18
2,1,220344,7,7,7,7,7,7,7,7,7,7
1,1,220345,3,3,3,3,3,3,3,3,3,3
2,1,220345,0,0,0,0,0,0,0,0,0,0
1,1,220346,0,0,0,0,0,0,0,0,0,0
0,1,220348,30,30,30,30,30,30,30,30,30,30
1,1,220348,0,0,0,0,0,0,0,0,0,0
2,1,220348,0,0,0,0,0,0,0,0,0,0
3,1,220348,0,0,0,0,0,0,0,0,0,0
1,1,220349,0,0,0,0,0,0,0,0,0,0
2,1,220349,0,0,0,0,0,0,0,0,0,0
3,1,220349,4,0,0,0,0,0,0,0,0,0
4,1,220349,0,0,0,0,0,0,0,0,0,0
5,1,220349,0,0,0,0,0,0,0,0,0,0
1,1,220350,0,0,0,10,0,0,0,0,9,0
1,1,220351,0,0,0,0,0,0,0,0,0,0
2,1,220351,6,0,0,0,0,0,0,0,0,0
1,1,220352,18,18,18,18,18,18,18,18,18,18
1,1,220353,6,6,6,6,6,6,6,6,6,6
2,1,220353,0,0,0,0,0,0,0,0,0,0
1,1,220354,20,20,20,20,20,20,20,20,20,20
1,1,220355,10,10,10,10,10,10,10,10,10,10
2,1,220355,0,0,0,0,0,0,0,0,0,0
0,1,220356,22,22,22,22,22,22,22,22,22,22
1,1,220356,16,16,16,16,16,16,16,16,16,16
1,1,220357,2,2,2,2,2,2,2,2,2,2
1,1,220358,1,1,1,1,1,1,1,1,1,1
2,1,220358,31,31,31,31,31,31,31,31,31,31
1,1,220359,0,16,0,0,0,0,0,0,0,0
2,1,220359,0,0,0,0,0,0,0,0,0,0
1,1,220360,0,0,0,0,0,0,0,0,0,0
2,1,220360,0,0,0,0,0,0,0,0,0,0
3,1,220360,0,0,0,0,0,0,0,0,0,0
1,1,220361,0,0,0,0,0,0,0,0,0,0
2,1,220361,0,0,0,0,0,0,0,0,0,0
1,1,220362,4,4,4,4,4,4,4,4,4,4
1,1,220363,0,0,0,0,0,0,0,0,0,0
2,1,220363,0,0,0,0,0,0,0,0,0,0
3,1,220363,0,0,0,0,0,0,0,0,0,0
4,1,220363,0,0,0,0,0,0,0,0,0,0
1,1,220364,9,9,9,9,9,9,9,9,9,9
1,1,220365,0,0,0,0,0,0,0,0,0,0
0,1,220366,0,0,0,0,22,4,12,24,28,28
1,1,220366,0,0,0,0,0,0,0,0,20,9
1,1,220367,0,8,0,15,30,10,0,0,0,26
1,1,220368,0,0,0,0,0,0,0,0,0,0
1,1,220369,0,0,0,0,0,0,0,0,0,0
2,1,220369,0,0,0,0,0,0,0,0,0,0
0,1,220370,0,0,0,0,0,0,0,0,0,0
1,1,220370,0,0,0,0,0,0,0,0,0,0
1,1,220371,20,20,20,20,20,20,20,20,20,20
0,1,220372,9,9,9,9,9,9,9,9,9,9
1,1,220372,0,14,14,0,16,0,0,0,0,0
1,1,220373,0,0,0,0,0,0,0,0,0,0
0,1,220374,8,8,8,8,8,8,8,8,8,8
1,1,220374,0,0,0,0,0,0,0,0,0,0
1,1,220375,8,0,9,5,10,11,0,11,13,5
1,1,220376,0,0,0,0,0,0,0,0,0,0
1,1,220377,25,25,25,25,25,25,25,25,25,25
0,1,220378,10,0,43,0,34,0,28,0,25,16
1,1,220378,0,0,0,0,0,0,0,0,0,0
1,1,220379,8,8,8,8,8,8,8,8,8,8
1,1,220380,0,0,0,0,0,0,0,0,0,0
1,1,220381,0,0,0,0,0,0,0,0,0,0
1,1,220382,9,9,9,9,9,9,9,9,9,9
1,1,220383,14,0,0,0,0,0,0,0,0,0
0,1,220384,12,12,12,12,12,12,12,12,12,12
1,1,220384,0,0,0,0,0,0,0,0,0,0
1,1,220385,4,0,21,0,0,20,13,16,0,5
2,1,220385,0,0,12,0,12,0,0,0,6,0
1,1,220386,17,17,28,0,0,0,0,0,13,0
1,1,220387,0,0,14,0,0,0,0,0,0,0
2,1,220387,0,0,0,0,0,0,0,0,0,0
1,1,220388,13,0,0,0,0,0,17,29,0,0
1,1,220389,0,0,0,0,0,0,0,0,0,0
1,1,220390,18,18,18,18,18,18,18,18,18,18
1,1,220391,19,19,19,19,19,19,19,19,19,19
0,1,220392,0,0,0,0,0,0,0,0,0,0
1,1,220392,0,0,0,0,0,0,0,0,0,0
0,1,220393,0,0,0,0,0,0,0,0,0,0
1,1,220393,0,0,0,0,0,0,0,0,0,0
0,1,220394,26,26,26,26,26,26,26,26,26,26
1,1,220394,0,0,0,0,0,0,0,0,0,0
2,1,220394,0,0,0,12,0,12,0,13,24,0
1,1,220395,0,0,0,0,11,0,17,0,27,0
2,1,220395,0,0,0,0,0,0,0,0,0,0
3,1,220395,0,0,0,0,0,0,0,0,0,0
1,1,220396,0,0,0,0,0,0,0,0,0,0
2,1,220396,7,7,7,7,7,7,7,7,7,7
1,1,220397,30,30,30,30,30,30,30,30,30,30
1,1,220398,0,0,0,0,0,0,0,0,0,0
2,1,220398,0,0,0,0,0,0,0,0,0,0
3,1,220398,0,0,0,0,0,0,0,0,0,0
0,1,220399,7,0,0,0,21,21,0,18,19,0
1,1,220399,14,0,12,0,6,0,9,0,0,10
1,1,220400,28,28,28,28,28,28,28,28,28,28
2,1,220400,0,0,0,0,0,0,0,8,0,0
1,1,220401,0,0,0,0,0,0,0,0,0,0
2,1,220401,0,0,0,0,0,0,0,0,0,0
3,1,220401,0,0,0,0,0,0,0,0,0,0
1,1,220402,22,23,13,0,14,16,0,0,20,10
1,1,220403,0,0,0,0,0,0,0,0,0,0
1,1,220404,0,0,0,0,0,0,0,0,0,0
1,1,220405,0,0,0,16,0,31,0,0,0,5
0,1,220406,3,3,3,3,3,3,3,3,3,3
1,1,220406,9,9,9,9,9,9,9,9,9,9
1,1,220407,9,8,18,16,24,20,5,17,7,3
2,1,220407,0,0,0,0,0,0,0,0,0,0
1,1,220408,11,11,11,11,11,11,11,11,11,11
1,1,220409,5,0,0,0,0,0,0,0,0,4
2,1,220409,0,0,0,0,0,0,0,0,0,0
1,1,220410,0,0,0,0,0,0,0,0,0,0
1,1,220411,10,10,10,10,10,10,10,10,10,10
0,1,220412,0,0,0,0,0,0,0,0,0,0
1,1,220412,0,0,0,0,0,0,0,0,0,0
0,1,220413,7,7,7,7,7,7,7,7,7,7
1,1,220413,0,17,0,16,0,0,0,0,0,0
1,1,220414,0,0,0,0,0,0,0,0,0,0
1,1,220415,0,0,0,0,0,0,4,0,14,0
1,1,220416,10,15,7,23,14,9,20,33,2,4
1,1,220417,6,6,6,6,6,6,6,6,6,6
1,1,220418,14,24,12,6,10,18,28,15,32,13
1,1,220419,0,0,0,0,0,0,0,0,0,0
1,1,220420,16,16,16,16,16,16,16,16,16,16
1,1,220421,13,13,13,13,13,13,13,13,13,13
2,1,220421,0,0,0,0,0,0,0,0,0,0
3,1,220421,0,0,0,0,0,0,0,0,0,0
1,1,220422,28,28,28,28,28,28,28,28,28,28
1,1,220423,0,30,17,14,15,17,6,12,17,19
1,1,220424,25,25,25,25,25,25,25,25,25,25
1,1,220425,2,2,2,2,2,2,2,2,2,2
1,1,220426,0,0,0,0,0,0,0,0,0,0
2,1,220426,0,0,0,0,0,0,0,0,0,0
1,1,220427,9,19,13,0,0,0,0,0,0,0
1,1,220428,27,27,27,27,27,27,27,27,27,27
1,1,220429,20,20,20,20,20,20,20,20,20,20
1,1,220430,20,11,20,8,6,24,19,27,21,21
1,1,220431,15,24,0,8,0,27,17,6,19,0
1,1,220432,0,0,21,0,9,16,16,0,0,42
1,1,220433,12,18,12,31,19,22,11,15,16,19
1,1,220434,9,9,9,9,9,9,9,9,9,9
1,1,220435,14,6,11,15,5,21,3,36,12,26
1,1,220436,2,2,2,2,2,2,2,2,2,2
2,1,220436,0,0,0,0,0,0,10,0,0,0
1,1,220437,2,2,2,2,2,2,2,2,2,2
2,1,220437,0,0,0,0,0,0,0,0,0,0
1,1,220438,0,0,0,0,0,0,0,0,0,0
2,1,220438,0,0,0,0,0,0,0,0,0,0
1,1,220439,0,0,0,0,0,0,0,0,0,0
2,1,220439,0,0,0,0,0,0,0,0,0,0
1,1,220442,0,0,0,0,0,0,0,0,0,0
2,1,220442,0,0,0,0,0,0,0,0,0,0
1,1,220443,18,0,0,0,0,0,0,0,0,0
1,1,220444,0,0,0,0,0,0,0,0,0,0
2,1,220444,0,0,0,0,0,0,0,0,0,0
1,1,220445,29,29,29,29,29,29,29,29,29,29
1,1,220446,11,16,32,15,15,12,24,4,25,21
1,1,220447,0,0,0,0,0,0,0,0,0,0
2,1,220447,0,0,0,0,0,0,0,0,0,0
3,1,220447,0,0,0,0,0,0,0,0,0,0
1,1,220448,42,8,0,17,18,0,37,21,10,17
1,1,220449,16,16,16,16,16,16,16,16,16,16
0,1,220450,8,0,21,41,18,19,0,38,0,32
1,1,220450,0,21,0,0,0,0,0,0,0,0
2,1,220450,11,0,0,12,5,0,0,0,15,0
1,1,220451,23,15,14,18,30,28,18,9,39,22
1,1,220452,21,25,13,29,0,13,0,26,0,10
1,1,220453,0,0,0,0,0,0,0,0,0,0
2,1,220453,0,0,0,0,0,0,0,0,0,0
1,1,220454,7,13,36,36,13,6,19,8,25,18
1,1,220455,0,0,0,0,0,0,0,0,0,0
2,1,220455,0,0,0,0,0,0,0,0,0,0
3,1,220455,0,0,0,0,0,0,0,0,0,0
4,1,220455,0,0,0,0,0,0,0,0,0,0
5,1,220455,0,0,0,0,0,0,0,0,0,0
1,1,220456,0,0,0,0,0,0,0,0,0,0
1,1,220457,0,0,0,0,0,0,0,0,0,0
2,1,220457,0,0,0,0,0,0,0,0,0,0
1,1,220458,0,16,3,12,0,9,0,6,9,16
2,1,220458,14,0,4,0,0,28,24,11,0,0
1,1,220459,0,0,0,0,0,0,0,0,0,0
2,1,220459,0,0,0,0,0,22,0,0,0,0
1,1,220460,16,0,0,0,0,0,17,18,0,0
2,1,220460,0,0,0,0,0,0,0,15,0,0
3,1,220460,0,0,0,0,0,0,0,24,0,0
1,1,220461,17,14,16,18,42,21,14,18,12,18
1,1,220462,14,14,14,14,14,14,14,14,14,14
1,1,220463,32,32,32,32,32,32,32,32,32,32
1,1,220464,0,0,0,0,0,0,0,0,0,0
2,1,220464,0,0,0,0,0,0,0,0,0,0
1,1,220465,0,19,0,0,18,0,0,0,0,0
2,1,220465,0,0,0,0,0,0,0,0,0,0
1,1,220466,0,0,0,0,0,0,0,0,0,0
2,1,220466,0,0,0,0,0,0,0,0,0,0
1,1,220467,15,15,15,15,15,15,15,15,15,15
1,1,220468,19,20,9,18,16,0,0,33,0,40
1,1,220469,0,0,0,0,0,0,0,0,0,0
2,1,220469,0,0,0,0,0,0,0,0,0,0
1,1,220470,0,0,0,0,0,0,0,0,0,0
2,1,220470,0,0,0,0,0,0,0,0,0,0
3,1,220470,0,0,0,0,0,0,0,0,0,0
1,1,220471,0,0,0,0,0,0,0,0,0,0
2,1,220471,0,0,0,0,0,0,0,0,0,0
1,1,220472,0,0,0,0,0,0,0,0,0,0
1,1,220473,32,32,32,32,32,32,32,32,32,32
2,1,220473,8,8,8,8,8,8,8,8,8,8
3,1,220473,0,0,0,0,0,0,0,0,0,0
1,1,220474,0,0,0,0,0,4,0,0,0,0
1,1,220475,6,9,20,36,31,20,8,13,18,13
1,1,220476,0,0,0,0,0,0,0,0,0,0
2,1,220476,0,0,0,0,0,0,0,0,0,0
1,1,220477,0,0,0,0,0,0,0,0,0,0
1,1,220478,0,0,12,17,18,9,24,0,0,17
1,1,220479,34,34,34,34,34,34,34,34,34,34
1,1,220480,0,0,0,0,0,0,0,0,0,0
2,1,220480,0,0,0,0,0,0,0,0,0,0
1,1,220481,0,0,0,0,0,0,0,0,0,0
2,1,220481,0,0,0,0,0,0,0,0,0,0
1,1,220482,0,18,7,24,0,16,0,0,0,0
2,1,220482,0,0,0,0,0,0,0,0,0,0
1,1,220483,0,17,0,3,0,0,0,9,0,0
2,1,220483,0,0,0,0,0,0,0,0,0,0
1,1,220484,23,18,0,30,16,27,19,4,8,23
1,1,220485,10,10,10,10,10,10,10,10,10,10
0,1,220486,31,12,0,0,23,16,0,3,0,0
1,1,220486,0,0,0,0,0,0,0,0,0,0
1,1,220487,4,13,8,20,27,0,10,18,16,26
1,1,220488,0,7,0,0,0,0,0,0,0,0
2,1,220488,0,0,0,0,0,0,0,0,0,0