VEH_NO,PER_NO,ST_CASE,P1,P2,P3,P4,P5,P6,P7,P8,P9,P10
1,1,220489,0,0,0,0,0,0,0,0,0,0
2,1,220489,0,0,0,0,0,0,0,0,0,0
1,1,220490,0,0,0,0,0,0,0,0,0,0
2,1,220490,0,0,0,0,0,0,0,0,0,0
1,1,220491,0,0,0,0,0,0,0,0,0,0
2,1,220491,0,0,0,0,0,0,0,0,0,0
3,1,220491,0,0,0,0,0,0,0,0,0,0
4,1,220491,0,0,0,0,0,0,0,0,0,0
1,1,220492,0,0,0,0,0,0,0,0,0,9
2,1,220492,0,0,0,0,0,0,0,0,0,0
3,1,220492,13,0,0,0,0,0,0,0,0,0
4,1,220492,0,0,0,0,0,0,0,0,0,3
1,1,220493,0,8,0,0,0,0,0,0,0,9
2,1,220493,0,0,0,0,0,0,0,0,0,0
3,1,220493,0,0,0,0,0,0,0,0,0,0
1,1,220494,0,0,0,0,0,0,0,0,0,0
2,1,220494,0,0,0,0,0,0,0,0,0,0
1,1,220495,0,0,0,0,0,0,0,0,23,11
2,1,220495,0,0,0,0,0,0,0,0,0,0
0,1,220496,36,36,36,36,36,36,36,36,36,36
1,1,220496,0,0,0,0,0,0,0,0,0,0
1,1,220497,40,40,40,40,40,40,40,40,40,40
2,1,220497,0,0,0,0,0,0,0,0,0,0
1,1,220498,12,26,17,34,11,25,23,14,16,18
1,1,220499,0,5,0,0,7,0,0,0,0,2
1,1,220500,0,0,0,0,0,0,0,0,0,0
1,1,220501,0,0,0,0,0,0,0,0,0,0
2,1,220501,0,0,0,0,0,0,0,0,0,0
1,1,220502,8,8,8,8,8,8,8,8,8,8
1,1,220503,0,23,0,0,0,0,0,0,0,0
1,1,220504,8,8,8,8,8,8,8,8,8,8
1,1,220505,0,0,0,0,0,0,0,0,0,0
2,1,220505,0,0,0,0,0,0,0,0,0,0
1,1,220506,9,9,9,9,9,9,9,9,9,9
1,1,220507,14,14,19,21,29,30,23,18,16,3
1,1,220508,12,0,13,10,0,16,27,0,0,16
1,1,220509,6,21,22,13,8,10,24,9,11,17
1,1,220510,23,23,23,23,23,23,23,23,23,23
1,1,220511,0,0,0,0,0,0,0,0,0,0
2,1,220511,0,0,0,0,0,0,0,0,0,0
1,1,220512,0,0,0,0,0,0,0,0,0,0
2,1,220512,12,0,0,22,0,0,0,0,0,0
3,1,220512,0,0,0,0,0,0,0,0,0,0
1,1,220513,0,0,0,0,0,0,0,0,0,0
1,1,220514,0,0,0,0,0,0,0,0,0,0
2,1,220514,0,0,0,0,0,0,0,0,0,0
3,1,220514,0,0,0,0,0,0,0,0,0,0
1,1,220515,0,0,0,0,0,0,0,0,0,0
2,1,220515,0,0,0,0,0,0,0,0,0,0
3,1,220515,0,0,0,0,0,0,0,0,0,0
1,1,220516,0,0,0,0,0,0,0,0,0,0
1,1,220517,0,0,0,0,0,0,0,0,0,0
2,1,220517,0,0,0,0,0,0,0,0,0,0
1,1,220518,15,15,15,15,15,15,15,15,15,15
1,1,220519,0,11,17,0,0,0,0,16,0,0
1,1,220520,20,20,20,20,20,20,20,20,20,20
2,1,220520,0,0,0,0,0,0,0,0,0,0
1,1,220521,28,0,17,0,8,30,5,0,0,0
1,1,220522,0,0,0,0,0,0,0,0,0,0
2,1,220522,3,3,3,3,3,3,3,3,3,3
1,1,220523,0,0,9,0,0,0,0,16,0,0
1,1,220524,0,0,0,0,0,0,0,0,0,4
2,1,220524,0,0,0,0,0,0,0,0,0,0
1,1,220525,0,0,0,0,0,0,0,38,0,0
1,1,220526,0,0,0,0,0,0,0,0,0,0
2,1,220526,0,0,0,0,0,0,0,0,0,0
1,1,220527,0,0,0,0,0,0,0,0,0,0
1,1,220528,0,0,0,0,0,0,0,0,0,0
2,1,220528,0,0,0,0,0,0,0,0,0,0
1,1,220529,6,6,6,6,6,6,6,6,6,6
2,1,220529,6,6,6,6,6,6,6,6,6,6
1,1,220530,17,24,16,0,17,18,0,32,37,30
1,1,220531,0,8,26,17,0,10,9,0,11,16
0,1,220532,0,20,41,0,15,14,0,0,0,33
1,1,220532,19,5,28,31,25,0,0,0,37,0
2,1,220532,0,0,0,0,0,0,0,0,0,0
0,1,220533,33,0,8,5,26,10,13,0,0,0
1,1,220533,23,23,23,23,23,23,23,23,23,23
1,1,220534,18,0,0,0,0,6,0,0,0,19
1,1,220535,14,14,14,14,14,14,14,14,14,14
2,1,220535,0,0,0,0,0,0,0,0,0,0
1,1,220536,0,0,0,0,0,0,0,0,0,0
1,1,220537,0,0,0,0,0,0,0,0,0,0
1,1,220538,8,0,0,0,0,0,0,20,0,0
2,1,220538,9,9,0,0,12,0,12,10,0,0
1,1,220539,23,23,23,23,23,23,23,23,23,23
0,1,220540,19,0,0,0,0,0,0,4,0,0
0,2,220540,0,0,0,28,0,53,0,14,7,42
1,1,220540,0,0,0,0,0,0,0,0,0,0
0,1,220541,6,12,0,0,0,0,0,21,0,0
1,1,220541,8,8,8,8,8,8,8,8,8,8
1,1,220542,0,0,0,0,0,0,0,0,0,0
1,1,220543,0,0,0,0,0,0,0,0,0,0
0,1,220544,4,4,4,4,4,4,4,4,4,4
1,1,220544,0,0,0,0,0,0,0,0,0,0
1,1,220545,17,17,17,17,17,17,17,17,17,17
1,1,220546,26,23,14,0,0,0,17,0,0,20
1,1,220547,12,0,11,0,0,10,9,0,8,8
1,1,220548,0,0,0,0,0,0,0,0,0,0
1,1,220549,0,0,0,0,0,0,0,0,0,0
0,1,220550,0,24,0,0,17,0,0,0,0,0
0,2,220550,0,7,0,0,0,20,0,0,0,4
1,1,220550,0,0,0,0,0,0,0,0,0,0
1,1,220551,7,25,27,22,15,30,24,11,35,28
1,1,220552,3,3,3,3,3,3,3,3,3,3
2,1,220552,0,0,0,0,0,0,0,0,11,0
1,1,220553,0,0,0,0,0,0,0,0,11,8
2,1,220553,0,0,0,0,0,0,0,0,0,0
1,1,220554,0,0,0,0,0,0,0,0,0,0
2,1,220554,0,0,0,0,0,0,0,0,0,0
1,1,220555,0,0,0,0,0,0,0,0,0,0
2,1,220555,0,0,0,0,0,0,0,0,0,0
1,1,220556,0,0,0,0,0,0,0,0,0,0
1,1,220557,0,0,0,0,0,0,0,0,3,0
2,1,220557,0,0,30,0,0,0,0,21,31,0
0,1,220558,0,0,0,0,0,0,0,0,0,0
1,1,220558,4,4,4,4,4,4,4,4,4,4
0,1,220559,27,27,27,27,27,27,27,27,27,27
1,1,220559,0,7,13,0,0,0,19,0,0,0
1,1,220560,0,0,0,0,0,0,0,0,0,0
1,1,220561,0,0,0,0,0,0,0,0,0,0
0,1,220562,11,5,17,16,34,21,5,21,58,21
1,1,220562,0,0,0,0,0,0,0,0,0,0
1,1,220563,0,0,0,0,0,0,0,0,0,0
2,1,220563,0,0,0,0,0,0,0,0,0,0
0,1,220564,0,0,0,0,0,0,0,0,0,0
1,1,220564,0,0,0,0,0,0,0,0,0,0
1,1,220565,0,7,12,0,0,0,0,12,0,0
2,1,220565,7,7,7,7,7,7,7,7,7,7
0,1,220566,0,0,0,0,0,0,0,0,0,0
1,1,220566,0,0,0,0,0,0,0,0,0,0
1,1,220567,3,3,3,3,3,3,3,3,3,3
1,1,220568,12,29,15,15,13,20,14,0,0,0
1,1,220569,0,0,0,0,0,0,0,0,0,0
2,1,220569,0,0,0,0,0,0,0,0,0,0
1,1,220570,0,18,0,0,0,0,0,0,0,0
1,1,220571,0,0,0,0,0,0,0,0,0,0
2,1,220571,0,0,0,0,0,0,0,0,0,0
3,1,220571,0,0,0,0,0,0,0,0,9,0
1,1,220572,0,0,21,0,17,0,0,25,0,0
2,1,220572,0,0,0,0,0,0,0,0,0,0
3,1,220572,0,0,0,0,0,0,0,0,0,0
1,1,220573,0,0,0,0,0,0,0,0,0,0
2,1,220573,0,0,0,0,0,0,0,0,0,0
1,1,220574,0,0,0,0,0,0,13,27,0,0
2,1,220574,0,0,0,0,0,0,0,0,0,0
1,1,220575,19,19,19,19,19,19,19,19,19,19
1,1,220576,6,16,25,6,22,25,4,18,11,15
0,1,220577,11,18,15,21,10,18,7,28,12,20
1,1,220577,0,0,0,0,0,0,0,0,0,0
1,1,220578,0,2,0,8,0,0,6,0,0,13
1,1,220579,33,33,33,33,33,33,33,33,33,33
1,1,220580,8,18,8,16,4,21,10,19,8,6
0,1,220581,37,37,37,37,37,37,37,37,37,37
1,1,220581,0,0,0,0,0,0,0,0,0,0
1,1,220582,0,0,0,0,0,0,26,0,0,0
2,1,220582,0,0,0,0,0,0,0,0,0,0
1,1,220583,22,22,22,22,22,22,22,22,22,22
2,1,220583,0,0,0,0,0,0,0,0,0,0
1,1,220584,0,0,0,0,0,0,0,0,0,0
1,1,220585,24,24,24,24,24,24,24,24,24,24
2,1,220585,0,0,0,0,0,0,0,0,0,0
1,1,220586,0,0,0,0,0,0,0,0,0,0
1,1,220587,14,14,14,14,14,14,14,14,14,14
1,1,220588,0,0,0,0,0,0,0,0,0,0
2,1,220588,0,0,0,0,0,0,0,0,0,0
1,1,220589,7,23,7,20,26,0,0,10,21,16
1,1,220590,0,0,0,0,0,0,0,0,0,0
2,1,220590,14,0,0,6,0,0,0,0,21,0
1,1,220591,0,0,0,0,0,0,0,0,0,0
1,1,220592,12,12,12,12,12,12,12,12,12,12
1,1,220593,11,16,0,18,0,18,0,0,0,0
2,1,220593,0,0,0,0,0,0,0,0,0,0
1,1,220594,0,0,0,0,0,0,0,0,0,0
2,1,220594,0,0,0,0,0,0,0,0,0,0
1,1,220595,0,0,0,0,0,0,0,0,0,0
1,1,220596,40,0,0,0,0,0,0,0,0,0
1,1,220597,0,20,16,23,0,30,5,10,13,22
1,1,220598,0,0,0,20,13,0,0,0,0,0
1,1,220599,0,0,0,0,0,0,0,0,0,0
2,1,220599,0,0,0,0,0,0,0,0,0,0
1,1,220600,0,3,21,0,0,0,14,0,0,16
1,1,220601,23,23,23,23,23,23,23,23,23,23
2,1,220601,0,0,0,0,0,0,0,0,0,0
1,1,220602,0,0,0,0,0,0,0,0,0,0
1,1,220603,0,0,0,0,0,0,0,0,0,0
2,1,220603,0,0,0,0,0,0,0,0,0,0
1,1,220604,0,0,0,0,0,0,0,0,0,0
1,1,220605,0,0,0,0,0,0,0,0,0,0
1,1,220606,2,0,0,0,0,0,0,0,0,0
1,1,220607,0,0,0,0,0,0,0,0,0,0
2,1,220607,0,0,0,0,0,0,0,0,0,0
1,1,220608,29,13,7,13,9,38,24,16,21,14
1,1,220609,18,0,0,0,54,21,17,0,0,29
2,1,220609,0,0,0,0,0,0,0,0,0,0
1,1,220610,0,0,0,0,0,0,0,0,0,0
2,1,220610,0,0,0,0,22,0,0,0,0,0
1,1,220611,0,0,0,0,0,18,0,27,0,0
2,1,220611,0,0,21,0,0,0,0,0,0,0
3,1,220611,0,0,0,0,0,0,0,0,0,0
4,1,220611,0,28,0,0,0,0,0,0,0,0
1,1,220612,0,0,0,12,12,0,0,0,0,0
2,1,220612,2,0,0,0,0,0,0,0,0,0
1,1,220613,12,12,12,12,12,12,12,12,12,12
1,1,220614,0,0,0,0,0,14,0,0,0,0
1,1,220615,16,16,16,16,16,16,16,16,16,16
2,1,220615,0,0,0,0,0,0,0,0,0,0
1,1,220616,0,0,0,0,0,0,0,0,0,0
2,1,220616,0,0,0,0,0,0,0,0,0,0
1,1,220617,0,0,0,0,0,0,11,0,0,0
2,1,220617,0,0,0,0,0,0,0,0,0,0
3,1,220617,0,0,0,0,0,0,0,0,0,0
4,1,220617,0,0,0,0,0,0,0,0,0,0
1,1,220618,0,0,0,0,0,0,0,0,0,0
1,1,220619,5,0,28,8,20,0,0,0,15,0
1,1,220620,0,0,0,0,0,0,0,0,0,0
2,1,220620,0,0,0,0,0,0,0,0,0,0
1,1,220621,10,6,15,16,3,13,12,9,14,15
0,1,220622,0,0,25,0,0,20,26,26,10,0
1,1,220622,12,12,12,12,12,12,12,12,12,12
1,1,220623,0,0,0,0,0,0,0,0,0,9
2,1,220623,0,0,0,0,0,0,0,0,0,0
0,1,220624,0,16,0,0,4,0,12,0,5,0
1,1,220624,0,0,0,0,0,0,0,0,0,0
1,1,220625,0,4,0,0,0,11,0,0,6,0
2,1,220625,0,0,0,0,0,0,0,0,0,5
1,1,220626,0,25,16,33,11,15,0,29,0,0
0,1,220627,0,0,0,0,0,0,0,0,28,0
1,1,220627,0,0,0,0,0,0,0,0,0,0
1,1,220628,10,10,10,10,10,10,10,10,10,10
1,1,220629,12,12,12,12,12,12,12,12,12,12
2,1,220629,0,0,0,0,0,0,0,0,0,0
1,1,220630,0,0,0,0,15,0,25,15,0,0
0,1,220631,0,0,0,0,0,0,0,0,0,39
1,1,220631,0,0,0,0,0,11,0,9,0,0
1,1,220632,0,0,0,0,0,14,0,0,0,0
2,1,220632,0,0,0,0,0,0,0,0,0,0
1,1,220633,0,0,5,0,0,0,0,0,0,0
1,1,220634,0,0,0,0,0,0,0,0,0,0
2,1,220634,0,0,0,0,0,0,0,0,0,0
0,1,220635,30,11,16,10,6,0,0,0,0,0
1,1,220635,0,0,0,0,0,0,0,0,0,0
1,1,220636,16,16,16,16,16,16,16,16,16,16
1,1,220637,11,11,11,11,11,11,11,11,11,11
1,1,220638,0,0,0,0,0,0,0,0,0,0
2,1,220638,0,0,0,0,0,0,0,0,0,0
3,1,220638,0,0,0,0,0,0,0,0,0,0
4,1,220638,0,0,0,0,0,0,0,0,0,0
1,1,220639,2,2,2,2,2,2,2,2,2,2
2,1,220639,0,0,0,0,0,0,0,0,0,0
1,1,220640,0,0,0,0,0,0,0,0,0,0
2,1,220640,0,0,0,0,0,0,0,0,0,0
1,1,220641,0,0,10,0,0,0,0,0,0,0
1,1,220642,0,0,0,0,0,0,6,0,0,0
2,1,220642,0,0,0,0,0,0,0,0,0,0
0,1,220643,17,25,6,36,22,13,0,29,0,0
1,1,220643,0,0,0,0,0,0,0,0,0,0
1,1,220644,0,0,0,0,0,0,0,0,0,0
1,1,220645,13,35,18,28,19,30,6,5,8,12
1,1,220646,18,10,9,19,15,38,20,24,18,10
1,1,220647,0,0,0,0,0,0,0,0,0,3
0,1,220648,36,0,6,0,0,0,0,0,0,0
1,1,220648,0,0,35,0,12,11,13,0,19,0
1,1,220649,14,14,14,14,14,14,14,14,14,14
1,1,220650,0,0,0,0,8,0,15,0,9,18
0,1,220651,11,0,0,0,0,0,13,0,0,18
1,1,220651,7,7,7,7,7,7,7,7,7,7
1,1,220652,26,0,0,18,0,0,0,0,0,17
2,1,220652,0,0,0,0,0,0,0,0,0,0
1,1,220653,0,0,0,0,6,0,0,21,0,21
1,1,220654,12,36,18,12,16,20,23,8,15,18
0,1,220655,21,0,28,0,31,0,0,0,0,21
1,1,220655,0,0,32,0,0,0,0,23,21,0
1,1,220656,21,0,0,2,22,0,16,18,26,12
1,1,220657,0,0,0,0,0,0,0,0,0,0
2,1,220657,0,0,0,0,0,0,0,0,0,0
3,1,220657,0,0,0,0,0,0,0,0,0,0
1,1,220658,0,0,0,0,0,0,0,0,0,0
2,1,220658,0,7,0,3,0,6,0,0,0,12
1,1,220659,28,28,28,28,28,28,28,28,28,28
1,1,220660,5,5,5,5,5,5,5,5,5,5
1,1,220661,0,0,0,0,0,0,0,0,0,0
1,1,220662,10,26,8,19,24,12,12,22,14,14
1,1,220663,0,0,0,9,0,0,0,0,0,9
2,1,220663,0,0,0,0,0,0,0,0,0,0
1,1,220664,0,0,0,0,0,0,0,0,0,0
2,1,220664,0,0,0,0,0,0,0,0,0,0
1,1,220665,18,18,18,18,18,18,18,18,18,18
2,1,220665,0,0,0,0,0,0,0,0,0,0
1,1,220666,0,0,0,0,0,0,0,0,0,0
2,1,220666,0,0,0,0,0,0,0,0,0,0
1,1,220667,0,0,0,18,0,0,0,0,26,0
2,1,220667,0,0,0,0,0,0,0,0,0,0
1,1,220668,0,0,0,0,0,0,0,0,0,0
2,1,220668,0,0,0,0,0,0,0,0,0,0
1,1,220669,0,0,0,0,0,0,0,19,0,0
2,1,220669,0,0,0,0,0,0,0,0,0,0
3,1,220669,0,0,0,0,0,0,0,0,0,0
1,1,220670,0,0,12,0,6,0,0,13,0,15
2,1,220670,0,0,18,16,16,23,0,6,13,0
1,1,220671,0,0,0,0,0,0,0,0,0,15
1,1,220672,25,30,30,15,19,16,13,20,36,15
1,1,220673,19,20,13,20,23,30,13,25,17,19
1,1,220674,0,21,0,0,0,31,0,22,0,19
2,1,220674,0,0,26,0,24,17,0,14,14,12
1,1,220675,2,29,36,12,16,17,11,24,4,26
2,1,220675,0,0,0,0,0,0,0,0,0,0
3,1,220675,0,12,0,0,11,0,0,0,0,0
1,1,220676,0,0,0,7,0,0,0,0,0,0
2,1,220676,0,0,0,0,0,0,0,0,0,0
0,1,220677,13,13,13,13,13,13,13,13,13,13
1,1,220677,0,0,0,0,0,0,0,0,0,0
1,1,220678,0,0,10,0,0,0,0,0,0,0
1,1,220679,0,0,0,0,0,0,0,0,0,0
2,1,220679,0,0,0,0,0,0,0,0,0,0
1,1,220680,8,0,0,0,0,0,18,12,0,15
1,1,220681,20,12,20,0,8,13,9,10,22,17
1,1,220683,8,23,26,20,13,31,20,34,9,28
0,1,220684,0,0,10,0,0,23,19,10,0,0
1,1,220684,16,23,0,0,21,20,15,19,0,23
1,1,220685,0,0,0,0,0,0,0,0,0,0
2,1,220685,0,0,0,0,0,0,0,0,0,0
0,1,220686,0,0,24,12,32,0,16,19,17,22
1,1,220686,0,0,0,0,0,0,0,0,0,0
2,1,220686,0,23,0,0,18,0,0,13,0,0
1,1,220687,8,8,8,8,8,8,8,8,8,8
0,1,220688,0,0,0,0,0,0,0,0,0,0
0,2,220688,0,0,0,0,0,0,0,0,0,0
1,1,220688,0,0,0,0,0,0,0,0,0,0
1,1,220689,0,6,0,0,0,0,0,0,0,0
2,1,220689,0,0,0,0,0,0,0,0,0,0
3,1,220689,0,0,0,0,0,0,0,0,0,0
1,1,220690,0,0,0,0,0,0,0,0,0,0
2,1,220690,0,0,0,0,0,0,0,0,0,0
1,1,220691,0,0,0,0,0,0,0,0,0,0
2,1,220691,0,0,0,0,0,0,0,0,0,0
1,1,220692,0,19,0,0,0,19,0,0,0,0
1,1,220693,9,0,0,0,0,0,0,10,0,9
0,1,220695,21,21,21,21,21,21,21,21,21,21
1,1,220695,0,0,8,0,0,0,0,0,0,0
1,1,220696,13,0,27,16,25,0,27,25,0,14
1,1,220698,17,13,18,4,16,14,12,0,16,29
2,1,220698,0,0,0,9,0,7,0,0,0,0
1,1,220699,11,29,20,21,5,22,3,26,9,5
1,1,220700,15,5,7,13,17,17,20,12,18,15
2,1,220700,0,8,0,0,0,0,0,21,23,0
0,1,220701,13,0,34,35,0,17,0,0,0,0
1,1,220701,0,0,0,0,0,0,0,0,0,0
1,1,220702,20,13,20,37,10,6,18,19,21,13
1,1,220703,0,0,0,0,15,0,0,0,0,0
1,1,220704,0,0,0,0,0,0,7,0,0,0
2,1,220704,0,0,0,0,0,0,0,0,0,0
1,1,220705,9,34,23,12,12,5,30,25,20,16
1,1,220706,0,0,0,0,0,0,0,0,0,13
2,1,220706,0,0,0,0,0,0,0,0,0,0
1,1,220707,0,20,32,0,0,30,0,0,0,0
2,1,220707,0,0,0,0,0,0,0,0,0,0
1,1,220708,0,0,5,0,0,0,0,0,0,20
1,1,220709,0,0,0,0,0,0,0,0,0,0
2,1,220709,28,0,0,19,0,0,11,0,0,0
1,1,220710,23,0,16,28,27,8,37,16,29,28
1,1,220712,16,15,31,20,23,22,28,9,8,16
1,1,220714,15,15,15,15,15,15,15,15,15,15
2,1,220714,0,0,0,0,0,0,0,0,0,0
1,1,220715,5,20,5,10,19,3,27,17,18,27
1,1,220716,25,0,12,7,6,10,0,12,35,0
1,1,220717,0,0,12,0,0,0,10,25,3,0
1,1,220718,6,32,20,18,15,20,24,14,25,4
1,1,220719,0,0,0,0,0,0,0,0,0,0
1,1,220720,19,36,34,0,10,22,24,12,16,13
1,1,220721,0,0,0,0,0,0,0,0,0,0
1,1,220722,0,0,0,0,0,0,0,0,0,0
2,1,220722,2,2,2,2,2,2,2,2,2,2
1,1,220723,0,0,0,0,0,0,0,0,0,0
2,1,220723,0,0,0,0,0,0,0,0,0,0
3,1,220723,0,0,0,0,0,0,0,0,0,0
1,1,220724,17,19,14,6,14,19,14,16,6,0
1,1,220725,18,0,23,12,7,15,36,0,13,7
1,1,220726,4,7,16,19,6,12,12,19,7,19
2,1,220726,12,12,12,12,12,12,12,12,12,12
1,1,220727,50,50,50,50,50,50,50,50,50,50
1,1,220728,0,0,0,17,0,7,0,0,0,0
1,1,220729,0,0,0,0,0,0,0,0,0,0
1,1,220730,24,19,6,0,14,0,20,0,12,15
1,1,220731,0,14,0,0,0,11,0,0,0,14
1,1,220732,19,13,15,19,27,9,13,12,14,27
1,1,220733,0,0,0,0,0,0,0,0,0,0
2,1,220733,0,0,0,0,0,0,0,0,0,0
3,1,220733,0,0,0,0,0,0,0,0,0,8
0,1,220734,21,0,26,16,11,19,16,19,37,33
1,1,220734,0,0,0,0,0,0,0,0,0,0
1,1,220735,0,0,0,0,0,0,0,0,0,0
2,1,220735,0,0,0,0,0,0,0,0,0,0
1,1,220736,23,30,25,13,29,15,18,31,17,27
1,1,220737,20,20,20,20,20,20,20,20,20,20
2,1,220737,0,0,0,0,0,0,0,0,0,0
1,1,220738,0,0,0,0,0,0,0,0,0,0
1,1,220740,0,0,0,0,3,0,0,0,0,0
1,1,220741,0,0,0,0,0,0,0,0,0,0
2,1,220741,0,0,0,0,0,0,0,0,3,0
3,1,220741,0,0,0,6,0,0,0,0,0,0
1,1,220742,11,0,17,22,30,19,33,11,25,0
1,1,220743,6,6,6,6,6,6,6,6,6,6
1,1,220744,0,0,0,0,0,0,0,0,0,0
1,1,220832,5,0,12,0,0,13,7,7,0,0
2,1,220832,0,0,0,0,0,0,0,0,0,0
1,1,220833,0,3,0,0,0,0,0,0,0,0
1,1,220834,18,0,9,20,0,0,24,0,0,0
0,1,220835,0,0,0,0,0,0,0,0,0,23
1,1,220835,12,12,12,12,12,12,12,12,12,12
1,1,220836,0,0,0,0,0,0,0,0,0,0
1,1,220837,38,38,38,38,38,38,38,38,38,38
1,1,220838,0,18,0,15,17,14,31,0,0,8
0,1,220839,42,30,12,21,13,36,13,15,13,17
1,1,220839,0,0,0,0,0,0,0,0,0,0
0,1,220840,0,21,13,0,0,0,17,12,0,0
1,1,220840,0,28,20,0,0,0,0,0,0,17
1,1,220841,19,0,25,0,25,6,31,17,0,11
1,1,220842,0,0,0,0,0,0,0,0,0,0
2,1,220842,0,0,0,6,5,15,0,0,0,0
1,1,220843,0,0,17,21,0,12,21,10,6,0
0,1,220844,12,25,25,33,15,24,14,30,35,15
1,1,220844,13,13,13,13,13,13,13,13,13,13
1,1,220845,0,0,0,0,0,0,0,0,0,0
2,1,220845,0,0,0,0,0,0,0,0,0,0
0,1,220846,0,0,0,0,0,0,0,0,0,0
1,1,220846,0,0,0,0,0,0,0,0,0,0
1,1,220847,0,0,0,0,0,0,0,0,0,0
2,1,220847,0,0,0,0,0,0,0,0,0,0
1,1,220848,0,17,0,15,0,17,15,0,0,0
2,1,220848,0,0,0,0,0,0,0,0,0,0
1,1,220849,0,0,0,0,0,0,0,0,0,0
2,1,220849,0,0,0,0,0,0,0,0,0,0
1,1,220850,0,0,0,0,0,0,0,0,0,0
2,1,220850,34,30,14,20,10,27,0,14,0,25
0,1,220851,0,0,0,18,0,8,19,0,0,26
1,1,220851,0,0,0,0,0,0,0,0,0,0
1,1,220852,0,0,0,0,0,0,0,0,0,0
1,1,220853,29,19,33,11,29,25,24,18,16,22
2,1,220853,0,0,0,0,0,0,0,0,0,0
3,1,220853,0,0,0,0,0,0,0,0,0,0
4,1,220853,0,0,0,0,0,0,0,0,0,0
5,1,220853,0,0,0,0,0,10,11,0,0,12
1,1,220854,22,17,25,0,0,20,13,14,23,17
2,1,220854,0,0,0,0,0,0,0,0,0,4
1,1,220855,0,0,0,0,0,0,0,0,0,0
1,1,220856,0,0,0,20,13,0,0,0,0,0
2,1,220856,0,0,0,0,0,0,0,0,0,0
1,1,220857,0,0,0,0,0,0,0,0,0,0
2,1,220857,22,43,19,16,30,0,19,28,28,35
1,1,220858,0,0,0,0,0,0,0,0,0,0
1,1,220859,0,0,0,0,10,0,0,0,0,0
2,1,220859,0,0,0,0,0,0,0,0,0,0
1,1,220860,0,0,0,0,0,0,0,0,0,0
2,1,220860,0,0,0,0,16,0,0,0,0,0
1,1,220861,8,14,10,20,13,30,10,17,32,17
1,1,220862,4,8,17,8,16,14,17,26,22,15
0,1,220863,0,0,0,0,0,0,0,0,0,0
1,1,220863,33,21,20,18,22,17,14,13,8,23
0,1,220864,0,0,0,0,0,0,0,0,0,0
1,1,220864,18,18,18,18,18,18,18,18,18,18
1,1,220865,0,0,0,0,0,0,0,0,0,0
2,1,220865,0,0,0,0,0,0,0,0,0,0
0,1,220866,0,10,7,12,17,11,21,27,26,34
1,1,220866,0,0,0,0,0,0,0,0,0,0
1,1,220867,0,0,0,0,0,0,0,0,0,0
1,1,220868,20,0,17,0,0,0,0,0,0,0
1,1,220869,12,15,12,11,5,10,20,8,13,6
2,1,220869,0,0,0,0,0,0,0,0,0,0
1,1,220870,0,0,0,0,0,0,0,0,0,0
1,1,220871,0,22,0,8,0,20,10,12,0,0
2,1,220871,0,0,0,22,0,0,5,0,7,0
3,1,220871,0,0,0,0,0,0,0,0,0,0
1,1,220872,0,0,15,0,14,14,0,21,12,21
2,1,220872,0,0,0,0,0,0,0,0,10,0
1,1,220873,0,0,0,0,0,0,0,0,0,0
2,1,220873,0,0,0,0,0,0,0,0,0,0
1,1,220874,20,20,20,20,20,20,20,20,20,20
2,1,220874,19,19,19,19,19,19,19,19,19,19
1,1,220875,19,19,19,19,19,19,19,19,19,19
1,1,220876,7,7,7,7,7,7,7,7,7,7
2,1,220876,0,0,0,0,0,0,0,0,0,0
1,1,220877,0,16,0,0,21,0,0,0,0,0
1,1,220878,0,0,0,0,0,0,0,0,0,0
1,1,220879,0,0,0,0,0,0,0,0,0,0
1,1,220880,0,0,0,0,0,0,0,0,0,0
2,1,220880,0,0,0,0,0,0,0,0,0,0
1,1,220881,0,0,0,0,0,0,0,0,0,0
1,1,220882,0,0,0,9,0,0,0,0,0,0
1,1,220883,0,0,0,0,0,0,0,0,0,0
0,1,220884,0,0,22,0,0,16,0,28,19,0
1,1,220884,0,0,20,0,0,0,0,0,0,25
1,1,220885,11,16,11,13,4,11,17,6,13,8
2,1,220885,0,0,0,0,0,0,0,0,0,0
1,1,220886,0,0,23,19,0,0,0,0,0,14
1,1,220887,12,0,19,0,0,35,19,13,25,37
0,1,220888,27,20,38,27,18,20,0,29,18,34
1,1,220888,10,10,10,10,10,10,10,10,10,10
2,1,220888,0,0,0,0,0,0,0,0,0,0
0,1,220889,0,0,33,0,0,0,17,0,12,0
1,1,220889,0,0,0,0,0,0,0,0,0,0
0,1,220890,8,8,8,8,8,8,8,8,8,8
1,1,220890,0,0,0,23,0,0,0,23,15,0
0,1,220891,0,0,0,0,0,0,0,0,0,0
1,1,220891,0,0,0,0,0,0,0,0,0,0
1,1,220893,0,0,0,0,0,0,0,0,0,0