VEH_NO,PER_NO,ST_CASE,P1,P2,P3,P4,P5,P6,P7,P8,P9,P10
2,1,240042,0,0,0,0,17,0,0,0,0,0
1,1,240043,0,0,0,0,0,0,0,0,0,0
2,1,240043,0,0,0,0,0,0,4,0,0,0
1,1,240044,0,0,0,0,0,0,0,0,0,0
2,1,240044,0,0,0,0,0,0,0,0,0,0
1,1,240045,0,0,0,0,0,0,0,0,0,0
0,1,240046,11,11,11,11,11,11,11,11,11,11
1,1,240046,0,0,0,0,0,0,30,0,0,0
1,1,240047,0,0,0,0,0,0,0,0,0,0
2,1,240047,0,0,0,0,0,0,0,0,0,0
0,1,240048,2,2,2,2,2,2,2,2,2,2
1,1,240048,0,0,0,0,0,0,0,0,0,0
1,1,240049,17,15,10,22,41,20,14,31,22,12
2,1,240049,4,4,4,4,4,4,4,4,4,4
1,1,240050,0,0,0,0,0,0,0,0,0,0
2,1,240050,0,0,0,0,0,0,0,0,0,0
0,1,240051,0,0,0,0,0,0,0,0,0,0
1,1,240051,0,0,6,0,10,20,0,0,0,0
1,1,240052,0,0,0,0,0,0,0,0,0,0
1,1,240053,0,0,0,0,0,0,0,0,0,0
1,1,240054,0,0,0,0,0,0,0,0,0,0
2,1,240054,0,0,0,0,0,0,0,0,0,0
1,1,240055,0,0,0,0,0,0,0,0,0,0
1,1,240056,10,10,10,10,10,10,10,10,10,10
2,1,240056,4,0,0,0,0,0,0,0,0,0
1,1,240057,5,5,5,5,5,5,5,5,5,5
0,1,240058,0,0,0,0,0,0,0,0,0,0
1,1,240058,0,0,0,0,0,0,0,0,0,0
1,1,240059,0,0,0,0,0,0,0,0,0,0
2,1,240059,0,0,0,0,0,0,0,0,0,0
3,1,240059,0,0,0,0,0,0,0,0,0,0
4,1,240059,0,0,0,0,0,0,0,0,0,0
1,1,240060,0,0,0,0,0,0,0,0,0,0
0,1,240061,0,0,0,0,0,0,0,0,0,0
0,2,240061,0,25,0,0,0,0,0,0,0,0
1,1,240061,0,0,0,0,0,0,0,0,0,0
1,1,240062,0,0,0,0,0,0,0,0,0,0
1,1,240063,0,0,0,0,0,0,0,0,0,0
2,1,240063,1,1,1,1,1,1,1,1,1,1
1,1,240064,19,19,19,19,19,19,19,19,19,19
1,1,240065,0,0,0,0,0,0,0,0,0,0
2,1,240065,0,0,0,0,0,0,0,0,0,0
3,1,240065,0,0,0,0,0,0,0,0,0,0
4,1,240065,0,0,0,0,0,0,0,0,0,0
0,1,240066,0,0,0,0,0,0,0,0,0,0
1,1,240066,0,0,0,0,0,0,0,0,0,0
0,1,240067,0,0,0,0,0,0,0,0,0,0
1,1,240067,0,0,0,0,0,0,0,0,0,0
1,1,240068,0,0,0,0,0,0,33,0,0,0
2,1,240068,0,0,0,0,0,0,0,0,0,0
1,1,240069,16,16,16,16,16,16,16,16,16,16
1,1,240070,0,0,0,0,0,0,0,0,0,0
1,1,240071,31,31,31,31,31,31,31,31,31,31
1,1,240072,0,0,0,0,0,0,0,0,0,0
2,1,240072,0,0,0,0,0,0,0,0,0,0
3,1,240072,0,0,0,0,0,0,0,0,0,0
1,1,240073,0,0,0,0,0,0,0,0,0,0
2,1,240073,0,0,0,0,0,0,0,0,0,0
1,1,240074,0,0,0,12,9,0,0,0,7,6
1,1,240075,14,18,20,0,0,0,26,26,10,0
0,1,240076,0,0,0,0,0,0,0,0,0,0
1,1,240076,6,0,0,0,0,0,0,0,0,0
0,1,240077,18,18,18,18,18,18,18,18,18,18
1,1,240077,0,0,0,0,0,0,0,0,0,0
1,1,240078,0,0,0,0,0,0,0,19,0,0
2,1,240078,0,0,0,0,0,0,0,0,0,0
3,1,240078,0,0,0,0,0,0,0,0,0,0
4,1,240078,0,0,0,0,0,11,0,0,0,0
1,1,240079,0,0,0,0,0,0,0,0,0,0
1,1,240080,0,0,0,0,0,0,0,0,0,0
2,1,240080,0,0,0,0,0,0,0,0,0,0
3,1,240080,0,0,0,0,0,0,0,0,0,0
1,1,240081,2,2,2,2,2,2,2,2,2,2
1,1,240082,21,21,21,21,21,21,21,21,21,21
0,1,240083,0,0,0,0,0,0,0,0,0,0
0,2,240083,0,0,0,0,0,0,0,0,0,0
1,1,240083,0,0,0,0,0,0,0,0,0,0
1,1,240084,0,0,0,0,0,0,0,0,0,0
2,1,240084,0,0,0,0,0,0,0,0,0,0
1,1,240085,0,0,0,0,0,0,0,0,0,0
2,1,240085,0,0,0,0,0,0,0,0,0,0
1,1,240086,15,15,0,12,0,14,22,21,35,7
2,1,240086,0,0,0,0,0,0,0,0,0,0
1,1,240087,0,0,0,0,0,0,0,0,0,0
2,1,240087,0,0,0,0,0,0,0,0,0,0
3,1,240087,0,0,0,0,0,0,0,0,0,0
1,1,240088,0,0,0,0,0,0,0,0,0,0
1,1,240089,0,0,0,0,0,0,0,0,0,0
2,1,240089,0,0,0,0,0,0,0,0,0,0
1,1,240090,6,6,6,6,6,6,6,6,6,6
2,1,240090,0,12,12,6,28,4,5,11,6,14
1,1,240091,20,20,20,20,20,20,20,20,20,20
2,1,240091,0,0,0,0,0,0,0,0,0,0
3,1,240091,0,0,0,0,0,0,0,0,0,0
1,1,240092,20,20,20,20,20,20,20,20,20,20
1,1,240093,28,28,28,28,28,28,28,28,28,28
1,1,240094,13,13,13,13,13,13,13,13,13,13
2,1,240094,0,0,0,0,0,0,0,0,0,0
1,1,240095,0,0,0,0,0,0,0,0,0,0
2,1,240095,0,0,0,0,0,0,0,0,0,0
1,1,240096,0,0,0,0,0,0,0,0,0,0
2,1,240096,0,0,0,0,0,0,0,0,0,0
0,1,240097,0,0,0,0,0,0,0,0,0,0
1,1,240097,0,0,0,0,0,0,0,0,0,0
0,1,240098,0,0,0,0,0,0,0,0,0,0
1,1,240098,0,0,0,0,0,0,0,0,0,0
1,1,240099,8,8,8,8,8,8,8,8,8,8
1,1,240100,0,0,0,0,0,0,0,0,0,0
2,1,240100,0,0,0,0,0,0,0,0,0,0
3,1,240100,0,0,0,0,0,0,0,0,0,0
1,1,240101,15,15,15,15,15,15,15,15,15,15
0,1,240102,29,29,29,29,29,29,29,29,29,29
1,1,240102,19,0,10,0,0,27,0,0,0,0
1,1,240103,0,0,0,0,0,0,0,0,0,0
2,1,240103,0,0,0,0,0,0,0,0,0,0
1,1,240104,0,0,0,0,0,0,0,0,0,0
1,1,240105,11,11,11,11,11,11,11,11,11,11
1,1,240106,0,0,0,0,0,0,0,0,0,0
2,1,240106,0,0,0,0,0,0,0,0,0,0
1,1,240107,0,0,0,0,0,0,0,0,0,0
2,1,240107,0,0,3,0,0,0,0,0,0,0
1,1,240108,0,0,0,0,0,0,0,0,0,0
2,1,240108,0,0,0,0,0,0,0,0,0,0
1,1,240109,0,0,0,0,0,0,0,0,0,0
2,1,240109,0,0,0,0,0,0,0,0,0,0
1,1,240110,8,8,8,8,8,8,8,8,8,8
1,1,240111,15,15,15,15,15,15,15,15,15,15
2,1,240111,0,0,0,0,17,0,0,0,0,0
1,1,240112,26,26,26,26,26,26,26,26,26,26
2,1,240112,0,0,0,0,0,0,0,0,0,0
1,1,240113,0,0,0,0,0,0,0,0,0,0
1,1,240114,0,0,0,0,0,0,0,0,0,0
2,1,240114,0,0,0,0,0,0,0,0,0,0
1,1,240115,20,20,20,20,20,20,20,20,20,20
1,1,240116,30,19,11,0,11,7,11,13,16,11
1,1,240117,0,0,0,0,0,0,0,0,0,0
1,1,240119,3,3,3,3,3,3,3,3,3,3
1,1,240120,0,0,0,0,0,0,0,0,0,0
2,1,240120,0,0,0,0,0,0,0,0,0,0
0,1,240121,29,29,29,29,29,29,29,29,29,29
1,1,240121,0,0,0,0,0,0,0,0,0,0
1,1,240122,23,23,23,23,23,23,23,23,23,23
2,1,240122,0,0,0,0,0,0,0,0,0,0
1,1,240123,0,0,0,0,0,0,0,0,0,0
2,1,240123,0,0,0,0,0,0,0,0,0,0
1,1,240124,0,0,0,0,0,0,0,0,0,0
2,1,240124,0,0,0,0,0,0,0,0,0,0
0,1,240125,0,0,0,0,0,0,0,0,0,0
1,1,240125,21,21,21,21,21,21,21,21,21,21
1,1,240126,18,18,18,18,18,18,18,18,18,18
1,1,240127,0,0,0,3,0,0,0,0,0,0
2,1,240127,0,0,0,0,0,0,0,0,0,0
1,1,240128,0,0,0,0,0,0,0,0,0,0
2,1,240128,0,0,0,0,0,0,0,0,0,0
3,1,240128,0,0,0,0,0,0,0,0,0,0
1,1,240129,0,0,0,0,0,0,0,0,0,0
2,1,240129,0,0,0,0,0,0,0,0,0,0
1,1,240130,9,9,9,9,9,9,9,9,9,9
2,1,240130,0,0,0,0,0,0,0,0,0,0
1,1,240131,3,3,3,3,3,3,3,3,3,3
1,1,240132,33,33,33,33,33,33,33,33,33,33
1,1,240133,13,13,13,13,13,13,13,13,13,13
1,1,240134,0,0,0,0,0,0,0,0,0,0
2,1,240134,0,0,0,0,0,0,0,0,0,0
1,1,240135,0,0,0,0,0,0,0,0,0,0
2,1,240135,0,0,0,0,0,0,0,0,0,0
1,1,240136,0,0,0,0,0,0,0,0,0,0
1,1,240137,0,0,0,0,0,0,0,0,0,0
2,1,240137,0,0,0,0,0,0,0,0,0,0
1,1,240138,14,14,14,14,14,14,14,14,14,14
1,1,240139,0,0,0,0,0,0,0,0,0,0
2,1,240139,0,0,0,0,0,0,0,0,0,0
1,1,240140,0,0,0,0,0,0,0,0,0,0
2,1,240140,0,0,0,0,0,0,0,0,0,0
1,1,240141,19,19,19,19,19,19,19,19,19,19
1,1,240142,0,0,0,0,0,0,0,0,0,0
1,1,240143,0,0,0,0,0,0,0,0,0,0
1,1,240144,0,0,0,0,0,0,0,0,0,0
2,1,240144,0,0,0,0,0,0,0,0,0,0
3,1,240144,0,0,0,0,0,0,0,0,0,0
4,1,240144,0,0,0,0,0,0,0,0,0,0
1,1,240145,0,12,0,18,0,0,0,0,0,0
1,1,240146,7,7,7,7,7,7,7,7,7,7
1,1,240147,0,0,0,0,0,0,0,0,0,0
2,1,240147,0,0,0,0,0,0,0,0,0,0
3,1,240147,0,0,0,0,0,14,0,0,0,0
0,1,240148,22,22,22,22,22,22,22,22,22,22
1,1,240148,0,13,0,9,0,0,0,18,0,0
1,1,240149,0,0,0,0,0,0,0,0,0,0
1,1,240150,13,13,13,13,13,13,13,13,13,13
0,1,240151,0,0,0,0,0,0,0,0,0,0
1,1,240151,0,0,0,0,0,0,0,0,0,0
1,1,240152,8,8,8,8,8,8,8,8,8,8
2,1,240152,0,0,0,0,0,0,0,0,0,0
0,1,240153,0,0,0,0,0,0,0,0,0,0
1,1,240153,0,10,0,0,0,0,0,0,0,0
1,1,240154,7,7,7,7,7,7,7,7,7,7
1,1,240155,0,0,0,0,0,0,0,0,0,0
2,1,240155,0,0,0,0,19,0,16,0,0,0
1,1,240156,0,0,0,0,0,0,0,0,0,0
2,1,240156,0,0,0,0,0,0,0,0,0,0
1,1,240157,0,0,0,0,0,0,0,0,0,0
2,1,240157,0,0,0,0,0,0,0,0,0,0
3,1,240157,0,0,0,0,0,0,0,0,0,0
4,1,240157,0,0,0,0,0,0,0,0,0,0
5,1,240157,0,0,0,0,0,0,0,0,12,0
1,1,240158,0,0,0,0,0,0,0,0,0,0
2,1,240158,0,0,0,0,0,0,0,0,0,0
1,1,240159,20,20,20,20,20,20,20,20,20,20
1,1,240160,17,17,17,17,17,17,17,17,17,17
1,1,240161,0,0,0,0,0,0,0,0,0,0
2,1,240161,0,0,0,0,0,0,0,0,0,0
3,1,240161,0,0,0,0,0,0,0,0,0,0
1,1,240162,0,0,0,0,0,0,0,0,0,0
2,1,240162,0,0,0,0,0,0,0,0,0,0
1,1,240163,0,0,0,0,0,0,0,0,0,0
2,1,240163,0,0,0,0,0,0,0,0,0,0
1,1,240164,0,0,0,0,0,0,0,0,0,0
2,1,240164,0,0,0,0,0,0,8,0,0,0
1,1,240165,8,8,8,8,8,8,8,8,8,8
1,1,240166,0,0,0,0,0,0,0,0,0,0
2,1,240166,0,0,0,0,0,0,0,0,0,0
1,1,240167,0,0,0,0,0,0,0,0,0,0
2,1,240167,0,0,0,0,0,0,0,0,0,0
1,1,240168,0,0,0,0,0,0,0,0,0,0
2,1,240168,0,0,0,0,0,0,0,0,0,0
1,1,240169,17,17,17,17,17,17,17,17,17,17
1,1,240170,24,24,24,24,24,24,24,24,24,24
1,1,240171,24,24,24,24,24,24,24,24,24,24
2,1,240171,0,0,0,0,0,0,0,0,0,0
1,1,240172,0,0,0,0,0,0,0,0,0,0
2,1,240172,0,0,0,0,0,0,0,0,0,0
1,1,240173,0,0,0,0,0,0,0,0,0,0
0,1,240174,14,14,14,14,14,14,14,14,14,14
1,1,240174,0,0,0,0,0,0,0,0,0,0
1,1,240175,0,0,0,0,0,0,0,0,0,0
0,1,240176,19,19,19,19,19,19,19,19,19,19
1,1,240176,0,0,0,0,0,0,0,10,0,0
0,1,240177,0,0,0,0,0,0,0,0,0,0
1,1,240177,0,0,0,0,0,0,0,0,0,0
0,1,240178,0,0,0,0,0,0,0,0,0,0
1,1,240178,8,3,0,0,23,0,23,0,0,0
1,1,240179,0,0,0,0,0,0,0,0,0,0
1,1,240180,0,0,0,0,0,0,0,0,0,0
2,1,240180,0,0,0,0,0,0,0,0,0,0
1,1,240181,0,0,0,0,0,0,0,0,0,0
2,1,240181,0,0,0,0,0,0,0,0,0,0
1,1,240182,0,0,0,0,0,0,0,0,0,0
2,1,240182,0,0,0,0,0,0,0,0,0,0
1,1,240183,0,0,0,0,0,0,0,0,0,0
2,1,240183,0,0,0,0,0,0,0,0,0,0
3,1,240183,0,0,0,0,0,0,0,0,0,0
1,1,240184,0,0,0,0,0,0,0,0,0,0
1,1,240185,14,14,14,14,14,14,14,14,14,14
1,1,240186,0,0,0,0,0,0,0,0,0,0
2,1,240186,0,0,0,0,0,0,0,0,0,0
1,1,240187,0,0,0,0,0,0,0,0,0,0
1,1,240188,0,0,0,0,0,0,0,0,0,0
2,1,240188,0,0,0,0,0,0,0,0,0,0
3,1,240188,0,0,0,0,0,0,0,0,0,0
1,1,240189,0,0,0,0,0,0,0,0,0,0
2,1,240189,0,0,0,0,0,0,0,0,0,0
1,1,240190,0,0,43,0,13,0,0,0,0,0
1,1,240191,4,16,21,11,11,19,33,12,11,8
1,1,240192,20,20,20,20,20,20,20,20,20,20
1,1,240193,16,16,16,16,16,16,16,16,16,16
1,1,240194,0,0,0,0,0,0,0,0,0,0
1,1,240195,20,20,20,20,20,20,20,20,20,20
1,1,240196,0,0,0,0,0,0,0,0,0,0
2,1,240196,0,0,0,0,0,0,0,0,0,0
1,1,240197,0,0,0,0,0,0,0,0,0,0
2,1,240197,0,0,0,0,0,0,0,0,0,0
1,1,240198,0,0,0,0,0,0,0,0,0,0
2,1,240198,0,0,0,0,0,0,0,0,0,0
0,1,240199,0,0,0,0,0,0,0,28,0,0
1,1,240199,0,0,0,0,0,0,0,0,0,0
1,1,240200,2,2,2,2,2,2,2,2,2,2
2,1,240200,0,0,0,0,15,0,0,0,0,0
1,1,240201,0,0,0,0,0,0,0,0,0,0
2,1,240201,0,0,0,0,0,0,0,0,0,0
3,1,240201,0,0,0,11,0,0,0,0,0,0
1,1,240202,0,0,0,0,0,0,14,0,0,0
2,1,240202,0,0,0,0,0,0,0,0,0,0
1,1,240203,0,0,0,0,0,0,0,0,0,0
2,1,240203,6,0,0,0,0,0,0,0,0,0
1,1,240204,14,14,14,14,14,14,14,14,14,14
1,1,240205,19,19,19,19,19,19,19,19,19,19
1,1,240206,20,20,20,20,20,20,20,20,20,20
2,1,240206,0,0,0,0,0,0,0,0,0,0
1,1,240207,0,0,0,0,0,0,0,0,0,0
2,1,240207,0,0,0,0,0,0,0,0,0,0
0,1,240208,7,7,7,7,7,7,7,7,7,7
1,1,240208,0,0,0,0,0,0,0,0,0,0
1,1,240209,0,0,0,0,0,0,0,0,0,0
1,1,240210,2,2,2,2,2,2,2,2,2,2
2,1,240210,0,0,0,0,0,0,0,0,0,0
1,1,240211,0,0,0,0,0,0,0,0,0,0
2,1,240211,0,0,0,0,0,0,0,0,0,0
3,1,240211,0,0,0,0,0,11,9,0,0,0
4,1,240211,0,0,0,0,0,26,0,0,0,0
1,1,240212,15,15,15,15,15,15,15,15,15,15
2,1,240212,0,0,0,0,0,0,0,0,0,0
1,1,240213,0,0,0,0,0,0,0,0,0,0
1,1,240214,26,26,26,26,26,26,26,26,26,26
0,1,240215,0,0,0,0,0,0,0,0,0,0
1,1,240215,0,0,0,0,0,0,0,0,0,0
0,1,240216,0,0,0,0,0,0,0,0,0,0
0,2,240216,0,0,0,0,0,20,0,0,0,0
1,1,240216,0,0,14,0,0,0,0,0,0,0
0,1,240217,0,0,0,0,0,0,0,0,0,0
1,1,240217,0,39,0,0,24,0,23,0,0,0
1,1,240218,0,0,0,0,0,0,0,0,0,0
2,1,240218,0,0,0,0,0,0,0,0,0,0
1,1,240219,0,0,0,0,0,0,0,0,0,0
2,1,240219,0,0,0,0,0,0,0,0,0,0
1,1,240220,0,0,0,0,0,0,0,0,0,0
2,1,240220,0,0,0,0,0,0,0,0,0,0
3,1,240220,0,0,0,0,0,0,0,0,0,0
1,1,240221,20,20,20,20,20,20,20,20,20,20
1,1,240222,0,0,0,0,0,0,0,0,0,0
1,1,240223,0,0,0,0,0,0,0,0,0,0
2,1,240223,0,0,0,0,0,0,0,0,0,0
1,1,240224,28,28,28,28,28,28,28,28,28,28
2,1,240224,0,0,0,0,0,0,0,0,0,0
1,1,240225,13,13,13,13,13,13,13,13,13,13
1,1,240226,0,0,0,0,0,0,0,0,0,0
2,1,240226,0,0,0,0,0,0,0,0,0,0
1,1,240227,16,16,16,16,16,16,16,16,16,16
1,1,240228,0,0,0,0,0,0,0,0,0,0
2,1,240228,0,0,31,0,0,0,0,0,0,0
1,1,240229,0,0,0,0,0,0,0,0,0,0
2,1,240229,0,0,0,0,0,0,0,0,0,0
3,1,240229,0,0,0,0,0,0,0,0,0,0
1,1,240230,15,15,15,15,15,15,15,15,15,15
1,1,240231,0,0,0,0,0,0,0,0,0,0
1,1,240232,0,0,0,0,0,0,0,0,0,0
1,1,240233,20,20,20,20,20,20,20,20,20,20
1,1,240234,0,0,0,0,0,0,0,0,0,0
2,1,240234,0,0,0,0,0,0,0,0,0,7
1,1,240235,0,0,0,0,0,0,0,0,0,0
1,1,240236,17,17,17,17,17,17,17,17,17,17
2,1,240236,0,0,0,2,13,0,0,0,0,0
1,1,240237,0,0,0,0,0,0,0,0,16,0
2,1,240237,0,0,0,0,0,0,0,0,0,0
1,1,240238,0,0,0,0,0,0,0,0,0,0
2,1,240238,20,20,20,20,20,20,20,20,20,20
1,1,240239,24,24,24,24,24,24,24,24,24,24
0,1,240240,0,0,0,0,0,0,0,0,0,0
1,1,240240,0,0,0,0,0,0,0,0,23,0
1,1,240241,7,7,7,7,7,7,7,7,7,7
1,1,240242,0,0,0,0,0,0,0,0,0,0
2,1,240242,0,0,0,0,0,0,0,0,0,0
1,1,240243,11,11,11,11,11,11,11,11,11,11
1,1,240244,0,0,0,0,0,0,0,0,0,0
1,1,240245,0,0,0,0,0,0,0,0,0,0
1,1,240246,0,0,0,0,0,0,0,0,0,0
1,1,240247,0,0,0,0,0,0,0,0,0,0
2,1,240247,0,0,0,0,0,0,5,0,9,0
1,1,240248,0,0,0,0,0,0,0,0,0,0
2,1,240248,0,0,0,0,0,0,0,0,0,0
1,1,240249,0,0,0,0,0,0,0,0,15,0
0,1,240250,0,0,0,0,0,0,0,0,0,0
1,1,240250,0,0,0,0,0,0,0,0,0,0
1,1,240251,0,0,0,0,0,0,0,0,0,0
2,1,240251,0,0,0,0,0,0,0,0,0,0
1,1,240252,0,0,0,0,0,0,0,0,0,0
2,1,240252,0,0,0,0,0,0,0,0,0,0
0,1,240253,12,12,12,12,12,12,12,12,12,12
1,1,240253,0,0,0,0,0,12,19,0,0,0
0,1,240254,0,0,0,0,0,0,0,0,0,0
1,1,240254,18,0,0,0,0,0,0,0,0,0
1,1,240255,11,0,0,0,17,0,0,18,0,0
2,1,240255,0,0,0,0,0,0,0,0,0,0
1,1,240256,0,0,0,0,0,0,0,0,0,0
1,1,240257,0,0,0,0,0,0,0,0,0,0
2,1,240257,0,0,11,0,0,0,0,0,0,0
1,1,240258,0,0,0,0,0,0,0,0,0,0
2,1,240258,0,0,0,0,0,0,0,0,0,0
1,1,240259,0,0,0,0,0,0,0,0,0,0
2,1,240259,0,0,0,0,0,0,0,0,0,0
1,1,240260,0,0,0,0,0,0,0,0,0,0
1,1,240261,0,0,0,0,0,0,0,0,0,0
2,1,240261,10,10,10,10,10,10,10,10,10,10
1,1,240262,0,0,0,0,0,0,0,0,0,0
2,1,240262,28,0,0,0,0,0,0,0,0,0
1,1,240263,4,4,4,4,4,4,4,4,4,4
2,1,240263,0,0,0,0,0,0,0,0,0,4
3,1,240263,0,0,0,0,0,0,0,0,0,0
1,1,240264,0,0,0,0,0,0,0,0,0,0
1,1,240265,0,0,0,0,0,0,0,0,0,0
2,1,240265,0,0,0,0,0,0,0,0,0,0
3,1,240265,7,11,8,0,0,0,0,0,0,0
4,1,240265,33,0,25,0,0,0,0,0,0,0
5,1,240265,0,0,0,0,0,0,0,0,0,0
1,1,240266,0,0,0,0,0,0,0,0,0,0
2,1,240266,0,0,3,0,0,0,0,0,7,0
1,1,240268,0,0,0,0,0,0,0,0,0,0
2,1,240268,0,0,0,0,0,0,0,0,0,0
3,1,240268,0,0,0,7,0,0,0,0,0,0
1,1,240269,0,0,0,0,0,0,0,0,0,0
2,1,240269,0,0,0,0,0,0,0,0,0,0
0,1,240270,0,0,0,0,0,0,0,0,0,0
1,1,240270,0,0,0,0,0,0,0,0,0,0
2,1,240270,0,0,0,0,0,0,0,0,0,0
3,1,240270,0,0,0,0,0,0,0,0,0,0
4,1,240270,0,0,0,0,0,0,0,0,0,0
0,1,240271,0,0,0,0,0,0,0,0,0,0
1,1,240271,0,11,0,0,0,0,0,0,0,0
1,1,240272,0,0,0,0,0,0,0,0,0,0
2,1,240272,0,0,0,0,0,0,0,0,0,0
3,1,240272,14,17,0,0,0,10,0,0,0,0
4,1,240272,19,0,0,0,0,0,24,0,0,0
1,1,240273,14,14,14,14,14,14,14,14,14,14
1,1,240274,6,0,0,0,0,0,0,0,0,0
1,1,240275,18,18,18,18,18,18,18,18,18,18
2,1,240275,22,0,0,13,0,0,0,0,0,0
1,1,240276,5,5,5,5,5,5,5,5,5,5
2,1,240276,0,0,0,0,0,0,0,0,0,0
3,1,240276,0,0,0,0,0,0,0,0,0,0
1,1,240277,0,0,0,0,0,0,0,0,0,0
2,1,240277,0,0,0,0,0,0,0,0,0,0
1,1,240278,19,19,19,19,19,19,19,19,19,19
1,1,240279,19,19,19,19,19,19,19,19,19,19
0,1,240280,12,12,12,12,12,12,12,12,12,12
1,1,240280,0,0,0,0,0,0,0,0,0,0
1,1,240281,0,0,0,0,0,0,0,0,0,0
1,1,240282,0,0,0,0,0,0,0,0,0,0
2,1,240282,0,0,10,0,0,12,0,0,0,0
3,1,240282,0,0,0,0,0,7,0,0,0,0
1,1,240283,0,0,0,0,0,0,0,0,0,0
2,1,240283,0,0,0,0,0,0,0,0,0,0
1,1,240284,0,0,0,0,0,0,0,0,0,0
1,1,240285,4,0,0,0,0,18,0,0,0,6
1,1,240286,0,0,0,0,0,0,0,0,0,0
2,1,240286,0,0,0,0,0,0,0,0,0,0
0,1,240287,0,0,0,0,0,0,0,0,0,0
1,1,240287,0,0,0,0,34,0,0,0,0,0
1,1,240288,0,0,0,0,0,0,0,0,0,0
2,1,240288,0,0,0,0,0,0,0,0,0,0
3,1,240288,0,0,0,0,0,0,0,0,0,0
1,1,240289,0,0,0,0,0,0,0,0,0,0
2,1,240289,0,0,0,0,0,0,0,0,0,0
1,1,240290,18,18,18,18,18,18,18,18,18,18
2,1,240290,1,1,1,1,1,1,1,1,1,1
1,1,240291,0,0,0,0,0,0,0,0,0,0
2,1,240291,0,0,0,0,0,0,0,0,0,0
0,1,240292,0,0,0,0,0,0,0,0,0,0
1,1,240292,0,39,0,0,0,0,0,0,0,0
0,1,240293,0,0,0,0,0,0,0,0,0,0
1,1,240293,0,0,0,0,0,0,0,0,0,0
1,1,240294,0,0,0,0,0,0,0,0,0,0
2,1,240294,9,9,9,9,9,9,9,9,9,9
1,1,240295,0,0,0,0,0,0,0,0,0,0
2,1,240295,0,0,0,0,0,0,0,0,0,0
1,1,240296,17,17,17,17,17,17,17,17,17,17
1,1,240297,16,16,16,16,16,16,16,16,16,16
2,1,240297,0,36,0,0,13,0,0,42,0,0
1,1,240298,0,0,0,0,0,0,0,0,0,0
2,1,240298,0,0,0,0,0,0,0,0,0,0
1,1,240299,0,0,0,0,0,0,0,0,0,26
1,1,240300,18,18,18,18,18,18,18,18,18,18
0,1,240301,0,0,0,0,0,0,0,0,0,0
1,1,240301,0,0,0,0,17,0,0,0,0,0
1,1,240302,0,0,0,0,0,0,0,0,0,0
2,1,240302,0,0,0,0,0,0,0,0,0,0
1,1,240303,0,0,0,0,0,0,0,0,0,0
1,1,240304,17,20,14,0,0,0,0,0,0,0
2,1,240304,0,0,0,0,6,0,0,0,0,0
1,1,240305,0,0,0,0,16,0,0,13,0,0
1,1,240306,0,0,0,0,0,0,0,0,0,0
2,1,240306,0,0,10,0,0,0,0,0,0,0
1,1,240307,17,9,21,12,7,18,18,13,6,17
1,1,240308,0,0,0,0,0,0,0,0,0,0
1,1,240309,0,0,0,0,0,0,0,0,0,0
2,1,240309,0,0,0,0,3,0,0,0,0,0
1,1,240310,0,0,0,0,0,0,0,0,0,0
1,1,240311,0,0,0,0,0,0,0,0,0,0
2,1,240311,0,0,0,0,0,0,0,0,0,0
1,1,240312,7,7,7,7,7,7,7,7,7,7
1,1,240313,0,0,0,0,0,0,0,0,0,0
1,1,240314,0,0,0,0,0,0,0,0,0,0
2,1,240314,0,0,0,0,0,0,0,0,0,0
3,1,240314,0,0,0,0,0,0,0,0,0,0
1,1,240315,0,0,0,0,0,0,0,0,0,0
1,1,240316,8,8,8,8,8,8,8,8,8,8
1,1,240317,14,14,14,14,14,14,14,14,14,14
1,1,240318,25,25,25,25,25,25,25,25,25,25
0,1,240319,0,0,0,0,0,0,0,0,0,0
1,1,240319,20,0,0,0,16,0,22,0,0,8
1,1,240320,0,0,0,0,0,0,0,0,0,0
1,1,240321,0,0,0,0,0,0,0,0,0,0
1,1,240322,0,0,0,0,0,0,0,0,0,0
2,1,240322,0,0,0,0,0,0,0,0,0,0
1,1,240323,0,0,0,0,0,0,4,0,0,0
2,1,240323,0,0,0,0,0,0,0,0,0,0
1,1,240324,0,14,0,0,0,0,0,0,0,0
2,1,240324,0,0,0,0,0,0,0,0,0,0
3,1,240324,0,0,0,0,0,0,0,0,0,0
4,1,240324,0,0,0,0,0,0,0,0,0,0
1,1,240325,0,0,0,0,0,0,0,0,0,0
1,1,240326,0,0,0,0,0,0,0,0,0,0
2,1,240326,5,0,0,0,0,0,0,0,0,0
1,1,240327,0,0,0,0,0,0,0,0,0,0
2,1,240327,0,0,0,0,0,0,0,0,0,0
1,1,240328,2,2,2,2,2,2,2,2,2,2
2,1,240328,0,0,0,0,0,0,0,0,0,0
1,1,240329,0,0,0,0,0,0,0,0,0,0
2,1,240329,3,3,3,3,3,3,3,3,3,3
3,1,240329,0,0,0,0,18,0,0,0,0,0
1,1,240330,6,6,6,6,6,6,6,6,6,6
1,1,240331,0,0,0,0,0,0,0,0,0,0
1,1,240332,0,0,0,0,0,0,0,0,0,0
2,1,240332,0,0,0,0,0,0,0,0,0,0
1,1,240333,0,0,0,0,0,0,0,4,0,0
1,1,240334,0,0,0,0,0,0,0,0,0,0
2,1,240334,0,0,0,0,0,0,0,0,0,0
1,1,240335,0,0,0,0,0,0,0,0,0,0
2,1,240335,0,0,0,0,0,0,0,0,0,0
1,1,240336,31,31,31,31,31,31,31,31,31,31