VEH_NO,PER_NO,ST_CASE,P1,P2,P3,P4,P5,P6,P7,P8,P9,P10
1,1,240337,7,7,7,7,7,7,7,7,7,7
2,1,240337,0,0,0,0,0,0,0,0,0,0
1,1,240338,2,2,2,2,2,2,2,2,2,2
2,1,240338,8,8,8,8,8,8,8,8,8,8
1,1,240339,24,16,11,5,0,13,8,5,10,8
2,1,240339,0,0,0,0,0,0,0,5,0,0
0,1,240340,0,0,0,0,0,0,0,0,0,0
1,1,240340,0,0,0,0,0,0,0,0,0,0
1,1,240341,3,3,3,3,3,3,3,3,3,3
1,1,240342,0,0,0,0,0,0,0,0,0,0
2,1,240342,0,0,0,0,0,0,0,0,0,0
1,1,240343,0,0,0,0,0,0,0,0,0,0
2,1,240343,0,0,0,0,0,0,0,0,0,0
1,1,240344,16,16,16,16,16,16,16,16,16,16
0,1,240345,20,11,25,12,0,24,0,17,22,27
1,1,240345,0,0,0,7,0,0,0,0,0,13
1,1,240346,18,18,18,18,18,18,18,18,18,18
2,1,240346,0,0,0,0,0,0,0,0,0,0
3,1,240346,0,0,0,0,0,27,0,0,0,0
1,1,240347,0,0,0,0,0,0,0,0,0,0
1,1,240348,0,0,0,0,0,0,0,0,0,0
2,1,240348,0,0,0,0,0,0,0,0,7,0
1,1,240349,0,0,0,0,0,0,0,0,0,0
2,1,240349,7,0,0,0,0,0,0,0,0,0
1,1,240350,0,0,0,0,0,0,0,0,0,0
2,1,240350,0,0,0,0,0,0,0,0,0,0
1,1,240351,0,0,0,0,0,0,0,0,0,0
1,1,240352,0,0,0,0,0,0,0,0,0,0
2,1,240352,0,0,0,0,0,0,0,0,0,0
1,1,240353,0,0,0,0,0,0,0,0,0,0
1,1,240354,23,23,23,23,23,23,23,23,23,23
1,1,240355,18,18,18,18,18,18,18,18,18,18
1,1,240356,16,12,37,11,8,20,17,11,14,13
2,1,240356,0,0,0,0,0,7,0,14,0,9
1,1,240357,16,16,16,16,16,16,16,16,16,16
1,1,240358,0,0,0,0,0,0,0,0,0,0
0,1,240359,18,18,18,18,18,18,18,18,18,18
1,1,240359,7,7,7,7,7,7,7,7,7,7
0,1,240360,0,0,0,0,0,0,0,0,0,0
1,1,240360,0,0,0,0,0,0,0,0,0,0
0,1,240361,24,14,14,18,0,34,0,0,20,19
1,1,240361,9,0,4,0,9,0,0,0,0,19
1,1,240362,10,10,10,10,10,10,10,10,10,10
1,1,240363,0,0,0,0,0,0,0,0,0,0
2,1,240363,0,0,0,0,0,0,0,0,0,0
0,1,240364,0,0,0,0,0,0,0,0,0,0
1,1,240364,0,0,0,0,0,0,0,0,0,0
1,1,240365,0,0,0,0,0,0,0,0,0,0
2,1,240365,0,0,0,0,0,0,0,0,0,0
1,1,240366,0,0,0,0,0,0,0,0,0,0
1,1,240367,0,0,0,0,0,0,0,0,0,0
1,1,240368,0,0,0,0,0,0,0,0,0,0
2,1,240368,0,0,0,0,0,0,0,0,0,0
3,1,240368,0,0,0,0,0,0,0,0,0,0
0,1,240369,0,0,0,0,0,0,0,0,0,0
1,1,240369,0,0,0,0,0,0,0,0,0,0
1,1,240370,0,0,0,0,0,0,0,0,0,0
2,1,240370,0,0,0,0,0,0,0,0,0,0
1,1,240371,0,0,0,0,0,0,0,0,0,0
2,1,240371,0,0,0,0,0,0,0,0,0,0
1,1,240373,2,2,2,2,2,2,2,2,2,2
1,1,240374,11,29,8,8,24,15,13,30,13,19
2,1,240374,5,5,5,5,5,5,5,5,5,5
1,1,240375,0,0,0,0,0,0,0,0,0,0
1,1,240376,0,0,0,0,0,0,0,0,0,0
1,1,240377,0,0,0,0,0,0,0,0,0,0
2,1,240377,0,0,0,0,0,5,0,0,0,0
1,1,240378,0,0,0,0,0,0,0,0,0,0
2,1,240378,0,0,0,0,0,0,0,0,0,0
3,1,240378,0,0,0,0,0,0,0,0,0,0
0,1,240379,0,0,0,0,0,0,0,0,0,0
1,1,240379,0,0,0,0,0,0,0,0,0,0
1,1,240380,18,18,18,18,18,18,18,18,18,18
1,1,240381,0,0,0,0,0,0,0,0,0,0
2,1,240381,0,0,0,0,0,0,0,0,0,0
0,1,240382,0,0,0,0,0,0,0,0,0,0
1,1,240382,0,0,0,0,0,0,0,0,0,0
1,1,240383,13,13,13,13,13,13,13,13,13,13
2,1,240383,0,0,0,5,0,0,0,0,0,0
1,1,240384,0,0,0,0,0,0,0,0,0,0
2,1,240384,0,0,0,0,0,0,0,0,0,0
1,1,240385,0,0,0,0,0,0,0,0,0,0
1,1,240386,0,0,0,0,0,0,0,0,0,0
1,1,240387,0,0,0,0,0,0,0,0,0,0
1,1,240388,14,14,14,14,14,14,14,14,14,14
1,1,240389,24,24,24,24,24,24,24,24,24,24
1,1,240390,0,0,0,0,0,0,0,0,0,0
0,1,240391,23,23,23,23,23,23,23,23,23,23
1,1,240391,0,0,0,15,0,0,0,0,0,0
1,1,240392,7,7,7,7,7,7,7,7,7,7
2,1,240392,0,0,0,0,0,0,0,0,0,0
1,1,240393,19,0,0,11,0,13,0,0,20,0
1,1,240394,0,0,0,0,0,0,0,0,0,0
2,1,240394,0,0,0,0,0,0,0,0,0,0
1,1,240395,14,14,14,14,14,14,14,14,14,14
2,1,240395,18,0,0,13,0,0,0,0,21,0
1,1,240396,0,0,0,0,0,0,0,0,0,0
2,1,240396,0,0,0,0,0,0,0,0,0,0
1,1,240397,0,0,0,0,0,0,0,0,0,0
2,1,240397,0,0,0,0,0,0,0,0,0,0
1,1,240398,0,0,0,0,0,0,0,0,0,0
1,1,240399,17,17,17,17,17,17,17,17,17,17
1,1,240400,13,13,13,13,13,13,13,13,13,13
1,1,240401,0,0,0,0,0,0,0,0,0,0
2,1,240401,11,0,17,0,0,0,0,0,0,0
1,1,240402,0,0,0,0,0,0,0,0,0,0
1,1,240403,0,0,0,0,0,0,0,0,0,0
1,1,240404,18,18,18,18,18,18,18,18,18,18
1,1,240405,10,10,10,10,10,10,10,10,10,10
0,1,240406,0,0,0,0,0,0,0,0,0,0
1,1,240406,0,0,0,0,0,0,0,0,0,0
1,1,240407,0,0,0,0,0,0,0,0,0,0
1,1,240408,0,0,0,0,0,0,0,0,0,0
1,1,240409,19,19,19,19,19,19,19,19,19,19
2,1,240409,0,0,0,0,0,0,0,0,0,0
3,1,240409,0,0,11,0,0,0,0,0,0,9
1,1,240410,0,0,0,0,0,0,0,0,0,0
2,1,240410,0,0,0,0,0,0,0,0,0,0
1,1,240411,0,0,0,0,0,0,0,0,0,0
1,1,240412,0,0,0,0,0,0,0,0,0,0
2,1,240413,0,0,13,4,0,17,23,6,12,6
1,1,240414,0,0,0,0,0,0,0,0,0,0
2,1,240414,3,3,3,3,3,3,3,3,3,3
3,1,240414,0,0,0,0,0,0,0,0,0,0
1,1,240415,0,0,0,0,0,0,0,0,0,0
2,1,240415,0,0,0,0,0,0,0,0,0,0
1,1,240416,0,0,0,0,0,0,0,0,0,0
2,1,240416,0,0,0,0,0,0,0,0,0,0
3,1,240416,0,0,0,0,0,0,0,0,0,0
1,1,240417,14,14,14,14,14,14,14,14,14,14
0,1,240418,0,0,0,0,0,0,0,0,0,0
1,1,240418,0,0,0,0,0,0,0,0,0,0
1,1,240419,0,0,0,0,0,0,0,0,0,11
2,1,240419,0,0,0,0,0,0,0,0,0,0
3,1,240419,0,0,0,0,0,0,0,0,12,0
1,1,240420,4,4,4,4,4,4,4,4,4,4
2,1,240420,0,0,0,0,0,0,0,0,0,0
1,1,240421,0,0,0,0,0,26,0,0,0,0
2,1,240421,0,0,0,0,0,0,0,0,0,0
1,1,240422,8,8,8,8,8,8,8,8,8,8
1,1,240423,0,0,0,0,0,0,0,0,0,0
2,1,240423,0,0,0,0,0,0,0,0,0,0
1,1,240424,18,18,18,18,18,18,18,18,18,18
1,1,240425,0,0,0,0,0,0,0,0,0,0
2,1,240425,0,0,0,0,0,0,0,0,0,0
1,1,240426,15,15,15,15,15,15,15,15,15,15
1,1,240427,0,0,0,0,0,0,0,0,0,0
1,1,240428,18,18,18,18,18,18,18,18,18,18
0,1,240429,6,6,6,6,6,6,6,6,6,6
0,2,240429,3,17,24,30,20,0,5,3,12,11
1,1,240429,9,0,0,0,0,0,0,0,0,0
1,1,240430,0,0,0,0,0,0,0,0,0,14
2,1,240430,0,0,0,19,0,0,0,0,0,0
0,1,240431,0,0,0,0,0,0,0,0,0,0
1,1,240431,0,26,0,0,0,20,10,11,0,0
1,1,240432,14,14,14,14,14,14,14,14,14,14
1,1,240433,0,0,0,0,0,0,0,0,0,0
1,1,240434,0,0,0,0,0,0,0,0,0,0
2,1,240434,0,0,0,0,0,0,0,0,0,0
1,1,240435,0,0,0,0,0,0,0,0,0,0
2,1,240435,0,0,0,0,0,0,0,0,0,0
1,1,240436,0,0,0,0,0,0,0,0,0,9
2,1,240436,0,0,0,0,0,0,0,0,0,0
0,1,240437,3,3,3,3,3,3,3,3,3,3
1,1,240437,0,0,0,0,0,0,0,17,0,0
1,1,240438,0,0,0,0,0,0,0,0,0,0
1,1,240439,0,0,11,0,0,0,0,0,0,0
2,1,240439,0,0,0,0,0,0,0,0,0,0
1,1,240440,17,17,17,17,17,17,17,17,17,17
0,1,240441,23,23,23,23,23,23,23,23,23,23
1,1,240441,0,0,0,0,0,0,0,0,0,0
1,1,240442,17,17,13,14,12,0,6,7,16,27
2,1,240442,0,0,0,0,0,0,0,0,0,0
1,1,240443,0,0,0,0,0,0,0,0,0,0
2,1,240443,0,0,0,0,0,0,0,0,0,0
1,1,240444,0,0,0,0,0,0,0,0,0,0
2,1,240444,0,0,0,0,0,0,0,0,0,0
3,1,240444,0,0,0,0,0,0,0,0,0,0
1,1,240445,0,0,0,0,0,0,0,0,28,0
2,1,240445,0,0,0,0,0,0,0,0,0,0
3,1,240445,0,0,0,0,0,0,0,0,0,0
1,1,240446,0,0,0,0,0,0,0,0,0,0
2,1,240446,0,0,0,0,0,0,0,0,0,0
1,1,240447,0,0,0,0,0,0,0,0,0,0
2,1,240447,0,0,0,0,0,0,0,0,0,0
1,1,240448,0,0,0,0,0,0,0,0,0,0
2,1,240448,0,0,0,0,0,0,0,0,0,0
1,1,240449,2,2,2,2,2,2,2,2,2,2
1,1,240450,0,0,0,0,0,0,0,0,0,0
2,1,240450,10,10,10,10,10,10,10,10,10,10
1,1,240451,23,23,23,23,23,23,23,23,23,23
0,1,240452,7,7,7,7,7,7,7,7,7,7
1,1,240452,27,27,27,27,27,27,27,27,27,27
1,1,240453,0,0,0,0,0,0,0,0,0,0
2,1,240453,0,0,0,0,0,0,0,0,0,0
1,1,240454,14,14,14,14,14,14,14,14,14,14
1,1,240455,0,0,0,0,0,0,0,0,11,7
1,1,240456,22,22,22,22,22,22,22,22,22,22
2,1,240456,0,0,0,0,0,0,0,0,0,0
1,1,240457,14,14,14,14,14,14,14,14,14,14
2,1,240457,0,0,0,0,0,0,0,0,0,0
1,1,240458,15,15,15,15,15,15,15,15,15,15
2,1,240458,0,0,0,0,0,0,0,0,0,0
1,1,240459,0,0,0,0,0,0,0,0,0,0
2,1,240459,0,0,0,0,0,0,0,0,0,0
3,1,240459,0,0,0,0,6,0,0,0,0,0
1,1,240460,0,0,0,0,0,0,0,0,0,0
1,1,240461,0,18,0,0,0,0,7,0,0,0
1,1,240462,0,0,0,0,0,0,0,0,0,0
1,1,240463,0,0,0,0,0,0,0,0,0,0
2,1,240463,0,0,0,0,0,0,0,0,0,0
1,1,240464,26,26,26,26,26,26,26,26,26,26
1,1,240465,0,0,0,0,0,0,0,0,0,0
1,1,240466,7,7,7,7,7,7,7,7,7,7
1,1,240467,0,8,0,0,0,0,19,0,22,0
1,1,240468,5,5,5,5,5,5,5,5,5,5
2,1,240468,0,0,0,0,0,0,0,0,0,0
1,1,240469,0,0,0,0,0,0,0,0,0,0
0,1,240470,0,0,0,23,0,0,0,0,0,0
2,1,240470,0,0,0,0,0,0,0,0,0,0
1,1,240471,20,20,20,20,20,20,20,20,20,20
2,1,240471,0,0,0,0,0,0,0,10,0,0
0,1,240472,0,0,0,0,0,0,0,0,0,0
1,1,240472,0,0,0,0,0,0,0,0,0,0
0,1,240473,21,21,21,21,21,21,21,21,21,21
1,1,240473,0,0,0,0,0,0,0,0,0,0
2,1,240473,0,0,0,0,0,0,0,0,0,0
1,1,240474,26,26,26,26,26,26,26,26,26,26
0,1,240475,0,0,0,0,0,0,0,0,0,0
1,1,240475,0,0,0,0,0,0,0,0,0,0
0,1,240476,0,0,0,0,0,0,0,0,0,0
1,1,240476,0,0,0,0,0,0,0,0,0,0
1,1,240477,0,0,0,0,0,0,0,0,0,0
1,1,240478,0,0,0,0,0,0,0,0,0,0
2,1,240478,0,0,0,0,0,0,0,0,0,0
1,1,240479,8,8,8,8,8,8,8,8,8,8
1,1,240480,18,36,41,34,15,12,15,17,24,25
1,1,240481,16,0,12,9,16,8,6,11,21,7
2,1,240481,0,0,0,0,0,0,0,0,0,0
1,1,240482,9,0,0,0,0,0,0,0,0,0
1,1,240483,18,18,18,18,18,18,18,18,18,18
2,1,240483,0,0,0,17,7,0,7,14,0,0
0,1,240484,0,0,0,0,0,0,0,0,0,0
1,1,240484,0,0,0,0,0,0,0,0,0,0
1,1,240485,0,0,0,0,0,0,0,0,0,0
2,1,240485,0,0,0,0,0,0,0,0,0,0
1,1,240486,0,0,0,0,0,0,0,0,0,0
1,1,240487,23,23,23,23,23,23,23,23,23,23
2,1,240487,0,0,0,0,0,0,0,0,0,0
0,1,240488,0,0,0,0,0,0,0,0,0,0
1,1,240488,0,0,0,0,0,0,0,0,0,0
1,1,240489,23,23,23,23,23,23,23,23,23,23
1,1,240490,0,0,0,0,0,0,0,0,0,0
2,1,240490,0,0,0,0,0,0,0,0,0,0
1,1,240491,0,0,0,8,0,0,0,0,0,0
2,1,240491,0,0,0,0,0,0,0,0,0,0
0,1,240492,0,0,0,0,0,0,0,0,0,0
1,1,240492,0,0,0,0,0,0,0,0,0,0
1,1,240493,17,17,17,17,17,17,17,17,17,17
1,1,240494,20,20,20,20,20,20,20,20,20,20
1,1,240495,13,13,13,13,13,13,13,13,13,13
2,1,240495,0,0,0,0,0,0,0,0,0,0
0,1,240496,0,0,0,0,0,0,0,0,0,0
1,1,240496,0,0,0,0,0,0,0,0,0,0
1,1,240497,0,0,0,0,0,0,0,0,0,0
2,1,240497,0,0,0,0,0,0,0,0,0,0
1,1,240498,1,1,1,1,1,1,1,1,1,1
2,1,240498,0,0,0,0,0,0,0,0,0,0
1,1,240499,32,32,32,32,32,32,32,32,32,32
2,1,240499,0,0,0,0,0,0,0,0,0,0
0,1,240500,0,0,0,0,0,0,0,0,0,0
1,1,240500,0,0,0,0,0,0,0,0,0,0
1,1,240501,0,0,0,0,0,0,0,0,0,0
2,1,240501,0,0,0,0,0,0,0,0,0,0
1,1,240502,0,0,0,0,0,0,0,0,0,0
2,1,240502,0,0,0,0,0,0,0,0,0,0
1,1,240503,0,0,0,0,0,0,0,0,0,0
2,1,240503,0,0,0,0,0,15,0,0,0,0
1,1,240504,3,3,3,3,3,3,3,3,3,3
1,1,240505,19,19,19,19,19,19,19,19,19,19
1,1,240506,0,0,13,0,19,31,5,0,8,0
0,1,240507,0,0,0,0,0,0,0,0,0,0
1,1,240507,5,5,5,5,5,5,5,5,5,5
0,1,240508,0,0,0,0,33,0,0,0,0,0
1,1,240508,0,0,0,0,0,0,0,0,0,0
0,1,240509,0,0,0,0,0,0,0,0,0,0
1,1,240509,0,0,0,0,0,0,0,0,0,0
1,1,240510,0,0,0,0,0,0,0,0,0,0
2,1,240510,0,0,0,0,0,0,0,0,0,0
1,1,240511,0,0,0,0,0,0,0,0,0,0
2,1,240511,0,0,0,0,0,0,0,0,0,0
1,1,240512,0,0,0,0,0,0,0,0,0,0
2,1,240512,0,0,15,0,27,0,0,0,7,23
0,1,240513,0,0,0,0,0,0,0,0,0,0
1,1,240513,0,0,0,0,0,0,0,0,0,0
0,1,240514,0,0,0,0,0,0,0,0,0,0
1,1,240514,0,0,0,12,0,0,0,0,0,0
1,1,240515,11,11,11,11,11,11,11,11,11,11
2,1,240515,0,0,0,0,0,0,0,0,0,0
1,1,240516,9,9,9,9,9,9,9,9,9,9
0,1,240517,39,39,39,39,39,39,39,39,39,39
1,1,240517,0,0,0,0,0,0,0,0,0,0
2,1,240517,0,25,0,0,0,3,0,0,0,0
1,1,240518,9,9,9,9,9,9,9,9,9,9
2,1,240518,0,0,0,0,0,0,0,0,0,0
1,1,240519,5,5,5,5,5,5,5,5,5,5
0,1,240520,0,0,0,0,0,0,0,0,0,0
1,1,240520,17,0,11,0,0,0,0,0,0,0
1,1,240521,0,0,0,0,0,0,0,0,0,0
0,1,240522,0,0,0,0,0,0,0,0,0,0
1,1,240522,0,0,0,0,0,0,0,0,0,0
1,1,240523,0,0,0,0,0,0,0,0,0,0
2,1,240523,10,10,10,10,10,10,10,10,10,10
1,1,240524,0,0,0,0,0,0,0,0,0,0
0,1,240525,0,0,0,0,0,0,0,0,0,0
0,2,240525,0,0,0,0,0,0,0,0,0,0
1,1,240525,0,0,0,0,0,0,0,0,0,0
1,1,240526,0,0,0,0,0,0,0,0,0,0
2,1,240526,0,0,0,0,0,0,0,0,0,0
1,1,240527,0,0,0,0,0,0,0,0,0,0
2,1,240527,0,0,0,0,0,0,0,0,0,0
1,1,240528,0,0,0,0,0,0,0,0,0,0
1,1,240529,0,0,0,0,0,0,0,0,0,0
1,1,240530,12,12,12,12,12,12,12,12,12,12
0,1,240531,24,24,24,24,24,24,24,24,24,24
1,1,240531,0,4,0,0,0,0,0,0,0,0
1,1,240532,0,0,0,0,0,0,0,0,0,0
2,1,240532,0,0,0,0,0,0,0,0,0,0
3,1,240532,0,0,0,0,0,0,0,0,0,0
0,1,240533,12,16,23,16,23,23,32,15,14,22
1,1,240533,0,0,4,0,0,0,0,0,0,0
0,1,240534,0,0,0,0,0,0,0,0,0,0
1,1,240534,0,0,0,0,0,0,0,0,0,0
2,1,240534,0,0,0,0,0,0,0,0,0,0
1,1,240535,0,0,0,0,0,0,0,0,0,0
2,1,240535,0,0,0,0,0,0,0,0,0,0
0,1,240536,38,38,38,38,38,38,38,38,38,38
1,1,240536,0,0,0,0,0,0,0,0,0,0
1,1,240537,0,0,0,0,0,0,0,0,0,0
2,1,240537,0,0,0,0,0,0,0,0,0,0
1,1,240538,0,0,0,0,0,0,0,0,0,0
2,1,240538,14,21,0,9,5,18,0,11,0,8
1,1,240539,0,0,0,0,0,0,0,0,0,18
2,1,240539,25,25,25,25,25,25,25,25,25,25
1,1,240540,4,4,4,4,4,4,4,4,4,4
2,1,240540,0,0,0,0,0,0,0,0,0,0
1,1,240541,21,21,21,21,21,21,21,21,21,21
0,1,240542,0,0,0,0,0,0,0,0,0,0
1,1,240542,0,0,0,0,4,18,0,0,0,0
1,1,240543,0,0,0,0,0,0,0,0,0,0
2,1,240543,13,12,0,18,5,0,26,9,22,20
1,1,240544,0,0,0,0,0,0,0,0,0,0
2,1,240544,0,0,0,0,0,0,0,0,0,0
1,1,240545,10,10,10,10,10,10,10,10,10,10
1,1,240546,10,10,10,10,10,10,10,10,10,10
1,1,240547,0,0,0,0,0,0,0,0,0,0
1,1,240548,1,1,1,1,1,1,1,1,1,1
1,1,240549,20,20,20,20,20,20,20,20,20,20
2,1,240549,0,0,0,0,0,10,0,0,0,0
1,1,240550,2,2,2,2,2,2,2,2,2,2
2,1,240550,0,0,0,0,0,0,0,0,0,0
3,1,240550,0,0,0,0,0,0,0,0,0,11
1,1,240551,0,0,0,0,0,0,0,0,0,0
0,1,240552,24,0,0,22,12,35,22,0,68,0
1,1,240552,0,0,7,0,0,0,0,9,0,0
0,1,240553,20,20,20,20,20,20,20,20,20,20
1,1,240553,7,7,7,7,7,7,7,7,7,7
1,1,240554,19,19,19,19,19,19,19,19,19,19
2,1,240554,0,0,0,0,0,0,0,0,0,0
3,1,240554,7,0,0,0,0,0,0,0,0,0
0,1,240555,16,16,16,16,16,16,16,16,16,16
1,1,240555,8,21,0,0,0,0,0,0,0,0
0,1,240556,21,21,21,21,21,21,21,21,21,21
1,1,240556,12,0,0,0,0,13,2,0,0,19
1,1,240557,9,9,9,9,9,9,9,9,9,9
1,1,240558,0,0,0,0,0,0,0,0,0,0
1,1,240559,15,15,15,15,15,15,15,15,15,15
2,1,240559,0,0,0,0,0,0,0,0,0,0
1,1,240560,28,28,28,28,28,28,28,28,28,28
0,1,240561,19,19,19,19,19,19,19,19,19,19
1,1,240561,0,0,0,0,0,0,0,0,0,0
1,1,240562,0,0,0,0,0,0,0,0,0,26
0,1,240563,0,42,11,12,0,17,16,24,39,14
1,1,240563,0,0,0,0,0,0,28,0,0,0
2,1,240563,0,0,0,0,0,0,0,0,0,0
1,1,240564,0,0,0,0,0,0,0,0,0,0
2,1,240564,0,0,0,0,0,0,0,0,0,0
1,1,240565,0,0,0,0,0,0,0,0,0,0
2,1,240565,0,0,0,0,0,0,0,0,0,0
0,1,240566,15,15,15,15,15,15,15,15,15,15
1,1,240566,0,0,0,0,9,8,0,0,0,0
1,1,240567,14,14,14,14,14,14,14,14,14,14
1,1,240568,0,0,0,0,0,0,0,0,0,0
1,1,240569,0,0,0,0,0,0,0,0,0,0
2,1,240569,0,0,0,0,0,0,0,0,0,0
1,1,240570,28,28,28,28,28,28,28,28,28,28
2,1,240570,0,0,0,0,0,0,0,0,0,0
1,1,240571,14,14,14,14,14,14,14,14,14,14
1,1,240572,11,11,11,11,11,11,11,11,11,11
2,1,240572,0,0,0,0,0,0,0,0,4,0
1,1,240573,0,0,0,0,0,0,0,0,0,0
2,1,240573,0,0,0,0,0,0,0,0,0,0
0,1,240574,8,8,8,8,8,8,8,8,8,8
1,1,240574,0,0,0,0,0,0,0,0,0,0
1,1,240575,24,24,24,24,24,24,24,24,24,24
1,1,240576,0,0,0,0,11,0,0,0,0,0
1,1,240577,14,14,14,14,14,14,14,14,14,14
2,1,240577,0,0,0,0,0,0,0,0,0,0
1,1,240578,0,0,0,20,0,12,0,0,0,0
1,1,240579,0,0,0,0,0,0,0,0,0,0
0,1,240580,0,0,0,0,0,0,0,0,0,0
1,1,240580,0,0,0,0,0,0,0,0,0,0
1,1,240581,8,0,0,9,2,0,0,12,6,0
0,1,240582,0,0,0,0,0,0,0,0,0,0
0,2,240582,0,0,0,0,0,0,0,0,0,0
0,3,240582,0,0,0,0,0,0,0,0,0,0
1,1,240582,0,0,0,0,0,0,0,0,0,0
1,1,240583,0,0,0,0,0,0,0,0,0,0
2,1,240583,0,0,19,0,0,0,0,0,0,0
1,1,240584,0,0,0,6,0,0,0,0,0,8
1,1,240585,0,0,0,0,0,0,0,0,0,0
2,1,240585,0,0,0,0,0,0,12,11,0,18
3,1,240585,14,0,0,0,0,0,0,0,0,0
0,1,240586,0,0,0,0,0,0,0,0,0,0
1,1,240586,0,0,0,0,0,0,0,0,0,0
2,1,240586,0,0,0,0,0,0,0,0,0,0
0,1,240587,0,0,0,0,0,0,0,0,0,0
1,1,240587,0,0,0,0,0,0,0,0,0,0
1,1,240588,0,0,0,0,0,0,0,0,0,0
2,1,240588,0,0,0,5,0,0,0,0,0,0
3,1,240588,0,10,0,0,0,0,0,0,0,0
0,1,240589,0,0,0,0,0,0,0,0,0,0
1,1,240589,0,0,7,0,0,0,0,0,0,0
1,1,240590,0,0,0,0,0,0,0,0,0,0
2,1,240590,0,0,0,0,0,0,0,0,0,0
3,1,240590,0,0,0,0,0,0,0,0,0,0
1,1,240591,0,0,0,0,0,0,0,0,0,0
2,1,240591,0,0,0,0,0,0,0,0,0,0
0,1,240592,5,5,5,5,5,5,5,5,5,5
1,1,240592,0,0,0,0,20,0,0,0,0,0
0,1,240593,0,0,0,0,0,0,0,0,0,0
0,2,240593,0,0,0,0,0,0,0,0,0,0
1,1,240593,0,0,0,0,0,0,0,0,0,0
0,1,240594,0,0,0,0,0,0,0,0,0,0
1,1,240594,0,0,0,15,0,0,0,0,0,8
1,1,240595,10,10,10,10,10,10,10,10,10,10
0,1,240596,16,16,16,16,16,16,16,16,16,16
1,1,240596,0,0,0,0,0,2,0,0,0,0
0,1,240597,0,0,0,0,0,0,0,0,0,0
1,1,240597,0,0,0,4,0,0,0,0,0,0
0,1,250001,43,43,43,43,43,43,43,43,43,43
1,1,250001,13,13,13,13,13,13,13,13,13,13
1,1,250002,8,21,13,0,20,22,0,20,12,22
2,1,250002,0,0,0,4,0,0,28,18,0,0
0,1,250004,13,16,59,25,16,34,18,36,33,33
1,1,250004,0,0,25,0,4,0,0,0,4,0
1,1,250005,37,37,37,37,37,37,37,37,37,37
1,1,250006,0,0,0,0,0,0,7,0,0,0
1,1,250007,11,11,11,11,11,11,11,11,11,11
1,1,250008,0,0,0,0,6,0,8,0,0,0
0,1,250009,23,16,19,17,24,8,15,0,22,0
1,1,250009,9,13,0,0,0,7,0,0,10,11
1,1,250010,0,0,0,0,0,0,0,0,0,0
1,1,250011,0,13,12,4,9,0,10,0,12,0
1,1,250012,20,29,33,23,19,13,33,15,9,12
1,1,250013,0,0,0,0,0,0,0,0,0,0
1,1,250014,0,0,0,0,0,0,0,0,0,0
2,1,250014,28,28,28,28,28,28,28,28,28,28
1,1,250015,0,0,0,0,0,0,0,0,0,0
2,1,250015,0,0,0,0,0,0,0,19,0,14
1,1,250016,0,0,0,0,0,0,0,0,0,0
2,1,250016,32,0,9,0,0,16,0,21,10,31
1,1,250017,12,0,19,11,0,0,14,0,27,0
1,1,250018,18,18,18,18,18,18,18,18,18,18
1,1,250019,16,16,16,16,16,16,16,16,16,16
1,1,250020,0,0,0,0,0,0,0,0,0,0
2,1,250020,0,0,0,0,0,0,0,0,0,0
1,1,250021,1,1,1,1,1,1,1,1,1,1
1,1,250022,20,0,0,22,0,0,0,0,0,0
1,1,250023,0,0,0,0,0,0,0,7,0,0
0,1,250024,0,0,0,0,0,0,0,0,0,0
1,1,250024,0,0,0,13,0,0,0,0,0,0
1,1,250025,22,22,22,22,22,22,22,22,22,22
1,1,250026,0,13,17,0,0,0,0,0,0,0
2,1,250026,0,5,0,0,0,0,0,0,0,0
0,1,250027,0,0,0,0,0,0,0,0,0,0
1,1,250027,0,0,0,12,10,0,0,0,0,0
1,1,250028,0,0,0,0,0,0,0,0,0,0
2,1,250028,0,0,0,0,0,22,0,0,0,0
1,1,250029,33,33,33,33,33,33,33,33,33,33
1,1,250030,0,0,0,0,0,0,0,0,0,0
2,1,250030,0,0,0,0,0,0,0,24,15,0
3,1,250030,0,0,0,0,0,0,0,0,0,0
1,1,250031,18,0,0,0,10,12,0,0,11,19
1,1,250032,0,0,0,0,0,0,0,0,0,0
1,1,250033,16,16,16,16,16,16,16,16,16,16
1,1,250034,0,0,0,0,0,0,0,0,0,0
2,1,250034,0,0,0,0,0,0,0,0,0,0
1,1,250035,0,0,17,5,20,17,6,26,8,11
2,1,250035,0,0,0,0,0,0,0,0,0,0
1,1,250036,3,3,3,3,3,3,3,3,3,3
1,1,250037,0,0,0,0,0,0,0,0,0,0
1,1,250038,3,3,3,3,3,3,3,3,3,3
1,1,250039,0,0,0,0,0,0,0,0,0,0
2,1,250039,0,8,10,0,0,0,0,12,0,0
1,1,250040,0,0,0,0,0,0,0,0,0,0
2,1,250040,0,0,0,0,0,0,0,0,0,0
0,1,250041,0,0,0,0,0,0,0,0,8,0
1,1,250041,0,13,0,0,9,0,0,0,0,15
1,1,250042,0,0,0,0,0,0,0,0,0,0
1,1,250043,0,0,0,0,0,0,0,0,0,0