VEH_NO,PER_NO,ST_CASE,P1,P2,P3,P4,P5,P6,P7,P8,P9,P10
1,1,250044,17,18,12,7,24,18,11,7,12,33
1,1,250045,0,0,0,0,0,0,0,0,0,0
2,1,250045,0,0,0,0,0,0,0,0,0,0
1,1,250046,22,22,27,18,14,11,26,30,26,17
2,1,250046,0,0,0,0,0,0,0,0,0,0
1,1,250047,0,0,0,0,0,0,0,0,0,0
1,1,250048,12,12,12,12,12,12,12,12,12,12
1,1,250049,0,0,0,0,0,16,0,0,6,0
2,1,250049,10,18,29,6,0,13,15,10,0,28
1,1,250050,17,17,0,0,0,6,0,0,0,0
2,1,250050,0,0,0,0,0,0,0,0,0,0
1,1,250051,0,0,0,0,0,0,0,0,0,0
1,1,250052,0,0,0,0,0,0,0,0,0,0
2,1,250052,0,0,0,0,0,0,0,0,0,0
1,1,250053,6,6,6,6,6,6,6,6,6,6
1,1,250054,6,0,13,9,0,0,0,25,0,4
1,1,250055,0,11,0,0,0,0,0,0,0,0
2,1,250055,0,0,0,0,0,0,0,0,0,0
1,2,250056,0,28,26,15,16,10,0,0,22,17
1,1,250057,38,38,38,38,38,38,38,38,38,38
1,1,250058,0,0,0,0,25,18,0,0,0,0
1,1,250059,16,16,16,16,16,16,16,16,16,16
1,1,250060,25,25,25,25,25,25,25,25,25,25
1,1,250061,22,0,0,14,0,0,9,0,0,0
1,1,250062,0,0,0,0,0,0,0,0,0,0
1,1,250063,0,11,0,0,0,0,0,0,0,0
1,1,250064,12,12,12,12,12,12,12,12,12,12
1,1,250065,17,17,17,17,17,17,17,17,17,17
1,1,250066,15,15,15,15,15,15,15,15,15,15
1,1,250067,0,0,0,0,0,0,0,0,0,0
1,1,250068,0,0,0,0,0,0,0,0,0,0
1,1,250069,20,20,20,20,20,20,20,20,20,20
1,1,250070,13,12,8,14,17,3,20,6,16,16
0,1,250071,0,23,35,0,0,0,0,0,0,0
1,1,250071,0,0,0,0,0,0,0,0,0,0
0,1,250072,0,0,0,0,0,0,0,0,0,0
1,1,250072,0,0,0,0,0,0,23,0,0,18
2,1,250072,0,5,44,0,0,0,0,0,0,0
1,1,250073,0,0,0,0,15,0,0,0,4,0
0,1,250074,0,0,0,0,0,0,0,0,0,0
1,1,250074,0,0,7,0,0,0,0,0,0,0
1,1,250075,17,17,17,17,17,17,17,17,17,17
0,1,250076,29,29,29,29,29,29,29,29,29,29
1,1,250076,21,15,13,22,15,13,0,0,0,23
0,1,250077,23,23,23,23,23,23,23,23,23,23
1,1,250077,0,0,0,0,0,0,0,0,0,0
1,1,250078,0,0,19,0,0,0,0,0,0,0
2,1,250078,0,0,0,0,0,3,0,0,0,0
1,1,250079,0,0,0,0,0,0,0,0,0,0
2,1,250079,0,0,0,0,0,0,0,0,0,0
1,1,250080,4,4,4,4,4,4,4,4,4,4
1,1,250081,0,0,0,0,0,0,0,0,0,0
1,1,250082,7,7,7,7,7,7,7,7,7,7
2,1,250082,0,9,0,0,0,0,0,0,0,0
1,1,250083,21,21,21,21,21,21,21,21,21,21
0,1,250084,9,0,0,0,0,0,15,0,0,0
1,1,250084,0,20,0,21,0,0,0,0,0,0
1,1,250085,12,12,12,12,12,12,12,12,12,12
1,1,250086,28,28,28,28,28,28,28,28,28,28
2,1,250086,0,0,0,23,0,0,0,0,18,0
1,1,250087,0,0,0,0,0,0,0,0,0,0
1,1,250088,0,0,0,0,0,0,0,0,0,0
2,1,250088,0,0,0,0,0,0,0,0,0,0
1,1,250089,0,0,21,0,0,0,0,0,17,0
1,1,250090,0,0,0,25,0,0,0,0,0,0
1,1,250091,15,15,13,0,0,14,0,0,0,0
2,1,250091,0,0,0,0,0,0,0,0,0,0
1,1,250092,1,1,1,1,1,1,1,1,1,1
2,1,250092,10,0,14,18,0,0,0,15,8,0
1,1,250093,0,0,0,0,0,0,0,0,0,0
2,1,250093,0,0,0,0,18,0,0,0,0,0
1,1,250094,0,0,0,0,0,0,0,0,0,0
1,1,250095,21,21,16,22,18,0,22,29,15,15
1,1,250096,0,0,0,6,0,0,0,0,0,0
2,1,250096,0,0,0,0,0,0,0,0,0,11
3,1,250096,14,0,15,0,2,13,0,0,0,0
1,1,250097,0,9,0,0,20,0,0,0,8,28
2,1,250097,0,0,0,0,0,0,0,0,0,0
1,1,250098,0,0,0,0,0,0,0,0,0,0
2,1,250098,0,0,0,0,0,0,0,0,0,0
1,1,250099,0,0,0,0,0,0,0,0,0,0
2,1,250099,0,0,0,0,0,7,0,0,0,0
1,1,250100,0,0,0,0,0,0,0,0,0,0
2,1,250100,0,0,0,0,0,0,0,0,0,0
3,1,250100,0,0,0,16,0,0,0,0,0,23
4,1,250100,16,0,0,0,0,0,0,0,0,9
1,1,250101,0,0,0,0,0,0,0,0,0,0
2,1,250101,0,0,0,0,0,0,0,0,0,0
1,1,250102,0,0,0,0,0,0,0,0,0,0
2,1,250102,0,0,0,0,0,0,0,0,0,0
3,1,250102,0,0,0,5,0,0,0,0,0,0
4,1,250102,0,0,0,0,0,0,0,6,0,0
1,1,250103,4,4,4,4,4,4,4,4,4,4
2,1,250103,0,0,0,0,0,0,0,0,0,0
3,1,250103,0,0,0,0,0,0,37,18,0,0
0,1,250104,0,0,0,0,0,0,0,0,0,0
1,1,250104,0,0,0,0,0,0,0,0,0,0
1,1,250105,0,0,0,0,0,0,0,0,0,0
1,1,250106,0,0,0,0,0,0,0,0,0,0
2,1,250106,0,0,0,0,0,0,0,0,0,0
1,1,250107,0,0,0,0,0,0,0,0,0,0
2,1,250107,0,0,0,0,0,0,2,0,0,0
1,1,250108,19,14,16,14,22,27,5,5,16,28
1,1,250109,26,21,19,22,9,22,13,11,11,23
2,1,250109,7,7,7,7,7,7,7,7,7,7
1,1,250110,0,0,0,0,0,0,0,0,0,0
2,1,250110,0,0,0,0,0,0,0,0,0,0
0,1,250111,0,0,0,0,0,0,0,0,0,0
1,1,250111,17,0,0,0,0,0,0,0,0,0
2,1,250111,0,0,0,0,0,0,0,0,0,0
0,1,250112,0,0,0,0,0,26,0,0,0,0
1,1,250112,15,15,17,11,22,8,10,12,0,7
1,1,250113,18,0,18,14,34,16,16,0,0,13
1,1,250115,0,0,0,0,0,4,0,0,0,0
2,1,250115,0,0,0,0,0,0,0,0,0,0
1,1,250116,0,0,8,0,0,0,0,0,0,0
2,1,250116,0,17,0,15,15,0,0,0,0,0
3,1,250116,0,0,0,0,0,0,0,0,0,0
1,1,250117,0,0,0,8,0,0,0,0,0,0
2,1,250117,4,0,0,19,0,0,0,0,0,0
1,1,250118,9,20,29,7,17,16,14,10,12,19
0,1,250120,0,0,0,0,0,0,0,0,0,0
1,1,250120,16,0,0,7,0,0,0,0,0,0
1,1,250121,0,0,0,0,0,0,0,0,0,0
2,1,250121,14,11,0,0,0,0,25,0,7,0
3,1,250121,15,0,9,0,0,0,0,0,0,0
1,1,250122,0,0,0,0,0,0,0,0,0,0
1,1,250123,12,12,12,12,12,12,12,12,12,12
1,1,250124,9,23,28,19,19,16,20,0,12,14
0,1,250125,0,0,0,0,15,0,0,0,7,0
1,1,250125,11,0,0,19,14,0,0,0,0,9
2,1,250125,0,0,0,0,0,0,0,0,0,5
1,1,250126,9,9,9,9,9,9,9,9,9,9
1,1,250127,43,43,43,43,43,43,43,43,43,43
1,1,250128,0,4,0,0,0,0,0,0,0,0
2,1,250128,0,7,0,0,0,0,0,0,0,0
1,1,250129,0,0,0,0,0,0,0,0,0,12
2,1,250129,14,14,14,9,18,15,8,7,18,10
1,1,250130,14,24,0,8,0,17,0,15,0,0
0,1,250131,0,0,20,14,41,22,0,17,11,0
1,1,250131,0,0,6,0,0,0,16,0,0,0
1,1,250132,13,13,13,13,13,13,13,13,13,13
1,1,250133,22,22,22,22,22,22,22,22,22,22
1,1,250134,0,0,0,0,0,0,0,0,0,0
1,1,250135,7,29,19,5,20,33,0,22,0,14
2,1,250135,0,0,0,0,0,0,0,0,0,0
3,1,250135,0,0,0,0,0,0,0,0,0,0
1,1,250136,14,14,14,14,14,14,14,14,14,14
1,1,250137,0,0,0,0,0,0,0,0,0,0
2,1,250137,0,0,0,0,0,0,0,0,0,0
1,1,250138,0,0,0,0,0,0,0,0,0,0
3,1,250138,0,0,0,0,15,0,0,0,0,0
1,1,250139,7,0,0,0,0,0,0,0,0,0
1,1,250140,8,10,42,13,0,0,16,0,16,17
1,1,250141,21,21,21,21,21,21,21,21,21,21
0,1,250142,0,0,0,0,0,0,0,0,0,0
1,1,250142,0,20,0,0,0,0,0,0,0,0
1,1,250143,0,0,0,0,0,0,0,0,0,0
2,1,250143,0,0,0,0,0,0,0,2,0,0
0,1,250144,0,12,16,0,0,22,0,10,5,18
1,1,250144,17,0,12,0,0,0,0,0,0,0
0,1,250145,36,0,0,0,27,0,0,13,0,0
1,1,250145,18,7,0,0,0,0,0,14,9,0
1,1,250146,0,0,0,0,0,0,0,0,0,0
2,1,250146,0,0,13,0,0,18,0,0,0,0
1,1,250147,0,0,0,0,0,0,0,0,0,0
1,1,250148,0,0,0,0,0,0,0,0,0,0
1,1,250149,0,0,0,0,0,0,0,0,0,0
2,1,250149,0,0,0,0,0,0,0,10,0,11
1,2,250150,0,17,24,0,12,23,26,18,20,0
1,1,250151,0,0,0,0,6,19,0,8,0,16
1,1,250152,22,22,22,22,22,22,22,22,22,22
0,1,250154,0,0,0,0,0,0,0,0,0,0
1,1,250154,0,0,16,0,0,0,0,0,0,0
1,1,250155,0,0,0,0,0,0,0,0,0,0
1,1,250156,0,0,0,0,0,0,0,13,0,0
2,1,250156,20,0,0,0,9,9,0,0,0,0
1,1,250157,0,8,0,22,0,0,22,0,0,0
2,1,250157,0,0,0,0,0,0,0,0,0,0
1,1,250158,0,0,0,0,0,0,0,0,0,0
2,1,250158,0,0,0,0,0,0,0,0,0,0
0,1,250159,16,16,16,16,16,16,16,16,16,16
1,1,250159,0,6,0,0,0,0,0,15,23,0
1,1,250160,0,0,0,0,0,0,0,0,0,0
2,1,250160,0,15,0,0,0,5,0,0,0,0
0,1,250161,0,0,0,0,0,0,0,0,0,0
1,1,250161,15,29,17,29,18,17,9,19,10,19
1,1,250162,13,13,13,13,13,13,13,13,13,13
1,1,250163,19,19,19,19,19,19,19,19,19,19
1,1,250164,0,0,0,0,0,0,18,0,0,0
1,1,250165,0,0,0,0,0,13,10,0,0,0
1,1,250166,0,0,0,0,0,7,0,7,9,0
1,1,250167,0,0,0,12,0,0,0,0,0,0
1,1,250168,0,0,25,0,0,0,0,0,0,0
1,1,250169,0,0,20,0,0,0,0,0,0,0
2,1,250169,0,0,0,16,7,0,0,0,0,0
1,1,250170,0,0,0,0,0,14,13,0,0,0
1,1,250171,14,14,14,14,14,14,14,14,14,14
0,1,250172,2,2,2,2,2,2,2,2,2,2
1,1,250172,9,0,0,9,5,13,0,0,14,0
1,1,250173,0,0,0,0,0,0,0,0,0,0
1,1,250174,0,0,0,0,0,0,0,0,0,0
1,1,250175,0,0,0,0,0,0,0,0,0,0
2,1,250175,0,0,0,0,0,0,0,0,0,0
1,1,250176,0,0,0,0,0,0,0,0,0,0
1,1,250177,0,0,0,0,0,0,0,0,0,0
1,1,250178,0,9,0,4,0,15,0,0,0,7
2,1,250178,0,0,0,0,0,0,0,0,0,0
1,1,250179,0,0,0,0,0,0,0,0,0,0
2,1,250179,0,0,0,0,0,0,0,0,0,0
1,1,250180,17,25,0,21,0,12,25,18,26,9
1,1,250181,0,0,0,0,0,0,0,0,0,0
1,1,250182,3,3,3,3,3,3,3,3,3,3
1,1,250183,0,0,0,0,9,9,0,0,16,0
2,1,250183,0,0,0,0,0,0,0,0,0,0
0,1,250184,0,0,0,0,0,0,0,0,0,0
1,1,250184,11,0,0,0,0,0,0,0,0,0
1,1,250185,0,0,0,0,0,0,0,0,0,0
2,1,250185,0,0,0,0,0,0,0,0,0,0
1,1,250186,25,4,0,0,0,0,0,19,0,0
2,1,250186,0,0,0,0,0,0,0,26,0,0
3,1,250186,0,0,0,0,11,0,0,0,19,0
1,1,250187,0,0,0,0,0,0,0,0,0,0
1,1,250188,0,0,0,0,0,0,0,0,0,0
1,1,250189,0,7,3,0,30,0,27,0,17,0
1,1,250190,0,0,0,0,0,0,0,0,0,0
1,1,250191,0,0,0,0,0,0,0,0,0,0
2,1,250191,0,0,0,0,0,0,0,0,0,0
1,1,250192,18,0,13,4,29,9,18,16,15,12
1,1,250193,25,25,25,25,25,25,25,25,25,25
1,1,250194,0,0,0,0,0,0,0,0,0,0
1,1,250195,0,0,0,0,19,0,0,0,0,0
2,1,250195,0,0,0,0,0,0,0,0,0,0
0,1,250196,25,25,25,25,25,25,25,25,25,25
1,1,250196,0,11,4,0,19,0,0,0,0,0
1,1,250197,0,0,0,0,0,0,0,0,0,0
1,1,250198,0,0,0,0,0,0,0,0,0,0
2,1,250198,0,0,0,0,0,0,0,0,0,0
1,1,250199,19,19,19,19,19,19,19,19,19,19
2,1,250199,17,0,12,6,20,0,0,23,0,24
1,1,250200,0,0,0,0,0,12,0,0,0,0
2,1,250200,0,0,0,10,0,0,0,4,0,0
1,1,250201,15,6,0,0,0,0,0,9,0,0
1,1,250202,0,0,0,0,0,0,0,0,0,0
2,1,250202,0,0,0,0,0,0,0,0,0,0
1,1,250203,0,0,0,0,0,0,0,0,0,0
1,1,250204,0,0,0,0,0,0,0,0,0,0
1,1,250205,23,23,23,23,23,23,23,23,23,23
0,1,250206,0,0,0,0,0,0,0,0,0,0
1,1,250206,0,0,0,16,7,0,0,10,0,0
1,1,250207,8,5,0,0,0,7,0,0,0,0
2,1,250207,0,0,0,0,0,0,0,0,0,0
1,1,250208,0,0,0,0,0,0,0,0,0,0
2,1,250208,0,0,0,0,0,0,0,0,0,0
1,1,250209,14,13,0,0,0,0,25,0,13,0
0,1,250210,0,0,0,0,0,0,0,0,0,0
1,1,250210,0,0,0,0,14,13,0,0,0,0
1,1,250211,39,39,39,39,39,39,39,39,39,39
1,1,250212,0,0,0,0,0,0,0,0,0,0
2,1,250212,24,0,26,0,12,17,15,13,0,13
0,1,250213,0,0,0,0,0,0,0,0,0,0
1,1,250214,0,0,0,0,0,0,0,0,0,0
2,1,250214,1,1,1,1,1,1,1,1,1,1
1,1,250215,26,26,26,26,26,26,26,26,26,26
2,1,250215,0,0,0,0,0,0,0,0,0,0
1,1,250216,0,0,0,0,0,0,0,0,0,0
2,1,250216,0,0,0,0,0,0,0,0,0,0
0,1,250217,0,0,12,10,5,0,0,0,0,0
1,1,250217,0,0,0,0,0,0,0,0,0,0
0,1,250218,0,0,0,0,0,0,0,0,0,0
1,1,250218,0,7,10,0,0,15,0,0,0,0
1,1,250219,0,0,0,0,0,0,0,0,0,0
2,1,250219,0,0,0,12,0,0,0,6,9,0
1,1,250220,24,0,0,0,0,0,0,0,0,0
2,1,250220,0,0,0,0,0,0,0,0,0,0
1,1,250221,2,2,2,2,2,2,2,2,2,2
1,1,250222,6,0,0,0,0,16,0,0,0,23
2,1,250222,10,31,0,11,21,9,5,26,33,19
1,1,250223,15,15,15,15,15,15,15,15,15,15
1,1,250224,0,0,0,0,0,0,0,0,0,0
1,1,250225,4,4,4,4,4,4,4,4,4,4
2,1,250225,27,18,0,17,0,0,0,0,22,19
1,1,250226,16,16,16,16,16,16,16,16,16,16
1,1,250227,0,0,0,0,0,0,0,0,0,0
1,1,250228,0,0,0,0,0,0,0,0,26,0
1,1,250229,31,31,31,31,31,31,31,31,31,31
1,1,250230,0,0,0,0,0,0,0,0,0,27
2,1,250230,0,0,0,0,0,0,0,0,0,0
1,1,250231,0,0,0,0,0,0,0,0,0,0
2,1,250231,0,0,0,0,0,0,0,0,0,0
0,1,250232,0,0,0,0,0,0,0,0,0,0
1,1,250232,0,0,21,0,0,27,12,0,15,0
1,1,250233,12,12,12,12,12,12,12,12,12,12
1,1,250235,15,15,15,15,15,15,15,15,15,15
1,1,250236,4,0,6,0,0,0,0,6,0,9
1,1,250238,0,0,0,0,0,0,0,0,0,0
2,1,250238,0,0,0,0,0,0,0,0,0,16
1,1,250239,0,0,0,0,0,0,0,0,8,0
2,1,250239,0,0,0,0,0,0,0,0,0,0
0,1,250240,0,0,0,0,0,0,0,0,0,0
1,1,250240,0,0,0,0,0,0,0,0,0,0
1,1,250241,0,0,0,0,0,0,0,0,0,0
1,1,250242,16,16,16,16,16,16,16,16,16,16
1,1,250243,0,0,21,28,0,0,0,18,0,0
2,1,250243,25,0,0,0,0,0,0,0,0,0
0,1,250244,0,0,0,0,0,0,0,0,0,0
1,1,250244,0,15,0,0,0,0,0,0,0,0
0,1,250245,0,0,0,0,0,0,0,0,0,0
1,1,250245,0,0,0,11,0,15,0,0,0,0
0,1,250246,0,0,0,0,0,0,8,0,0,0
1,1,250246,0,0,0,0,0,0,0,0,0,0
1,3,250247,0,0,21,0,16,0,0,0,0,18
1,1,250248,0,0,0,0,0,0,0,0,0,0
2,1,250248,0,0,0,0,0,0,0,0,0,0
1,1,250249,0,0,11,4,0,18,22,12,17,20
1,1,250250,0,0,0,0,0,0,0,0,0,0
0,1,250251,0,0,0,0,0,0,0,0,0,0
1,1,250251,22,0,0,0,0,0,0,0,0,0
1,1,250252,0,0,0,0,0,0,0,0,0,0
2,1,250252,9,2,12,26,12,14,5,11,0,9
1,1,250253,15,18,18,0,0,0,0,0,0,11
1,1,250254,0,0,0,0,2,0,10,0,0,0
2,1,250254,0,0,0,0,0,0,0,0,0,0
3,1,250254,0,0,0,0,0,0,0,0,0,0
1,1,250255,0,7,0,21,0,22,16,18,0,23
2,1,250255,0,0,0,15,14,2,4,23,18,11
1,1,250256,0,0,0,0,0,0,0,0,0,0
2,1,250256,0,0,0,0,0,0,0,0,0,0
1,1,250257,3,3,3,3,3,3,3,3,3,3
1,1,250258,18,18,18,18,18,18,18,18,18,18
1,1,250259,0,0,0,0,0,0,0,0,0,0
2,1,250259,0,0,0,0,0,0,0,0,0,0
1,1,250260,0,0,0,0,0,0,0,0,0,0
2,1,250260,2,0,0,0,0,0,0,0,0,0
1,1,250261,0,0,0,0,0,0,0,0,0,0
2,1,250261,0,0,0,0,4,18,0,0,0,0
3,1,250261,0,0,0,0,0,0,0,0,0,0
0,1,250262,0,0,0,0,0,0,15,0,0,0
1,1,250262,0,0,0,0,0,0,0,0,0,0
1,1,250263,0,21,0,0,0,0,14,0,8,0
1,1,250264,0,0,0,7,0,0,3,0,12,0
0,1,250265,0,0,0,0,0,0,0,0,0,0
1,1,250265,0,0,0,0,0,0,0,0,0,0
2,1,250265,0,6,0,0,0,0,0,0,0,0
1,1,250266,19,0,0,0,15,0,0,9,10,0
2,1,250266,4,30,29,21,16,14,21,15,12,8
1,1,250267,0,0,0,0,0,0,0,0,0,0
1,1,250268,0,0,0,0,0,0,0,0,0,0
1,1,250269,0,0,0,0,8,0,0,12,0,0
2,1,250269,0,0,25,0,11,17,0,0,0,0
0,1,250270,31,7,0,0,0,16,0,0,0,16
1,1,250270,0,0,0,0,0,0,0,0,0,0
0,1,250271,0,0,0,0,0,0,0,0,0,0
1,1,250271,0,0,0,0,0,0,0,0,0,0
1,1,250272,10,24,29,23,8,12,2,21,17,0
1,1,250273,0,0,0,0,18,0,21,9,0,18
1,1,250274,0,0,0,0,0,0,0,18,0,0
2,1,250274,0,0,0,0,0,0,0,0,0,0
3,1,250274,0,0,0,0,0,0,0,0,0,0
4,1,250274,0,0,10,0,0,0,0,0,0,0
1,1,250275,0,0,17,0,0,0,0,0,0,0
2,1,250275,0,17,0,0,17,0,0,0,0,0
1,1,250276,16,0,0,0,9,19,0,0,16,0
1,1,250277,8,23,11,0,14,0,0,23,10,6
1,1,250278,0,0,0,0,0,0,0,0,0,0
1,1,250279,0,0,0,0,0,0,12,0,0,0
1,1,250280,16,16,16,16,16,16,16,16,16,16
1,1,250281,0,0,0,0,0,0,0,0,0,0
1,1,250282,22,25,19,0,0,0,0,0,16,0
1,1,250283,0,0,0,0,0,0,0,0,0,0
1,1,250284,0,0,8,0,23,0,0,0,0,0
1,1,250285,15,13,12,0,5,0,0,0,0,16
1,1,250286,19,26,11,28,18,16,16,7,20,10
2,1,250286,0,0,0,0,0,0,0,0,0,0
1,1,250287,0,0,0,0,0,0,0,0,0,0
2,1,250287,0,0,0,0,13,0,0,0,13,0
1,1,250288,0,0,0,0,0,0,0,0,0,0
1,1,250289,0,0,0,0,0,0,0,0,0,0
1,1,250290,22,22,22,22,22,22,22,22,22,22
2,1,250290,0,0,0,0,0,0,0,0,0,0
1,1,250291,0,0,0,0,0,0,0,0,0,0
2,1,250291,0,0,0,0,0,0,0,0,0,0
1,1,250292,0,0,0,0,0,0,0,0,0,0
2,1,250292,0,0,0,0,0,0,0,0,0,0
1,1,250293,0,0,0,0,0,0,0,0,0,7
1,1,250294,15,15,15,15,15,15,15,15,15,15
2,1,250294,16,0,11,0,0,8,0,0,16,0
1,1,250295,0,10,7,0,16,24,0,5,0,0
1,1,250296,0,0,0,0,0,0,0,0,0,0
2,1,250296,2,2,2,2,2,2,2,2,2,2
0,1,250297,0,0,0,0,0,14,0,0,0,0
1,1,250297,0,0,0,0,0,0,0,0,0,0
1,1,250298,0,20,0,15,13,0,0,19,0,21
2,1,250298,0,11,0,0,0,10,0,0,0,0
3,1,250298,22,0,11,11,0,0,22,0,0,0
0,1,250300,0,0,0,0,0,0,0,0,0,0
1,1,250300,0,8,0,0,28,0,0,0,0,0
1,1,250301,0,0,7,0,0,0,0,0,0,0
2,1,250301,0,0,0,0,0,0,0,0,0,0
1,1,250302,0,0,0,0,0,0,0,0,0,0
1,1,250303,9,9,9,9,9,9,9,9,9,9
1,1,250304,0,0,0,0,0,0,0,0,0,0
2,1,250304,0,0,0,16,0,0,0,0,0,0
1,1,250305,0,0,0,0,0,0,0,0,0,0
2,1,250305,0,0,0,0,0,0,0,0,0,0
1,1,250306,0,0,0,0,0,0,0,0,0,0
1,1,250307,0,0,0,0,0,0,0,0,0,0
2,1,250307,0,0,0,0,15,7,32,0,0,0
0,1,250308,0,0,0,0,0,0,0,0,0,0
1,1,250308,0,0,0,0,0,0,0,0,0,0
1,1,250309,14,0,0,0,0,0,0,0,0,0
2,1,250309,0,18,0,0,0,0,0,0,0,0
3,1,250309,0,0,0,0,0,0,0,0,0,0
1,1,250310,15,15,15,15,15,15,15,15,15,15
0,1,250311,0,0,0,0,0,0,0,0,0,19
1,1,250311,6,0,0,0,0,0,0,0,0,0
1,1,250312,2,2,2,2,2,2,2,2,2,2
0,1,250313,6,6,6,6,6,6,6,6,6,6
1,1,250313,0,13,5,16,0,7,0,0,9,0
1,1,250314,0,0,16,16,0,11,0,0,11,0
1,1,250315,0,0,0,0,0,0,0,0,0,0
1,1,250316,0,0,14,0,0,0,0,0,0,0
2,1,250316,0,0,0,0,0,0,0,0,0,0
1,1,250317,2,0,0,0,0,0,0,0,10,0
2,1,250317,0,0,0,15,0,0,0,0,0,0
1,1,250318,0,0,0,0,0,0,0,0,0,0
2,1,250318,0,9,0,0,16,21,0,0,17,6
0,1,250319,0,0,0,0,0,0,0,0,0,0
1,1,250319,0,0,0,0,0,0,9,0,0,0
1,1,250320,0,0,0,0,0,0,0,0,0,0
1,1,250321,0,17,15,0,0,0,13,21,8,0
0,1,250322,0,0,0,0,0,0,0,0,0,0
1,1,250322,0,0,0,0,0,0,0,0,0,6
0,1,250323,0,0,0,0,0,0,0,0,0,0
1,1,250323,0,0,0,0,0,0,0,0,0,0
0,1,250324,22,28,20,27,23,12,15,41,10,22
1,1,250324,0,0,0,0,0,0,0,0,0,0
0,1,250325,0,22,32,18,0,14,18,19,10,22
1,1,250325,0,0,0,9,31,9,0,0,0,21
1,1,250326,0,0,0,0,0,0,0,0,0,0
2,1,250326,0,0,0,0,0,0,0,0,0,0
1,1,250327,16,16,16,16,16,16,16,16,16,16
1,1,250328,0,16,0,0,0,0,0,0,12,0
0,1,250329,0,0,0,27,0,0,0,0,0,0
1,1,250329,0,0,0,0,9,0,0,0,0,0
1,1,250330,26,26,26,26,26,26,26,26,26,26
1,1,250331,0,0,0,0,0,0,0,0,0,0
0,1,250332,0,0,0,0,0,0,0,0,0,0
1,1,250332,0,0,0,0,0,0,0,0,0,0
1,1,250333,0,0,16,7,0,0,0,0,19,14
1,1,250334,10,7,8,21,14,18,6,2,12,24
1,1,250335,0,0,0,0,10,0,0,0,0,16
1,1,250336,17,17,17,17,17,17,17,17,17,17
2,1,250336,0,0,0,0,0,0,0,0,0,0
0,1,250337,21,21,21,21,21,21,21,21,21,21
1,1,250337,13,24,0,0,0,0,0,0,0,0
1,1,250338,0,0,0,0,0,0,0,0,0,0
2,1,250338,0,0,0,0,0,0,0,0,0,0
1,1,250339,12,12,12,12,12,12,12,12,12,12
1,1,250340,0,0,0,0,0,0,0,0,0,0
2,1,250340,0,6,10,2,19,14,22,11,25,19
1,1,250341,0,0,0,0,0,0,0,0,0,0
2,1,250341,0,0,0,0,0,0,12,0,15,6
0,1,250342,21,31,13,28,12,36,0,0,0,0
1,1,250342,0,0,0,0,0,0,0,0,22,0
2,1,250342,0,0,0,0,0,17,0,0,0,0
1,1,250343,0,0,0,0,10,0,0,0,0,0
2,1,250343,21,0,5,0,0,0,23,18,0,0
1,1,250344,0,0,0,0,0,0,0,0,0,0
2,1,250344,0,0,0,0,0,0,12,6,0,0
1,1,250345,0,0,0,0,0,0,0,0,0,0
1,1,250346,0,16,0,0,0,0,0,0,0,10
1,1,250347,0,16,9,25,15,26,0,25,24,21
1,1,250348,18,8,24,0,16,9,17,17,13,11
2,1,250348,14,14,14,14,14,14,14,14,14,14
1,1,250349,0,0,0,0,0,0,0,0,0,0
2,1,250349,0,0,0,0,0,0,0,0,0,0
1,1,250350,0,0,0,0,0,0,0,0,0,0
0,1,250351,0,0,0,0,0,0,0,0,0,0
1,1,250351,0,0,0,0,12,0,0,0,0,18
1,1,250352,0,15,0,10,0,0,0,0,0,0
2,1,250352,22,22,22,22,22,22,22,22,22,22
1,1,250353,0,0,0,0,0,0,0,0,0,0
2,1,250353,0,0,0,0,0,0,0,0,0,0
0,1,250354,0,0,0,0,0,0,0,0,0,0
1,1,250354,0,0,0,0,0,0,0,0,0,0
1,1,250355,0,0,0,39,16,0,0,0,0,0
2,1,250355,0,0,0,0,14,16,0,0,14,0
1,1,250356,0,21,18,17,0,13,11,11,13,0
2,1,250356,0,0,0,0,0,0,0,0,0,0
3,1,250356,0,0,0,24,0,0,1,4,0,17
1,1,250357,0,0,0,0,0,0,0,0,0,0
1,1,250358,0,0,0,0,0,0,0,0,0,0
1,1,250359,0,0,0,10,0,20,0,0,22,0
2,1,250359,0,20,10,0,0,30,13,0,11,0
1,1,250360,0,0,0,0,0,0,0,0,0,0
2,1,250360,8,0,0,0,0,0,0,0,0,0
1,1,250361,0,0,0,0,0,0,0,0,0,0
2,1,250361,13,0,24,27,0,0,0,0,0,0
1,1,250362,8,0,0,0,30,10,15,0,0,0
1,1,250363,0,0,0,0,0,0,0,0,0,0
2,1,250363,0,0,0,0,0,0,0,0,0,14
1,1,250364,0,0,29,0,0,0,0,21,0,0
2,1,250364,0,0,0,0,0,0,10,0,0,0
1,1,250365,5,0,17,9,0,9,0,13,0,14
1,1,250366,0,0,0,0,0,0,0,0,0,0
2,1,250366,0,0,0,0,0,0,0,0,0,0
1,1,250367,16,16,16,16,16,16,16,16,16,16
1,1,250368,16,16,16,16,16,16,16,16,16,16