VEH_NO,PER_NO,ST_CASE,P1,P2,P3,P4,P5,P6,P7,P8,P9,P10
1,1,260589,0,0,0,0,0,0,0,0,0,0
1,1,260590,0,0,0,0,0,0,0,0,0,0
2,1,260590,0,0,0,0,0,0,0,0,0,0
1,1,260591,0,0,0,0,0,0,0,0,0,0
2,1,260591,0,0,0,0,0,0,0,0,0,0
1,1,260592,16,16,16,16,16,16,16,16,16,16
0,1,260593,0,0,22,0,0,13,0,0,0,0
1,1,260593,0,0,0,0,0,0,0,0,0,0
1,1,260594,13,13,13,13,13,13,13,13,13,13
2,1,260594,0,0,0,0,0,0,0,0,0,0
1,1,260595,0,0,0,0,0,0,0,0,0,0
1,1,260596,0,0,0,0,0,0,0,0,0,0
2,1,260596,0,0,0,0,0,0,0,0,0,0
1,1,260597,6,0,0,0,0,0,0,0,13,0
1,1,260598,0,0,0,0,0,0,0,0,0,0
2,1,260598,0,0,0,0,0,0,0,0,0,0
1,1,260599,0,0,0,0,0,0,0,0,0,0
2,1,260599,0,0,0,0,0,8,0,0,0,0
1,1,260600,0,0,0,0,0,0,0,0,0,0
2,1,260600,0,0,0,0,0,0,0,0,0,0
1,1,260601,0,3,0,0,0,0,0,0,0,0
2,1,260601,0,0,9,0,0,0,0,0,0,0
1,1,260602,23,23,23,23,23,23,23,23,23,23
1,1,260603,0,0,0,0,0,0,0,0,0,0
2,1,260603,12,0,0,0,11,0,0,0,0,0
1,1,260604,0,0,0,0,0,0,0,0,0,0
2,1,260604,0,0,0,0,0,0,0,0,0,0
1,1,260605,0,11,0,0,0,0,0,0,0,0
1,1,260606,23,23,23,23,23,23,23,23,23,23
1,1,260607,0,0,0,0,0,0,0,0,0,0
2,1,260607,0,0,0,0,0,0,0,0,0,0
3,1,260607,0,0,0,0,0,0,0,0,0,0
0,1,260608,0,0,0,0,0,0,0,0,0,0
1,1,260608,0,0,0,0,0,0,0,0,0,0
0,1,260609,0,0,0,0,0,0,0,0,0,0
0,2,260609,0,0,18,0,0,19,6,36,27,13
1,1,260609,0,0,0,0,0,0,0,0,0,0
2,1,260609,16,16,16,16,16,16,16,16,16,16
1,1,260610,0,0,0,0,0,0,0,0,0,0
1,1,260611,0,0,0,0,0,0,0,0,0,0
1,1,260612,0,0,0,0,0,0,0,0,0,0
2,1,260612,0,0,0,0,0,0,0,0,0,0
1,1,260613,26,26,26,26,26,26,26,26,26,26
2,1,260613,0,0,0,0,0,0,0,0,9,0
1,1,260614,0,0,0,0,0,0,0,0,0,0
2,1,260614,0,0,0,0,0,0,0,0,0,0
1,1,260615,0,0,0,0,0,0,0,0,0,0
2,1,260615,0,0,0,0,0,0,0,0,0,0
1,1,260616,0,0,0,0,0,0,0,0,0,0
2,1,260616,0,0,0,0,0,0,0,0,0,0
1,1,260617,21,21,21,21,21,21,21,21,21,21
1,1,260618,20,20,20,20,20,20,20,20,20,20
2,1,260618,0,0,0,0,0,0,0,0,0,0
1,1,260619,0,0,0,0,0,0,0,0,0,0
0,1,260620,0,0,0,0,0,0,0,0,0,0
1,1,260620,0,0,0,0,0,0,0,0,0,0
1,1,260621,0,0,0,0,0,0,0,0,0,0
1,1,260622,11,11,11,11,11,11,11,11,11,11
1,1,260623,0,0,0,0,0,0,0,0,0,0
2,1,260623,21,0,0,0,0,0,21,9,6,0
1,1,260624,29,15,18,21,23,4,8,30,23,15
1,1,260625,25,25,25,25,25,25,25,25,25,25
1,1,260626,0,0,0,0,0,0,0,0,0,0
2,1,260626,0,0,0,0,0,0,0,0,0,0
1,1,260627,14,14,14,14,14,14,14,14,14,14
1,1,260628,17,17,17,17,17,17,17,17,17,17
1,1,260629,0,0,0,0,0,26,0,0,0,12
1,1,260630,0,0,0,0,0,0,0,0,0,0
2,1,260630,0,0,0,0,0,0,0,0,0,0
0,1,260631,0,0,0,0,0,0,0,0,0,0
1,1,260631,0,0,0,0,0,0,0,0,0,0
1,1,260632,17,17,17,17,17,17,17,17,17,17
2,1,260632,0,0,0,0,0,0,0,0,0,0
1,1,260633,11,11,11,11,11,11,11,11,11,11
1,1,260634,0,0,0,0,0,0,0,0,0,0
2,1,260634,0,0,0,0,0,0,0,0,0,0
1,1,260635,0,0,0,0,0,0,0,0,0,0
1,1,260636,20,20,20,20,20,20,20,20,20,20
1,1,260637,13,13,13,13,13,13,13,13,13,13
0,1,260638,0,0,0,0,0,0,0,0,0,0
1,1,260638,0,0,0,13,0,0,32,0,0,0
0,1,260639,0,0,0,0,0,0,0,0,0,0
1,1,260639,0,0,13,0,0,0,0,0,0,0
1,1,260640,0,12,0,0,0,0,0,0,0,0
2,1,260640,0,0,0,0,0,0,0,0,0,0
1,1,260641,0,0,0,0,0,0,0,19,0,0
2,1,260641,0,0,0,0,0,0,0,0,0,0
1,1,260642,14,14,14,14,14,14,14,14,14,14
2,1,260642,16,16,16,16,16,16,16,16,16,16
1,1,260643,32,32,32,32,32,32,32,32,32,32
1,1,260644,0,0,0,0,0,0,0,0,0,0
1,1,260645,0,0,0,0,0,0,0,0,0,0
2,1,260645,0,0,0,0,0,0,0,0,0,0
3,1,260645,0,0,0,0,0,0,0,0,0,0
4,1,260645,0,0,0,0,0,0,0,0,0,0
5,1,260645,0,0,0,0,0,0,0,0,0,0
6,1,260645,0,0,0,0,0,0,0,0,0,0
0,1,260646,0,0,0,0,0,0,0,0,0,0
0,2,260646,0,0,0,0,0,0,0,0,0,0
1,1,260646,0,0,0,0,0,0,0,0,0,16
1,1,260647,0,0,0,0,0,0,0,0,0,0
2,1,260647,0,0,0,0,0,0,0,0,0,0
1,1,260648,0,0,0,0,0,0,0,0,0,0
2,1,260648,0,0,0,0,0,0,0,0,0,0
0,1,260649,0,0,0,0,0,0,0,0,0,0
1,1,260649,0,0,0,20,0,0,0,0,0,0
1,1,260650,0,0,0,0,0,0,0,0,0,0
2,1,260650,0,0,0,0,0,0,0,0,0,0
1,1,260651,0,0,0,0,0,0,0,0,0,0
1,1,260652,0,0,0,0,0,0,0,0,0,0
0,1,260653,21,21,21,21,21,21,21,21,21,21
1,1,260653,0,0,0,0,0,0,0,0,0,0
1,1,260655,2,2,2,2,2,2,2,2,2,2
2,1,260655,0,0,0,0,0,0,0,0,0,0
1,1,260656,0,0,0,0,0,0,0,0,0,0
2,1,260656,0,0,0,0,0,0,0,0,0,0
1,1,260657,24,24,24,24,24,24,24,24,24,24
1,1,260658,0,0,0,0,0,0,0,0,0,0
2,1,260658,0,3,0,0,0,14,0,0,0,0
0,1,260659,0,0,0,0,0,0,0,0,0,0
1,1,260659,0,0,0,0,0,0,0,0,0,0
1,1,260660,21,21,21,21,21,21,21,21,21,21
2,1,260660,0,0,0,0,0,0,0,0,0,0
1,1,260661,21,21,21,21,21,21,21,21,21,21
1,1,260662,0,0,0,0,0,0,8,0,0,9
2,1,260662,0,0,0,0,0,0,0,0,0,0
1,1,260663,12,12,12,12,12,12,12,12,12,12
1,1,260664,21,21,21,21,21,21,21,21,21,21
0,1,260665,0,0,0,0,0,0,0,0,0,0
1,1,260665,0,0,0,0,0,0,0,0,0,0
1,1,260666,0,0,0,0,0,0,0,0,0,0
2,1,260666,0,0,0,0,0,0,0,0,0,0
1,1,260667,0,0,0,0,0,0,0,0,0,0
2,1,260667,0,0,0,0,0,0,0,0,0,0
1,1,260668,0,10,0,20,16,10,9,0,15,11
2,1,260668,0,0,0,0,0,0,0,0,0,0
1,1,260669,1,1,1,1,1,1,1,1,1,1
2,1,260669,0,0,0,0,0,0,0,0,0,0
1,1,260670,18,18,18,18,18,18,18,18,18,18
1,1,260671,16,16,16,16,16,16,16,16,16,16
2,1,260671,0,0,0,0,0,0,0,0,0,0
1,1,260672,0,0,0,0,0,0,0,0,0,0
1,1,260673,0,0,0,0,0,0,0,0,0,0
2,1,260673,0,0,0,0,0,0,0,0,0,0
0,1,260674,0,0,0,0,0,0,0,0,0,0
1,1,260674,0,0,0,0,0,0,0,0,0,0
1,1,260675,0,0,0,0,0,0,0,0,0,0
0,1,260676,0,0,0,0,0,0,0,0,0,0
1,1,260676,0,0,0,0,0,0,0,0,0,0
1,1,260677,14,14,14,14,14,14,14,14,14,14
2,1,260677,0,0,0,0,0,0,0,16,29,0
1,1,260678,0,0,0,0,0,0,0,0,0,0
0,1,260679,28,28,28,28,28,28,28,28,28,28
1,1,260679,4,4,4,4,4,4,4,4,4,4
1,1,260680,0,0,0,0,0,0,0,0,0,0
0,1,260681,35,35,35,35,35,35,35,35,35,35
1,1,260681,0,0,0,0,0,0,0,0,0,0
1,1,260682,15,15,15,15,15,15,15,15,15,15
2,1,260682,0,0,0,0,0,0,0,0,0,0
0,1,260683,0,0,0,0,0,0,0,0,0,0
0,2,260683,0,0,0,0,0,0,0,0,0,0
0,3,260683,0,0,0,0,0,0,0,0,0,0
0,4,260683,0,0,0,0,0,0,0,0,0,0
0,5,260683,10,0,0,0,0,0,0,2,6,0
0,6,260683,28,12,9,29,10,27,0,36,23,14
0,7,260683,22,15,35,6,0,0,6,9,11,0
0,8,260683,0,0,0,0,0,0,0,0,0,0
1,1,260683,10,10,10,10,10,10,10,10,10,10
1,1,260684,0,13,17,13,31,24,7,0,30,7
1,1,260685,0,0,0,11,0,0,0,0,0,0
2,1,260685,0,0,0,0,0,0,0,0,0,0
1,1,260686,10,10,10,10,10,10,10,10,10,10
0,1,260687,0,0,0,0,0,0,0,0,0,0
1,1,260687,0,0,0,0,0,20,0,0,18,0
1,1,260688,0,0,0,0,0,0,0,0,0,0
1,1,260689,0,0,0,0,10,0,0,0,17,0
1,1,260690,0,0,0,0,0,0,0,0,0,0
2,1,260690,0,0,0,0,0,13,0,0,0,0
1,1,260691,15,15,15,15,15,15,15,15,15,15
2,1,260691,0,0,0,0,0,0,0,0,0,0
1,1,260692,0,0,0,0,0,0,0,0,0,0
2,1,260692,0,0,0,0,0,0,0,0,0,0
1,1,260693,0,0,4,0,2,0,0,0,0,0
2,1,260693,0,0,0,0,0,0,0,0,0,0
1,1,260694,24,24,24,24,24,24,24,24,24,24
1,1,260695,0,0,0,0,0,0,0,0,0,0
2,1,260695,0,0,0,0,0,0,0,0,0,0
0,1,260696,0,0,32,0,0,0,0,0,0,0
1,1,260696,4,4,4,4,4,4,4,4,4,4
0,1,260697,0,0,0,9,0,0,0,0,0,0
1,1,260697,0,0,0,0,0,0,0,0,0,0
1,1,260698,0,0,0,0,0,0,0,0,0,0
2,1,260698,0,0,0,0,0,0,0,0,0,0
1,1,260699,0,0,0,0,0,0,0,0,0,0
2,1,260699,0,0,0,0,0,0,0,0,0,0
1,1,260700,37,27,19,24,23,20,17,19,28,18
0,1,260701,9,0,8,18,0,6,38,0,21,23
1,1,260701,0,0,0,0,0,0,0,0,0,0
1,1,260702,0,0,0,0,0,0,0,0,0,0
2,1,260702,0,0,0,0,0,0,0,0,0,0
1,1,260703,17,0,6,0,0,20,17,31,10,27
1,1,260704,0,0,0,0,0,0,0,0,0,0
1,1,260705,0,0,33,11,24,0,0,0,8,26
2,1,260705,0,0,0,0,0,0,0,0,0,0
1,1,260706,24,24,24,24,24,24,24,24,24,24
2,1,260706,24,24,24,24,24,24,24,24,24,24
1,1,260707,0,0,0,0,0,0,0,0,0,0
2,1,260707,1,1,1,1,1,1,1,1,1,1
1,1,260708,0,0,0,0,0,0,0,0,0,0
2,1,260708,0,0,0,0,0,0,0,0,0,0
1,1,260709,0,0,0,0,0,0,0,0,0,0
2,1,260709,0,0,0,0,0,0,0,0,0,0
0,1,260710,0,0,0,0,0,0,0,0,0,0
1,1,260710,11,11,11,11,11,11,11,11,11,11
1,1,260711,19,0,14,0,20,0,0,0,0,0
1,1,260712,8,8,8,8,8,8,8,8,8,8
1,1,260713,14,14,14,14,14,14,14,14,14,14
1,1,260714,0,0,0,0,0,0,0,0,0,0
2,1,260714,0,0,0,0,0,0,0,0,0,0
1,1,260715,0,0,0,0,0,0,0,0,0,0
0,1,260716,36,36,36,36,36,36,36,36,36,36
1,1,260716,0,0,0,0,0,0,0,0,0,0
1,1,260717,0,0,0,0,0,0,0,0,0,0
2,1,260717,0,0,0,0,0,0,0,0,0,17
3,1,260717,0,0,0,0,0,0,0,0,0,0
1,1,260718,0,0,0,0,0,0,0,0,0,0
2,1,260718,0,0,0,0,0,0,0,0,0,0
1,1,260719,29,29,29,29,29,29,29,29,29,29
2,1,260719,0,0,0,0,0,0,0,0,5,0
1,1,260720,4,4,4,4,4,4,4,4,4,4
0,1,260721,31,31,31,31,31,31,31,31,31,31
1,1,260721,0,0,0,0,0,0,0,0,0,0
1,1,260722,0,10,0,0,0,0,0,0,0,0
2,1,260722,0,0,0,0,0,0,0,0,0,0
1,1,260723,24,21,6,0,12,15,54,22,14,20
1,1,260724,0,0,0,0,0,0,0,0,0,0
1,1,260725,31,16,30,0,5,11,22,11,6,13
2,1,260725,0,0,0,0,0,0,15,0,0,0
1,1,260726,0,0,0,0,0,0,0,0,0,0
2,1,260726,0,0,0,0,0,0,0,0,0,0
1,1,260727,5,33,15,29,18,18,6,28,26,0
2,1,260727,0,0,0,0,0,0,0,0,0,0
1,1,260728,0,0,0,0,0,0,0,0,0,0
2,1,260728,17,7,0,0,0,0,0,0,0,0
1,1,260729,0,0,0,0,0,0,0,0,0,0
2,1,260729,0,0,0,0,0,0,0,0,0,0
1,1,260730,0,0,0,0,0,0,0,0,0,0
1,1,260731,3,3,3,3,3,3,3,3,3,3
2,1,260731,0,0,0,0,0,0,0,0,0,0
3,1,260731,0,0,0,0,0,0,0,0,0,0
4,1,260731,0,0,0,0,0,0,0,0,0,0
1,1,260732,32,32,32,32,32,32,32,32,32,32
1,1,260733,7,7,7,7,7,7,7,7,7,7
0,1,260734,0,0,35,0,21,0,0,7,0,0
0,2,260734,0,0,0,0,0,0,0,0,0,0
0,3,260734,0,0,0,0,0,0,0,0,0,0
1,1,260734,0,0,0,0,0,8,0,0,0,0
1,1,260735,0,0,0,0,0,0,0,0,0,0
2,1,260735,0,0,0,0,0,0,0,0,0,0
1,1,260736,19,19,19,19,19,19,19,19,19,19
1,1,260737,0,0,0,0,0,0,0,0,0,0
2,1,260737,0,0,20,0,0,0,0,0,0,0
1,1,260738,6,0,0,0,0,0,0,0,0,0
1,1,260739,0,0,0,0,0,0,0,0,0,0
2,1,260739,10,10,10,10,10,10,10,10,10,10
0,1,260740,24,24,24,24,24,24,24,24,24,24
1,1,260740,0,0,0,0,0,0,0,0,0,0
1,1,260741,0,0,0,0,0,0,0,0,0,0
2,1,260741,0,0,0,0,0,0,0,0,0,0
1,1,260742,11,20,7,0,14,0,13,18,33,36
0,1,260743,0,0,0,0,0,0,0,0,0,0
1,1,260743,0,0,0,0,0,0,0,0,0,0
0,1,260744,30,30,30,30,30,30,30,30,30,30
1,1,260744,0,0,0,0,0,0,0,0,0,0
1,1,260745,19,19,19,19,19,19,19,19,19,19
0,1,260746,0,0,0,0,0,0,0,0,0,0
1,1,260746,0,0,0,0,0,0,0,0,0,0
0,1,260747,0,0,0,0,0,0,0,0,0,0
1,1,260747,0,0,0,0,0,0,0,0,0,0
1,1,260748,0,0,0,0,0,0,0,0,0,0
1,1,260749,7,7,7,7,7,7,7,7,7,7
2,1,260749,0,0,0,0,0,0,0,0,0,0
1,1,260751,0,0,0,0,0,0,0,0,0,0
2,1,260751,0,0,0,0,0,0,0,0,0,0
0,1,260752,0,0,0,0,0,0,0,0,0,0
1,1,260752,0,0,0,0,0,0,0,0,0,0
1,1,260753,0,0,0,0,0,0,0,0,0,0
2,1,260753,0,0,0,0,0,0,0,0,0,11
1,1,260754,0,0,0,0,0,0,0,0,0,0
2,1,260754,0,0,0,0,0,0,0,0,0,0
1,1,260755,0,0,0,0,0,0,0,0,0,0
2,1,260755,0,0,18,0,0,0,0,0,0,0
3,1,260755,0,0,0,0,0,0,0,0,0,0
1,1,260756,0,0,0,0,0,0,0,0,0,0
2,1,260756,0,0,0,0,0,0,0,0,0,0
1,1,260757,0,0,0,0,0,0,0,0,0,0
2,1,260757,0,0,0,0,0,0,0,0,0,0
1,1,260758,0,0,0,23,0,0,0,26,23,12
1,1,260759,0,0,0,0,0,0,0,0,0,0
1,1,260760,3,3,3,3,3,3,3,3,3,3
2,1,260760,0,0,0,0,0,0,0,0,0,0
3,1,260760,0,0,0,0,0,0,0,0,0,0
1,1,260761,17,17,17,17,17,17,17,17,17,17
1,1,260762,0,0,0,0,0,0,0,0,0,0
1,1,260763,14,10,34,28,0,16,11,29,9,6
1,1,260764,0,0,0,0,0,0,0,0,0,0
2,1,260764,0,0,0,0,0,0,0,0,0,0
3,1,260764,0,8,0,0,0,0,0,0,0,0
1,1,260765,0,0,0,0,0,0,0,0,0,0
2,1,260765,0,0,0,0,0,0,0,0,0,0
3,1,260765,0,0,0,0,0,0,0,0,0,0
4,1,260765,0,0,0,0,0,0,0,0,0,0
5,1,260765,0,0,0,0,0,0,0,0,0,0
1,1,260766,0,0,0,0,0,0,0,0,0,0
2,1,260766,0,0,0,0,0,0,0,0,0,0
1,1,260767,0,0,0,0,0,0,0,0,0,0
1,1,260768,18,18,18,18,18,18,18,18,18,18
1,1,260769,0,0,0,0,0,0,0,0,0,0
2,1,260769,0,0,0,0,0,0,0,0,0,0
3,1,260769,0,0,0,0,0,0,0,0,0,0
1,1,260770,0,0,0,0,0,0,0,0,0,0
2,1,260770,0,0,0,0,0,0,0,0,0,0
0,1,260771,25,0,9,0,39,18,0,0,27,22
1,1,260771,0,0,0,10,0,0,0,5,0,0
1,1,260772,0,0,0,0,0,0,0,0,0,0
2,1,260772,0,0,0,0,0,0,0,0,0,0
1,1,260773,0,42,0,0,0,0,0,0,0,0
2,1,260773,0,2,0,0,0,0,0,0,0,0
1,1,260774,20,20,20,20,20,20,20,20,20,20
0,1,260775,0,0,0,0,0,0,0,0,0,0
1,1,260775,0,0,0,0,0,0,0,0,0,0
0,1,260776,0,0,0,0,0,0,0,0,0,0
0,2,260776,0,0,0,0,0,0,0,0,0,0
1,1,260776,0,0,0,0,0,0,0,0,0,0
1,1,260777,0,0,0,0,0,0,0,0,0,0
2,1,260777,0,0,0,0,0,0,0,0,0,0
0,1,260778,0,0,0,0,0,0,0,0,0,0
1,1,260778,0,0,0,0,0,0,0,0,0,0
0,1,260779,0,0,0,0,0,0,0,0,0,0
1,1,260779,0,0,0,0,0,0,0,0,0,0
1,1,260780,22,22,22,22,22,22,22,22,22,22
1,1,260781,10,10,10,10,10,10,10,10,10,10
2,1,260781,0,0,0,0,0,0,0,0,0,0
1,1,260782,15,15,15,15,15,15,15,15,15,15
1,1,260783,27,20,15,6,12,22,10,16,26,13
2,1,260783,0,0,0,0,0,0,0,0,0,0
1,1,260784,0,0,0,0,0,0,0,0,0,0
2,1,260784,0,0,0,0,0,0,0,0,0,0
1,1,260785,21,8,24,16,7,26,18,10,22,15
1,1,260786,0,0,0,0,0,0,0,0,0,0
1,1,260787,0,0,0,0,0,0,14,0,0,0
2,1,260787,0,0,0,0,0,0,0,0,0,0
3,1,260787,0,0,0,0,0,0,0,0,0,0
1,1,260788,0,0,0,0,0,0,0,0,0,0
2,1,260788,19,19,19,19,19,19,19,19,19,19
0,1,260789,22,22,22,22,22,22,22,22,22,22
1,1,260789,0,0,0,0,0,0,0,0,0,0
1,1,260790,22,22,22,22,22,22,22,22,22,22
1,1,260791,18,18,18,18,18,18,18,18,18,18
0,1,260792,0,0,0,0,0,0,0,0,0,0
1,1,260792,0,0,0,0,0,0,0,0,0,0
1,1,260793,21,21,21,21,21,21,21,21,21,21
0,1,260794,0,0,0,46,0,0,40,0,14,11
1,1,260794,0,0,0,0,0,0,0,0,0,0
2,1,260794,0,0,0,0,0,0,0,0,0,0
1,1,260795,0,0,0,0,0,0,0,0,0,0
2,1,260795,0,0,0,0,0,0,0,0,0,0
3,1,260795,0,0,0,0,0,0,0,0,0,0
1,1,260796,0,0,0,0,0,0,0,0,0,0
1,1,260797,10,19,23,0,0,0,9,0,0,13
0,1,260798,22,0,0,0,13,0,0,15,0,0
1,1,260798,0,0,0,0,0,0,0,0,0,0
1,1,260799,16,16,16,16,16,16,16,16,16,16
1,1,260800,0,0,0,0,0,0,0,0,0,0
2,1,260800,0,0,0,0,0,0,0,0,0,0
1,1,260801,28,0,0,0,0,0,26,11,0,0
0,1,260802,0,0,0,0,0,0,0,0,0,0
4,1,260802,0,0,0,0,0,0,0,0,0,0
1,1,260803,0,0,0,0,0,0,0,0,6,12
2,1,260803,0,0,0,0,0,0,0,0,0,0
1,1,260804,0,0,0,0,0,0,0,0,0,0
1,1,260805,0,0,0,0,0,0,0,13,0,15
2,1,260805,0,0,0,0,0,0,0,0,0,0
3,1,260805,0,0,0,0,0,0,0,0,0,0
0,1,260806,0,0,0,0,0,0,0,0,0,0
1,1,260806,0,0,0,0,0,0,0,0,0,13
1,1,260807,0,0,0,0,0,0,0,10,0,0
2,1,260807,0,0,0,0,0,0,0,0,0,0
1,1,260808,0,0,0,0,0,0,0,0,0,0
2,1,260808,0,0,0,0,0,0,0,0,0,0
3,1,260808,0,0,0,0,0,0,0,19,0,0
1,1,260809,10,10,10,10,10,10,10,10,10,10
1,1,260810,0,0,0,0,0,0,0,0,0,0
2,1,260810,0,0,0,0,0,0,0,0,0,0
1,1,260811,0,0,0,0,0,0,0,0,24,0
2,1,260811,0,0,0,0,0,0,0,0,0,0
1,1,260812,22,22,22,22,22,22,22,22,22,22
2,1,260812,8,8,8,8,8,8,8,8,8,8
0,1,260813,0,20,8,0,0,32,0,17,0,0
1,1,260813,0,0,0,0,0,0,0,0,0,0
1,1,260814,0,0,0,0,0,0,0,0,0,0
2,1,260814,0,0,0,0,0,0,0,0,0,0
1,1,260815,0,0,0,0,0,0,0,0,0,0
1,1,260816,0,0,0,0,0,0,0,0,0,0
2,1,260816,0,0,0,0,0,0,0,0,0,0
1,1,260817,0,0,0,0,0,0,0,0,0,0
1,1,260818,15,15,15,15,15,15,15,15,15,15
2,1,260818,0,0,0,4,0,0,0,0,0,0
3,1,260818,0,0,14,0,0,0,0,0,0,13
4,1,260818,0,0,0,3,0,0,0,0,0,0
1,1,260819,0,0,0,0,0,0,0,0,0,0
2,1,260819,0,0,0,0,0,0,0,0,0,0
1,1,260820,0,0,0,0,0,0,0,0,0,0
1,1,260821,17,17,17,17,17,17,17,17,17,17
2,1,260821,0,0,0,0,0,0,0,0,0,0
1,1,260822,0,0,0,0,0,0,0,0,0,0
2,1,260822,0,0,0,0,0,8,0,19,0,9
1,1,260823,7,7,7,7,7,7,7,7,7,7
1,1,260824,20,20,20,20,20,20,20,20,20,20
1,1,260825,15,15,15,15,15,15,15,15,15,15
1,1,260826,0,0,0,0,0,0,0,0,0,0
2,1,260826,0,0,0,0,0,0,0,0,0,0
1,1,260828,0,0,0,0,0,0,0,0,0,0
1,1,260829,0,0,0,0,15,0,0,0,0,0
2,1,260829,0,0,0,0,0,0,0,0,0,0
1,1,260830,17,17,17,17,17,17,17,17,17,17
2,1,260830,9,9,9,9,9,9,9,9,9,9
1,1,260831,0,0,0,0,0,0,0,0,0,0
1,1,260832,0,0,0,0,0,0,8,0,0,0
2,1,260832,0,0,0,0,0,0,0,0,0,0
1,1,260833,0,0,0,0,0,0,0,0,0,0
2,1,260833,0,0,0,0,0,0,0,0,3,0
1,1,260834,0,0,0,0,0,0,0,0,0,0
2,1,260834,0,0,0,0,0,0,0,7,0,0
3,1,260834,0,0,0,0,0,0,0,0,0,0
1,1,260835,0,0,0,0,0,0,0,0,0,30
2,1,260835,5,0,0,0,9,0,0,0,0,0
3,1,260835,0,0,0,0,0,0,0,0,0,0
1,1,260836,17,17,17,17,17,17,17,17,17,17
1,1,260837,0,0,0,0,0,0,0,0,0,0
2,1,260837,0,0,0,0,0,0,0,0,0,0
1,1,260838,0,0,0,0,0,0,0,0,0,0
1,1,260839,0,0,0,0,0,0,0,0,0,0
1,1,260840,0,0,0,0,0,0,0,0,0,0
2,1,260840,7,7,7,7,7,7,7,7,7,7
1,1,260841,0,0,0,0,0,0,0,0,0,0
2,1,260841,0,0,0,0,0,0,0,0,0,0
0,1,260842,7,30,9,0,29,9,16,13,33,0
1,1,260842,0,0,0,0,0,0,0,0,0,0
1,1,260843,0,0,0,0,0,0,0,0,0,0
2,1,260843,0,0,0,0,0,0,0,0,0,0
1,1,260844,0,0,0,0,0,0,0,0,0,0
2,1,260844,0,0,0,0,0,0,0,0,0,7
1,1,260845,16,16,16,16,16,16,16,16,16,16
1,1,260846,0,0,0,0,0,0,0,0,0,0
0,1,260847,0,0,0,0,0,0,0,19,0,0
1,1,260847,0,0,0,0,0,0,0,0,0,0
1,1,260848,0,0,0,0,0,0,0,0,0,0
2,1,260848,0,0,0,0,0,0,0,0,0,0
1,1,260849,0,0,0,0,0,0,0,0,0,0
2,1,260849,0,0,0,0,0,0,0,0,0,0
1,1,260850,0,0,0,0,0,0,0,0,0,0
2,1,260850,0,0,0,0,0,0,0,0,0,0
1,1,260851,0,0,0,0,0,0,0,0,0,0
2,1,260851,0,0,0,0,0,0,18,0,0,0
0,1,260852,0,38,26,0,32,29,26,20,15,0
1,1,260852,0,0,0,0,0,0,0,0,0,0
1,1,260853,20,20,20,20,20,20,20,20,20,20
1,1,260854,0,0,0,0,0,0,0,0,0,0
2,1,260854,0,0,0,0,0,0,0,0,0,0
3,1,260854,0,0,0,13,0,12,0,0,0,0
0,1,260855,16,16,16,16,16,16,16,16,16,16
1,1,260855,0,0,0,0,0,0,0,0,0,0
1,1,260856,15,15,15,15,15,15,15,15,15,15
2,1,260856,0,0,0,0,0,0,0,0,0,0
1,1,260857,0,0,0,0,0,0,0,0,0,0
2,1,260857,0,0,0,0,0,0,0,0,0,0
1,1,260858,0,0,0,0,9,31,0,0,0,0
1,1,260859,27,27,27,27,27,27,27,27,27,27
1,1,260860,0,0,0,0,0,0,0,0,0,0
1,1,260861,0,0,0,0,0,0,0,0,0,0
2,1,260861,0,0,0,0,0,0,0,0,0,0
1,1,260862,0,0,0,0,0,0,0,0,0,0
2,1,260862,0,0,0,0,0,0,0,0,0,0
1,1,260863,15,15,15,15,15,15,15,15,15,15
1,1,260864,2,2,2,2,2,2,2,2,2,2
1,1,260865,1,1,1,1,1,1,1,1,1,1
1,1,260866,6,6,6,6,6,6,6,6,6,6
2,1,260866,0,13,0,0,0,0,0,0,0,11
0,1,260867,33,33,33,33,33,33,33,33,33,33
1,1,260867,0,0,0,0,0,0,0,0,0,0
1,1,260868,0,0,0,0,0,0,0,0,0,0
2,1,260868,0,0,0,0,0,0,0,0,0,0
3,1,260868,0,0,7,0,0,0,0,0,0,0
1,1,260869,23,23,23,23,23,23,23,23,23,23
0,1,260870,13,13,13,13,13,13,13,13,13,13
1,1,260870,0,0,0,0,0,0,0,0,0,0
1,1,260871,20,20,20,20,20,20,20,20,20,20
0,1,260872,0,0,0,0,0,0,18,0,0,30
1,1,260872,0,0,0,0,0,0,0,0,0,0
0,1,260873,0,0,0,0,0,0,0,0,0,19
1,1,260873,0,0,0,0,0,0,0,0,0,0
1,1,260874,0,0,0,0,0,0,0,0,0,0
2,1,260874,0,0,0,0,0,0,0,0,0,0
1,1,260875,0,0,0,0,0,0,0,0,0,0
2,1,260875,0,0,0,0,0,0,0,0,0,0
1,1,260876,0,0,0,0,0,0,0,0,0,0
2,1,260876,0,0,0,0,0,0,0,0,0,0
3,1,260876,0,0,0,0,0,12,0,0,0,17
4,1,260876,0,0,0,0,0,0,0,0,0,0
1,1,260877,0,0,0,0,0,0,0,0,0,0
2,1,260877,0,0,0,0,0,0,0,0,0,0
1,1,260878,0,0,0,0,8,0,0,0,0,0