VEH_NO,PER_NO,ST_CASE,P1,P2,P3,P4,P5,P6,P7,P8,P9,P10
2,1,260878,0,0,0,0,0,3,0,0,0,0
1,1,260879,10,0,0,19,15,10,0,12,0,5
1,1,260880,0,0,23,0,0,0,0,0,0,0
1,1,260881,0,0,0,0,0,0,0,0,0,0
2,1,260881,0,0,0,0,12,0,0,0,0,0
1,1,260882,0,0,0,0,0,0,0,0,0,0
2,1,260882,0,0,0,0,0,0,0,0,0,0
3,1,260882,0,0,0,0,0,0,0,0,0,0
1,1,260883,17,17,17,17,17,17,17,17,17,17
2,1,260883,0,0,0,0,0,0,0,0,0,0
0,1,260884,45,45,45,45,45,45,45,45,45,45
1,1,260884,0,0,0,0,8,5,11,0,42,14
1,1,260885,19,19,19,19,19,19,19,19,19,19
1,1,260886,0,0,0,0,5,0,13,0,0,0
2,1,260886,0,0,0,0,0,0,17,0,0,0
1,1,260887,0,0,0,0,0,0,0,0,0,0
1,1,260888,0,0,0,0,0,0,0,0,0,0
2,1,260888,0,0,0,0,0,0,0,0,0,0
1,1,260889,15,15,15,15,15,15,15,15,15,15
1,1,260890,0,0,0,0,0,0,0,0,0,0
1,1,260891,25,25,25,25,25,25,25,25,25,25
1,1,260892,0,0,0,0,0,0,0,0,0,14
1,1,260893,0,0,0,0,0,0,0,0,0,0
2,1,260893,0,0,0,0,0,0,0,0,0,0
1,1,260894,19,23,16,0,8,0,0,0,8,12
1,1,260895,11,11,11,11,11,11,11,11,11,11
1,1,260896,13,13,13,13,13,13,13,13,13,13
1,1,260897,0,0,0,0,0,0,11,0,0,0
2,1,260897,0,0,0,0,0,0,0,0,0,0
1,1,260899,0,0,0,0,0,0,0,0,0,0
2,1,260899,0,0,0,0,0,0,0,0,0,0
0,1,260900,26,26,26,26,26,26,26,26,26,26
1,1,260900,0,0,0,0,0,0,0,0,0,0
1,1,260902,28,28,28,28,28,28,28,28,28,28
0,1,260903,0,0,0,0,0,0,0,0,0,0
1,1,260903,0,0,0,0,0,0,0,0,0,0
0,1,260904,0,0,0,0,0,0,9,0,0,0
1,1,260904,0,0,0,0,0,0,0,0,0,0
2,1,260904,0,0,0,0,0,4,0,0,13,0
1,1,260905,0,0,0,0,0,0,0,0,0,0
2,1,260905,0,0,0,0,0,0,0,0,0,0
1,1,260906,11,11,11,11,11,11,11,11,11,11
1,1,260907,0,0,13,0,0,0,0,0,0,0
2,1,260907,0,0,0,0,0,0,0,0,0,0
1,1,260908,19,19,19,19,19,19,19,19,19,19
2,1,260908,0,0,0,0,0,0,0,0,0,0
0,1,260909,33,33,33,33,33,33,33,33,33,33
1,1,260909,3,3,3,3,3,3,3,3,3,3
1,1,260910,15,15,15,15,15,15,15,15,15,15
0,1,260911,0,0,0,9,0,0,0,0,0,19
0,2,260911,0,0,0,0,0,0,0,0,0,0
1,1,260911,18,18,18,18,18,18,18,18,18,18
0,1,260912,0,0,0,0,0,0,0,0,0,0
1,1,260912,0,0,0,0,0,0,0,0,0,0
1,1,260914,0,0,16,0,0,9,31,19,0,0
2,1,260914,0,0,0,0,0,0,0,0,0,0
1,1,260915,28,11,9,7,15,9,0,20,19,10
1,1,260916,7,21,6,5,19,7,22,9,4,8
1,1,260917,0,0,0,0,0,0,0,0,0,0
2,1,260917,0,0,0,0,0,0,0,0,0,0
1,1,260918,0,0,0,0,0,0,0,0,0,0
2,1,260918,0,0,0,0,0,0,0,0,0,0
1,1,260919,0,0,0,0,0,0,0,0,0,0
2,1,260919,0,0,0,0,0,0,0,0,0,0
1,1,260920,0,0,0,0,0,0,0,0,0,0
2,1,260920,0,0,0,0,0,0,0,0,0,0
1,1,260921,19,19,19,19,19,19,19,19,19,19
1,1,260922,0,0,0,0,0,0,0,0,0,0
2,1,260922,0,0,0,0,0,0,0,0,0,0
1,1,260923,0,0,0,0,0,4,0,10,0,0
1,1,260924,0,0,0,0,0,0,0,0,0,0
2,1,260924,0,0,0,0,0,0,0,0,0,0
0,1,260925,0,0,0,0,0,0,0,0,0,0
1,1,260925,0,0,0,0,0,0,0,0,0,0
0,1,260926,29,29,29,29,29,29,29,29,29,29
1,1,260926,12,12,12,12,12,12,12,12,12,12
1,1,260927,13,13,13,13,13,13,13,13,13,13
1,1,260928,10,21,17,10,19,21,18,0,8,15
0,1,260929,0,9,22,0,32,26,20,4,15,33
1,1,260929,21,21,21,21,21,21,21,21,21,21
1,1,260930,0,0,0,0,0,0,0,0,0,0
1,1,260931,7,7,7,7,7,7,7,7,7,7
2,1,260931,0,0,0,0,0,0,0,0,0,0
0,1,260932,7,7,7,7,7,7,7,7,7,7
1,1,260932,0,12,6,0,8,0,7,0,21,0
1,1,260933,0,10,0,6,6,9,0,9,3,12
1,1,260934,20,20,20,20,20,20,20,20,20,20
1,1,260935,0,0,0,0,0,0,0,0,0,0
1,1,260936,28,28,28,28,28,28,28,28,28,28
2,1,260936,16,16,16,16,16,16,16,16,16,16
1,1,260937,13,13,13,13,13,13,13,13,13,13
0,1,260938,0,0,0,0,0,0,0,0,0,0
1,1,260938,0,0,0,0,14,0,4,0,0,0
1,1,260939,19,10,10,21,23,6,7,7,12,0
0,1,260940,15,18,0,0,39,0,9,30,0,0
1,1,260940,0,0,0,9,0,3,0,3,0,20
0,1,260941,16,16,16,16,16,16,16,16,16,16
1,1,260941,0,0,0,0,7,0,0,19,0,0
0,1,260942,4,4,4,4,4,4,4,4,4,4
1,1,260942,0,0,0,0,0,0,0,0,0,0
2,1,260942,16,16,16,16,16,16,16,16,16,16
1,1,260943,0,0,0,0,0,0,0,0,0,0
1,1,260944,11,11,11,11,11,11,11,11,11,11
1,1,260945,20,20,20,20,20,20,20,20,20,20
0,1,260946,0,0,40,20,13,12,0,0,0,0
1,1,260946,0,0,0,0,0,0,0,0,0,0
0,1,260947,8,11,21,0,7,15,10,0,22,0
1,1,260947,0,0,0,0,0,0,0,0,0,0
0,1,260948,29,29,29,29,29,29,29,29,29,29
1,1,260948,0,0,0,0,0,0,0,0,0,0
1,1,260949,24,24,24,24,24,24,24,24,24,24
1,1,260950,4,0,22,25,0,9,14,0,0,31
0,1,260951,0,0,15,0,0,0,0,0,19,14
1,1,260951,0,0,0,0,0,0,0,0,0,0
1,1,260952,0,0,0,0,0,0,0,0,0,0
2,1,260952,0,0,0,0,0,0,0,0,0,0
1,1,260953,0,0,0,0,0,0,0,0,0,0
2,1,260953,0,0,0,0,0,0,0,0,0,0
1,1,260954,0,0,0,0,0,0,0,0,0,0
2,1,260954,0,0,0,0,7,0,0,0,0,0
1,1,260955,0,0,0,0,0,0,0,0,0,0
2,1,260955,0,0,0,0,0,0,0,0,0,0
1,1,260956,0,0,0,0,0,0,0,0,0,0
2,1,260956,0,0,0,0,0,0,0,0,0,0
1,1,260957,0,0,0,0,0,0,0,0,0,0
1,1,260958,0,0,0,0,0,0,0,0,0,0
0,1,260959,0,0,0,0,0,0,0,0,0,0
1,1,260959,0,0,0,0,0,0,0,0,0,0
0,1,260960,23,23,23,23,23,23,23,23,23,23
1,1,260960,23,21,31,11,34,12,8,15,14,19
1,1,260961,0,0,0,0,0,0,0,0,0,0
1,1,260962,0,0,0,0,0,0,0,0,0,0
2,1,260962,0,0,0,0,0,0,0,0,0,0
1,1,260963,9,9,9,9,9,9,9,9,9,9
2,1,260963,0,0,0,0,0,0,0,0,0,0
1,1,260964,0,0,0,0,0,0,0,0,0,0
2,1,260964,0,0,0,0,0,0,0,0,0,0
1,1,260965,9,9,9,9,9,9,9,9,9,9
2,1,260965,0,24,22,18,7,12,16,0,0,0
0,1,260966,0,0,0,0,0,0,0,0,0,0
1,1,260966,0,0,0,0,0,0,0,0,0,0
1,1,260967,8,8,8,8,8,8,8,8,8,8
2,1,260967,0,0,0,0,0,11,0,0,0,17
1,1,260968,0,0,0,0,0,0,0,8,0,0
1,1,260969,9,9,9,9,9,9,9,9,9,9
2,1,260969,0,0,0,0,0,0,0,0,0,0
1,1,260970,21,21,21,21,21,21,21,21,21,21
1,1,260971,0,0,0,0,0,0,0,0,0,0
2,1,260971,0,0,0,0,0,0,0,0,0,0
1,1,260972,0,0,0,0,0,0,0,0,0,0
2,1,260972,0,0,0,0,0,0,0,0,0,0
0,1,260973,0,12,36,18,0,0,0,13,23,0
1,1,260973,0,0,0,0,0,0,0,0,0,0
1,1,260974,0,0,0,0,0,0,0,0,0,0
2,1,260974,0,0,0,24,0,0,0,0,0,0
1,1,260975,0,0,0,0,0,0,0,0,0,0
1,1,260976,0,0,0,0,0,0,0,0,0,0
2,1,260976,0,0,0,0,0,0,0,0,0,0
1,1,260977,18,18,18,18,18,18,18,18,18,18
1,1,260978,4,4,4,4,4,4,4,4,4,4
1,1,260979,0,0,0,0,0,0,0,0,0,0
2,1,260979,0,0,0,0,0,0,0,0,0,0
1,1,260980,0,0,0,0,0,0,0,0,0,0
1,1,260981,0,0,0,0,0,0,0,0,0,0
1,1,260982,0,0,0,0,0,0,0,0,0,0
1,1,260983,0,0,0,0,0,0,0,0,0,0
1,1,260984,0,0,0,0,0,0,0,0,0,0
2,1,260984,0,0,0,0,0,0,0,0,0,0
1,1,260985,17,17,17,17,17,17,17,17,17,17
1,1,260986,9,27,24,11,18,29,0,20,34,10
1,1,260987,0,0,0,0,0,0,0,0,0,0
2,1,260987,0,0,0,0,0,0,0,0,0,0
1,1,260988,0,0,0,0,0,0,0,0,0,0
1,1,260989,20,20,20,20,20,20,20,20,20,20
0,1,260990,0,0,0,0,0,0,0,0,0,0
1,1,260990,0,0,0,0,0,0,0,0,0,0
0,1,260991,0,0,0,0,0,0,0,0,0,0
1,1,260991,0,0,0,0,0,0,0,0,0,0
1,1,260992,25,25,25,25,25,25,25,25,25,25
0,1,260993,10,10,10,10,10,10,10,10,10,10
1,1,260993,21,9,18,11,0,0,13,0,0,0
1,1,260994,9,9,9,9,9,9,9,9,9,9
1,1,260995,12,12,12,12,12,12,12,12,12,12
1,1,260996,0,0,0,0,0,0,0,0,0,0
1,1,260997,16,16,16,16,16,16,16,16,16,16
2,1,260997,9,0,0,7,11,0,22,0,6,14
3,1,260997,0,0,0,0,0,0,0,0,0,0
1,1,260998,0,0,0,0,0,0,0,0,0,0
1,1,260999,0,0,0,0,0,0,0,0,0,0
2,1,260999,0,0,0,0,0,0,0,0,0,0
1,1,261000,0,0,0,0,0,0,0,0,0,0
2,1,261000,0,0,0,0,0,0,0,0,0,0
0,1,261001,0,0,38,0,0,0,0,0,0,0
1,1,261001,0,0,0,0,0,0,0,0,0,0
1,1,261002,0,0,0,0,0,0,0,0,0,0
2,1,261002,0,0,0,0,0,0,0,0,0,0
1,1,261003,0,0,0,26,6,0,0,0,0,0
1,1,261004,0,0,0,0,0,0,0,0,0,0
0,1,261005,0,19,0,0,0,13,18,20,52,0
1,1,261005,11,0,15,0,8,27,0,0,0,0
1,1,261006,0,0,0,0,0,0,0,0,0,0
0,1,261007,0,0,0,0,0,0,0,0,0,0
1,1,261007,0,0,0,0,0,0,0,0,0,0
1,1,261008,0,0,0,0,0,0,0,0,0,0
2,1,261008,0,0,0,0,0,0,0,0,0,0
0,1,261009,20,23,0,0,0,21,0,0,0,0
1,1,261009,13,0,0,0,0,0,0,0,0,0
1,1,261010,0,0,0,0,0,0,0,0,0,0
2,1,261010,0,0,0,0,0,0,0,0,0,0
1,1,261011,11,18,25,17,16,13,27,13,17,21
2,1,261011,0,0,0,0,0,0,0,0,0,0
1,1,261012,18,18,18,18,18,18,18,18,18,18
1,1,261013,0,6,0,0,0,0,0,0,0,0
2,1,261013,0,0,0,0,0,0,0,0,0,0
1,1,261014,0,0,0,0,0,5,0,0,0,0
2,1,261014,0,0,0,0,0,0,0,0,5,0
1,1,261015,0,0,0,0,11,14,6,0,0,0
2,1,261015,0,0,0,0,0,0,0,0,0,0
1,1,261016,25,25,25,25,25,25,25,25,25,25
1,1,261017,2,2,2,2,2,2,2,2,2,2
2,1,261017,18,18,18,18,18,18,18,18,18,18
3,1,261017,0,0,0,0,0,0,0,0,0,0
4,1,261017,0,0,0,0,0,0,0,0,0,0
0,1,261018,0,0,0,0,0,0,0,0,0,0
1,1,261018,11,11,11,11,11,11,11,11,11,11
1,1,261019,0,0,19,0,19,15,37,0,25,25
2,1,261019,0,0,0,0,0,0,0,0,0,0
1,1,261020,0,0,0,0,0,0,0,0,0,0
1,1,261021,35,13,17,17,14,26,22,25,19,21
1,1,270001,0,0,0,0,0,0,0,0,0,0
2,1,270001,9,0,0,0,0,0,0,0,0,0
1,1,270002,0,0,0,0,0,0,0,0,0,0
1,1,270003,21,21,21,21,21,21,21,21,21,21
1,1,270004,0,0,0,0,0,0,0,0,0,0
2,1,270004,23,9,0,0,3,0,5,0,0,0
1,1,270005,0,0,0,0,0,0,0,0,0,0
2,1,270005,0,0,0,0,0,0,0,0,0,0
1,1,270006,14,14,14,14,14,14,14,14,14,14
1,1,270007,0,0,0,0,0,0,0,0,0,8
2,1,270007,1,1,1,1,1,1,1,1,1,1
1,1,270008,0,0,0,0,0,0,0,0,0,0
2,1,270008,0,0,0,0,0,0,0,0,0,0
1,1,270009,0,0,0,0,0,0,0,0,0,0
2,1,270009,0,0,0,0,0,0,0,0,0,0
3,1,270009,0,0,0,0,0,0,0,0,0,0
1,1,270010,0,0,0,0,0,0,0,0,0,0
2,1,270010,1,1,1,1,1,1,1,1,1,1
0,1,270011,9,0,0,0,0,0,0,0,0,0
1,1,270011,0,0,0,0,0,0,0,0,0,0
1,1,270012,0,0,0,0,0,0,0,0,0,0
2,1,270012,0,0,0,0,0,0,0,0,0,0
3,1,270012,0,0,0,0,0,0,0,0,0,0
1,1,270013,0,0,0,0,0,0,0,0,0,0
2,1,270013,0,0,0,0,0,0,0,0,0,0
1,1,270014,0,0,0,0,0,0,0,0,0,0
1,1,270015,0,0,0,0,0,0,0,0,0,0
2,1,270015,8,8,8,8,8,8,8,8,8,8
1,1,270016,0,0,0,0,0,0,0,0,0,0
2,1,270016,0,0,0,0,0,0,0,0,0,0
1,1,270017,0,0,0,0,0,0,0,0,0,0
2,1,270017,1,1,1,1,1,1,1,1,1,1
1,1,270018,4,4,4,4,4,4,4,4,4,4
2,1,270018,0,0,0,0,0,0,0,0,0,0
0,1,270019,0,0,0,0,0,0,0,0,0,0
1,1,270019,0,0,0,0,0,0,0,0,0,0
1,1,270020,23,23,23,23,23,23,23,23,23,23
1,1,270021,0,0,0,0,0,0,0,0,0,0
2,1,270021,0,0,0,0,0,0,0,0,0,0
1,1,270022,0,0,0,0,0,0,0,0,0,0
1,1,270023,0,0,0,0,0,0,0,0,0,0
2,1,270023,1,1,1,1,1,1,1,1,1,1
1,1,270024,15,15,15,15,15,15,15,15,15,15
2,1,270024,0,0,0,0,0,0,0,0,0,0
1,1,270025,24,24,24,24,24,24,24,24,24,24
1,1,270026,0,0,0,0,0,0,0,0,0,0
1,1,270027,0,0,0,0,0,0,0,0,0,0
2,1,270027,9,12,0,0,0,0,0,0,0,0
0,1,270028,0,0,0,0,0,0,0,0,0,0
1,1,270028,0,0,0,0,0,23,8,0,0,0
1,1,270029,0,0,0,0,0,0,0,0,0,0
1,1,270030,0,0,0,0,0,0,0,0,0,0
2,1,270030,0,0,0,0,0,0,0,0,0,0
1,1,270031,0,0,0,0,0,0,0,0,0,0
1,1,270032,0,0,0,0,0,0,0,0,0,0
2,1,270032,0,0,0,0,0,0,0,0,0,0
1,1,270033,20,20,20,20,20,20,20,20,20,20
1,1,270034,0,0,0,0,0,0,0,0,0,0
2,1,270034,0,0,0,0,0,0,0,0,0,0
1,1,270035,0,0,0,0,0,0,0,0,0,0
1,1,270036,0,0,0,0,0,0,0,0,0,0
2,1,270036,0,0,0,0,0,0,0,0,0,0
1,1,270037,0,0,0,0,0,0,0,0,0,0
2,1,270037,0,0,0,0,0,0,0,0,0,0
1,1,270038,0,0,0,0,0,0,0,0,0,0
2,1,270038,0,0,0,0,0,0,0,0,0,0
1,1,270039,0,0,0,0,0,0,0,0,0,0
2,1,270039,0,0,0,0,0,0,0,0,0,0
1,1,270040,19,19,19,19,19,19,19,19,19,19
1,1,270041,0,0,0,0,0,0,0,0,0,0
2,1,270041,0,0,0,0,0,0,0,0,0,0
1,1,270042,0,0,0,0,0,0,0,0,0,0
1,1,270043,19,19,19,19,19,19,19,19,19,19
0,1,270044,0,0,0,0,0,0,0,0,0,0
1,1,270044,0,0,0,0,0,0,0,13,0,0
1,1,270045,0,0,0,0,0,0,0,0,0,0
2,1,270045,0,0,0,0,0,0,0,0,0,0
1,1,270046,0,0,0,0,0,0,0,0,0,0
2,1,270046,0,0,0,0,0,0,0,0,0,0
0,1,270047,24,24,24,24,24,24,24,24,24,24
1,1,270047,0,4,0,0,0,0,0,0,0,0
1,1,270048,19,19,19,19,19,19,19,19,19,19
0,1,270049,0,0,0,0,0,0,0,0,0,0
1,1,270049,0,0,0,0,0,0,0,0,0,0
1,1,270050,16,16,16,16,16,16,16,16,16,16
1,1,270051,0,0,0,0,0,0,0,0,0,0
2,1,270051,0,0,0,0,0,0,0,0,0,0
1,1,270052,0,0,0,0,0,0,0,0,0,0
0,1,270053,15,15,15,15,15,15,15,15,15,15
1,1,270053,4,4,4,4,4,4,4,4,4,4
1,1,270054,13,13,13,13,13,13,13,13,13,13
1,1,270055,2,0,12,0,26,0,11,0,0,9
2,1,270055,0,0,0,12,0,0,0,0,0,0
1,1,270056,0,0,0,0,0,0,0,0,0,0
2,1,270056,0,0,0,0,0,0,0,0,0,0
1,1,270057,20,20,20,20,20,20,20,20,20,20
1,1,270058,18,0,0,0,0,0,0,0,0,4
2,1,270058,28,28,28,28,28,28,28,28,28,28
1,1,270059,0,0,0,0,0,0,0,0,0,0
1,1,270061,15,15,15,15,15,15,15,15,15,15
1,1,270062,0,0,0,0,0,0,0,0,0,0
2,1,270062,0,0,0,0,0,0,28,0,0,0
1,1,270063,9,0,0,0,0,0,0,0,0,0
2,1,270063,0,0,0,19,0,0,0,0,0,0
1,1,270064,0,0,0,0,0,0,0,0,0,0
2,1,270064,0,0,0,0,0,0,0,0,0,0
1,1,270065,0,0,0,0,0,0,0,0,0,0
2,1,270065,0,0,0,0,0,0,0,0,0,0
1,1,270066,0,0,0,0,0,0,0,0,0,0
2,1,270066,0,0,0,0,0,0,0,0,0,0
1,1,270067,0,0,0,0,0,0,0,0,0,0
1,1,270068,0,0,0,0,0,0,0,0,0,0
2,1,270068,0,18,0,18,0,0,0,0,0,0
1,1,270069,0,0,0,0,0,0,0,0,0,0
2,1,270069,0,0,0,0,0,0,0,0,0,0
1,1,270070,0,0,0,0,0,0,0,0,0,0
2,1,270070,0,0,0,0,0,0,0,0,0,0
1,1,270071,0,0,0,0,0,0,0,0,0,0
1,1,270072,0,0,0,0,0,0,0,0,3,0
1,1,270073,0,0,0,0,0,0,0,0,0,0
2,1,270073,0,0,0,0,0,0,0,2,0,0
1,1,270074,0,0,0,0,0,0,0,0,0,0
2,1,270074,0,0,0,0,0,0,0,0,0,0
1,1,270075,0,0,0,0,0,0,0,0,0,0
2,1,270075,0,5,0,0,0,0,0,0,0,0
0,1,270076,0,0,0,0,0,0,0,0,0,0
1,1,270076,11,11,11,11,11,11,11,11,11,11
1,1,270077,0,0,0,0,0,0,0,0,0,0
2,1,270077,0,0,0,0,0,0,0,0,0,0
1,1,270078,0,0,0,0,0,0,0,0,0,0
2,1,270078,0,0,0,0,0,0,0,0,0,0
1,1,270079,9,9,9,9,9,9,9,9,9,9
1,1,270080,18,18,18,18,18,18,18,18,18,18
1,1,270081,8,8,8,8,8,8,8,8,8,8
1,1,270082,0,0,0,0,0,0,0,0,0,0
2,1,270082,0,0,0,0,0,0,0,0,0,0
1,1,270083,0,0,0,0,0,0,0,0,0,0
1,1,270084,19,19,19,19,19,19,19,19,19,19
1,1,270085,0,0,0,0,0,0,0,0,0,0
2,1,270085,0,0,0,0,0,0,0,0,0,0
1,1,270086,22,22,22,22,22,22,22,22,22,22
1,1,270087,0,0,0,0,0,0,0,0,0,0
1,1,270088,0,0,0,0,0,0,0,0,0,0
2,1,270088,0,0,0,0,0,0,0,0,0,0
1,1,270089,0,0,0,0,0,0,0,0,0,0
2,1,270089,0,0,0,0,0,0,0,0,0,0
0,1,270090,7,0,5,0,36,0,29,22,13,22
1,1,270090,0,0,0,0,0,0,0,0,0,0
1,1,270091,0,0,0,0,0,0,0,0,0,0
2,1,270091,0,0,0,0,0,0,0,0,0,0
1,1,270092,0,0,0,0,0,0,0,0,0,0
2,1,270092,0,0,0,0,0,0,0,0,0,0
1,1,270093,0,0,0,0,0,0,0,0,0,0
2,1,270093,0,0,0,0,0,0,0,0,0,0
0,1,270094,0,0,0,0,0,0,0,0,0,0
1,1,270094,0,0,0,0,0,0,0,0,0,0
1,1,270095,0,0,14,0,0,0,0,0,0,0
2,1,270095,0,0,0,0,0,0,0,0,0,0
1,1,270096,0,0,0,0,0,0,0,0,0,0
2,1,270096,0,0,0,0,0,0,0,0,0,0
1,1,270097,0,0,0,0,0,0,0,0,0,0
2,1,270097,0,0,0,0,0,0,0,0,0,0
1,1,270098,11,11,11,11,11,11,11,11,11,11
1,1,270099,0,0,0,0,0,0,0,0,0,0
2,1,270099,0,0,0,0,0,0,0,0,0,0
1,1,270100,9,9,9,9,9,9,9,9,9,9
1,1,270101,0,0,0,0,0,0,0,0,0,0
2,1,270101,0,0,0,0,0,0,0,0,0,0
1,1,270102,11,0,0,0,0,0,0,20,24,22
1,1,270103,16,16,16,16,16,16,16,16,16,16
0,1,270104,0,0,0,0,0,0,0,0,0,0
1,1,270104,0,0,0,0,0,0,0,0,0,0
1,1,270105,0,0,0,0,0,0,0,0,0,0
2,1,270105,0,0,0,0,0,0,0,0,0,0
1,1,270106,36,36,36,36,36,36,36,36,36,36
1,1,270107,6,6,6,6,6,6,6,6,6,6
1,1,270108,0,0,0,0,0,0,0,0,0,0
2,1,270108,0,0,0,0,0,0,0,0,0,0
1,1,270109,0,0,0,0,0,0,0,0,0,0
1,1,270110,15,15,15,15,15,15,15,15,15,15
1,1,270111,15,0,0,0,17,0,16,6,0,9
1,1,270112,8,8,8,8,8,8,8,8,8,8
1,1,270113,36,36,36,36,36,36,36,36,36,36
1,1,270114,24,24,24,24,24,24,24,24,24,24
1,1,270115,0,0,0,0,0,0,0,0,0,0
1,1,270116,13,13,13,13,13,13,13,13,13,13
2,1,270116,14,14,14,14,14,14,14,14,14,14
1,1,270117,24,24,24,24,24,24,24,24,24,24
1,1,270118,17,0,28,0,0,0,0,0,0,0
2,1,270118,0,0,0,0,0,0,0,0,0,0
0,1,270119,0,0,0,0,0,0,0,0,0,0
1,1,270119,0,0,0,0,0,0,0,0,0,0
1,1,270120,0,0,0,0,0,0,0,0,0,0
2,1,270120,0,0,13,0,0,0,0,0,0,18
1,1,270121,26,26,26,26,26,26,26,26,26,26
1,1,270122,27,27,27,27,27,27,27,27,27,27
1,1,270123,0,0,0,0,0,0,0,0,0,0
0,1,270124,0,0,0,0,0,0,0,0,0,0
1,1,270124,0,0,0,0,0,0,0,0,0,0
1,1,270125,14,14,14,14,14,14,14,14,14,14
1,1,270126,0,0,0,0,0,0,0,0,0,0
2,1,270126,0,0,0,0,0,0,0,0,0,0
1,1,270127,0,0,0,0,0,0,0,0,0,0
2,1,270127,0,0,0,0,0,0,0,0,0,0
1,1,270128,13,13,13,13,13,13,13,13,13,13
0,1,270129,31,31,31,31,31,31,31,31,31,31
1,1,270129,0,0,0,0,0,0,0,0,0,0
1,1,270130,0,0,0,0,0,0,0,0,0,0
1,1,270131,19,19,19,19,19,19,19,19,19,19
1,1,270132,0,0,0,0,0,0,0,0,0,0
2,1,270132,0,0,0,0,0,0,0,0,0,0
1,1,270133,0,0,0,0,0,0,0,0,0,0
2,1,270133,0,0,0,0,0,0,0,0,0,0
1,1,270134,0,0,0,4,0,0,0,0,0,26
2,1,270134,3,3,3,3,3,3,3,3,3,3
1,1,270135,0,0,0,0,0,0,0,0,0,0
2,1,270135,0,0,0,0,0,0,0,0,0,0
1,1,270136,21,21,21,21,21,21,21,21,21,21
1,1,270137,0,0,0,0,0,0,0,0,0,0
2,1,270137,0,0,0,0,0,0,0,8,0,0
3,1,270137,0,0,0,0,0,0,0,0,0,0
4,1,270137,0,0,0,0,0,0,0,0,0,0
1,1,270138,0,0,0,0,0,0,0,0,0,0
1,1,270139,0,0,0,0,0,0,0,0,0,0
2,1,270139,18,18,18,18,18,18,18,18,18,18
1,1,270140,14,14,14,14,14,14,14,14,14,14
0,1,270141,19,19,19,19,19,19,19,19,19,19
1,1,270141,2,2,2,2,2,2,2,2,2,2
1,1,270142,31,31,31,31,31,31,31,31,31,31
1,1,270143,0,0,0,0,0,0,0,0,0,0
2,1,270143,0,0,0,0,0,0,0,0,0,0
3,1,270143,0,0,0,0,0,0,0,0,0,0
1,1,270144,19,19,19,19,19,19,19,19,19,19
2,1,270144,14,14,14,14,14,14,14,14,14,14
1,1,270145,19,19,19,19,19,19,19,19,19,19
1,1,270146,0,0,0,0,0,0,0,0,0,0
1,1,270147,16,16,16,16,16,16,16,16,16,16
2,1,270147,10,0,0,0,0,0,0,0,0,0
1,1,270149,0,0,0,0,0,0,0,0,0,0
1,1,270150,9,9,9,9,9,9,9,9,9,9
1,1,270151,11,11,11,11,11,11,11,11,11,11
1,1,270152,18,18,18,18,18,18,18,18,18,18
1,1,270154,0,0,12,0,0,0,0,0,0,0
2,1,270154,0,0,0,0,0,0,0,0,0,0
3,1,270154,0,0,0,0,0,0,0,0,0,0
1,1,270155,0,0,0,0,0,0,0,0,0,0
2,1,270155,0,0,0,0,0,0,0,0,0,0
1,1,270156,0,0,0,0,0,0,0,0,0,0
2,1,270156,0,0,0,0,0,0,0,0,0,0
1,1,270157,0,0,0,0,2,0,0,0,0,0
2,1,270157,0,0,0,0,0,0,0,0,0,0
1,1,270158,0,0,0,0,0,0,0,0,0,0
2,1,270158,0,0,0,0,0,0,0,0,0,0
1,1,270159,0,0,15,0,0,0,0,1,0,14
1,1,270160,1,1,1,1,1,1,1,1,1,1
2,1,270160,0,0,0,0,0,0,0,0,0,0
1,1,270161,0,0,0,0,0,0,0,0,0,0
2,1,270161,0,0,0,0,13,0,0,0,0,0
0,1,270162,0,0,17,30,0,9,0,0,15,0
1,1,270162,17,21,30,16,20,14,29,24,32,27
0,1,270163,0,0,0,0,0,0,0,0,0,0
1,1,270163,0,0,20,0,0,3,0,0,0,0
1,1,270164,17,12,7,20,28,28,9,16,13,18
1,1,270165,20,20,20,20,20,20,20,20,20,20
1,1,270166,0,0,0,0,0,0,0,0,0,0
2,1,270166,0,0,0,0,0,0,0,0,0,0
0,1,270167,0,0,0,0,0,0,0,0,0,0
1,1,270167,0,0,0,0,0,0,0,0,0,0
1,1,270168,16,16,16,16,16,16,16,16,16,16
1,1,270169,0,0,0,0,0,0,0,0,0,0
2,1,270169,0,0,0,0,0,0,0,0,0,0
1,1,270170,0,0,0,0,0,0,0,0,0,0
2,1,270170,0,0,0,0,0,0,0,0,0,0
1,1,270171,0,0,0,0,0,0,0,0,0,0
1,1,270172,28,28,28,28,28,28,28,28,28,28
1,1,270173,0,0,0,0,0,0,0,0,0,0
1,1,270174,4,4,4,4,4,4,4,4,4,4
2,1,270174,0,0,0,0,0,0,0,0,0,0
1,1,270175,0,0,0,0,0,0,0,0,0,0