VEH_NO,PER_NO,ST_CASE,P1,P2,P3,P4,P5,P6,P7,P8,P9,P10
2,1,270175,0,0,0,0,0,0,0,0,0,0
1,1,270176,0,0,0,0,0,0,0,0,0,0
2,1,270176,0,0,0,0,0,0,0,0,0,0
0,1,270177,0,0,0,0,0,0,0,0,0,0
1,1,270177,0,0,0,0,0,0,0,0,0,0
1,1,270178,0,0,0,0,0,0,0,0,0,0
2,1,270178,0,0,0,0,0,0,0,0,0,0
3,1,270178,0,0,0,0,0,0,0,0,0,0
4,1,270178,0,0,0,0,0,0,0,0,0,0
1,1,270179,0,0,0,0,0,0,0,0,0,0
1,1,270180,0,0,0,0,0,0,0,0,0,0
2,1,270180,0,0,0,0,0,0,0,0,0,0
1,1,270181,13,0,0,0,0,0,0,0,0,0
2,1,270181,0,0,0,0,0,0,0,0,0,0
0,1,270182,0,0,0,0,0,0,0,0,0,0
1,1,270182,0,0,0,0,0,0,0,0,0,0
1,1,270183,0,0,0,0,0,0,0,0,0,0
0,1,270184,0,0,0,0,0,0,0,0,0,0
1,1,270184,0,0,0,0,0,0,0,0,0,0
1,1,270185,32,32,32,32,32,32,32,32,32,32
0,1,270186,0,0,0,0,0,0,0,21,0,0
1,1,270186,0,0,0,0,0,0,0,0,0,0
0,1,270188,0,0,0,0,0,0,0,0,0,0
1,1,270188,0,0,0,0,0,0,0,0,0,0
1,1,270189,0,0,0,0,0,0,0,0,0,0
2,1,270189,0,0,0,0,0,0,0,0,0,0
3,1,270189,0,0,0,0,0,0,0,0,0,0
4,1,270189,0,0,0,0,0,0,0,0,0,0
1,1,270190,0,0,0,0,0,0,0,0,0,0
2,1,270190,0,0,0,0,0,0,0,0,0,0
1,1,270191,17,17,17,17,17,17,17,17,17,17
1,1,270192,0,0,0,0,0,0,0,0,0,0
2,1,270192,0,0,0,0,0,0,0,0,0,0
3,1,270192,0,0,0,0,0,0,0,0,0,0
1,1,270193,0,0,0,0,0,0,0,0,0,0
1,1,270194,0,0,0,0,0,0,0,0,0,0
2,1,270194,0,0,0,0,0,0,0,0,0,0
0,1,270195,0,0,0,0,0,0,0,0,0,0
1,1,270195,2,2,2,2,2,2,2,2,2,2
1,1,270196,20,20,20,20,20,20,20,20,20,20
0,1,270197,0,17,0,0,0,0,0,12,0,0
1,1,270197,0,0,0,0,0,0,0,0,0,0
1,1,270198,0,0,0,0,0,0,0,0,0,0
1,1,270199,0,0,0,0,0,0,14,0,0,0
2,1,270199,0,0,0,0,0,0,0,0,0,0
3,1,270199,0,0,0,0,0,0,0,0,0,0
4,1,270199,0,0,0,0,0,0,0,0,0,0
5,1,270199,0,0,0,0,11,0,0,0,0,0
6,1,270199,0,0,0,0,0,0,0,0,0,0
7,1,270199,0,0,0,0,0,0,0,0,0,0
1,1,270201,15,15,15,15,15,15,15,15,15,15
1,1,270202,0,0,0,0,0,0,0,0,0,0
2,1,270202,0,0,0,0,0,0,0,0,0,0
1,1,270203,0,0,0,0,0,0,0,0,0,0
0,1,270204,0,0,0,0,0,0,0,0,0,0
1,1,270204,0,0,0,0,0,0,0,0,0,0
1,1,270205,20,20,20,20,20,20,20,20,20,20
1,1,270206,0,0,0,0,0,0,0,0,0,0
1,1,270207,23,23,23,23,23,23,23,23,23,23
1,1,270208,20,20,20,20,20,20,20,20,20,20
0,1,270209,0,16,0,0,0,0,0,0,0,0
1,1,270209,0,0,0,0,0,0,0,0,0,0
1,1,270210,0,0,0,0,0,0,0,0,0,0
2,1,270210,0,0,0,0,0,0,0,0,0,0
1,1,270212,0,0,0,0,0,0,0,0,0,0
1,1,270213,0,0,0,0,0,0,0,0,0,0
2,1,270213,0,0,0,0,0,0,0,0,0,0
1,1,270214,18,18,18,18,18,18,18,18,18,18
1,1,270215,0,0,0,0,0,0,0,0,0,0
1,1,270216,0,0,0,0,0,0,0,0,0,0
2,1,270216,0,0,0,0,0,0,0,0,0,0
1,1,270217,7,7,7,7,7,7,7,7,7,7
1,1,270218,0,0,0,0,0,0,0,0,0,0
1,1,270219,28,28,28,28,28,28,28,28,28,28
1,1,270220,0,0,0,0,0,0,0,0,0,0
2,1,270220,0,0,0,0,0,0,0,0,0,0
1,1,270221,0,0,0,0,0,0,0,0,0,0
2,1,270221,0,0,0,0,0,0,0,0,0,0
1,1,270222,0,0,0,0,0,0,0,0,0,0
1,1,270223,0,0,0,0,0,0,0,0,0,0
2,1,270223,0,0,0,0,0,0,0,0,0,0
1,1,270224,0,0,0,0,0,0,3,0,0,0
1,1,270225,0,0,0,0,0,0,0,0,0,0
1,1,270226,24,24,24,24,24,24,24,24,24,24
1,1,270227,0,0,0,0,0,0,0,0,0,0
2,1,270227,0,0,0,0,0,0,0,0,0,0
1,1,270228,0,0,0,0,0,0,0,0,0,0
2,1,270228,0,0,10,0,0,0,0,0,0,0
1,1,270229,9,9,9,9,9,9,9,9,9,9
2,1,270229,0,0,0,0,0,0,0,0,0,0
1,1,270230,0,0,0,0,0,0,0,0,0,0
2,1,270230,0,0,0,0,0,0,0,0,0,0
1,1,270231,26,26,26,26,26,26,26,26,26,26
1,1,270232,0,0,0,0,0,0,0,0,0,0
1,1,270233,16,16,16,16,16,16,16,16,16,16
1,1,270234,0,0,0,0,0,0,0,0,0,0
2,1,270234,0,0,0,0,0,0,13,0,0,16
2,1,270235,0,0,0,0,0,0,0,0,0,0
1,1,270236,0,0,0,0,20,0,0,0,19,0
1,1,270237,3,3,3,3,3,3,3,3,3,3
1,1,270238,19,19,19,19,19,19,19,19,19,19
1,1,270239,9,9,9,9,9,9,9,9,9,9
2,1,270239,0,0,0,0,0,0,0,0,0,0
1,1,270240,0,0,0,0,0,0,0,0,0,0
2,1,270240,0,2,0,0,0,0,0,0,0,0
1,1,270241,0,0,0,0,0,0,0,0,0,0
1,1,270242,0,0,0,0,0,0,0,0,0,0
2,1,270242,0,0,0,0,10,0,5,0,0,0
3,1,270242,0,0,0,0,0,0,0,0,0,0
1,1,270243,24,24,24,24,24,24,24,24,24,24
1,1,270244,13,13,13,13,13,13,13,13,13,13
1,1,270245,0,0,0,0,0,0,0,0,0,0
2,1,270245,0,0,0,0,0,0,0,0,0,0
1,1,270246,0,0,0,0,0,0,0,0,0,0
1,1,270247,24,24,24,24,24,24,24,24,24,24
1,1,270248,0,0,0,0,0,0,0,0,0,0
2,1,270248,0,0,0,0,0,0,0,0,0,0
3,1,270248,0,0,0,0,0,0,0,0,0,0
1,1,270249,13,13,13,13,13,13,13,13,13,13
1,1,270250,6,6,6,6,6,6,6,6,6,6
1,1,270251,0,0,0,0,0,0,0,0,0,0
2,1,270251,0,0,0,0,0,0,0,0,0,19
1,1,270252,0,0,0,0,0,0,0,0,0,0
2,1,270252,0,0,0,0,0,0,0,0,0,0
1,1,270253,0,0,0,0,0,0,0,0,0,0
1,1,270254,18,18,18,18,18,18,18,18,18,18
1,1,270255,30,30,30,30,30,30,30,30,30,30
2,1,270255,0,0,0,0,0,0,0,0,0,0
3,1,270255,0,0,0,0,0,0,0,0,0,0
1,1,270256,0,0,0,0,0,0,0,0,0,0
2,1,270256,0,0,0,0,0,0,0,0,0,0
0,1,270257,1,1,1,1,1,1,1,1,1,1
1,1,270257,0,0,0,0,0,0,0,0,0,0
0,1,270258,0,0,0,0,0,0,0,0,0,0
1,1,270258,0,0,0,0,0,0,0,0,0,0
1,1,270259,0,0,0,0,0,0,0,0,0,0
2,1,270259,0,0,0,0,0,0,0,0,0,0
1,1,270260,0,0,0,0,0,0,0,0,0,0
2,1,270260,0,0,0,0,0,0,0,0,0,0
1,1,270261,0,0,0,0,0,0,0,0,0,0
1,1,270262,0,0,0,0,0,0,0,0,0,0
2,1,270262,0,0,0,0,0,0,0,0,0,0
1,1,270263,0,0,0,0,0,0,0,0,0,0
2,1,270263,0,0,0,0,0,0,0,0,0,0
1,1,270264,15,15,15,15,15,15,15,15,15,15
1,1,270265,0,0,0,0,0,0,0,0,0,0
1,1,270266,21,21,21,21,21,21,21,21,21,21
1,1,270267,0,0,0,0,0,0,0,0,0,0
1,1,270268,0,0,0,0,0,0,0,0,0,0
2,1,270268,0,0,0,0,0,0,0,0,0,0
1,1,270269,0,0,0,0,0,0,0,0,0,0
1,1,270270,0,0,0,0,0,0,0,0,0,0
1,1,270271,0,0,0,0,0,0,0,0,0,0
2,1,270271,0,0,0,0,0,0,0,0,0,0
1,1,270272,16,16,16,16,16,16,16,16,16,16
1,1,270273,31,31,31,31,31,31,31,31,31,31
1,1,270274,30,30,30,30,30,30,30,30,30,30
1,1,270275,0,0,0,0,0,0,0,0,0,0
2,1,270275,0,0,0,0,0,0,0,0,0,0
1,1,270276,0,0,0,0,0,0,0,0,0,0
2,1,270276,0,0,0,0,0,0,0,0,0,0
1,1,270277,0,0,0,0,0,0,0,16,0,0
1,1,270278,0,0,0,0,0,0,0,0,0,0
2,1,270278,0,0,0,0,0,0,0,0,0,0
3,1,270278,0,0,0,0,0,0,0,0,0,0
1,1,270279,0,0,0,0,0,0,0,0,0,0
2,1,270279,0,0,0,0,0,0,0,0,0,0
3,1,270279,0,0,0,0,0,0,0,0,0,0
1,1,270280,0,0,0,0,0,0,0,0,0,0
1,1,270281,0,0,0,0,0,0,0,0,0,0
2,1,270281,22,22,22,22,22,22,22,22,22,22
0,1,270282,0,0,0,0,0,0,0,0,0,0
1,1,270282,0,0,0,0,0,0,0,0,0,0
1,1,270283,12,12,12,12,12,12,12,12,12,12
1,1,270284,24,24,24,24,24,24,24,24,24,24
1,1,270285,11,11,11,11,11,11,11,11,11,11
1,1,270286,0,0,0,0,0,0,0,0,0,0
2,1,270286,0,0,0,0,0,0,0,0,0,0
1,1,270287,20,20,20,20,20,20,20,20,20,20
0,1,270288,0,0,0,0,0,0,0,0,0,0
1,1,270288,0,0,0,0,0,0,0,0,0,0
0,1,270289,0,0,0,0,0,0,0,0,0,0
1,1,270289,0,0,0,0,0,0,0,0,0,0
0,1,270290,0,0,0,0,0,0,0,0,0,0
1,1,270290,0,0,0,0,0,0,0,0,0,0
1,1,270291,17,17,17,17,17,17,17,17,17,17
1,1,270292,28,28,28,28,28,28,28,28,28,28
1,1,270293,19,19,19,19,19,19,19,19,19,19
2,1,270293,0,0,20,0,0,0,13,20,6,0
3,1,270293,10,10,10,10,10,10,10,10,10,10
1,1,270294,0,0,0,0,0,0,0,0,0,0
2,1,270294,0,0,0,0,0,0,0,0,0,0
1,1,270295,12,12,12,12,12,12,12,12,12,12
1,1,270296,0,0,0,0,0,0,0,0,0,0
2,1,270296,0,0,0,0,0,0,0,0,0,0
1,1,270297,0,0,0,0,0,0,0,0,0,0
1,1,270298,0,0,0,0,0,0,0,0,0,0
2,1,270298,15,15,15,15,15,15,15,15,15,15
1,1,270299,14,14,14,14,14,14,14,14,14,14
1,1,270300,24,24,24,24,24,24,24,24,24,24
1,1,270301,0,0,0,4,11,0,12,0,0,4
1,1,270302,0,0,0,0,0,0,0,0,0,0
1,1,270303,0,0,0,0,0,0,0,0,0,0
2,1,270303,0,0,0,0,0,0,0,0,0,0
3,1,270303,0,0,0,0,0,0,0,0,0,0
1,1,270304,0,0,0,0,0,0,0,0,0,0
2,1,270304,0,0,0,0,0,0,0,0,0,0
1,1,270305,0,0,0,0,0,0,0,0,0,0
1,1,270306,17,17,17,17,17,17,17,17,17,17
0,1,270307,0,0,0,0,0,0,0,0,0,0
0,2,270307,0,0,0,0,0,0,0,0,0,0
1,1,270307,0,0,0,0,0,0,0,0,0,0
1,1,270308,12,12,12,12,12,12,12,12,12,12
1,1,270309,0,0,0,0,0,0,0,0,0,0
2,1,270309,0,0,0,0,0,0,0,0,0,0
1,1,270310,24,24,24,24,24,24,24,24,24,24
1,1,270311,1,1,1,1,1,1,1,1,1,1
2,1,270311,0,0,0,0,0,0,0,0,0,0
1,1,270312,0,3,0,0,0,11,18,17,0,16
1,1,270313,0,0,0,0,0,0,0,0,0,0
1,1,270314,13,13,13,13,13,13,13,13,13,13
1,1,270315,0,0,0,0,0,0,0,0,0,0
2,1,270315,0,0,0,0,0,0,0,0,0,0
1,1,270316,0,0,0,0,0,0,0,0,0,0
2,1,270316,0,0,0,0,0,0,0,0,0,0
0,1,270317,29,29,29,29,29,29,29,29,29,29
1,1,270317,0,0,0,0,0,0,0,0,0,0
1,1,270318,0,0,0,0,0,0,0,0,0,0
2,1,270318,0,0,0,0,0,0,0,0,0,0
0,1,270319,0,0,0,0,0,0,0,0,0,0
1,1,270319,0,0,0,0,0,0,0,0,0,0
1,1,270320,0,0,0,0,0,0,0,0,0,0
1,1,270321,0,0,0,0,0,0,0,0,0,0
2,1,270321,0,0,0,0,0,0,0,0,0,0
1,1,270322,12,12,12,12,12,12,12,12,12,12
1,1,270323,28,28,28,28,28,28,28,28,28,28
1,1,270324,0,0,0,0,0,0,0,0,0,0
2,1,270324,0,0,0,0,0,0,0,0,0,0
1,1,270325,0,0,0,0,0,0,23,29,0,0
1,1,270326,0,0,0,0,0,0,0,0,0,0
2,1,270326,0,0,0,0,0,0,0,0,0,0
1,1,270327,0,0,0,0,0,0,0,0,0,0
1,1,270328,0,0,0,0,0,0,0,0,0,0
1,1,270329,0,0,0,0,0,0,0,0,0,0
2,1,270329,0,0,0,0,0,0,0,0,0,0
1,1,270330,0,0,0,0,0,0,0,0,0,0
2,1,270330,0,0,0,0,0,0,0,0,0,0
1,1,270331,0,0,0,0,0,0,0,0,0,0
1,1,270332,0,0,0,0,0,0,0,0,0,0
1,1,270333,0,0,0,0,0,0,0,0,0,0
2,1,270333,0,0,0,0,0,0,0,0,0,0
0,1,270334,25,25,25,25,25,25,25,25,25,25
0,2,270334,0,16,10,8,0,13,0,13,22,19
1,1,270334,0,0,0,0,18,0,0,0,0,0
1,1,270335,0,0,0,0,0,0,0,0,0,0
1,1,270336,0,0,0,0,0,0,0,0,0,0
2,1,270336,0,0,0,0,0,0,0,0,0,0
1,1,270337,0,0,0,0,0,0,0,0,0,0
0,1,270338,0,0,0,0,0,0,0,0,0,0
1,1,270338,0,0,0,0,0,0,0,0,0,0
1,1,270339,0,0,0,0,0,0,0,0,0,0
2,1,270339,0,0,0,0,0,0,0,0,0,0
1,1,270340,0,0,0,0,0,0,0,0,0,0
2,1,270340,0,0,0,0,0,0,0,0,0,0
1,1,270341,0,0,0,0,0,0,0,0,0,0
2,1,270341,0,0,0,0,0,0,0,0,0,0
1,1,270342,20,20,20,20,20,20,20,20,20,20
1,1,270343,0,0,0,0,0,0,0,0,0,0
2,1,270343,0,0,0,0,0,0,0,0,0,0
1,1,270344,0,0,0,0,0,0,0,0,0,0
2,1,270344,0,0,0,0,0,0,0,0,0,0
0,1,270345,0,0,0,0,0,0,0,0,0,0
1,1,270345,0,0,0,0,0,0,0,0,0,0
1,1,270346,0,0,0,0,0,0,0,0,0,0
1,1,270347,24,24,24,24,24,24,24,24,24,24
1,1,270348,0,0,0,0,0,0,0,0,0,0
2,1,270348,0,0,0,0,10,0,0,18,0,0
1,1,270349,0,0,0,0,0,0,0,0,10,0
1,1,270350,11,11,11,11,11,11,11,11,11,11
2,1,270350,11,11,11,11,11,11,11,11,11,11
1,1,270351,26,26,26,26,26,26,26,26,26,26
1,1,270352,0,0,0,0,0,0,0,0,0,0
2,1,270352,14,14,14,14,14,14,14,14,14,14
1,1,270353,0,11,0,0,17,0,0,0,0,0
2,1,270353,0,0,0,0,0,0,0,0,0,0
3,1,270353,0,0,0,0,0,0,0,0,0,0
1,1,270354,0,0,0,0,0,0,0,0,0,0
2,1,270354,0,0,0,0,0,0,0,0,0,0
1,1,270355,0,0,0,0,0,0,0,0,0,0
1,1,270356,0,0,0,0,0,0,0,0,0,0
2,1,270356,0,0,0,0,0,0,0,0,0,0
3,1,270356,0,0,0,0,0,0,0,0,0,0
1,1,270357,14,0,0,0,0,0,8,17,0,0
1,1,270358,0,0,0,0,0,0,0,0,0,0
1,1,270359,0,0,0,0,0,0,0,0,0,0
1,1,270360,0,0,0,0,0,0,0,0,0,0
2,1,270360,0,0,0,0,0,0,0,0,0,0
1,1,270361,0,0,0,0,0,0,0,0,0,0
1,1,270362,3,3,3,3,3,3,3,3,3,3
2,1,270362,0,0,0,0,0,0,0,0,0,0
1,1,270363,0,0,0,0,0,0,0,0,0,0
0,1,270364,0,0,0,0,0,0,0,0,0,0
1,1,270364,0,0,0,0,0,0,0,0,0,0
1,1,270365,22,10,15,26,12,18,4,13,0,26
2,1,270365,0,0,0,0,0,0,0,0,0,0
3,1,270365,0,0,0,0,0,0,0,0,0,0
1,1,270366,0,0,0,0,0,0,0,0,0,0
2,1,270366,0,0,0,0,0,0,0,0,0,0
3,1,270366,0,0,0,0,0,0,0,0,0,0
1,1,270367,0,0,0,0,0,0,0,0,0,0
2,1,270367,0,0,0,0,0,0,0,0,0,0
3,1,270367,0,0,0,0,0,0,0,0,0,0
1,1,270368,10,10,10,10,10,10,10,10,10,10
1,1,270369,0,0,0,0,0,0,0,0,0,0
2,1,270369,10,10,10,10,10,10,10,10,10,10
1,1,270370,0,0,0,0,0,0,0,0,0,0
2,1,270370,0,0,0,0,0,0,8,0,0,0
1,1,270371,0,0,0,0,0,0,0,0,0,0
2,1,270371,0,0,0,0,0,0,0,0,0,0
1,1,270372,6,11,6,13,17,15,16,16,0,4
0,1,270373,0,0,20,0,0,20,0,0,25,0
1,1,270373,0,10,18,21,12,19,0,13,14,0
1,1,270374,13,13,13,13,13,13,13,13,13,13
1,1,270375,0,0,0,0,0,0,0,0,0,0
2,1,270375,0,0,0,0,0,0,0,0,0,0
0,1,270376,0,26,0,16,0,0,0,20,0,0
1,1,270376,0,0,0,19,14,0,0,23,0,24
1,1,270377,14,14,14,14,14,14,14,14,14,14
1,1,270378,24,24,24,24,24,24,24,24,24,24
1,1,270379,0,0,0,0,0,0,0,0,0,0
0,1,270380,0,15,0,7,21,7,22,23,0,21
1,1,270380,0,0,0,0,16,0,0,0,0,28
1,1,270381,2,2,2,2,2,2,2,2,2,2
2,1,270381,0,0,0,0,0,7,0,0,0,0
1,1,270382,9,9,9,9,9,9,9,9,9,9
1,1,270383,25,25,25,25,25,25,25,25,25,25
2,1,270384,0,0,0,0,0,0,0,0,0,0
1,1,270385,20,20,20,20,20,20,20,20,20,20
1,1,270386,7,7,7,7,7,7,7,7,7,7
2,1,270386,0,0,0,0,0,0,0,0,0,0
1,1,270387,0,0,0,0,0,0,0,0,0,0
2,1,270387,0,0,0,0,0,0,0,0,0,0
1,1,270388,21,21,21,21,21,21,21,21,21,21
1,1,270389,0,19,26,0,0,0,0,0,0,0
1,1,270390,0,0,0,0,0,0,0,0,0,0
1,1,270391,0,0,18,0,5,0,0,0,0,15
1,1,270392,0,0,0,0,0,0,0,0,0,0
1,1,270393,6,8,26,15,30,19,13,13,0,8
2,1,270393,0,0,0,0,0,0,0,0,0,0
1,1,270394,29,29,29,29,29,29,29,29,29,29
2,1,270394,0,0,0,0,0,0,0,0,0,0
1,1,270395,0,0,0,0,0,0,0,0,0,0
2,1,270395,0,0,0,0,0,0,0,0,0,0
0,1,270396,0,0,0,21,41,13,0,0,0,16
1,1,270396,19,23,3,14,6,0,17,15,19,35
1,1,270397,16,16,16,16,16,16,16,16,16,16
2,1,270397,0,0,0,0,0,0,0,0,0,0
3,1,270397,0,0,0,0,0,0,0,0,0,0
1,1,270398,0,0,0,0,0,0,0,0,0,0
2,1,270398,0,0,0,0,0,0,0,0,0,0
1,1,270399,0,0,0,0,0,0,0,0,0,0
2,1,270399,0,0,0,0,0,0,0,0,0,0
0,1,270400,0,0,0,0,0,0,0,0,0,0
0,2,270400,0,0,0,0,0,0,0,0,0,0
1,1,270400,0,0,0,0,0,0,0,0,0,0
1,1,270401,0,0,0,0,0,0,0,0,0,0
2,1,270401,0,0,0,0,0,0,0,0,0,0
0,1,270402,8,11,22,19,18,31,17,22,21,32
1,1,270402,0,22,0,0,0,0,0,0,0,0
1,1,270403,15,15,15,15,15,15,15,15,15,15
1,1,270404,0,0,0,0,0,0,0,0,0,0
2,1,270404,0,0,0,0,0,0,0,0,0,0
1,1,270405,22,22,22,22,22,22,22,22,22,22
1,1,270406,0,0,0,0,0,0,0,0,0,0
1,1,270407,0,0,0,0,0,0,0,0,0,0
2,1,270407,0,0,0,0,0,0,0,0,0,0
1,1,270408,0,0,0,0,0,0,0,0,0,0
1,1,270409,27,27,27,27,27,27,27,27,27,27
1,1,270410,0,0,0,0,0,0,0,0,0,0
2,1,270410,0,0,0,0,0,0,0,0,0,0
1,1,270411,0,0,0,0,0,0,0,0,0,0
2,1,270411,0,0,0,0,0,0,0,0,0,0
1,1,270412,0,0,0,0,0,0,0,0,0,0
1,1,270413,0,0,0,0,0,0,0,0,0,0
1,1,270414,26,26,26,26,26,26,26,26,26,26
1,1,270415,2,2,2,2,2,2,2,2,2,2
1,1,270416,6,6,6,6,6,6,6,6,6,6
1,1,270417,43,43,43,43,43,43,43,43,43,43
1,1,270418,10,9,0,22,0,10,0,15,0,11
1,1,270419,0,0,26,0,0,0,0,0,25,0
2,1,270419,9,23,9,5,6,0,19,25,8,21
1,1,270420,0,0,0,0,0,0,0,0,0,0
2,1,270420,0,0,0,0,0,0,0,0,0,0
1,1,270421,0,0,0,0,0,0,0,0,0,0
1,1,270422,21,21,21,21,21,21,21,21,21,21
1,1,270423,38,38,38,38,38,38,38,38,38,38
1,1,270424,0,0,0,0,0,0,0,0,0,0
2,1,270424,0,0,0,0,0,0,0,0,0,0
1,1,270425,0,0,0,0,0,0,0,0,0,0
0,1,270426,0,0,0,0,0,0,0,0,0,0
1,1,270426,0,0,0,0,0,0,0,0,0,0
2,1,270426,0,0,0,0,0,0,0,0,0,0
1,1,270427,0,0,0,0,0,0,0,0,0,0
2,1,270427,0,0,11,0,0,0,0,0,0,0
3,1,270427,0,0,15,0,0,0,0,0,0,0
0,1,270428,24,24,24,24,24,24,24,24,24,24
1,1,270428,12,12,12,12,12,12,12,12,12,12
1,1,270429,0,0,0,0,0,0,0,0,0,0
2,1,270429,0,0,0,0,0,0,0,0,0,0
1,1,270430,0,0,0,0,0,0,0,0,0,0
2,1,270430,0,0,0,0,0,0,0,0,0,0
1,1,270431,0,0,0,0,0,0,0,0,0,0
2,1,270431,0,0,0,0,0,0,0,0,0,0
1,1,270432,0,0,0,0,0,0,0,0,0,0
1,1,270433,0,0,0,0,0,0,0,0,0,0
1,1,270434,0,0,0,0,0,0,0,0,0,0
2,1,270434,0,0,0,0,0,0,0,0,0,0
1,1,270435,2,2,2,2,2,2,2,2,2,2
1,1,270436,0,0,0,0,0,0,0,0,0,0
2,1,270436,0,0,0,0,0,0,0,0,0,0
1,1,270437,0,0,0,7,0,0,0,0,0,0
2,1,270437,0,0,0,0,0,0,0,0,0,0
1,1,270438,0,0,0,0,0,0,0,0,0,0
1,1,270439,26,26,26,26,26,26,26,26,26,26
1,1,270440,0,0,0,0,0,0,0,0,0,0
2,1,270440,0,0,0,0,0,0,0,0,0,0
1,1,270441,0,0,0,0,0,0,0,0,0,0
2,1,270441,0,0,0,0,0,0,0,0,0,0
1,1,270442,0,0,0,0,0,0,0,0,8,0
1,1,270443,17,17,17,17,17,17,17,17,17,17
1,1,270444,20,4,10,19,22,3,7,0,9,9
1,1,270445,0,0,0,0,0,0,0,0,0,0
2,1,270445,0,0,0,0,0,0,0,0,0,0
1,1,270446,0,0,0,0,0,0,0,0,0,0
2,1,270446,0,9,0,4,0,0,0,0,3,0
3,1,270446,0,0,0,0,0,0,0,0,0,0
1,1,270447,0,0,0,0,0,0,0,0,0,0
2,1,270447,0,0,0,0,0,0,0,0,7,0
1,1,270448,0,0,0,0,0,0,0,0,0,0
1,3,270449,9,8,5,9,15,0,16,0,0,0
1,1,270450,0,0,0,0,0,0,0,0,0,0
1,1,270451,4,4,4,4,4,4,4,4,4,4
2,1,270451,0,0,0,0,0,0,0,0,0,0
1,1,270452,0,0,0,0,0,0,0,0,0,0
2,1,270452,0,0,0,0,0,0,0,0,0,0
0,1,270453,0,0,0,0,0,0,0,0,0,28
0,2,270453,0,0,37,0,0,0,0,0,0,0
1,1,270453,0,0,0,0,0,0,0,0,0,0
1,1,270454,8,8,8,8,8,8,8,8,8,8
1,1,270455,23,23,23,23,23,23,23,23,23,23
1,1,270456,0,0,0,0,0,0,0,0,0,0
2,1,270456,0,0,0,0,0,0,0,0,0,0
1,1,270457,0,0,0,0,0,0,0,0,0,0
1,1,270458,11,20,9,25,24,4,20,13,21,16
2,1,270458,0,0,0,0,0,0,0,0,0,0
1,1,270459,0,10,0,0,0,0,0,0,0,0
1,1,270460,25,25,25,25,25,25,25,25,25,25
1,1,270461,0,0,0,0,0,0,0,0,0,0
1,1,270462,0,0,0,0,0,0,0,0,0,0
1,1,280001,13,13,13,13,13,13,13,13,13,13
1,1,280002,24,24,24,24,24,24,24,24,24,24
0,1,280003,0,18,0,0,32,16,19,0,0,15
1,1,280003,0,0,0,0,0,0,0,0,0,0
1,1,280005,0,0,0,0,0,0,0,0,0,0
1,1,280006,0,11,7,0,0,0,0,0,0,0
2,1,280006,0,0,0,0,0,0,0,0,0,0
1,1,280007,18,18,0,10,12,0,0,0,0,14
1,1,280008,13,13,13,13,13,13,13,13,13,13
1,1,280009,11,11,11,11,11,11,11,11,11,11
1,1,280010,0,0,0,0,0,0,0,0,0,0
1,1,280011,0,0,0,0,0,0,0,0,0,0
1,1,280012,0,0,0,0,0,0,0,0,0,0
1,1,280013,0,0,0,0,0,0,0,8,0,16
2,1,280013,0,0,0,0,0,0,0,0,0,0
1,1,280014,0,0,0,0,0,0,0,0,0,0
1,1,280015,18,18,18,18,18,18,18,18,18,18
2,1,280015,4,4,4,4,4,4,4,4,4,4
1,1,280016,0,0,0,0,0,0,0,0,0,0
2,1,280016,0,0,0,0,0,0,0,0,0,0
1,1,280017,16,17,0,28,22,32,24,0,29,22
1,1,280018,0,0,0,0,0,0,0,0,0,0
2,1,280018,0,0,0,0,0,0,0,0,0,0
1,1,280019,0,0,0,0,0,0,0,0,0,0
2,1,280019,0,0,0,0,9,0,0,0,0,0
1,1,280020,8,8,8,8,8,8,8,8,8,8
2,1,280020,0,0,0,0,0,0,0,0,10,0
1,1,280021,0,0,0,0,0,0,0,0,18,0
1,1,280022,0,5,0,0,0,0,0,0,0,0
2,1,280022,0,0,0,0,0,4,12,0,0,12
1,1,280023,0,0,0,0,0,0,0,0,0,0
2,1,280023,0,0,0,0,0,0,0,0,0,0
0,1,280024,18,18,18,18,18,18,18,18,18,18
1,1,280024,0,0,0,0,0,0,0,0,0,0
1,1,280025,13,20,6,14,13,14,17,0,0,0
1,1,280026,0,0,0,0,0,0,0,0,0,0
2,1,280026,0,0,0,0,0,0,0,0,0,0
1,1,280027,0,6,14,0,0,0,22,0,6,15
1,1,280028,0,0,0,0,0,0,0,8,0,0
2,1,280028,0,0,0,0,0,0,0,13,0,0
1,1,280029,18,18,18,18,18,18,18,18,18,18
1,1,280030,0,0,0,0,0,0,0,0,0,0
2,1,280030,0,0,0,0,0,16,0,0,0,0
1,1,280031,0,0,0,0,0,4,0,0,0,0
2,1,280031,0,0,0,0,0,0,0,0,3,36
1,1,280032,0,0,17,0,0,0,0,0,0,0
2,1,280032,0,0,0,0,0,0,0,0,0,0
1,1,280033,11,12,0,0,14,0,14,13,33,0
1,1,280034,10,0,12,24,0,0,0,0,0,0
2,1,280034,0,0,0,0,0,0,0,0,0,0
1,1,280035,18,18,18,18,18,18,18,18,18,18
1,1,280036,0,0,0,0,0,0,14,0,0,0
2,1,280036,0,0,0,0,0,0,0,0,0,0