VEH_NO,PER_NO,ST_CASE,P1,P2,P3,P4,P5,P6,P7,P8,P9,P10
1,1,280037,0,0,0,0,15,0,0,0,0,9
2,1,280037,19,19,19,19,19,19,19,19,19,19
1,1,280038,0,0,0,0,0,0,0,0,0,0
1,1,280039,0,0,0,0,0,0,0,0,0,0
1,1,280040,0,0,0,0,0,0,0,0,0,0
2,1,280040,0,0,0,0,0,0,0,0,0,0
1,1,280041,0,0,0,0,0,0,0,0,0,0
2,1,280041,0,0,0,0,0,0,0,0,0,0
1,1,280042,15,15,15,15,15,15,15,15,15,15
0,1,280043,0,0,0,0,0,0,0,0,0,0
1,1,280043,3,0,0,0,0,0,0,0,0,0
1,1,280044,0,0,0,0,0,0,0,0,0,0
2,1,280044,0,0,5,15,0,6,6,8,0,0
1,1,280045,17,17,17,17,17,17,17,17,17,17
1,1,280046,0,0,0,0,0,15,0,0,0,0
2,1,280046,0,0,0,0,34,19,19,0,23,0
1,1,280047,0,0,0,0,0,0,0,0,0,0
2,1,280047,16,16,16,16,16,16,16,16,16,16
1,1,280048,7,0,0,0,0,16,0,0,5,19
1,1,280049,0,0,0,9,0,0,14,0,24,0
2,1,280049,3,0,0,0,0,14,21,0,7,0
1,1,280050,0,0,0,0,29,18,0,0,0,0
1,1,280051,0,0,0,0,0,0,0,0,0,0
2,1,280051,0,0,0,0,0,0,0,0,0,0
0,1,280052,0,0,0,0,0,0,0,0,0,0
1,1,280052,8,4,0,10,0,0,0,8,0,10
1,1,280053,0,10,13,20,0,25,14,18,0,21
2,1,280053,16,16,16,16,16,16,16,16,16,16
1,1,280054,0,0,15,11,12,0,0,0,0,0
1,1,280055,0,0,0,0,0,0,0,0,0,0
1,1,280056,0,0,0,0,0,0,0,0,0,0
1,1,280057,0,0,0,0,0,0,0,0,0,0
2,1,280057,0,0,0,0,0,0,0,6,0,0
1,1,280058,22,0,0,25,14,35,0,0,0,0
2,1,280058,0,39,0,25,0,0,24,12,10,0
0,1,280059,23,23,23,23,23,23,23,23,23,23
1,1,280059,0,0,18,0,0,0,0,0,12,0
1,1,280060,0,0,0,0,0,0,0,9,27,0
1,1,280061,16,16,16,16,16,16,16,16,16,16
0,1,280062,13,14,17,29,0,0,17,19,23,26
1,1,280062,12,0,0,0,0,0,0,0,0,0
1,1,280063,0,12,0,0,0,11,0,17,32,0
1,1,280064,0,18,0,4,0,0,0,0,0,0
1,1,280065,0,0,0,0,0,0,0,0,0,0
2,1,280065,0,0,16,0,0,0,10,15,11,0
1,1,280066,25,25,25,25,25,25,25,25,25,25
1,1,280067,17,0,13,0,25,0,0,0,10,3
2,1,280067,0,0,0,0,0,0,31,0,0,16
1,1,280068,0,0,0,0,0,0,0,0,0,0
1,1,280069,0,0,17,0,0,20,0,0,0,24
2,1,280069,0,0,0,0,0,0,0,19,0,0
1,1,280070,0,25,0,0,0,0,11,0,0,8
2,1,280070,0,0,0,0,0,0,0,0,0,0
1,1,280071,0,0,0,0,0,0,0,18,0,0
2,1,280071,0,0,0,0,0,0,0,0,0,0
1,1,280072,0,0,0,0,0,0,0,0,0,0
0,1,280073,0,0,0,0,13,9,19,32,0,0
1,1,280073,14,14,14,14,14,14,14,14,14,14
1,1,280074,27,10,22,20,18,0,9,5,27,20
1,1,280075,0,0,0,0,0,0,0,0,0,0
1,1,280076,0,0,0,0,0,0,0,0,0,0
2,1,280076,0,0,0,0,0,0,0,0,0,0
1,1,280077,18,18,18,18,18,18,18,18,18,18
2,1,280077,15,15,15,15,15,15,15,15,15,15
1,1,280078,0,0,0,0,0,0,0,0,0,0
2,1,280078,0,0,0,0,0,0,0,0,0,0
1,1,280079,16,16,16,16,16,16,16,16,16,16
1,1,280080,0,0,0,0,0,0,0,0,0,0
1,1,280081,12,22,0,23,22,5,11,25,0,33
2,1,280081,15,0,21,0,0,0,22,0,0,8
1,1,280082,0,0,0,0,0,0,0,0,0,0
2,1,280082,0,0,0,0,21,0,0,0,23,0
1,1,280083,0,0,0,0,0,10,0,21,0,0
2,1,280083,0,0,0,0,0,18,0,0,0,0
1,1,280084,0,0,37,0,0,0,0,0,0,0
1,1,280085,0,0,0,0,0,0,0,0,0,0
1,1,280086,0,0,21,4,0,0,0,20,0,9
2,1,280086,19,20,12,23,19,27,17,13,0,18
1,1,280087,9,9,9,9,9,9,9,9,9,9
1,1,280088,0,0,0,0,0,0,0,0,0,0
2,1,280088,0,10,0,0,0,0,0,35,3,0
1,1,280089,16,16,16,16,16,16,16,16,16,16
0,1,280090,16,22,0,27,7,40,0,26,0,0
1,1,280090,0,0,0,0,0,0,0,0,0,0
1,1,280091,0,0,0,0,0,0,0,0,0,17
1,1,280092,4,0,0,20,0,0,0,0,0,31
1,1,280093,18,18,18,18,18,18,18,18,18,18
1,1,280094,0,0,0,0,0,0,0,0,0,0
2,1,280094,0,0,0,0,0,0,0,0,0,0
1,1,280095,0,0,0,0,0,0,0,0,0,0
0,1,280096,0,0,26,14,18,0,0,11,0,0
1,1,280096,0,0,0,0,24,0,7,11,0,23
1,1,280097,0,28,18,0,0,26,8,0,0,9
1,1,280098,22,22,22,22,22,22,22,22,22,22
2,1,280098,0,0,0,0,0,0,0,0,0,0
1,1,280099,34,34,34,34,34,34,34,34,34,34
2,1,280099,0,0,0,0,18,0,18,0,0,0
1,1,280100,18,18,18,18,18,18,18,18,18,18
1,1,280101,20,20,20,20,20,20,20,20,20,20
1,1,280102,0,0,0,0,0,0,0,0,0,0
2,1,280102,15,0,0,0,0,0,10,0,30,13
1,1,280103,0,0,0,0,0,0,0,0,0,11
2,1,280103,0,0,18,23,0,0,0,0,0,0
1,1,280104,0,0,0,0,23,0,0,49,0,13
0,1,280105,0,0,0,0,19,13,0,0,0,25
1,1,280105,0,0,0,21,0,0,15,0,0,0
0,1,280106,0,0,0,9,0,0,0,0,0,0
1,1,280106,0,0,0,0,0,0,0,0,0,0
1,1,280107,28,28,28,28,28,28,28,28,28,28
1,1,280108,0,0,0,0,0,0,0,0,0,0
1,1,280109,0,0,15,19,10,9,0,8,28,7
1,1,280110,0,0,0,0,0,14,0,0,0,0
2,1,280110,0,0,0,0,0,0,0,0,0,0
0,1,280111,0,0,0,14,0,22,0,33,0,15
1,1,280111,0,0,26,0,0,0,0,0,0,0
1,1,280112,0,0,0,0,0,4,27,19,0,18
1,1,280113,0,0,0,0,22,0,0,0,0,0
2,1,280113,0,6,0,0,0,0,0,0,0,0
1,1,280114,0,0,0,0,0,0,0,0,0,0
1,1,280115,0,0,0,0,0,0,33,0,0,0
1,1,280116,14,0,0,16,0,19,0,0,0,0
2,1,280116,10,0,0,17,7,0,0,17,0,0
1,1,280117,0,0,0,0,0,0,0,0,0,0
1,1,280118,11,0,0,15,31,0,0,0,24,31
1,1,280119,0,10,0,35,0,17,0,0,12,0
1,1,280120,0,0,0,0,0,0,0,0,0,0
2,1,280120,0,0,0,0,0,0,0,0,0,0
1,1,280121,0,0,0,20,0,0,0,0,0,0
2,1,280121,0,14,0,15,0,19,26,5,0,17
3,1,280121,0,5,0,0,13,0,0,0,0,0
1,1,280122,0,0,7,9,0,0,0,22,0,19
1,1,280123,16,0,0,0,0,9,0,0,0,0
1,1,280124,13,0,9,0,0,0,0,10,0,0
2,1,280124,0,16,0,14,18,0,10,0,14,12
1,1,280125,19,15,18,31,13,11,0,26,23,16
1,1,280126,0,0,22,21,0,0,0,15,8,26
1,1,280127,0,0,0,0,0,0,0,0,0,0
2,1,280127,0,0,0,0,0,0,13,0,0,0
1,1,280128,0,0,0,0,0,0,0,0,0,0
2,1,280128,13,13,13,13,13,13,13,13,13,13
1,1,280129,0,0,4,23,0,0,33,21,0,0
1,1,280130,0,0,0,0,0,0,0,0,0,0
0,1,280131,0,0,0,0,0,0,0,0,0,0
1,1,280131,0,0,0,0,0,0,0,0,0,0
1,1,280132,8,8,8,8,8,8,8,8,8,8
2,1,280132,0,0,0,0,0,0,0,0,0,0
3,1,280132,0,0,0,0,0,0,0,0,0,0
1,1,280133,0,0,0,0,0,0,0,0,0,0
2,1,280133,0,0,0,0,0,0,0,0,0,0
1,1,280134,20,20,20,20,20,20,20,20,20,20
1,1,280135,0,14,0,9,0,8,0,0,0,0
1,1,280136,0,0,0,0,0,0,0,0,0,0
2,1,280136,0,12,0,0,0,0,0,0,32,0
1,1,280137,0,0,0,19,0,0,0,0,0,0
2,1,280137,0,0,0,0,0,0,0,0,0,0
1,1,280138,0,0,0,18,8,0,0,0,0,0
2,1,280138,0,0,0,0,0,0,0,0,0,0
3,1,280138,0,0,0,0,0,0,0,0,0,0
1,1,280139,0,0,0,0,0,0,0,0,0,0
2,1,280139,0,0,0,0,0,0,0,0,0,0
3,1,280139,13,0,0,0,0,0,30,0,0,0
0,1,280140,0,0,0,20,0,0,0,0,0,0
1,1,280140,0,0,0,0,0,0,0,0,0,0
1,1,280141,15,15,15,15,15,15,15,15,15,15
2,1,280141,30,0,0,0,0,0,0,0,0,0
1,1,280142,16,16,16,16,16,16,16,16,16,16
1,1,280143,15,0,0,0,0,0,0,0,0,2
2,1,280143,18,18,18,18,18,18,18,18,18,18
1,1,280144,0,0,0,0,0,0,0,21,0,17
1,1,280145,0,20,0,0,17,21,0,0,25,21
1,1,280146,0,0,0,0,0,0,0,0,0,0
2,1,280146,0,0,0,0,0,0,0,0,0,0
3,1,280146,0,0,0,0,0,0,0,0,0,0
4,1,280146,0,0,0,0,0,0,0,0,0,0
5,1,280146,0,0,0,0,0,0,0,0,0,0
6,1,280146,0,0,0,0,6,0,4,0,12,9
7,1,280146,12,0,0,12,0,0,7,15,9,23
8,1,280146,0,0,0,0,18,0,0,0,0,5
1,1,280147,0,0,0,0,0,0,0,0,0,0
2,1,280147,0,0,0,0,0,0,0,0,0,6
3,1,280147,0,0,0,0,0,0,0,0,0,0
1,1,280148,0,0,0,0,0,0,0,0,0,0
0,1,280149,22,22,22,22,22,22,22,22,22,22
1,1,280149,0,0,0,0,0,0,0,0,0,0
1,1,280150,37,37,37,37,37,37,37,37,37,37
1,1,280151,0,17,0,3,0,0,0,13,0,0
2,1,280151,0,0,0,0,17,0,14,20,19,0
1,1,280152,18,18,18,18,18,18,18,18,18,18
1,1,280153,0,30,32,0,14,7,13,7,12,22
1,1,280154,0,4,6,15,0,0,4,13,0,0
1,1,280155,0,0,0,0,0,0,0,0,0,0
2,1,280155,0,0,0,0,17,0,0,0,0,0
1,1,280156,18,18,18,18,18,18,18,18,18,18
0,1,280157,0,21,0,16,18,31,25,0,7,28
1,1,280157,25,0,0,0,0,0,0,0,0,0
1,1,280158,15,0,0,0,0,0,8,5,4,0
1,1,280159,16,16,16,16,16,16,16,16,16,16
1,1,280160,13,13,13,13,13,13,13,13,13,13
1,1,280161,18,27,0,12,22,13,22,10,19,11
1,1,280162,14,0,17,0,0,0,0,0,0,12
1,1,280163,0,0,0,0,0,0,0,0,0,0
2,1,280163,0,0,0,0,0,0,0,0,0,0
1,1,280164,17,17,17,17,17,17,17,17,17,17
2,1,280164,11,11,11,11,11,11,11,11,11,11
1,1,280165,11,0,13,18,8,2,0,11,0,24
1,1,280166,0,0,0,0,11,30,0,7,0,0
1,1,280167,0,0,0,0,0,0,0,0,0,0
2,1,280167,0,0,1,0,0,0,0,0,0,0
1,1,280168,0,19,9,0,19,12,0,12,33,25
1,1,280169,0,30,0,17,0,0,10,0,0,0
2,1,280169,0,0,0,0,0,0,0,0,0,0
1,1,280170,0,0,0,0,0,0,0,0,0,0
2,1,280170,0,0,0,0,0,0,0,0,0,0
3,1,280170,0,0,0,0,0,0,0,0,0,0
1,1,280171,31,35,20,0,28,0,12,0,0,0
1,1,280172,0,0,0,11,18,16,0,0,0,2
1,1,280173,0,0,0,0,0,0,0,0,0,22
1,1,280174,0,0,0,0,0,0,11,0,0,0
2,1,280174,12,12,12,12,12,12,12,12,12,12
1,1,280175,0,5,9,0,0,14,0,0,0,2
2,1,280175,0,0,0,0,0,0,0,0,0,0
1,1,280176,0,0,0,0,0,0,0,0,0,0
2,1,280176,0,0,0,18,22,0,0,14,0,0
0,1,280177,0,0,0,22,0,0,16,16,22,0
1,1,280177,15,0,0,0,6,0,0,22,0,0
1,1,280178,15,34,0,0,17,15,27,0,10,32
1,1,280179,0,0,3,8,11,9,0,18,29,0
2,1,280179,17,17,17,17,17,17,17,17,17,17
0,1,280180,0,0,21,20,0,24,0,0,20,0
1,1,280180,0,0,0,0,0,0,0,0,0,0
1,1,280181,10,10,10,10,10,10,10,10,10,10
1,1,280182,18,18,18,18,18,18,18,18,18,18
0,1,280183,0,0,0,0,0,0,0,0,37,9
1,1,280183,0,9,0,0,0,19,0,11,0,21
1,1,280184,0,28,32,18,0,26,10,26,0,33
1,1,280185,0,0,0,0,0,0,0,0,0,3
1,1,280186,0,0,0,0,0,0,0,0,0,0
1,1,280187,16,16,16,16,16,16,16,16,16,16
1,1,280188,15,0,0,0,0,0,0,0,0,8
2,1,280188,27,27,27,27,27,27,27,27,27,27
1,1,280189,0,0,0,0,0,0,0,0,0,0
2,1,280189,0,9,0,0,0,0,0,0,0,0
3,1,280189,0,14,9,0,0,0,0,0,0,0
1,1,280190,12,0,12,0,0,4,0,0,0,3
1,1,280191,0,0,8,0,0,0,0,12,0,0
2,1,280191,0,0,0,0,0,0,0,0,0,0
3,1,280191,0,0,0,0,0,0,0,0,0,0
1,1,280192,21,21,21,21,21,21,21,21,21,21
1,1,280193,32,19,0,0,0,0,0,0,0,30
1,1,280194,0,0,0,2,0,0,0,0,0,0
2,1,280194,0,0,21,0,18,22,0,0,28,0
1,1,280195,15,0,0,0,0,0,28,0,0,0
2,1,280195,0,0,0,0,0,0,0,0,0,0
1,1,280196,0,0,0,0,16,0,6,5,13,18
1,1,280197,0,0,0,0,0,0,0,0,0,0
2,1,280197,0,0,0,0,0,0,0,0,0,0
1,1,280198,0,0,12,0,7,0,0,0,19,9
1,1,280199,0,0,20,11,0,0,0,18,18,0
2,1,280199,0,0,0,14,0,0,0,0,0,0
1,1,280200,0,0,0,0,16,0,0,15,0,0
2,1,280200,0,0,0,0,0,0,0,11,0,0
1,1,280201,28,28,28,28,28,28,28,28,28,28
1,1,280202,0,26,32,19,16,0,28,22,0,20
1,1,280203,0,0,0,0,0,0,0,0,0,0
2,1,280203,0,0,0,0,0,0,13,0,7,0
1,1,280204,19,19,19,19,19,19,19,19,19,19
1,1,280205,48,26,0,0,0,0,41,20,0,0
1,1,280206,27,0,8,0,0,0,0,0,0,0
1,1,280207,0,0,0,0,7,0,0,0,0,8
2,1,280207,0,0,0,0,11,0,0,0,33,0
1,1,280208,32,0,27,21,20,0,0,0,0,0
2,1,280208,0,17,19,0,0,0,0,0,0,0
1,1,280209,0,0,0,0,0,0,0,0,0,0
2,1,280209,0,26,24,0,0,0,0,0,0,0
3,1,280209,0,0,0,0,0,8,22,0,0,0
1,1,280210,18,0,0,11,15,8,24,0,0,0
1,1,280211,25,25,25,25,25,25,25,25,25,25
1,1,280212,14,14,14,14,14,14,14,14,14,14
1,1,280213,0,0,0,0,0,0,0,0,0,0
2,1,280213,0,0,0,0,0,0,0,0,0,0
1,1,280214,0,0,0,0,0,0,0,0,0,0
2,1,280214,0,0,0,0,0,0,0,0,0,10
1,1,280215,0,0,0,0,0,0,0,0,0,0
1,1,280216,16,0,0,0,0,13,0,0,0,0
1,1,280217,0,0,0,0,0,0,0,0,0,0
2,1,280217,0,0,0,0,0,0,0,4,0,0
1,1,280218,19,19,19,19,19,19,19,19,19,19
2,1,280218,0,0,0,0,0,0,0,0,0,0
1,1,280219,0,7,14,0,15,16,0,7,26,25
1,1,280220,0,0,0,0,0,0,0,0,0,0
1,1,280221,0,0,0,9,0,0,0,0,0,9
2,1,280221,0,18,0,0,0,0,0,18,33,16
1,1,280222,0,0,9,23,0,23,0,0,0,0
1,1,280223,0,15,0,0,0,18,0,8,10,12
1,1,280224,16,16,16,16,16,16,16,16,16,16
1,1,280225,22,22,22,22,22,22,22,22,22,22
1,1,280226,8,0,0,0,24,0,12,22,0,0
1,1,280227,17,0,0,5,0,14,18,0,23,0
1,1,280228,0,19,28,24,10,0,0,12,7,26
1,1,280229,0,0,21,0,29,5,0,0,13,0
0,1,280230,9,8,0,0,0,0,0,22,0,0
1,1,280230,0,0,0,0,13,0,0,19,0,6
1,1,280231,0,0,0,0,0,0,0,0,0,0
2,1,280231,0,7,0,0,0,0,0,5,0,8
1,1,280232,0,0,0,0,0,0,0,0,0,0
2,1,280232,0,0,0,0,0,0,0,0,0,0
1,1,280233,16,16,16,16,16,16,16,16,16,16
1,1,280234,0,0,0,0,0,0,0,0,0,0
1,1,280235,21,9,0,16,0,10,7,20,36,0
2,1,280235,9,0,0,12,0,5,0,0,0,0
1,1,280236,20,20,20,20,20,20,20,20,20,20
1,1,280237,14,14,14,14,14,14,14,14,14,14
1,1,280238,17,0,29,9,0,11,0,7,0,0
1,1,280239,0,0,0,0,0,0,0,0,0,18
1,1,280240,0,0,19,8,9,0,0,20,0,0
1,1,280241,0,0,0,0,0,0,0,0,0,0
1,1,280242,16,16,16,16,16,16,16,16,16,16
1,1,280243,0,13,0,27,21,47,13,4,13,0
1,1,280244,0,11,0,24,13,23,35,0,23,24
1,1,280245,19,19,19,19,19,19,19,19,19,19
1,1,280246,0,0,0,0,0,34,0,0,0,0
2,1,280246,23,0,0,13,0,16,0,0,6,0
1,1,280247,7,16,13,0,26,0,0,0,12,14
1,1,280248,16,16,16,16,16,16,16,16,16,16
0,1,280249,0,0,0,0,0,0,0,9,0,0
1,1,280249,0,0,0,0,0,0,8,0,3,0
1,1,280250,12,0,0,0,0,0,15,0,21,0
2,1,280250,0,0,0,0,0,0,0,0,0,7
1,1,280251,14,14,14,14,14,14,14,14,14,14
1,1,280252,0,0,0,0,0,0,0,0,0,0
0,1,280253,39,0,0,0,17,35,18,0,28,0
1,1,280253,0,0,0,13,0,0,0,0,0,0
1,1,280255,15,0,0,0,23,0,6,0,0,0
1,1,280256,0,0,0,0,0,0,0,0,12,0
2,1,280256,0,0,0,0,0,0,0,0,8,0
1,1,280257,0,0,0,0,8,0,0,0,0,0
2,1,280257,0,0,5,0,0,0,0,0,13,0
1,1,280258,16,0,0,0,0,18,13,0,0,0
1,1,280259,12,12,12,12,12,12,12,12,12,12
1,1,280260,0,0,0,0,0,0,0,15,0,0
2,1,280260,0,0,0,0,0,0,0,0,0,0
1,1,280261,0,0,20,0,0,0,0,0,8,0
2,1,280261,0,26,0,0,0,30,0,7,15,0
1,1,280262,0,0,0,0,0,0,0,0,0,0
2,1,280262,0,0,0,0,0,0,0,0,0,0
1,1,280263,0,0,8,0,0,0,0,14,0,8
1,1,280264,0,9,18,15,19,34,0,0,8,31
1,1,280265,0,0,0,0,0,0,0,0,0,0
2,1,280265,10,10,10,10,10,10,10,10,10,10
1,1,280266,15,0,11,0,13,14,0,19,0,0
1,1,280267,18,18,18,18,18,18,18,18,18,18
2,1,280267,4,4,4,4,4,4,4,4,4,4
1,1,280268,0,0,32,14,0,10,8,0,0,0
2,1,280268,0,0,0,0,0,0,0,0,0,0
1,1,280269,0,0,0,0,14,0,0,0,0,0
1,1,280270,0,0,0,0,0,17,0,0,0,0
1,1,280271,0,0,8,0,10,0,0,15,8,0
2,1,280271,0,0,0,0,0,0,0,0,9,0
1,1,280272,18,27,16,19,6,0,33,0,32,39
1,1,280273,0,0,0,0,0,0,0,0,19,0
2,1,280273,0,0,0,0,30,12,0,0,0,0
1,1,280274,0,0,0,0,0,0,0,0,0,0
2,1,280274,0,0,0,0,0,0,0,0,0,0
1,1,280275,0,0,21,14,0,18,0,13,0,15
0,1,280276,0,17,0,0,0,22,0,0,0,0
1,1,280276,9,18,0,0,0,0,3,0,0,0
1,1,280277,15,0,0,0,0,0,0,0,0,0
1,1,280278,7,29,27,0,0,28,17,11,11,15
1,1,280279,22,22,22,22,22,22,22,22,22,22
1,1,280280,10,0,9,24,3,10,4,15,0,13
0,1,280281,26,7,10,0,35,0,19,0,17,24
1,1,280281,0,0,0,0,0,0,0,0,0,0
1,1,280282,0,0,20,15,0,0,0,5,0,0
2,1,280282,0,0,0,0,0,0,0,0,0,0
3,1,280282,0,0,0,0,0,13,0,0,0,0
0,1,280283,25,0,13,17,20,0,0,0,0,24
1,1,280283,0,0,0,0,0,0,0,0,0,0
1,1,280284,0,0,0,0,0,0,0,0,0,0
2,1,280284,0,30,15,0,0,0,6,0,0,0
1,1,280285,14,0,0,0,9,13,25,18,21,11
1,1,280286,16,16,16,16,16,16,16,16,16,16
1,1,280287,0,0,0,0,0,0,0,0,0,0
2,1,280287,24,7,0,0,0,0,22,0,11,14
3,1,280287,0,0,11,0,0,0,0,0,0,16
1,1,280288,0,0,0,0,0,0,0,0,0,0
1,1,280289,22,22,22,22,22,22,22,22,22,22
2,1,280289,0,0,22,0,0,12,0,0,11,0
1,1,280290,11,11,11,11,11,11,11,11,11,11
1,1,280291,7,7,7,7,7,7,7,7,7,7
1,1,280292,0,0,0,0,0,0,0,0,0,0
1,1,280293,16,16,16,16,16,16,16,16,16,16
1,1,280294,0,0,0,0,23,0,0,0,0,0
2,1,280294,0,0,0,0,19,0,0,0,0,0
3,1,280294,0,0,0,0,0,0,0,0,9,0
1,1,280295,0,0,0,0,0,0,21,0,0,0
1,1,280296,16,14,6,0,0,0,18,8,0,0
1,1,280297,16,16,16,16,16,16,16,16,16,16
1,1,280298,0,15,0,22,18,40,23,20,0,0
1,1,280299,12,12,12,12,12,12,12,12,12,12
2,1,280299,13,13,13,13,13,13,13,13,13,13
3,1,280299,0,5,0,8,21,0,0,12,11,0
1,1,280300,0,0,3,0,22,0,0,0,0,0
2,1,280300,0,0,0,0,6,0,0,12,0,0
1,1,280302,0,0,0,0,0,0,0,0,0,0
2,1,280302,0,0,0,0,0,0,0,0,0,0
3,1,280302,0,12,0,0,0,0,0,0,0,0
1,1,280303,0,0,0,0,0,0,0,0,0,0
2,1,280303,0,28,0,0,0,0,0,0,0,0
1,1,280304,0,0,0,0,0,0,0,0,0,0
2,1,280304,0,14,0,0,0,5,0,0,0,0
1,1,280305,0,19,0,6,11,0,0,0,0,12
2,1,280305,21,21,21,21,21,21,21,21,21,21
1,1,280306,23,23,23,23,23,23,23,23,23,23
1,1,280307,13,13,13,13,13,13,13,13,13,13
0,1,280308,22,0,16,0,0,17,28,11,20,4
1,1,280308,0,0,0,0,0,0,4,17,0,0
1,1,280309,0,12,12,0,0,18,30,0,4,14
1,1,280310,18,0,0,25,0,22,14,0,4,7
0,1,280311,0,0,0,0,0,32,0,31,24,24
1,1,280311,9,0,0,0,0,29,16,17,0,0
1,1,280312,0,0,0,0,0,0,0,0,0,0
1,1,280313,16,16,16,16,16,16,16,16,16,16
2,1,280313,0,0,0,0,0,0,0,0,0,0
1,1,280314,0,0,0,0,0,0,14,0,0,0
1,1,280315,0,0,0,0,0,0,0,0,0,0
2,1,280315,0,0,0,0,0,0,0,0,0,0
1,1,280316,0,0,0,0,0,0,0,0,0,0
1,1,280317,14,0,0,0,14,26,0,0,0,0
1,1,280318,0,5,0,0,0,0,0,0,0,14
1,1,280319,0,0,0,0,0,0,0,0,0,0
2,1,280319,9,9,9,9,9,9,9,9,9,9
1,1,280320,0,27,0,0,25,0,0,22,0,22
1,1,280321,10,0,0,10,0,21,10,0,0,32
2,1,280321,4,4,4,4,4,4,4,4,4,4
1,1,280322,0,23,0,14,0,0,17,0,0,37
1,1,280323,0,0,15,0,29,0,0,0,13,0
1,1,280324,0,0,0,15,0,0,0,0,0,0
2,1,280324,0,0,7,0,0,0,0,0,0,0
1,1,280325,0,0,0,0,0,0,26,13,4,12
1,1,280326,18,18,18,18,18,18,18,18,18,18
1,1,280327,0,0,0,0,0,0,0,0,0,8
1,1,280328,0,0,0,0,0,0,0,0,0,0
1,1,280329,0,13,0,24,0,14,14,0,12,12
1,1,280330,19,0,0,0,0,0,23,0,22,0
1,1,280331,0,0,0,0,16,0,0,0,17,0
2,1,280331,0,0,0,0,0,0,0,0,0,0
1,1,280332,0,0,0,5,0,0,0,0,7,0
2,1,280332,11,11,11,11,11,11,11,11,11,11
3,1,280332,0,0,0,0,0,0,0,0,0,0
1,1,280333,12,0,0,0,0,0,0,0,0,0
2,1,280333,0,0,0,0,0,0,0,0,0,0
0,1,280334,0,0,0,0,0,0,0,0,0,0
1,1,280334,0,0,0,0,0,0,0,0,0,0
1,1,280335,0,0,0,15,0,0,24,0,7,0
1,1,280336,0,0,0,0,0,0,12,0,0,0
1,1,280337,0,0,0,0,0,0,0,0,0,0
2,1,280337,0,0,0,0,0,0,0,0,0,0
0,1,280338,14,14,14,14,14,14,14,14,14,14
1,1,280338,18,18,18,18,18,18,18,18,18,18
1,1,280339,0,0,0,0,0,0,0,0,0,0
2,1,280339,0,0,0,0,0,0,0,0,0,0
1,1,280340,0,0,24,21,0,0,19,41,25,0
1,1,280341,0,0,16,0,27,0,0,0,21,0
1,1,280342,11,11,11,11,11,11,11,11,11,11
1,1,280343,0,0,0,0,0,0,0,0,0,0
2,1,280343,0,0,0,13,0,0,0,0,0,17
1,1,280344,0,0,0,0,0,8,0,0,0,0
1,1,280345,16,16,16,16,16,16,16,16,16,16
2,1,280345,13,0,0,27,0,21,0,0,5,9
1,1,280346,14,0,13,24,0,0,0,0,0,0
1,1,280347,0,0,0,0,0,0,0,0,0,0
2,1,280347,13,0,0,0,0,0,0,13,13,6
1,1,280348,17,0,7,4,19,15,6,0,0,40
1,1,280349,0,0,12,17,0,17,0,0,0,12
1,1,280350,0,0,0,0,0,0,0,0,0,0
2,1,280350,0,0,0,0,0,0,0,0,0,0
1,1,280351,0,0,0,0,0,0,0,0,0,0
2,1,280351,0,0,11,0,0,0,0,0,0,0
1,1,280352,0,0,0,0,0,0,0,0,0,0
1,1,280353,0,0,0,0,0,0,0,0,0,0
2,1,280353,0,0,0,0,0,0,0,0,0,0
1,1,280354,0,0,0,0,0,0,0,0,0,0
1,1,280355,0,0,0,2,3,0,10,0,0,0
2,1,280355,19,4,16,0,0,0,0,0,0,0
1,1,280356,0,0,8,0,0,30,0,0,0,0
0,1,280357,0,0,0,0,0,0,0,0,0,0
0,2,280357,12,0,11,0,4,18,9,16,10,0
1,1,280357,20,0,5,8,0,0,15,0,27,10
1,1,280358,0,0,0,0,0,0,0,0,0,0
2,1,280358,0,0,0,0,0,0,0,0,0,0
1,1,280360,0,8,0,0,18,0,0,0,0,0
1,1,280361,0,0,0,0,0,0,0,0,0,0
1,1,280362,0,0,22,0,0,0,0,0,0,0
2,1,280362,0,0,36,0,32,28,0,0,10,0
0,1,280363,7,6,28,21,0,0,0,0,0,30
1,1,280363,0,0,0,0,0,0,0,0,0,0
1,1,280364,19,19,19,19,19,19,19,19,19,19
1,1,280365,0,0,8,10,0,0,0,0,0,16
2,1,280365,0,0,0,0,0,0,0,0,0,0