VEH_NO,PER_NO,ST_CASE,P1,P2,P3,P4,P5,P6,P7,P8,P9,P10
1,1,280366,0,0,0,2,0,0,0,12,0,0
1,1,280367,9,0,11,15,0,0,0,0,5,0
1,1,280368,0,22,15,0,0,0,18,11,0,0
1,1,280369,0,0,0,0,0,0,0,0,0,0
2,1,280369,0,0,0,0,0,0,0,0,0,0
1,1,280370,0,0,0,12,0,0,0,0,0,22
1,1,280371,0,0,0,0,0,0,0,0,0,0
2,1,280371,0,17,0,0,0,0,0,0,10,0
1,1,280372,0,0,0,0,7,0,0,0,0,0
2,1,280372,3,0,13,19,0,14,23,0,0,17
1,1,280373,0,0,0,0,0,11,0,0,0,0
1,1,280374,0,0,0,0,0,0,0,0,0,0
2,1,280374,0,0,0,0,20,0,0,7,0,0
1,1,280375,0,0,0,0,0,0,0,0,0,0
1,1,280376,0,0,0,0,0,0,0,0,0,0
2,1,280376,0,0,0,0,0,0,0,0,0,18
1,1,280377,0,0,0,0,0,0,0,0,0,0
2,1,280377,0,0,13,0,0,0,0,0,14,0
1,1,280378,0,0,0,0,0,0,0,0,0,0
1,1,280379,22,22,22,22,22,22,22,22,22,22
2,1,280379,24,0,4,0,18,11,0,0,0,0
1,1,280380,0,0,0,0,0,0,0,0,0,0
1,1,280381,0,0,0,0,0,0,0,0,0,0
1,1,280382,26,26,26,26,26,26,26,26,26,26
1,1,280383,0,15,0,0,0,0,26,14,23,0
1,1,280384,11,11,11,11,11,11,11,11,11,11
1,1,280385,0,0,13,13,0,4,0,0,0,0
1,1,280386,19,7,0,0,0,0,0,0,0,0
2,1,280386,0,0,0,0,6,0,0,0,12,0
1,1,280387,0,0,0,0,0,0,0,0,0,0
2,1,280387,0,0,0,0,0,0,0,0,0,0
1,1,280388,0,9,0,0,0,0,0,0,9,0
1,1,280389,0,4,15,0,0,0,7,0,0,0
2,1,280389,0,0,0,0,0,20,49,0,0,10
1,1,280390,20,0,18,0,27,13,32,21,21,26
1,1,280391,0,0,0,0,0,0,0,0,0,0
1,1,280392,0,0,0,0,0,0,0,0,0,0
1,1,280393,0,0,18,32,0,8,6,0,0,0
1,1,280394,18,0,8,4,14,0,0,20,0,0
2,1,280394,0,0,0,0,0,0,0,0,0,0
1,1,280395,0,0,7,0,0,0,0,12,0,0
2,1,280395,0,0,15,0,0,0,0,0,0,0
1,1,280396,0,0,0,0,0,0,0,0,0,0
1,1,280397,0,0,0,0,0,0,0,13,0,0
2,1,280397,0,0,0,0,0,0,0,0,0,0
1,1,280398,0,0,0,0,0,0,0,0,0,0
1,1,280399,0,0,0,0,0,0,0,0,0,0
1,1,280400,0,0,0,0,0,0,0,0,0,0
2,1,280400,0,0,0,11,0,0,0,0,0,0
1,1,280401,0,0,0,0,0,0,0,0,0,0
1,1,280402,0,0,0,0,0,0,0,0,0,0
1,1,280403,0,0,0,0,0,22,0,0,9,0
1,1,280404,0,0,0,0,0,0,0,0,0,0
2,1,280404,0,0,0,0,0,0,0,0,0,0
1,1,280405,0,0,0,0,0,0,0,0,0,0
2,1,280405,0,0,0,0,0,0,0,0,0,0
1,1,280406,0,0,0,0,0,0,0,0,0,0
1,1,280407,0,0,19,23,29,0,18,0,24,21
1,1,280408,11,11,11,11,11,11,11,11,11,11
1,1,280409,0,0,0,0,0,0,0,0,0,0
1,1,280410,9,0,0,14,0,13,3,24,24,0
1,1,280411,0,0,0,0,0,0,0,0,0,0
2,1,280411,0,0,0,0,0,0,0,0,0,0
1,1,280412,0,0,0,0,0,0,0,17,12,0
2,1,280412,0,0,0,0,0,0,0,0,0,0
1,1,280413,0,0,20,7,8,41,0,0,0,8
1,1,280414,0,0,0,0,0,0,0,0,0,0
1,1,280415,0,27,0,0,0,0,0,13,0,0
1,1,280416,15,0,0,0,0,0,0,0,0,0
1,1,280417,0,0,0,0,0,0,0,0,0,0
1,1,280418,11,11,11,11,11,11,11,11,11,11
1,1,280419,0,0,0,0,0,0,0,0,0,0
1,1,280420,0,0,0,0,0,0,0,0,0,0
2,1,280420,0,0,0,0,0,0,0,0,0,0
3,1,280420,0,0,0,0,0,0,0,0,0,0
1,1,280421,6,0,6,0,0,0,8,0,0,0
1,1,280422,3,9,18,0,9,5,31,32,13,14
1,1,280423,0,0,0,0,0,0,0,4,0,0
2,1,280423,0,8,0,0,0,0,0,0,0,0
1,1,280424,12,12,12,12,12,12,12,12,12,12
1,1,280425,0,0,0,0,0,0,0,28,0,0
2,1,280425,0,0,0,18,0,0,0,0,0,0
1,1,280426,32,32,32,32,32,32,32,32,32,32
0,1,280427,12,12,12,12,12,12,12,12,12,12
1,1,280427,8,8,8,8,8,8,8,8,8,8
1,1,280428,0,0,0,9,0,0,0,31,11,9
2,1,280428,0,0,0,0,0,0,0,0,0,0
1,1,280429,0,0,0,0,0,0,0,0,0,0
2,1,280429,0,0,0,0,0,11,0,0,0,0
3,1,280429,0,0,0,0,0,0,0,0,0,0
1,1,280430,0,0,0,16,0,0,0,0,0,0
2,1,280430,0,0,0,0,0,0,0,0,0,0
1,1,280431,15,0,17,20,11,0,22,16,0,0
1,1,280432,0,0,13,0,0,0,0,0,0,0
1,1,280433,0,6,0,7,0,17,0,22,0,26
1,1,280434,14,13,7,0,28,7,17,0,0,0
1,1,280435,0,0,0,0,0,0,0,0,0,0
1,1,280436,0,17,19,0,3,0,0,0,0,17
1,1,280437,11,12,0,0,0,0,14,0,0,0
1,1,280438,14,14,14,14,14,14,14,14,14,14
1,1,280439,0,13,0,0,0,0,9,0,0,0
2,1,280439,14,0,0,0,39,0,12,18,0,9
1,1,280440,15,9,0,32,26,0,16,11,10,20
0,1,280441,0,0,0,0,0,0,0,0,0,0
1,1,280441,0,0,0,0,0,0,0,0,0,0
1,1,280442,0,0,0,0,0,0,0,0,0,0
2,1,280442,0,0,0,0,0,0,0,0,0,0
1,1,280443,0,4,0,0,0,0,0,0,0,0
1,1,280444,0,0,0,0,0,0,0,0,0,0
2,1,280444,0,12,0,0,0,0,17,0,0,0
1,1,280445,0,0,0,0,0,0,0,0,0,0
2,1,280445,15,15,15,15,15,15,15,15,15,15
1,1,280446,0,2,0,0,0,0,0,0,0,9
2,1,280446,0,0,16,5,0,0,0,0,0,0
1,1,280447,5,0,0,0,0,0,0,27,0,0
1,1,280448,0,13,20,0,0,10,0,0,0,20
1,1,280449,11,14,15,0,0,7,0,25,27,0
1,1,280450,0,0,0,6,0,16,0,0,0,0
1,1,280451,0,0,0,0,0,0,0,0,0,0
2,1,280451,0,0,0,0,0,0,0,0,0,0
1,1,280452,0,0,0,0,0,0,0,0,0,0
2,1,280452,0,0,0,0,0,0,0,0,0,0
1,1,280453,3,0,0,0,0,0,16,20,17,18
1,1,280454,0,0,0,0,0,0,0,0,0,0
1,1,280455,13,13,13,13,13,13,13,13,13,13
0,1,280456,6,20,0,41,26,0,29,18,14,0
1,1,280456,0,18,15,0,2,0,0,12,0,12
1,1,280457,0,0,0,0,0,0,0,0,0,0
2,1,280457,0,0,0,0,0,0,0,0,0,0
1,1,280458,0,0,0,0,0,0,0,0,0,0
1,1,280459,27,27,27,27,27,27,27,27,27,27
1,1,280460,13,13,13,13,13,13,13,13,13,13
1,1,280461,11,11,11,11,11,11,11,11,11,11
2,1,280461,18,18,18,18,18,18,18,18,18,18
1,1,280462,0,0,0,0,0,12,0,0,0,0
2,1,280462,4,0,0,0,0,0,0,0,0,0
1,1,280463,0,0,0,0,0,0,0,0,0,0
2,1,280463,0,0,0,24,0,0,0,0,0,0
1,1,280464,10,10,10,10,10,10,10,10,10,10
1,1,280465,0,0,0,0,14,0,0,12,7,28
1,1,280466,14,14,14,14,14,14,14,14,14,14
1,1,280467,0,0,13,0,0,15,0,20,0,23
1,1,280468,0,0,0,0,0,16,0,0,0,0
2,1,280468,16,0,0,0,0,0,0,0,0,0
1,1,280469,10,0,0,0,0,0,0,9,0,0
2,1,280469,0,22,0,0,0,0,0,0,0,0
1,1,280470,0,0,0,0,0,0,0,0,0,0
1,1,280471,0,0,0,0,0,0,0,0,0,0
1,1,280472,0,0,0,0,0,0,0,0,0,0
2,1,280472,0,0,0,0,25,0,0,14,0,0
1,1,280473,0,0,0,0,24,6,0,0,0,0
2,1,280473,0,15,0,15,0,0,0,0,0,0
3,1,280473,8,0,0,40,12,0,0,0,0,0
4,1,280473,0,0,19,26,0,0,0,0,0,11
1,1,280474,11,11,11,11,11,11,11,11,11,11
2,1,280474,0,0,25,0,0,0,0,0,0,0
1,1,280475,0,0,0,6,0,0,0,0,0,0
2,1,280475,0,0,0,0,0,0,0,0,0,0
1,1,280476,0,0,14,13,14,26,10,0,22,0
1,1,280477,20,20,20,20,20,20,20,20,20,20
1,1,280478,0,0,34,24,0,0,0,0,24,33
1,1,280479,0,0,0,0,0,0,0,0,0,0
2,1,280479,0,0,0,10,0,0,5,0,0,0
1,1,280480,0,0,0,0,0,0,0,0,0,0
2,1,280480,0,0,0,0,0,0,0,0,0,0
1,1,280481,0,0,0,0,0,0,0,0,0,0
2,1,280481,0,0,0,0,0,0,0,0,0,0
1,1,280482,0,0,0,7,0,0,0,0,37,0
1,1,280483,0,0,0,0,0,0,14,0,0,0
2,1,280483,0,6,0,0,0,5,0,0,0,0
1,1,280484,0,0,0,21,0,0,0,0,0,28
2,1,280484,0,0,0,14,7,0,27,0,0,0
0,1,280485,4,0,34,0,0,0,0,6,0,0
1,1,280485,0,0,0,13,0,0,5,0,21,13
1,1,280486,0,0,0,0,0,0,0,0,0,0
2,1,280486,16,16,16,16,16,16,16,16,16,16
3,1,280486,0,0,0,0,17,41,0,0,0,0
1,1,280487,0,0,0,0,0,0,0,0,0,0
1,1,280488,0,15,7,0,0,0,0,0,0,0
2,1,280488,0,4,0,0,0,0,0,0,0,0
1,1,280489,0,0,0,0,0,0,0,0,0,0
1,1,280490,0,0,0,0,0,0,0,0,0,22
1,1,280491,1,1,1,1,1,1,1,1,1,1
2,1,280491,0,0,0,0,0,0,0,0,0,0
1,1,280492,23,0,22,0,13,14,19,24,33,4
1,1,280493,0,10,0,8,0,11,0,0,0,0
2,1,280493,0,0,0,0,0,16,15,0,0,0
1,1,280494,0,0,0,0,0,0,0,0,0,0
2,1,280494,0,0,0,0,0,0,0,0,0,0
1,1,280495,0,0,0,0,0,0,0,0,0,0
1,1,280496,0,11,0,20,0,27,18,0,0,19
0,1,280497,26,16,0,16,0,0,0,27,0,0
1,1,280497,0,0,0,0,0,0,0,0,0,0
0,1,280498,32,17,0,0,0,19,0,8,0,0
1,1,280498,39,0,14,0,0,0,9,15,29,0
1,1,280499,0,6,0,0,4,10,0,7,21,8
1,1,280500,0,0,0,0,0,0,0,23,0,0
1,1,280501,0,0,0,0,0,0,0,0,0,0
1,1,280502,0,5,0,0,0,0,0,4,0,0
1,1,280503,0,0,0,0,0,0,0,0,0,0
1,1,280504,0,23,13,0,12,19,0,16,31,0
2,1,280504,0,0,0,0,0,19,16,0,0,0
1,1,280505,18,18,18,18,18,18,18,18,18,18
1,1,280506,12,12,12,12,12,12,12,12,12,12
1,1,280507,0,0,8,0,5,0,0,12,10,0
1,1,280508,0,0,0,0,0,0,0,0,0,0
2,1,280508,0,0,0,0,0,0,23,9,0,0
1,1,280509,0,0,0,0,0,0,0,0,0,0
2,1,280509,0,0,0,0,0,0,0,0,0,0
1,1,280510,0,14,0,0,0,0,0,0,0,0
2,1,280510,0,0,0,0,0,0,0,0,0,0
1,1,280511,0,0,13,0,12,0,17,28,0,17
0,1,280512,0,0,0,0,0,0,0,0,0,0
0,2,280512,0,0,0,0,0,0,0,0,0,0
0,3,280512,0,0,0,0,0,0,0,0,0,0
1,1,280512,0,0,0,0,0,15,0,0,5,11
1,1,280513,0,0,15,0,0,0,7,0,0,0
2,1,280513,0,11,0,26,0,0,0,0,0,0
1,1,280514,0,22,37,28,0,25,0,0,0,0
1,1,280515,0,0,0,0,0,0,0,0,0,0
1,1,280516,0,0,0,0,0,0,0,0,0,0
2,1,280516,3,3,3,3,3,3,3,3,3,3
1,1,280517,12,12,12,12,12,12,12,12,12,12
1,1,280518,8,11,13,9,0,15,27,0,11,11
1,1,280519,22,0,22,0,15,0,0,11,14,11
1,1,280520,14,5,20,15,13,9,21,23,15,0
1,1,280521,0,0,0,0,27,12,26,19,13,0
2,1,280521,0,0,0,0,0,0,0,0,0,0
1,1,280522,0,0,0,0,0,0,0,0,0,0
2,1,280522,0,0,0,0,0,0,0,0,0,0
1,1,280523,0,0,0,0,0,0,0,0,0,0
2,1,280523,0,0,0,0,0,0,25,0,0,17
1,1,280524,0,11,0,10,0,44,0,12,0,0
1,1,280525,11,9,0,0,0,14,36,0,0,8
2,1,280525,0,0,0,0,15,0,0,0,0,0
1,1,280526,16,16,16,16,16,16,16,16,16,16
1,1,280527,3,0,0,0,5,0,0,0,0,0
1,1,280528,25,6,37,14,0,7,10,17,25,13
1,1,280529,21,29,25,0,14,46,29,11,10,25
1,1,280530,0,0,0,0,0,0,0,0,0,0
1,1,280531,0,0,0,0,0,12,0,0,0,0
1,1,280532,0,0,0,0,0,0,0,0,9,0
2,1,280532,0,0,0,0,0,0,0,0,0,0
1,1,280533,17,0,0,0,24,0,33,40,0,18
0,1,280534,0,0,0,0,0,0,0,0,0,0
1,1,280534,0,0,0,0,0,0,0,0,0,0
1,1,280535,16,16,16,16,16,16,16,16,16,16
1,1,280536,16,0,0,0,0,0,0,0,16,0
1,1,280537,0,0,0,0,0,0,0,0,0,0
2,1,280537,0,14,0,0,0,9,0,0,0,0
1,1,280538,23,0,27,0,0,0,22,0,0,0
1,1,280539,13,0,0,0,4,16,0,0,0,15
2,1,280539,0,0,0,0,0,0,0,0,0,0
1,1,280540,0,0,0,0,0,0,0,0,0,0
1,1,280541,11,11,11,11,11,11,11,11,11,11
1,1,280542,0,0,0,0,0,0,0,0,0,0
2,1,280542,14,0,0,0,0,0,0,0,0,0
1,1,280543,0,0,0,0,0,0,16,0,0,14
1,1,280544,0,10,16,26,18,8,10,20,10,21
1,1,280545,0,0,7,0,0,0,0,0,2,0
2,1,280545,0,0,13,0,0,0,0,0,0,0
1,1,280546,0,0,0,8,18,0,18,0,0,12
1,1,280547,0,0,0,0,0,0,0,0,0,0
1,1,280548,20,0,9,0,6,8,10,0,0,0
1,1,280549,0,0,0,0,0,0,0,0,0,0
2,1,280549,0,0,0,0,0,0,0,0,0,0
1,1,280550,0,0,0,11,0,0,0,0,0,11
2,1,280550,0,0,0,0,0,23,0,0,0,24
1,1,280551,55,25,22,0,0,0,22,0,0,0
1,1,280552,5,0,0,0,7,0,20,0,0,0
1,1,280553,21,13,0,3,15,0,0,0,0,0
1,1,280554,0,0,0,0,0,0,0,0,0,0
2,1,280554,19,0,0,0,18,22,0,0,0,15
1,1,280555,22,22,22,22,22,22,22,22,22,22
1,1,280557,0,0,0,0,0,5,0,0,0,0
2,1,280557,13,0,0,0,7,10,0,17,0,0
1,1,280558,0,0,0,0,0,0,0,0,0,0
1,1,280559,0,0,0,0,0,0,0,0,0,0
2,1,280559,0,0,0,0,20,25,0,0,0,0
1,1,280560,17,20,15,0,8,0,23,10,0,0
1,1,280561,0,0,0,0,0,0,0,18,0,17
1,1,280562,0,0,0,0,2,0,0,0,0,0
2,1,280562,0,0,0,0,0,0,0,0,0,0
1,1,280563,0,0,0,0,0,0,0,0,0,0
1,1,280564,0,0,0,0,0,0,0,0,0,0
1,1,280565,0,0,0,0,0,0,0,0,0,0
2,1,280565,0,0,0,0,0,0,0,0,0,0
3,1,280565,9,0,7,14,0,0,0,0,12,0
1,1,280566,0,15,26,23,10,6,10,13,0,11
1,1,280567,0,0,0,15,20,0,0,0,0,0
1,1,280568,0,33,20,0,20,25,22,9,24,17
1,1,280569,0,0,0,0,0,0,0,0,0,0
1,1,280571,17,0,12,0,18,12,24,0,0,0
1,1,280572,0,0,0,0,0,0,0,0,0,0
2,1,280572,0,0,0,0,0,0,0,0,0,0
1,1,280573,0,0,0,0,0,0,0,0,0,0
2,1,280573,0,0,0,0,0,0,0,0,0,0
1,1,280574,32,32,32,32,32,32,32,32,32,32
1,1,280575,12,0,11,24,24,30,0,21,0,0
1,1,280576,0,0,0,0,0,0,0,27,18,12
1,1,280577,0,0,0,0,0,0,0,0,0,0
2,1,280577,0,0,0,0,0,0,0,0,0,0
1,1,280578,0,0,0,0,0,0,0,0,0,0
1,1,280579,0,0,0,0,0,0,0,0,0,0
0,1,280580,0,0,0,0,0,0,0,0,0,0
1,1,280580,0,10,0,0,10,0,0,0,12,0
1,1,280581,0,0,0,0,0,0,0,0,0,0
2,1,280581,0,0,0,0,0,0,0,0,0,8
1,1,280582,12,0,0,0,0,0,0,0,0,7
1,1,280583,28,0,0,0,14,0,0,0,0,11
1,1,280584,0,0,0,0,0,0,0,0,0,0
2,1,280584,0,14,0,0,0,0,0,0,0,0
1,1,280585,0,0,12,0,12,0,0,6,0,0
1,1,280586,0,0,0,17,0,0,0,0,0,0
2,1,280586,0,0,27,14,0,0,7,0,17,7
1,1,280587,19,19,19,19,19,19,19,19,19,19
2,1,280587,11,0,13,0,0,0,0,0,0,0
1,1,280588,0,0,0,0,0,0,0,0,0,0
2,1,280588,0,10,0,0,0,0,0,0,0,0
3,1,280588,0,0,0,0,5,7,0,0,0,0
1,1,280589,0,0,15,0,0,0,0,0,0,0
2,1,280589,0,0,14,0,0,0,0,9,0,0
1,1,280590,0,4,0,0,0,0,0,0,0,8
2,1,280590,0,0,0,0,0,0,0,0,0,0
3,1,280590,0,0,0,20,0,0,0,0,0,0
1,1,280591,3,3,3,3,3,3,3,3,3,3
1,1,280592,11,11,11,11,11,11,11,11,11,11
1,1,280593,9,0,0,8,0,0,0,0,10,0
2,1,280593,22,22,22,22,22,22,22,22,22,22
1,1,280594,0,0,0,4,13,0,0,0,26,0
2,1,280594,0,0,0,0,0,2,0,0,3,0
1,1,280595,0,0,0,0,0,0,0,0,0,0
2,1,280595,0,0,0,0,0,0,0,0,0,21
0,1,280596,0,0,0,0,0,0,0,15,0,4
1,1,280596,0,12,0,0,0,0,0,0,4,0
1,1,280597,0,0,0,0,0,0,0,0,0,0
2,1,280597,0,0,0,0,0,0,0,0,0,0
1,1,280598,0,0,0,0,0,0,0,0,0,0
1,1,280599,12,27,0,0,0,0,5,0,0,14
2,1,280599,0,0,0,0,0,0,0,0,0,0
1,1,280600,16,30,32,12,13,20,23,27,26,11
1,1,280601,0,0,7,0,0,0,0,0,0,0
2,1,280601,0,0,0,0,0,0,0,0,0,0
1,1,280602,13,13,13,13,13,13,13,13,13,13
1,1,280603,13,13,13,13,13,13,13,13,13,13
1,1,280604,15,15,0,0,0,22,13,0,0,0
0,1,280605,0,0,0,0,0,0,0,0,0,0
1,1,280605,6,0,0,0,5,0,0,3,17,0
0,1,280606,0,0,6,0,6,16,0,12,0,0
1,1,280606,0,0,15,0,0,0,9,0,0,0
1,1,280607,16,16,16,16,16,16,16,16,16,16
1,1,280608,0,0,0,0,0,0,17,0,11,7
1,1,280609,0,0,0,0,0,0,0,0,0,0
1,1,280610,0,0,0,0,0,0,0,0,0,0
1,1,280611,0,0,0,0,0,0,0,0,0,0
1,1,280612,0,4,0,0,0,0,0,0,0,0
2,1,280612,0,0,0,0,0,0,0,0,0,0
1,1,280613,0,0,0,0,0,0,0,0,0,0
1,1,280614,0,0,0,0,0,0,0,0,0,0
1,1,280615,0,0,0,0,0,0,0,0,0,0
1,1,280616,0,0,13,0,12,0,23,0,0,19
1,1,280617,0,0,0,0,0,0,0,0,25,0
2,1,280617,0,0,16,38,0,0,12,18,0,0
1,1,280618,0,0,0,0,0,0,0,0,0,0
1,1,280619,0,0,0,0,0,0,0,0,0,0
2,1,280619,11,0,0,0,0,0,0,0,25,0
1,1,280620,0,0,14,0,16,0,24,0,0,0
2,1,280620,0,0,0,0,0,0,0,0,0,0
1,1,280621,0,0,16,25,0,0,26,0,0,0
1,1,280622,10,15,21,0,3,11,0,0,0,0
1,1,280623,0,0,0,0,0,24,0,0,0,0
2,1,280623,0,0,0,0,10,12,0,0,0,0
1,1,280624,24,18,17,13,18,17,0,0,0,22
1,1,280625,0,0,0,0,0,0,0,0,0,0
1,1,280626,0,0,0,0,0,0,0,0,0,0
1,1,280627,0,0,0,0,0,0,0,0,0,0
1,1,280628,0,0,16,0,0,14,0,0,0,0
2,1,280628,0,0,0,0,24,0,0,0,0,0
1,1,280629,0,0,0,0,0,0,0,0,0,0
1,1,280630,0,13,24,0,0,18,20,0,20,26
1,1,280631,0,0,0,0,0,0,0,0,0,0
1,1,280632,15,15,15,15,15,15,15,15,15,15
1,1,280633,11,11,11,11,11,11,11,11,11,11
1,1,280634,0,0,0,0,0,0,0,0,0,0
2,1,280634,0,0,0,0,18,0,15,18,0,0
1,1,280635,0,0,0,0,0,0,0,0,0,0
1,1,280636,14,33,0,6,0,0,13,0,28,0
0,1,280637,0,0,0,0,0,0,0,0,0,0
1,1,280637,0,0,0,0,0,0,0,0,0,0
1,1,280638,0,0,0,0,0,0,0,0,4,0
1,1,280639,0,0,0,0,0,0,0,0,0,0
2,1,280639,0,0,0,0,0,18,0,0,0,0
1,1,280640,0,0,0,0,0,0,0,0,0,0
2,1,280640,4,0,0,0,0,0,0,0,0,0
1,1,280641,0,0,0,0,0,0,0,0,0,0
1,1,280642,28,17,27,21,20,18,15,8,24,17
1,1,280643,14,10,0,0,10,25,0,6,10,5
1,1,280644,0,0,0,0,0,0,0,0,0,0
2,1,280644,5,0,0,0,9,0,0,0,0,0
1,1,280645,0,0,16,12,5,0,18,0,0,0
2,1,280645,0,0,20,0,0,0,0,0,0,0
1,1,280646,0,28,0,9,0,0,0,0,11,0
1,1,280647,0,0,0,0,0,0,0,0,0,0
1,1,280648,1,1,1,1,1,1,1,1,1,1
1,1,280649,4,18,28,17,21,11,16,0,8,27
1,1,280650,0,0,0,0,0,0,0,0,0,0
2,1,280650,0,0,0,0,0,0,0,0,0,0
1,1,280651,0,0,0,0,0,0,0,0,0,0
2,1,280651,0,0,0,0,0,0,0,0,11,0
1,1,280652,13,0,0,20,0,0,0,8,0,0
1,1,280653,0,0,0,0,0,0,0,0,0,0
1,1,280654,0,20,27,0,0,13,12,6,14,7
1,1,280655,0,0,0,0,0,0,0,0,0,0
2,1,280655,0,0,0,14,0,27,0,0,0,0
3,1,280655,0,0,0,0,0,0,0,0,0,0
1,1,280656,0,0,0,0,0,0,0,0,0,0
2,1,280656,0,0,0,0,0,0,0,0,0,0
1,1,280657,21,0,0,0,0,0,0,0,0,0
2,1,280657,0,0,7,0,0,0,0,0,0,0
1,1,280658,0,0,0,0,0,0,0,0,0,0
2,1,280658,0,0,0,0,0,0,0,0,0,0
0,1,280659,0,0,0,0,0,0,0,0,0,0
1,1,280659,0,0,0,0,0,0,0,0,0,0
1,1,280660,0,0,0,0,0,0,0,0,0,0
1,1,280661,0,0,0,0,0,0,0,0,0,0
2,1,280661,0,0,0,0,0,0,0,0,0,0
1,1,280662,0,0,0,8,0,0,0,0,0,0
2,1,280662,0,0,0,0,0,0,0,0,0,0
1,1,280663,0,0,0,0,0,0,0,0,0,0
2,1,280663,0,0,0,0,0,0,0,0,0,0
1,1,280664,0,0,0,0,0,0,0,0,0,0
2,1,280664,0,0,0,0,0,0,0,0,0,15
0,1,280665,0,0,31,21,23,0,0,0,0,0
1,1,280665,0,15,10,0,0,0,0,0,0,0
1,1,280666,0,0,0,0,0,0,0,0,0,0
1,1,280667,10,0,0,0,0,0,0,0,0,0
1,1,280668,18,18,18,18,18,18,18,18,18,18
1,1,280669,14,0,13,0,4,21,12,0,0,0
0,1,280670,0,0,0,0,0,0,0,0,0,0
1,1,280670,0,0,0,0,0,0,0,0,0,0
1,1,280671,0,0,0,0,0,0,0,0,0,0
2,1,280671,0,0,0,21,0,10,13,14,0,0
1,1,280672,0,24,0,0,0,11,0,0,0,0
2,1,280672,0,0,0,0,0,0,0,0,0,0
1,1,280673,0,13,0,17,10,0,12,0,12,12
1,1,280674,0,0,0,0,0,0,0,0,0,0
2,1,280674,0,0,0,0,0,0,0,0,0,0
1,1,280675,0,1,14,21,3,0,6,23,0,13
1,1,280676,0,0,0,0,0,0,0,0,0,30
1,1,280677,22,22,22,22,22,22,22,22,22,22
2,1,280677,15,15,15,15,15,15,15,15,15,15
1,1,280678,0,0,0,0,0,0,0,0,0,1
2,1,280678,0,26,0,0,0,16,0,19,0,0
1,1,280679,25,25,25,25,25,25,25,25,25,25
2,1,280679,9,0,0,0,0,0,0,0,24,0
1,1,280680,0,0,0,0,0,0,0,0,0,0
1,1,280681,22,22,22,22,22,22,22,22,22,22
1,1,280682,0,0,0,0,0,0,0,0,0,0
2,1,280682,0,0,25,0,0,10,8,0,0,0
1,1,280683,12,33,17,22,17,9,13,21,18,0
1,1,280684,12,12,12,12,12,12,12,12,12,12
1,1,280685,12,12,12,12,12,12,12,12,12,12
1,1,280686,0,0,0,0,0,0,0,0,0,0
2,1,280686,0,0,0,0,0,0,0,0,0,8
1,1,280687,0,0,0,0,15,0,0,0,0,0
1,1,280688,0,0,0,0,0,0,0,0,0,25
2,1,280688,0,0,0,0,0,0,0,0,0,0
1,1,280689,0,0,0,0,0,0,0,0,0,0
2,1,280689,0,0,0,0,0,0,0,0,0,0
1,1,280690,0,9,0,15,0,0,0,0,0,0
2,1,280690,0,0,0,0,0,0,0,0,0,0
1,1,280691,0,0,0,0,0,0,0,0,18,0
2,1,280691,0,0,0,3,0,0,0,0,0,0
1,1,280692,0,0,0,0,0,0,0,0,0,0
1,1,280693,14,14,14,14,14,14,14,14,14,14
1,1,280694,16,16,16,16,16,16,16,16,16,16
1,1,280695,0,0,0,0,0,0,0,0,0,0
1,1,280696,0,0,0,0,0,0,0,16,0,0
1,1,280697,12,0,16,0,0,8,30,0,16,0
1,1,280698,0,0,0,0,0,0,0,0,0,0
2,1,280698,0,0,0,0,0,0,0,12,0,0
1,1,280699,0,26,0,0,0,16,0,0,0,0
1,1,280700,0,0,0,0,0,0,0,0,0,0
2,1,280700,0,0,0,0,0,0,0,0,0,0
1,1,280701,0,25,0,11,28,18,13,0,0,20
2,1,280701,12,32,8,20,11,13,0,14,0,0
1,1,280702,0,0,0,0,0,0,0,0,0,0
0,1,280703,0,0,0,0,0,0,0,0,0,0
1,1,280703,0,39,0,0,0,0,0,11,0,0
1,1,280704,14,14,14,14,14,14,14,14,14,14
2,1,280704,0,0,0,0,0,0,0,0,0,0
1,1,280705,16,16,16,16,16,16,16,16,16,16
1,1,280706,8,0,0,0,0,0,6,0,0,41
2,1,280706,0,0,0,0,0,0,0,0,0,0
1,1,280707,23,27,6,19,12,12,13,7,22,34
2,1,280707,0,18,22,19,26,19,5,20,27,26
1,1,280708,11,0,13,0,0,10,0,17,14,0
1,1,280709,0,0,0,0,0,0,0,0,0,0
2,1,280709,0,0,0,0,0,0,0,0,0,0
0,1,280710,0,0,27,0,24,0,0,0,0,11
1,1,280710,0,0,29,0,0,14,0,0,0,0
1,1,280711,0,0,0,0,0,0,8,0,0,0
1,1,280712,0,0,0,0,23,0,0,0,0,0
2,1,280712,0,0,0,0,0,0,0,0,0,0
1,1,280713,0,0,0,0,11,0,0,0,0,0
2,1,280713,0,0,0,0,0,0,0,0,0,0
1,1,280714,0,0,0,0,0,0,0,0,0,0
2,1,280714,7,7,7,7,7,7,7,7,7,7
1,1,280715,0,0,8,0,0,0,0,14,21,0