VEH_NO,PER_NO,ST_CASE,P1,P2,P3,P4,P5,P6,P7,P8,P9,P10
2,1,290222,0,0,0,0,0,0,0,0,0,0
1,1,290223,0,0,0,0,0,0,0,0,0,0
1,1,290224,39,39,39,39,39,39,39,39,39,39
1,1,290225,0,0,0,0,0,0,0,0,0,0
0,1,290227,32,13,33,18,5,0,9,14,12,38
1,1,290227,28,0,0,0,11,0,22,0,0,0
1,1,290228,0,0,0,0,0,0,0,9,0,0
2,1,290228,0,0,0,21,32,0,26,0,0,0
1,1,290229,0,0,0,0,0,0,0,0,0,0
2,1,290229,0,0,0,0,0,0,0,0,0,0
1,1,290230,0,0,0,0,0,0,0,0,0,0
1,1,290231,12,12,12,12,12,12,12,12,12,12
1,1,290232,0,8,0,18,11,16,12,0,0,0
2,1,290232,4,4,4,4,4,4,4,4,4,4
1,1,290233,15,15,15,15,15,15,15,15,15,15
1,1,290234,0,0,0,0,0,0,0,0,0,0
2,1,290234,0,0,0,0,0,0,0,0,0,0
1,1,290235,8,8,8,8,8,8,8,8,8,8
2,1,290235,0,0,0,0,0,0,0,0,0,0
1,1,290236,8,8,8,8,8,8,8,8,8,8
0,1,290237,26,26,26,26,26,26,26,26,26,26
1,1,290237,0,0,0,0,0,0,0,0,0,0
1,1,290238,0,0,0,0,10,0,19,0,0,0
2,1,290238,13,24,0,0,0,0,11,15,11,20
1,1,290239,0,0,0,0,0,0,0,0,0,0
1,1,290240,15,0,0,0,0,30,0,0,0,0
1,1,290241,15,15,15,15,15,15,15,15,15,15
2,1,290241,0,0,0,0,0,0,0,0,0,0
1,1,290242,0,0,0,0,0,0,0,0,0,0
2,1,290242,0,0,0,0,0,0,0,0,0,0
1,1,290243,0,0,0,0,0,0,0,0,0,0
2,1,290243,0,0,0,0,0,0,0,0,0,0
1,1,290244,20,20,20,20,20,20,20,20,20,20
1,1,290245,0,0,0,0,0,0,0,0,0,0
2,1,290245,0,0,0,0,0,0,0,0,0,0
1,1,290246,16,16,16,16,16,16,16,16,16,16
1,1,290247,0,0,0,0,0,0,0,0,0,0
2,1,290247,0,0,0,0,0,0,0,21,0,0
1,1,290248,13,13,13,13,13,13,13,13,13,13
1,1,290249,17,17,17,17,17,17,17,17,17,17
1,1,290250,0,0,0,0,0,0,0,0,0,0
2,1,290250,0,10,0,0,0,0,0,0,0,0
1,1,290251,0,26,15,11,6,21,10,15,23,0
1,1,290252,26,26,26,26,26,26,26,26,26,26
1,1,290253,0,0,0,0,0,0,0,0,0,0
1,1,290254,9,21,0,0,0,12,0,19,18,0
1,1,290255,0,0,0,0,0,0,28,0,0,0
2,1,290255,0,0,0,0,0,0,0,0,0,0
3,1,290255,0,7,0,0,0,0,0,0,0,0
0,1,290256,0,0,0,0,0,0,0,0,0,0
1,1,290256,0,14,0,0,0,0,0,0,0,0
1,1,290257,0,0,0,0,4,41,0,0,0,0
1,1,290258,14,14,14,14,14,14,14,14,14,14
1,1,290259,19,19,19,19,19,19,19,19,19,19
1,1,290260,20,20,20,20,20,20,20,20,20,20
1,1,290261,0,0,0,0,0,0,0,0,0,0
2,1,290261,0,0,0,0,0,0,0,0,0,0
1,1,290262,0,0,0,0,0,16,0,0,0,0
2,1,290262,0,0,0,0,0,0,0,0,0,0
1,1,290263,15,15,15,15,15,15,15,15,15,15
0,1,290264,0,0,0,0,0,0,0,0,0,0
1,1,290264,0,0,26,16,0,0,0,0,0,0
1,1,290265,0,0,0,0,0,0,4,0,0,0
2,1,290266,0,0,0,0,0,0,0,0,0,0
1,1,290267,21,21,21,21,21,21,21,21,21,21
1,1,290268,0,0,0,0,0,0,0,0,0,0
1,1,290269,0,0,0,0,0,0,0,0,0,0
2,1,290269,0,0,0,0,0,0,0,0,0,0
3,1,290269,0,0,0,0,0,0,0,0,0,0
1,1,290270,0,0,0,0,0,0,0,0,0,0
1,1,290271,17,17,17,17,17,17,17,17,17,17
1,1,290272,0,15,0,0,0,6,0,0,0,0
1,1,290273,21,21,21,21,21,21,21,21,21,21
0,1,290274,0,0,0,0,0,0,0,0,0,0
1,1,290274,0,0,0,0,0,0,0,0,0,0
1,1,290275,25,25,25,25,25,25,25,25,25,25
0,1,290276,0,0,0,0,17,0,0,17,31,13
1,1,290276,0,0,0,0,0,0,0,0,0,0
1,1,290277,18,18,18,18,18,18,18,18,18,18
2,1,290277,0,0,0,0,0,0,0,0,0,0
1,1,290278,0,0,0,0,0,0,0,0,0,0
1,1,290279,0,0,0,0,0,0,0,0,0,0
1,1,290280,20,20,20,20,20,20,20,20,20,20
1,1,290281,0,0,0,11,0,0,10,0,0,0
2,1,290281,4,20,18,21,0,0,0,0,16,13
1,1,290282,16,16,16,16,16,16,16,16,16,16
1,1,290283,0,0,0,0,0,0,0,0,0,0
1,1,290284,26,6,6,6,0,6,0,0,0,0
2,1,290284,0,0,0,0,0,0,0,0,0,0
1,1,290285,10,10,10,10,10,10,10,10,10,10
1,1,290286,0,0,0,0,0,0,0,0,0,0
2,1,290286,0,24,0,20,0,0,0,0,0,0
1,1,290287,0,0,0,0,0,0,0,0,0,0
2,1,290287,10,0,0,0,0,0,6,0,6,0
1,1,290288,14,21,0,24,19,0,0,13,14,22
1,1,290289,0,0,0,0,0,0,0,0,0,0
2,1,290289,0,0,0,0,0,0,0,0,0,0
3,1,290289,0,0,0,0,0,0,0,0,0,0
4,1,290289,0,0,0,0,0,0,0,0,0,0
1,1,290290,2,2,2,2,2,2,2,2,2,2
2,1,290290,0,0,0,0,0,0,0,0,0,0
0,1,290291,24,26,17,43,37,29,41,36,32,16
1,1,290291,16,8,15,8,0,10,11,4,13,15
1,1,290292,0,0,0,0,0,0,0,0,0,0
2,1,290292,0,0,0,0,0,0,0,0,0,0
0,1,290293,30,30,30,30,30,30,30,30,30,30
1,1,290293,13,13,13,13,13,13,13,13,13,13
1,1,290294,0,0,0,0,0,0,0,0,0,0
2,1,290294,1,1,1,1,1,1,1,1,1,1
1,1,290295,0,0,0,0,0,0,0,0,0,0
2,1,290295,0,8,0,0,0,0,0,0,0,0
3,1,290295,0,0,0,0,0,0,0,0,0,0
1,1,290296,0,0,0,0,0,0,0,0,0,0
2,1,290296,0,0,0,0,0,0,0,0,0,0
1,1,290297,0,0,0,0,0,0,0,0,0,0
1,1,290298,15,15,15,15,15,15,15,15,15,15
1,1,290299,17,17,17,17,17,17,17,17,17,17
1,1,290300,16,16,16,16,16,16,16,16,16,16
1,1,290301,0,0,0,0,12,0,0,0,0,7
2,1,290301,0,0,0,0,0,0,0,0,0,0
1,1,290302,0,11,0,16,17,0,20,0,16,34
1,1,290303,0,0,0,0,0,0,0,0,0,0
2,1,290303,0,0,0,0,0,0,0,0,0,0
1,1,290304,11,11,11,11,11,11,11,11,11,11
2,1,290304,0,0,0,0,0,0,0,0,0,0
1,1,290305,19,19,19,19,19,19,19,19,19,19
1,1,290306,0,0,0,0,18,0,12,0,0,0
2,1,290306,0,0,0,0,0,0,0,0,0,0
1,1,290307,26,26,26,26,26,26,26,26,26,26
1,1,290308,3,3,3,3,3,3,3,3,3,3
1,1,290309,0,0,0,0,0,0,0,0,0,0
2,1,290309,0,0,0,0,0,0,0,0,0,0
1,1,290310,0,0,0,0,0,0,0,0,0,0
2,1,290310,19,0,0,25,10,0,0,8,0,0
3,1,290310,0,0,0,0,0,0,0,0,0,0
1,1,290311,0,0,0,0,0,0,0,0,0,0
2,1,290311,0,0,0,0,0,0,0,0,0,0
1,1,290312,14,14,14,14,14,14,14,14,14,14
1,1,290313,0,0,0,0,0,0,0,0,0,0
1,1,290314,12,0,0,0,0,0,0,14,0,0
2,1,290314,0,0,0,0,0,0,0,0,0,11
1,1,290315,12,12,12,12,12,12,12,12,12,12
2,1,290315,0,0,0,0,0,0,0,0,0,0
3,1,290315,33,0,0,0,0,0,4,0,0,7
1,1,290316,0,0,0,0,0,0,0,0,0,0
2,1,290316,0,0,0,0,0,0,0,0,0,0
1,1,290317,22,22,22,22,22,22,22,22,22,22
1,1,290318,28,28,28,28,28,28,28,28,28,28
2,1,290318,0,20,0,0,0,0,0,0,0,21
3,1,290318,0,13,0,5,10,0,0,21,0,9
4,1,290318,0,0,5,0,0,16,0,0,0,9
5,1,290318,8,10,9,0,0,0,0,0,5,21
0,1,290319,0,0,0,0,0,0,0,0,6,0
1,1,290320,0,0,0,0,0,0,0,0,0,0
1,1,290321,0,0,0,0,0,0,0,0,0,0
2,1,290321,0,0,0,0,0,0,0,0,0,0
1,1,290322,0,0,0,0,0,0,0,0,0,0
2,1,290322,0,0,0,0,0,0,0,0,0,0
1,1,290323,0,15,0,0,0,0,0,0,0,0
2,1,290323,0,0,0,0,0,0,0,0,0,0
1,1,290324,3,3,3,3,3,3,3,3,3,3
1,1,290325,0,0,0,0,0,0,0,0,0,0
2,1,290325,0,0,0,0,0,0,0,0,0,0
0,1,290326,18,18,18,18,18,18,18,18,18,18
1,1,290326,0,14,0,0,0,7,0,12,0,0
1,1,290327,5,5,5,5,5,5,5,5,5,5
2,1,290327,0,0,0,0,0,7,0,0,0,0
1,1,290328,19,19,19,19,19,19,19,19,19,19
2,1,290328,0,0,0,0,0,0,19,0,13,0
1,1,290329,0,0,0,0,0,0,0,0,0,0
1,1,290330,21,21,21,21,21,21,21,21,21,21
1,1,290332,15,15,15,15,15,15,15,15,15,15
1,1,290333,0,0,0,0,0,0,0,0,0,0
2,1,290333,0,0,0,0,9,0,0,0,0,0
0,1,290334,1,1,1,1,1,1,1,1,1,1
1,1,290334,0,0,0,0,0,0,0,0,0,0
1,1,290335,0,0,0,0,0,0,0,0,0,0
1,1,290336,0,0,0,0,0,0,0,0,0,0
0,1,290337,0,0,0,0,0,0,6,0,0,21
0,2,290337,0,0,0,28,0,0,0,0,0,0
0,3,290337,0,0,0,0,0,0,0,0,0,0
1,1,290337,0,0,0,0,0,0,0,0,0,0
1,1,290338,19,23,9,13,33,9,21,23,24,21
0,1,290339,0,0,0,0,0,0,0,0,0,0
0,2,290339,0,0,0,0,0,0,0,24,0,0
1,1,290339,0,0,0,0,0,0,0,0,0,0
1,1,290340,0,0,0,15,0,0,0,9,0,0
1,1,290341,13,13,13,13,13,13,13,13,13,13
1,1,290342,0,0,0,0,0,0,0,0,0,0
1,1,290343,0,0,13,0,3,3,11,0,0,0
2,1,290343,9,9,9,9,9,9,9,9,9,9
3,1,290343,3,3,3,3,3,3,3,3,3,3
1,1,290344,0,0,0,0,0,0,0,0,0,0
1,1,290345,0,0,0,0,0,0,0,0,0,0
2,1,290345,0,0,0,0,0,0,0,0,0,0
1,1,290346,0,0,0,0,0,0,0,0,0,0
2,1,290346,0,0,0,0,0,0,0,0,0,0
1,1,290347,0,0,2,0,0,0,0,0,0,0
2,1,290347,0,0,0,0,0,0,0,0,0,0
1,1,290348,0,0,0,0,0,0,0,0,0,0
2,1,290348,0,0,0,0,0,0,0,0,0,0
1,1,290349,18,18,18,18,18,18,18,18,18,18
1,1,290350,0,0,0,0,0,0,0,0,0,0
2,1,290350,0,0,0,0,0,0,0,0,0,0
1,1,290351,26,26,26,26,26,26,26,26,26,26
1,1,290352,0,0,0,0,0,0,0,0,0,0
2,1,290352,0,0,0,0,0,0,0,0,0,0
1,1,290353,1,1,1,1,1,1,1,1,1,1
1,1,290354,0,0,0,0,0,0,0,0,0,0
2,1,290354,0,0,0,0,0,0,0,0,0,0
1,1,290355,0,0,0,0,0,0,0,0,0,0
2,1,290355,0,0,15,21,14,0,0,0,8,0
1,1,290356,0,0,0,0,0,0,0,0,0,0
2,1,290356,6,0,0,0,0,0,0,0,0,0
1,1,290357,7,5,3,0,7,2,0,11,8,10
1,1,290358,3,3,3,3,3,3,3,3,3,3
1,1,290359,2,2,2,2,2,2,2,2,2,2
2,1,290359,0,0,0,0,0,0,0,0,0,0
1,1,290360,19,19,19,19,19,19,19,19,19,19
0,1,290361,0,0,0,0,0,0,0,0,16,0
1,1,290361,0,0,0,0,0,0,0,0,0,0
1,1,290362,0,0,0,0,0,0,0,0,0,0
2,1,290362,1,1,1,1,1,1,1,1,1,1
1,1,290363,0,0,0,0,0,0,0,0,0,0
2,1,290363,0,0,0,0,0,0,0,0,0,0
1,1,290364,15,15,15,15,15,15,15,15,15,15
1,1,290365,22,22,22,22,22,22,22,22,22,22
1,1,290366,0,0,0,0,0,0,0,0,0,0
1,1,290367,0,0,0,0,0,0,0,0,0,0
2,1,290367,17,17,17,17,17,17,17,17,17,17
3,1,290367,0,0,22,0,0,17,0,0,0,0
4,1,290367,0,0,0,0,0,0,0,0,0,0
1,1,290368,0,0,0,0,0,0,0,0,0,0
2,1,290368,0,0,0,0,0,0,0,0,0,0
1,1,290369,16,16,16,16,16,16,16,16,16,16
1,1,290370,3,3,3,3,3,3,3,3,3,3
1,1,290371,0,0,0,0,0,0,0,0,0,0
1,1,290372,0,0,0,0,0,0,0,0,0,0
2,1,290372,0,0,0,0,0,0,0,0,0,0
1,1,290373,0,0,0,0,0,0,0,0,0,0
2,1,290373,0,0,0,0,0,0,0,0,0,0
1,1,290374,0,0,0,0,0,0,0,0,0,0
1,1,290375,0,0,0,0,0,0,0,0,0,0
2,1,290375,16,16,16,16,16,16,16,16,16,16
1,1,290376,19,19,19,19,19,19,19,19,19,19
1,1,290377,25,25,25,25,25,25,25,25,25,25
1,1,290378,0,0,10,0,0,0,14,0,0,0
2,1,290378,0,0,0,0,0,0,0,0,0,0
1,1,290379,0,0,0,22,0,0,0,8,0,0
1,1,290380,0,0,0,0,0,0,0,0,0,0
2,1,290380,0,0,0,0,0,0,0,0,0,0
1,1,290381,0,0,0,0,0,0,0,0,0,0
1,1,290382,0,0,0,0,0,0,0,0,0,0
1,1,290383,17,17,17,17,17,17,17,17,17,17
1,1,290384,0,0,0,0,0,0,0,0,0,0
2,1,290384,0,0,5,0,0,0,12,20,10,0
1,1,290385,0,0,0,0,0,0,0,0,0,0
2,1,290385,0,0,0,0,0,0,0,0,0,0
3,1,290385,0,0,0,0,0,0,0,0,0,0
4,1,290385,0,0,0,0,0,0,0,0,0,0
5,1,290385,0,0,0,0,0,0,0,0,0,0
6,1,290385,0,0,0,0,0,0,0,0,0,0
7,1,290385,0,0,0,0,0,0,0,0,0,0
8,1,290385,0,0,0,0,0,0,0,0,0,0
1,1,290386,18,18,18,18,18,18,18,18,18,18
1,1,290387,0,0,0,19,0,20,0,0,0,0
1,1,290388,0,0,0,0,0,0,0,0,0,0
1,1,290389,21,21,21,21,21,21,21,21,21,21
1,1,290390,14,14,14,14,14,14,14,14,14,14
1,1,290391,0,37,13,18,9,20,14,8,28,26
1,1,290392,26,26,26,26,26,26,26,26,26,26
2,1,290392,0,0,0,0,0,0,0,0,0,0
1,1,290393,0,0,0,0,0,0,0,0,0,0
2,1,290393,0,0,0,0,0,0,0,0,0,0
3,1,290393,0,0,0,0,0,0,0,0,0,0
1,1,290394,7,7,7,7,7,7,7,7,7,7
1,1,290395,0,0,0,0,0,0,0,0,0,0
2,1,290395,0,0,0,0,0,0,0,0,0,0
1,1,290396,24,24,24,24,24,24,24,24,24,24
1,1,290397,1,1,1,1,1,1,1,1,1,1
1,1,290398,0,0,0,0,0,0,0,0,0,0
1,1,290399,22,22,22,22,22,22,22,22,22,22
1,1,290400,0,0,0,0,0,0,0,0,0,0
2,1,290400,0,0,0,0,0,0,0,0,0,0
3,1,290400,0,0,0,0,0,0,0,0,0,0
4,1,290400,0,0,0,0,0,0,0,0,0,12
1,1,290401,0,0,0,0,0,0,0,0,0,0
2,1,290401,0,0,0,0,0,0,0,0,0,0
3,1,290401,0,0,0,0,0,0,6,0,0,0
1,1,290402,0,22,0,0,0,32,0,7,0,0
1,1,290403,0,0,0,0,0,0,0,0,0,0
1,1,290404,11,11,11,11,11,11,11,11,11,11
0,1,290405,25,25,25,25,25,25,25,25,25,25
1,1,290405,10,0,0,17,0,0,10,20,0,16
0,1,290406,9,9,9,9,9,9,9,9,9,9
1,1,290406,0,0,15,0,17,0,0,0,8,0
1,1,290407,0,0,0,0,0,0,0,0,0,0
1,1,290408,0,0,0,0,0,0,0,0,0,0
1,1,290409,0,0,0,0,0,0,10,0,0,15
2,1,290409,0,0,0,0,0,0,0,0,0,0
1,1,290410,10,10,10,10,10,10,10,10,10,10
1,1,290411,0,0,0,0,0,0,0,0,0,0
1,1,290412,17,27,0,0,6,17,12,13,10,49
2,1,290412,0,0,0,0,0,0,0,0,0,0
1,1,290413,0,0,0,0,0,0,0,0,0,0
1,1,290414,0,0,0,0,0,0,0,0,0,0
1,1,290416,14,14,14,14,14,14,14,14,14,14
1,1,290417,0,0,0,0,0,0,0,0,0,0
2,1,290417,0,0,0,0,0,0,0,0,0,0
1,1,290418,0,0,0,0,0,0,0,0,0,0
2,1,290418,0,0,0,0,0,0,0,0,0,0
1,1,290420,0,0,0,0,0,0,0,0,0,0
0,1,290421,6,6,6,6,6,6,6,6,6,6
1,1,290421,13,13,13,13,13,13,13,13,13,13
1,1,290422,0,0,0,0,0,0,0,0,0,0
1,1,290424,9,9,9,9,9,9,9,9,9,9
1,1,290425,6,6,6,6,6,6,6,6,6,6
1,1,290426,11,11,11,11,11,11,11,11,11,11
1,1,290427,13,30,12,18,0,19,12,0,9,28
1,1,290428,0,0,0,0,0,0,0,0,0,0
1,1,290429,0,0,0,0,0,0,0,0,0,0
2,1,290429,0,0,0,0,0,0,0,0,0,0
1,1,290430,0,0,0,0,0,0,0,4,0,5
2,1,290430,0,14,0,21,0,0,0,0,0,0
1,1,290431,19,25,30,20,0,16,12,0,21,29
2,1,290431,0,4,10,0,0,14,0,0,0,6
1,1,290432,0,0,0,0,10,0,0,0,0,0
2,1,290432,0,0,0,0,0,0,0,0,0,0
1,1,290433,0,0,0,0,0,0,0,0,0,0
1,1,290434,15,15,15,15,15,15,15,15,15,15
1,1,290435,0,0,0,0,0,0,0,0,0,0
2,1,290435,12,12,12,12,12,12,12,12,12,12
1,1,290436,0,0,0,0,0,0,0,0,0,0
2,1,290436,0,0,0,0,0,0,0,18,0,0
3,1,290436,0,0,0,0,0,0,0,0,20,0
4,1,290436,0,0,0,0,0,0,0,0,0,0
5,1,290436,0,0,0,8,0,0,0,0,0,0
6,1,290436,0,0,0,0,0,0,0,0,0,0
7,1,290436,0,0,0,0,0,0,0,0,0,0
8,1,290436,0,0,0,0,0,0,0,8,0,0
1,1,290437,0,0,0,0,0,0,0,0,0,0
1,1,290438,0,0,0,0,0,0,0,0,0,0
2,1,290438,0,0,0,0,0,0,0,0,0,0
1,1,290439,7,7,7,7,7,7,7,7,7,7
2,1,290439,0,0,9,10,0,8,16,0,9,0
1,1,290440,10,10,10,10,10,10,10,10,10,10
1,1,290441,12,12,12,12,12,12,12,12,12,12
1,1,290442,20,20,20,20,20,20,20,20,20,20
1,1,290443,0,0,0,0,0,0,0,0,0,0
1,1,290444,0,0,0,0,0,0,14,0,0,0
2,1,290444,0,0,0,0,0,0,0,0,0,0
1,1,290445,0,0,0,0,0,0,0,0,0,0
2,1,290445,0,0,0,0,0,0,0,0,0,0
1,1,290446,0,0,0,0,0,0,0,0,0,0
2,1,290446,0,15,0,0,15,0,0,27,15,2
1,1,290447,0,0,0,0,0,6,0,4,0,5
1,1,290448,0,21,21,0,19,0,0,12,7,8
1,1,290449,0,0,0,0,0,0,0,0,0,0
2,1,290449,0,0,0,0,0,0,0,0,0,0
3,1,290449,0,0,13,0,0,0,0,0,0,0
1,1,290450,0,0,0,0,0,0,0,0,12,0
2,1,290450,0,0,0,0,0,0,0,0,0,0
1,1,290451,10,10,10,10,10,10,10,10,10,10
1,1,290452,0,0,0,0,0,0,0,0,0,0
1,1,290453,13,13,13,13,13,13,13,13,13,13
1,1,290454,0,0,0,0,0,0,0,0,0,0
2,1,290454,0,0,0,0,0,0,0,0,0,0
1,1,290455,12,12,12,12,12,12,12,12,12,12
2,1,290455,14,0,11,0,0,0,0,0,0,0
1,1,290456,0,0,0,0,0,0,0,0,0,0
1,1,290457,0,0,0,0,0,0,0,0,0,0
1,1,290458,0,0,21,0,17,26,0,0,0,0
0,1,290459,0,0,0,0,0,0,0,0,0,0
1,1,290459,11,3,0,0,0,0,0,18,0,0
1,1,290460,0,0,0,0,0,0,0,0,0,0
2,1,290460,0,17,0,0,0,0,0,8,0,0
1,1,290461,0,0,0,0,0,0,0,0,0,0
2,1,290461,0,0,0,0,0,19,0,0,0,0
1,1,290462,0,12,0,7,15,17,6,33,29,19
1,1,290463,0,0,0,0,0,0,0,0,0,0
1,1,290464,0,0,0,0,0,0,0,0,0,0
2,1,290464,0,0,0,0,0,0,0,0,0,0
1,1,290465,0,0,0,0,0,0,0,0,8,0
2,1,290465,0,0,0,0,0,0,0,0,0,0
1,1,290466,0,0,0,22,16,20,5,0,0,16
2,1,290466,0,0,0,0,0,0,0,0,0,0
1,1,290467,0,0,0,0,0,0,0,0,0,0
2,1,290467,0,0,0,0,0,0,0,0,0,0
1,1,290468,1,1,1,1,1,1,1,1,1,1
1,1,290469,0,0,4,22,0,0,10,0,0,0
1,1,290470,0,0,0,0,0,0,0,0,0,0
1,1,290471,0,0,0,0,0,0,0,0,0,0
2,1,290471,0,0,0,0,0,0,0,0,0,0
3,1,290471,0,0,0,0,0,0,0,0,0,0
1,1,290472,0,0,0,0,0,0,0,0,0,0
2,1,290472,0,0,0,0,0,0,0,0,0,0
1,1,290473,0,0,0,0,0,0,0,0,0,0
1,1,290474,0,0,0,0,0,0,0,0,0,0
2,1,290474,0,0,0,8,0,0,0,0,0,15
1,1,290475,27,27,27,27,27,27,27,27,27,27
1,1,290476,0,0,0,0,0,0,0,0,0,0
1,1,290477,18,18,18,18,18,18,18,18,18,18
1,1,290478,0,0,0,0,0,0,0,0,0,0
1,1,290479,0,0,0,0,0,30,0,0,0,0
2,1,290479,0,0,0,0,0,0,0,13,0,0
1,1,290480,3,3,3,3,3,3,3,3,3,3
1,1,290481,19,19,19,19,19,19,19,19,19,19
1,1,290482,0,0,0,0,22,0,0,0,13,0
1,1,290483,0,0,0,0,0,0,0,0,0,0
1,1,290484,0,0,0,0,0,0,0,0,0,0
1,1,290485,0,0,0,0,0,0,0,0,0,0
2,1,290485,0,0,0,0,0,0,0,0,0,0
1,1,290486,0,0,0,0,0,0,0,0,0,0
2,1,290486,0,0,0,0,0,0,0,0,0,14
1,1,290487,1,1,1,1,1,1,1,1,1,1
2,1,290487,20,8,0,0,0,12,0,6,0,0
1,1,290488,0,0,0,0,0,0,0,0,0,0
0,1,290489,14,14,14,14,14,14,14,14,14,14
1,1,290489,0,0,8,0,0,0,8,0,0,0
1,1,290490,11,9,0,12,13,0,17,0,33,0
2,1,290490,0,0,0,0,0,0,0,0,0,0
3,1,290490,0,6,0,0,0,0,0,0,0,0
1,1,290491,0,0,0,0,0,0,0,0,0,0
2,1,290491,9,9,9,9,9,9,9,9,9,9
1,1,290492,0,0,0,0,0,0,0,0,0,0
2,1,290492,0,0,0,0,13,0,0,0,0,0
1,1,290493,0,18,0,0,0,0,0,0,0,0
0,1,290494,24,24,24,24,24,24,24,24,24,24
1,1,290494,22,10,0,0,12,11,0,0,0,0
1,1,290495,16,16,16,16,16,16,16,16,16,16
1,1,290496,24,24,24,24,24,24,24,24,24,24
2,1,290496,11,0,0,0,8,0,0,13,21,0
0,1,290497,0,0,0,0,0,0,0,0,0,0
1,1,290497,0,0,0,0,0,0,0,0,0,0
0,1,290498,0,0,0,0,0,0,0,0,0,0
1,1,290498,0,26,0,0,0,0,11,16,13,18
1,1,290499,0,0,0,0,0,0,0,0,0,0
2,1,290499,0,0,0,0,0,0,0,0,0,0
1,1,290500,12,6,19,17,16,18,0,8,26,22
2,1,290500,0,0,0,0,0,0,0,0,0,0
3,1,290500,0,0,0,0,0,0,7,0,0,0
1,1,290501,12,0,8,10,0,0,0,0,6,14
2,1,290501,0,0,0,0,0,0,0,0,0,0
1,1,290502,0,0,0,0,0,0,0,0,0,0
2,1,290502,0,0,0,0,0,0,0,0,0,0
1,4,290503,26,25,0,15,32,16,0,0,20,3
0,1,290504,30,30,30,30,30,30,30,30,30,30
1,1,290504,0,0,0,12,18,0,32,13,8,0
1,1,290505,23,0,23,18,0,24,0,0,0,0
1,1,290506,0,0,0,0,0,0,0,0,0,0
2,1,290506,0,0,0,0,0,0,0,0,0,0
1,1,290507,12,12,12,12,12,12,12,12,12,12
1,1,290508,0,0,0,0,0,0,0,0,0,0
2,1,290508,0,0,0,0,0,0,0,0,0,0
1,1,290509,0,0,0,0,0,0,0,0,0,0
2,1,290509,0,0,0,0,0,0,0,0,0,0
3,1,290509,0,0,0,0,0,0,0,0,0,0
1,1,290510,24,24,24,24,24,24,24,24,24,24
1,1,290511,11,11,11,11,11,11,11,11,11,11
1,1,290512,0,0,0,0,0,0,0,0,0,0
1,1,290513,16,16,16,16,16,16,16,16,16,16
0,1,290514,12,18,14,0,0,18,21,0,0,15
1,1,290514,0,0,0,0,0,0,0,0,0,0
1,1,290515,0,0,0,0,0,0,0,0,0,0
2,1,290515,0,0,0,0,0,0,0,0,0,0
0,1,290516,0,0,0,0,0,0,0,0,0,0
1,1,290516,0,0,0,0,0,0,0,0,0,0
1,1,290517,23,23,23,23,23,23,23,23,23,23
1,1,290519,0,0,0,0,0,0,0,0,0,0
1,1,290520,0,0,0,0,0,0,0,0,0,0
1,1,290521,0,0,0,0,0,0,0,0,0,0
2,1,290521,0,0,0,0,0,0,0,0,0,0
0,1,290522,19,14,18,33,5,33,0,0,21,0
1,1,290522,0,0,0,0,0,0,7,0,0,0
1,1,290523,0,0,0,0,0,0,0,0,0,0
1,1,290524,7,7,7,7,7,7,7,7,7,7
1,1,290525,7,28,12,30,21,19,17,14,13,6
1,1,290526,0,18,0,0,0,0,0,0,0,0
2,1,290526,0,0,0,0,0,0,0,0,0,0
1,1,290527,13,13,13,13,13,13,13,13,13,13
1,1,290528,0,0,0,0,0,0,0,0,0,0
1,1,290529,0,0,0,0,0,0,0,0,0,0
1,1,290530,0,0,0,0,0,0,0,0,0,0
1,1,290531,7,7,7,7,7,7,7,7,7,7
2,1,290531,0,0,0,0,0,0,0,7,0,0
0,1,290532,0,0,0,0,0,0,0,0,0,0
1,1,290532,0,0,0,0,0,0,0,0,0,0
1,1,290533,0,0,0,0,0,0,0,0,0,0
1,1,290534,0,0,0,0,0,0,0,0,0,0
2,1,290534,0,0,0,0,0,0,0,0,11,0
1,1,290535,15,15,15,15,15,15,15,15,15,15
1,1,290536,0,0,0,0,0,0,0,0,0,0
2,1,290536,0,14,0,0,0,0,0,0,0,0
3,1,290536,29,0,0,0,0,0,0,15,0,0
4,1,290536,0,0,0,0,0,0,0,0,0,14
5,1,290536,0,0,0,0,0,0,0,0,0,0
1,1,290537,13,13,13,13,13,13,13,13,13,13
2,1,290537,0,0,25,0,14,0,19,10,0,0
1,1,290538,19,19,19,19,19,19,19,19,19,19
1,1,290539,0,0,0,0,0,0,0,0,0,0
2,1,290539,0,0,0,0,0,0,0,0,0,0
3,1,290539,5,15,0,10,8,0,13,35,0,23
0,1,290540,14,14,14,14,14,14,14,14,14,14
1,1,290540,0,0,0,0,0,0,0,0,0,0
1,1,290541,0,0,0,0,0,0,0,15,0,0
2,1,290541,0,0,0,0,0,0,0,0,0,0