VEH_NO,PER_NO,ST_CASE,P1,P2,P3,P4,P5,P6,P7,P8,P9,P10
1,1,290542,0,0,0,0,0,0,0,0,0,0
1,1,290543,27,27,27,27,27,27,27,27,27,27
1,1,290544,11,21,24,17,23,0,21,18,26,13
1,1,290545,17,17,17,17,17,17,17,17,17,17
1,1,290546,0,0,0,0,0,0,0,0,0,0
1,1,290547,22,22,22,22,22,22,22,22,22,22
1,1,290548,0,0,0,0,0,0,0,0,0,0
1,1,290549,0,0,0,0,0,0,0,0,0,0
1,1,290550,34,34,34,34,34,34,34,34,34,34
2,1,290550,0,0,0,0,0,0,0,0,0,0
1,1,290551,9,9,9,9,9,9,9,9,9,9
1,1,290552,6,6,6,6,6,6,6,6,6,6
2,1,290552,0,0,0,0,0,0,0,0,0,0
3,1,290552,0,0,0,0,0,0,0,0,0,0
4,1,290552,0,0,0,0,0,0,0,0,0,0
1,1,290553,21,21,21,21,21,21,21,21,21,21
2,1,290553,0,0,0,3,0,0,0,0,0,0
0,1,290554,27,27,27,27,27,27,27,27,27,27
1,1,290554,14,2,0,10,11,0,0,0,21,18
1,1,290555,15,15,15,15,15,15,15,15,15,15
1,1,290556,10,10,10,10,10,10,10,10,10,10
1,1,290557,15,15,15,15,15,15,15,15,15,15
1,1,290558,0,0,0,0,0,0,0,0,0,0
2,1,290558,0,0,0,0,0,0,0,0,0,0
3,1,290558,0,0,0,0,0,22,0,0,24,0
4,1,290558,0,0,0,0,0,3,0,0,0,0
1,1,290559,0,0,31,22,0,0,12,13,11,0
0,1,290560,0,0,0,0,0,0,0,0,0,0
1,1,290560,0,0,0,0,0,0,0,0,0,0
1,1,290561,8,8,8,8,8,8,8,8,8,8
2,1,290561,0,0,0,0,0,0,0,0,0,0
1,1,290562,12,12,12,12,12,12,12,12,12,12
1,1,290563,0,0,0,0,0,0,0,0,0,3
1,1,290564,0,0,0,0,0,7,0,0,0,0
2,1,290564,0,0,0,0,0,0,0,0,0,0
1,1,290565,0,0,0,0,0,0,0,0,0,0
2,1,290565,0,0,0,11,0,0,0,0,0,0
1,1,290566,19,19,19,19,19,19,19,19,19,19
1,1,290567,29,29,29,29,29,29,29,29,29,29
2,1,290567,0,0,0,16,7,0,0,0,0,0
1,1,290568,0,0,0,0,0,0,0,0,0,0
2,1,290568,0,0,0,0,0,0,0,0,0,0
1,1,290569,0,0,0,0,0,0,0,0,0,0
1,1,290570,0,0,0,0,0,0,0,0,0,0
2,1,290570,0,4,0,0,0,0,0,0,0,0
3,1,290570,2,0,0,0,0,0,0,0,0,0
1,1,290571,0,0,0,0,0,0,0,0,0,0
2,1,290571,0,0,0,0,0,0,0,0,0,0
1,1,290572,14,14,14,14,14,14,14,14,14,14
1,1,290573,0,0,0,0,0,0,0,0,0,0
1,1,290574,0,0,0,0,0,0,0,0,0,0
2,1,290574,0,0,0,0,0,0,0,0,0,0
1,1,290575,22,22,22,22,22,22,22,22,22,22
1,1,290577,0,0,9,0,16,0,0,0,0,0
1,1,290578,0,0,0,0,0,0,0,0,0,0
1,1,290579,0,0,0,0,0,0,0,0,0,0
0,1,290580,25,25,25,25,25,25,25,25,25,25
1,1,290580,0,0,0,0,0,0,0,0,0,0
1,1,290581,11,11,11,11,11,11,11,11,11,11
1,1,290582,0,0,0,0,0,0,0,0,0,0
2,1,290582,0,0,0,0,0,0,0,0,0,0
1,1,290583,0,0,0,0,0,0,0,0,0,0
2,1,290583,0,0,0,0,0,0,0,0,0,0
1,1,290584,14,14,14,14,14,14,14,14,14,14
1,1,290585,0,0,0,0,0,0,0,0,0,0
1,1,290586,22,17,11,8,5,9,9,7,5,25
2,1,290586,0,0,0,0,0,0,0,0,0,0
3,1,290586,0,0,0,0,0,0,0,0,0,0
0,1,290587,18,18,18,18,18,18,18,18,18,18
1,1,290587,0,0,0,0,0,0,0,0,0,0
3,1,290587,18,0,0,0,0,0,0,0,0,0
1,1,290588,6,6,6,6,6,6,6,6,6,6
2,1,290588,20,10,0,0,0,0,0,24,0,0
0,1,290589,9,9,9,9,9,9,9,9,9,9
1,1,290589,0,0,0,0,0,0,0,0,0,0
1,1,290590,0,0,0,0,0,0,0,0,0,0
2,1,290590,0,0,0,0,0,0,0,0,0,0
1,1,290591,0,16,0,0,0,0,0,0,0,0
1,1,290592,17,17,17,17,17,17,17,17,17,17
2,1,290592,0,0,0,0,0,0,16,0,0,0
1,1,290593,12,5,25,15,24,3,30,9,24,10
1,1,290594,0,0,0,0,0,0,0,0,0,0
1,1,290595,0,0,0,0,0,0,0,0,0,0
1,1,290596,0,0,0,0,0,0,0,0,0,0
1,1,290597,0,0,0,0,0,0,0,0,0,0
1,1,290598,25,12,11,16,10,16,0,20,20,0
1,1,290599,13,13,13,13,13,13,13,13,13,13
0,1,290600,0,0,0,0,0,0,0,0,0,0
1,1,290600,0,0,0,0,0,0,0,0,0,0
2,1,290600,0,0,0,0,0,0,19,0,6,0
1,1,290601,0,0,0,0,0,0,0,0,0,0
1,1,290602,0,0,0,19,0,0,0,0,0,0
2,1,290602,7,7,7,7,7,7,7,7,7,7
1,1,290603,6,0,0,0,0,0,0,0,0,0
1,1,290604,10,10,10,10,10,10,10,10,10,10
1,1,290605,13,13,17,14,11,5,9,10,13,12
1,1,290606,12,12,12,12,12,12,12,12,12,12
0,1,290607,0,0,0,0,0,0,0,0,0,0
1,1,290607,20,6,10,8,2,22,3,0,36,17
1,1,290608,11,11,11,11,11,11,11,11,11,11
1,1,290609,0,0,0,0,0,0,0,0,0,0
1,1,290610,4,4,4,4,4,4,4,4,4,4
2,1,290610,0,0,0,0,0,0,0,0,0,0
1,1,290611,5,5,5,5,5,5,5,5,5,5
1,1,290612,12,12,12,12,12,12,12,12,12,12
1,1,290613,19,19,19,19,19,19,19,19,19,19
2,1,290613,0,0,0,0,0,0,0,0,0,0
1,1,290614,0,0,0,0,0,0,0,0,0,0
1,1,290615,0,0,0,0,0,0,0,0,0,0
2,1,290615,0,0,0,0,0,0,0,0,0,0
1,1,290616,0,0,0,0,0,0,0,0,0,0
1,1,290617,4,4,4,4,4,4,4,4,4,4
1,1,290618,0,0,0,0,0,0,0,0,0,0
2,1,290618,0,0,0,0,0,0,0,0,0,0
1,1,290619,0,0,0,0,0,0,0,0,0,0
2,1,290619,0,0,0,0,0,0,0,0,0,0
1,1,290620,0,0,0,0,0,0,0,0,0,0
1,1,290622,0,0,0,0,0,0,0,0,0,0
2,1,290622,0,41,0,0,9,0,12,0,4,0
1,1,290623,25,25,25,25,25,25,25,25,25,25
1,1,290624,20,20,20,20,20,20,20,20,20,20
1,1,290625,0,0,0,0,0,0,0,0,0,0
1,1,290626,0,20,14,29,20,13,17,9,18,0
1,1,290627,12,12,12,12,12,12,12,12,12,12
1,1,290628,0,0,0,0,0,0,0,0,0,0
2,1,290628,0,0,0,0,0,0,0,0,0,0
1,1,290629,0,0,0,0,0,0,0,0,0,0
2,1,290629,0,0,0,0,0,0,17,0,18,0
1,1,290630,16,16,16,16,16,16,16,16,16,16
1,1,290631,0,0,0,0,0,0,0,0,0,0
2,1,290631,0,0,0,0,0,0,0,0,0,0
1,1,290632,1,1,1,1,1,1,1,1,1,1
1,1,290633,0,0,0,0,0,0,21,0,0,0
1,1,290634,0,0,0,0,0,0,0,0,0,0
2,1,290634,0,0,0,0,0,0,0,0,0,0
1,1,290635,2,0,0,0,0,0,0,0,0,0
2,1,290635,11,11,11,11,11,11,11,11,11,11
3,1,290635,9,0,0,0,19,5,0,0,9,0
1,1,290636,0,9,9,14,0,0,6,0,0,0
1,1,290637,0,0,0,0,0,0,0,0,0,0
2,1,290637,0,0,0,0,0,0,0,0,0,0
1,1,290638,0,0,0,0,0,0,0,0,0,0
1,1,290639,0,0,0,0,0,0,0,0,0,0
2,1,290639,0,0,0,0,0,0,0,0,0,0
3,1,290639,0,0,0,0,0,0,0,0,0,0
4,1,290639,0,0,0,0,0,0,0,0,0,0
5,1,290639,0,0,0,0,0,0,0,0,23,0
1,1,290640,0,0,0,0,0,0,0,0,0,0
2,1,290640,0,0,2,0,0,0,0,0,0,0
3,1,290640,0,0,0,9,21,0,0,0,0,0
4,1,290640,0,0,0,0,0,0,0,12,0,0
1,1,290641,0,0,0,0,0,0,0,0,0,0
2,1,290641,0,0,0,0,0,0,0,0,0,0
1,1,290642,12,12,12,12,12,12,12,12,12,12
1,1,290643,0,0,0,14,0,9,4,0,0,0
0,1,290644,0,0,0,0,0,18,0,9,19,14
1,1,290644,0,0,0,0,0,0,17,0,0,0
1,1,290645,0,0,0,0,0,0,0,0,0,0
2,1,290645,0,0,0,0,0,0,0,0,0,0
0,1,290646,0,0,0,0,0,0,0,0,0,0
1,1,290646,0,0,0,0,0,0,0,0,0,0
0,1,290647,0,0,0,0,0,0,0,0,0,0
1,1,290647,0,0,0,9,0,0,0,0,0,0
0,1,290648,0,0,0,0,0,0,0,0,0,0
1,1,290648,20,20,20,20,20,20,20,20,20,20
1,1,290649,0,0,0,0,0,0,0,0,0,0
1,1,290650,9,9,9,9,9,9,9,9,9,9
1,1,290651,0,0,0,0,0,0,0,0,0,0
2,1,290651,0,18,0,0,0,15,0,0,0,0
1,1,290652,27,27,27,27,27,27,27,27,27,27
1,1,290653,10,10,10,10,10,10,10,10,10,10
1,1,290654,0,0,0,0,0,0,0,0,0,0
1,1,290655,0,0,0,0,0,0,0,0,0,0
1,1,290656,15,0,0,0,4,0,0,0,0,0
2,1,290656,0,0,0,0,0,0,0,0,0,0
1,1,290657,0,0,0,0,0,0,0,0,0,0
1,1,290658,20,20,20,20,20,20,20,20,20,20
1,1,290659,0,0,0,0,0,0,0,0,0,0
1,1,290661,0,0,0,0,0,0,1,0,0,0
2,1,290661,0,0,0,0,0,0,0,0,0,0
3,1,290661,0,0,0,0,4,0,0,0,0,0
1,1,290662,0,0,0,0,0,0,0,0,0,0
2,1,290662,0,0,0,0,0,0,17,22,0,0
1,1,290663,6,6,6,6,6,6,6,6,6,6
1,1,290664,0,0,0,0,0,0,0,0,0,0
2,1,290664,2,2,2,2,2,2,2,2,2,2
1,1,290665,24,24,24,24,24,24,24,24,24,24
2,1,290665,0,0,27,0,0,13,0,0,0,0
1,1,290666,0,0,0,0,0,0,0,0,0,0
2,1,290666,0,0,0,0,0,0,0,0,0,0
1,1,290667,0,13,0,0,0,0,0,0,0,0
2,1,290667,0,0,0,0,0,0,0,0,0,0
1,1,290668,9,9,9,9,9,9,9,9,9,9
1,1,290669,0,0,0,0,0,0,0,0,0,0
1,1,290670,0,0,0,0,0,0,0,0,0,0
1,1,290671,11,11,11,11,11,11,11,11,11,11
1,1,290672,11,11,11,11,11,11,11,11,11,11
1,1,290673,0,0,0,0,0,0,0,0,0,0
2,1,290673,0,0,0,0,7,0,0,0,0,0
1,1,290674,0,0,0,0,0,0,0,0,0,0
2,1,290674,0,0,0,0,0,0,0,0,0,0
0,1,290675,0,0,0,0,0,0,0,0,0,0
1,1,290675,6,0,0,0,0,0,0,0,0,8
0,1,290676,0,0,0,0,0,0,0,0,0,0
1,1,290676,12,12,12,12,12,12,12,12,12,12
1,1,290677,0,0,0,0,0,0,0,0,0,0
2,1,290677,0,0,0,0,0,0,0,0,0,0
1,1,290678,0,0,0,0,0,0,0,0,0,0
1,1,290679,23,23,23,23,23,23,23,23,23,23
1,1,290680,22,22,22,22,22,22,22,22,22,22
0,1,290681,0,0,0,0,0,0,0,0,0,0
1,1,290681,0,0,0,0,0,0,0,0,3,0
1,1,290682,21,21,21,21,21,21,21,21,21,21
1,1,290683,0,0,0,0,0,0,0,0,0,0
2,1,290683,0,0,0,0,0,0,0,0,0,0
1,1,290684,0,0,0,0,0,0,0,0,0,0
2,1,290684,0,0,0,0,0,0,0,0,0,0
1,1,290685,0,0,0,0,0,0,0,0,0,0
2,1,290685,0,0,0,0,0,0,0,0,0,0
1,1,290686,11,11,11,11,11,11,11,11,11,11
2,1,290686,0,0,0,0,0,0,0,0,0,0
1,1,290687,0,0,0,0,0,0,0,0,0,0
1,1,290688,19,19,19,19,19,19,19,19,19,19
2,1,290688,0,0,0,6,0,0,0,0,0,0
1,1,290689,11,0,0,15,0,0,0,0,14,26
1,1,290690,12,12,12,12,12,12,12,12,12,12
1,1,290691,0,0,0,0,0,0,0,0,0,0
2,1,290691,0,0,0,0,0,0,0,0,0,0
1,1,290692,11,11,11,11,11,11,11,11,11,11
1,1,290693,0,0,0,0,0,0,0,0,0,0
2,1,290693,0,0,0,0,0,0,0,0,0,0
1,1,290694,0,0,0,0,0,0,0,0,0,0
1,1,290695,10,10,10,10,10,10,10,10,10,10
1,1,290696,0,0,0,0,0,0,0,0,0,0
2,1,290696,0,0,0,0,0,0,0,0,0,0
1,1,290697,22,22,22,22,22,22,22,22,22,22
1,1,290698,16,16,16,16,16,16,16,16,16,16
1,1,290699,0,0,0,0,0,0,0,0,0,0
2,1,290699,0,0,0,0,20,0,0,0,0,0
1,1,290700,0,0,0,0,0,0,0,0,0,0
1,1,290701,0,0,0,0,0,13,0,0,19,0
1,1,290702,26,9,17,28,35,25,11,5,16,29
1,1,290703,0,0,0,0,0,0,0,0,0,0
2,1,290703,0,6,0,2,13,0,0,0,0,0
1,1,290704,19,19,19,19,19,19,19,19,19,19
1,1,290705,23,23,23,23,23,23,23,23,23,23
1,1,290706,0,0,0,0,0,0,0,17,0,0
2,1,290706,0,0,0,0,0,0,0,0,0,0
1,1,290707,22,15,29,32,14,20,13,24,8,34
2,1,290707,6,7,0,18,0,10,10,10,12,0
1,1,290708,0,0,0,0,0,0,0,0,0,0
2,1,290708,0,0,0,0,0,0,0,0,0,0
1,1,290709,0,0,0,0,0,0,0,0,14,0
1,1,290710,4,4,4,4,4,4,4,4,4,4
2,1,290710,0,0,0,3,0,0,0,0,0,0
3,1,290710,0,0,0,0,0,18,0,8,0,0
4,1,290710,0,0,0,0,12,0,11,0,0,0
5,1,290710,11,0,0,0,0,13,0,10,0,0
6,1,290710,17,9,0,0,0,0,0,0,0,19
7,1,290710,0,0,0,14,0,0,0,0,0,0
1,1,290711,0,0,0,0,0,0,0,0,0,0
1,1,290712,0,0,0,0,0,0,0,0,0,0
1,1,290713,0,0,0,0,0,0,0,0,0,0
0,1,290714,0,0,0,0,0,0,0,0,0,0
1,1,290714,0,0,0,6,0,0,0,0,0,0
1,1,290715,9,12,6,12,21,17,14,9,11,15
2,1,290715,12,12,12,12,12,12,12,12,12,12
1,1,290716,20,20,20,20,20,20,20,20,20,20
2,1,290716,0,0,10,0,0,0,0,0,12,0
1,1,290717,0,0,6,0,0,0,0,0,0,0
2,1,290717,2,0,0,0,0,0,3,0,0,0
1,1,290718,0,0,0,0,0,0,0,0,0,0
1,1,290719,0,0,0,0,0,0,0,0,0,0
2,1,290719,0,0,0,0,0,0,0,0,0,0
1,1,290720,0,0,0,0,0,0,0,0,0,0
2,1,290720,0,0,0,0,0,0,0,0,0,0
1,1,290721,7,7,7,7,7,7,7,7,7,7
2,1,290721,0,0,0,10,0,0,0,6,0,0
0,1,290722,17,17,17,17,17,17,17,17,17,17
1,1,290722,0,0,0,0,0,0,0,0,0,0
1,1,290723,0,0,0,0,0,0,0,0,0,0
1,1,290724,8,8,8,8,8,8,8,8,8,8
1,1,290725,21,21,21,21,21,21,21,21,21,21
1,1,290726,0,0,0,0,0,0,0,0,0,0
2,1,290726,0,0,0,0,0,0,0,0,0,0
1,1,290728,24,24,24,24,24,24,24,24,24,24
1,1,290729,7,3,0,0,0,13,0,0,0,8
1,1,290730,11,11,11,11,11,11,11,11,11,11
0,1,290731,8,8,8,8,8,8,8,8,8,8
1,1,290731,0,0,0,0,0,0,0,0,0,0
1,1,290732,0,0,0,0,0,0,0,0,0,0
1,1,290733,10,0,0,0,15,0,16,22,0,23
1,1,290734,0,0,0,0,0,0,0,0,0,0
1,1,290735,0,0,0,0,0,0,0,0,0,0
2,1,290735,0,0,0,0,0,0,0,16,0,0
1,1,290736,0,0,0,0,0,0,0,0,0,0
1,1,290737,16,16,16,16,16,16,16,16,16,16
1,1,290738,0,0,0,0,0,0,0,10,0,0
1,1,290739,0,0,0,0,0,0,0,0,0,0
2,1,290739,0,0,0,0,0,0,0,0,0,0
1,1,290740,3,3,3,3,3,3,3,3,3,3
1,1,290741,0,0,0,0,0,0,0,0,15,0
2,1,290741,10,10,10,10,10,10,10,10,10,10
1,1,290742,20,20,20,20,20,20,20,20,20,20
1,1,290743,6,6,6,6,6,6,6,6,6,6
1,1,290744,9,9,9,9,9,9,9,9,9,9
2,1,290744,21,0,0,18,9,0,0,18,0,16
1,1,290745,0,0,0,0,0,0,0,0,0,0
1,1,290746,0,0,0,0,0,0,0,0,0,0
1,1,290747,0,0,0,0,0,0,0,0,0,0
2,1,290747,0,0,0,0,0,0,0,0,0,0
1,1,290748,0,0,0,8,17,0,0,0,7,18
2,1,290748,3,3,3,3,3,3,3,3,3,3
1,1,290749,9,9,9,9,9,9,9,9,9,9
1,1,290750,0,0,0,0,0,0,0,0,0,0
1,1,290751,0,0,0,0,11,0,0,10,0,0
1,1,290752,0,0,22,0,24,0,0,0,6,0
2,1,290752,7,7,7,7,7,7,7,7,7,7
1,1,290753,0,9,0,0,0,0,10,8,0,0
1,1,290754,0,0,0,0,15,0,21,20,9,20
1,1,290755,0,0,0,0,0,0,0,18,0,0
1,1,290756,0,0,0,0,0,0,0,0,0,0
1,1,290757,0,0,0,0,9,14,5,0,9,0
1,1,290758,5,5,5,5,5,5,5,5,5,5
1,1,290759,5,5,5,5,5,5,5,5,5,5
1,1,290760,0,0,0,0,0,0,0,0,0,0
2,1,290760,17,17,17,17,17,17,17,17,17,17
1,1,290761,0,0,0,0,0,0,0,0,0,0
2,1,290761,11,14,0,16,0,0,0,0,0,0
1,1,290762,0,0,0,0,0,0,0,0,0,0
2,1,290762,0,0,0,0,0,0,0,0,0,0
1,1,290763,0,0,0,0,0,0,0,0,0,0
1,1,290764,0,0,0,0,0,0,0,0,0,0
2,1,290764,0,0,22,0,0,0,0,0,0,0
3,1,290764,0,0,7,20,0,0,0,0,0,0
1,1,290765,29,29,29,29,29,29,29,29,29,29
1,1,290767,17,0,21,12,17,25,12,15,27,23
2,1,290767,0,0,0,0,0,0,0,0,0,0
1,1,290768,1,1,1,1,1,1,1,1,1,1
2,1,290768,0,0,0,0,0,0,0,0,0,0
1,1,290769,21,21,21,21,21,21,21,21,21,21
1,1,290770,0,0,0,0,0,0,0,0,0,0
2,1,290770,0,0,0,0,0,0,0,0,0,0
3,1,290770,0,0,0,8,0,0,0,0,0,20
1,1,290771,0,0,0,0,0,0,0,0,0,0
1,1,290772,0,2,0,0,0,0,0,0,0,0
3,1,290772,0,12,22,14,0,0,6,0,0,0
4,1,290772,0,17,0,0,0,20,10,17,6,0
5,1,290772,0,0,0,0,0,0,0,9,0,0
6,1,290772,0,0,11,0,0,0,0,0,0,0
7,1,290772,0,0,15,0,0,0,19,0,0,0
8,1,290772,0,0,0,0,0,0,0,0,0,0
1,1,290773,0,0,0,0,0,0,0,0,0,0
2,1,290773,0,0,0,0,0,0,0,0,0,0
3,1,290773,0,0,0,0,0,0,0,0,0,0
0,1,290774,0,0,0,0,0,0,0,0,0,0
1,1,290774,0,0,0,0,0,0,0,0,0,0
1,1,290776,0,0,0,0,0,0,0,0,0,0
1,1,290777,0,0,0,0,0,0,0,0,0,0
2,1,290777,0,0,0,0,0,0,0,0,0,0
1,1,290778,12,12,12,12,12,12,12,12,12,12
1,1,290779,1,1,1,1,1,1,1,1,1,1
1,1,290780,12,25,15,17,0,17,23,27,16,15
1,1,290781,0,30,0,0,0,0,14,7,7,0
2,1,290781,0,0,0,0,0,0,0,0,0,0
1,1,290782,0,0,0,0,0,0,0,0,0,0
1,2,290783,0,0,0,0,19,0,24,21,0,0
1,1,290784,0,0,0,0,0,0,0,0,0,0
1,1,290785,0,0,0,0,0,0,0,0,0,0
1,1,290786,0,0,0,0,0,0,0,0,0,0
2,1,290786,0,0,0,0,0,0,0,0,0,0
1,1,290787,0,0,0,0,0,0,0,0,0,0
1,1,290788,13,13,13,13,13,13,13,13,13,13
1,1,290789,0,9,0,20,0,0,0,20,0,0
2,1,290789,0,0,0,0,0,0,0,0,0,0
1,1,290790,0,0,0,0,0,0,0,0,0,0
0,1,290791,0,0,0,0,0,0,0,0,0,0
1,1,290791,0,0,0,0,0,0,0,0,0,0
1,1,290792,0,0,0,0,0,0,0,0,0,0
2,1,290792,0,0,0,0,0,0,0,0,0,0
3,1,290792,0,0,0,0,7,0,0,0,0,0
4,1,290792,0,0,0,0,0,0,0,0,0,0
1,1,290793,0,0,0,0,0,0,0,0,0,0
2,1,290793,0,0,0,0,0,0,0,0,0,0
1,1,290794,0,0,0,0,0,0,0,0,0,0
2,1,290794,0,0,0,0,0,0,0,0,0,0
3,1,290794,0,0,0,0,0,0,0,0,0,0
0,1,290795,0,0,0,0,0,0,0,0,0,0
1,1,290795,12,12,12,12,12,12,12,12,12,12
1,1,290796,0,0,0,0,0,0,25,0,0,16
2,1,290796,0,0,0,0,0,0,0,0,0,0
3,1,290796,4,4,4,4,4,4,4,4,4,4
1,1,290797,0,0,0,0,0,0,0,0,0,0
2,1,290797,0,0,0,0,0,0,0,0,0,0
1,1,290798,21,21,21,21,21,21,21,21,21,21
1,1,290799,0,0,0,0,0,0,0,0,0,0
2,1,290799,0,0,0,0,0,0,0,0,0,0
1,1,290800,0,0,0,0,0,0,0,0,0,0
1,1,290801,0,0,0,0,0,0,4,0,0,0
2,1,290801,0,0,0,0,0,0,0,0,0,0
3,1,290801,0,0,0,0,0,0,0,0,0,0
1,1,290802,0,0,0,0,0,0,0,0,0,0
1,1,290803,0,0,0,0,0,0,0,0,0,0
1,1,290804,6,6,6,6,6,6,6,6,6,6
2,1,290804,25,0,0,0,0,0,0,0,11,0
3,1,290804,0,0,0,0,0,0,0,14,0,0
1,1,290805,18,11,29,30,24,0,20,15,25,23
0,1,290806,31,22,14,17,16,33,0,42,20,21
1,1,290806,0,0,0,0,0,0,0,0,0,0
1,1,290807,0,0,0,0,0,0,0,0,0,0
2,1,290807,0,0,0,15,0,0,0,0,0,0
0,1,290808,0,0,0,0,0,0,0,0,0,0
1,1,290808,0,16,0,0,0,0,18,0,13,0
1,1,290809,0,0,0,0,0,0,0,0,0,0
2,1,290809,0,11,0,0,0,0,0,0,0,0
1,1,290810,3,3,3,3,3,3,3,3,3,3
2,1,290810,0,0,0,0,0,0,0,0,0,0
1,1,290811,3,3,3,3,3,3,3,3,3,3
2,1,290811,0,0,0,0,0,0,0,0,0,0
0,1,290812,22,22,22,22,22,22,22,22,22,22
1,1,290812,0,0,0,7,0,0,0,13,16,0
1,1,290813,7,15,0,0,0,0,0,11,0,6
1,1,290814,0,0,0,0,0,0,0,0,0,0
2,1,290814,0,0,0,0,0,0,0,0,0,0
0,1,290815,19,19,19,19,19,19,19,19,19,19
1,1,290815,0,22,8,18,0,0,0,9,11,26
1,1,290816,9,0,11,8,7,8,12,0,10,14
2,1,290816,0,0,0,0,0,0,0,0,0,0
1,1,290817,0,13,0,0,0,0,0,0,0,0
1,1,290818,0,0,0,0,0,0,0,0,0,0
2,1,290818,0,0,0,0,0,0,0,0,0,0
1,1,290819,0,0,0,0,0,0,3,7,24,14
1,1,290820,0,0,0,0,0,0,0,0,0,0
2,1,290820,0,0,0,0,0,0,0,0,0,0
1,1,290821,21,6,19,13,28,14,0,16,26,37
2,1,290821,0,0,0,0,0,0,0,0,0,0
1,1,290822,17,17,17,17,17,17,17,17,17,17
2,1,290822,0,0,0,0,0,0,0,0,0,0
1,1,290823,0,0,0,0,0,0,0,0,0,0
2,1,290823,0,0,0,0,0,0,0,0,0,0
1,1,290824,6,26,17,23,6,11,11,15,10,19
2,1,290824,5,5,5,5,5,5,5,5,5,5
1,1,290825,20,20,20,20,20,20,20,20,20,20
1,1,290826,0,0,0,0,0,0,0,0,0,0
1,1,290827,0,0,0,0,0,0,0,0,0,0
1,1,290828,0,0,0,0,0,0,0,0,0,0
1,1,290829,13,13,13,13,13,13,13,13,13,13
0,1,290830,12,17,0,0,0,0,27,33,28,0
1,1,290830,0,0,0,0,0,0,0,0,0,0
1,1,290831,26,26,26,26,26,26,26,26,26,26
1,1,290832,0,0,0,0,0,0,0,0,0,0
2,1,290832,0,0,0,0,0,0,0,0,0,0
1,1,290833,0,0,0,0,0,0,0,0,0,0
2,1,290833,0,3,0,0,0,0,0,0,0,0
1,1,290834,16,16,16,16,16,16,16,16,16,16
1,1,290835,7,7,7,7,7,7,7,7,7,7
1,1,290836,25,25,25,25,25,25,25,25,25,25
1,1,290837,21,21,21,21,21,21,21,21,21,21
1,1,290839,0,0,0,0,0,0,0,0,0,0
2,1,290839,0,0,0,0,0,0,8,0,0,0
1,1,290840,0,0,0,13,0,0,18,0,0,13
2,1,290840,0,0,0,0,0,0,0,0,0,0
1,1,290841,16,16,16,16,16,16,16,16,16,16
1,1,290842,0,0,0,0,0,0,0,0,12,0
1,1,290843,0,0,0,0,0,0,0,0,0,0
2,1,290843,0,0,0,0,0,0,0,0,0,0
1,1,290844,5,5,5,5,5,5,5,5,5,5
0,1,290845,27,27,27,27,27,27,27,27,27,27
1,1,290845,0,0,0,0,0,0,0,0,0,0
1,1,290846,8,34,12,25,23,9,12,27,4,0
1,1,290847,0,0,0,0,0,0,0,0,0,0
2,1,290847,0,0,0,0,0,0,0,0,0,0
3,1,290847,0,0,0,0,4,0,0,8,0,0
4,1,290847,0,0,0,0,0,0,0,0,0,0
1,1,290848,0,0,0,0,0,0,0,0,0,0
1,1,290849,0,0,0,0,19,0,0,0,0,26
2,1,290849,19,0,7,0,4,0,22,0,0,4
1,1,290850,0,0,0,0,0,0,0,0,0,0
1,1,290851,28,28,28,28,28,28,28,28,28,28
1,1,290852,25,25,25,25,25,25,25,25,25,25
1,1,290853,11,20,18,21,22,30,14,13,11,21
1,1,290854,0,0,0,0,0,0,0,0,0,0
1,1,290855,0,0,0,0,0,0,0,0,23,0
2,1,290855,0,0,0,0,0,0,0,0,0,0
3,1,290855,0,0,0,0,0,0,0,0,0,0
4,1,290855,0,0,0,0,0,0,0,0,0,0
1,1,290856,0,0,0,0,0,0,0,0,0,0
2,1,290856,0,0,0,0,0,0,0,0,0,0
1,1,290857,22,22,22,22,22,22,22,22,22,22
1,1,290858,13,11,24,13,25,0,1,24,20,24
2,1,290858,0,0,0,0,0,0,0,0,0,0
3,1,290858,0,0,0,0,0,0,0,0,13,0
4,1,290858,0,0,0,0,0,0,0,0,0,0
1,1,290859,0,0,0,0,0,0,0,0,0,0
1,1,290860,0,0,0,0,0,0,0,0,0,0
2,1,290860,0,0,0,0,0,0,0,0,0,0
1,1,290861,19,19,19,19,19,19,19,19,19,19
1,1,290862,0,0,0,0,0,0,0,0,0,0
2,1,290862,1,1,1,1,1,1,1,1,1,1
3,1,290862,25,0,0,0,0,0,0,0,0,0
1,1,290863,17,17,17,17,17,17,17,17,17,17
1,1,290864,0,0,0,19,0,0,0,9,26,0
1,1,290865,0,8,0,0,0,0,0,0,0,0
1,1,290866,0,0,0,0,0,0,0,0,0,0
1,1,290867,0,0,0,0,0,0,0,0,0,0
1,1,290868,3,3,3,3,3,3,3,3,3,3
0,1,290869,16,16,16,16,16,16,16,16,16,16