VEH_NO,PER_NO,ST_CASE,P1,P2,P3,P4,P5,P6,P7,P8,P9,P10
1,1,300232,0,0,0,0,0,0,0,0,0,0
1,1,300233,0,0,0,0,0,0,0,0,0,0
1,1,300234,21,21,21,21,21,21,21,21,21,21
0,1,310001,31,31,31,31,31,31,31,31,31,31
1,1,310001,0,0,0,0,0,0,0,0,0,0
1,1,310002,24,24,24,24,24,24,24,24,24,24
1,1,310003,0,0,0,0,0,0,0,0,0,0
2,1,310003,0,0,0,0,0,0,0,0,0,0
1,1,310004,16,16,16,16,16,16,16,16,16,16
1,1,310005,33,33,33,33,33,33,33,33,33,33
1,1,310006,23,23,23,23,23,23,23,23,23,23
1,1,310007,0,0,0,0,0,0,0,0,0,0
1,1,310008,0,0,0,0,0,0,0,0,0,0
2,1,310008,0,0,0,0,0,0,0,0,0,0
0,1,310009,19,19,19,19,19,19,19,19,19,19
1,1,310009,0,0,0,0,0,0,0,0,0,0
1,1,310010,0,0,0,0,0,0,0,0,0,0
1,1,310011,0,0,0,0,0,0,0,0,0,0
1,1,310012,0,0,0,0,0,0,0,0,0,0
2,1,310012,0,0,0,0,0,0,0,0,0,0
1,1,310013,26,26,26,26,26,26,26,26,26,26
1,1,310014,0,0,0,0,0,0,0,0,0,0
2,1,310014,0,0,0,0,0,0,0,0,0,0
1,1,310015,0,0,0,0,0,0,0,0,0,0
1,1,310016,0,0,22,16,0,15,2,0,0,0
1,1,310017,20,20,20,20,20,20,20,20,20,20
1,1,310018,0,0,0,0,0,0,0,0,0,0
2,1,310018,7,7,7,7,7,7,7,7,7,7
1,1,310019,0,0,0,0,0,0,0,0,0,0
2,1,310019,0,0,0,0,0,0,0,0,0,0
1,1,310020,0,0,0,0,0,0,0,0,0,0
2,1,310020,0,0,0,0,0,0,0,0,0,0
1,1,310021,16,16,16,16,16,16,16,16,16,16
1,1,310022,26,26,26,26,26,26,26,26,26,26
1,1,310024,0,0,0,0,0,0,0,0,0,0
2,1,310024,0,0,0,0,0,0,0,0,0,0
1,1,310025,1,1,1,1,1,1,1,1,1,1
1,1,310026,0,0,0,0,0,0,0,0,0,0
1,1,310027,0,0,0,0,0,0,0,0,0,0
2,1,310027,0,0,0,0,0,0,0,0,0,0
1,1,310028,15,0,0,0,0,0,0,0,0,0
2,1,310028,0,0,0,0,0,0,0,0,0,0
1,1,310029,20,20,20,20,20,20,20,20,20,20
1,1,310030,0,0,0,0,0,0,0,0,0,0
2,1,310030,0,0,0,0,0,0,0,0,0,0
1,1,310031,18,18,18,18,18,18,18,18,18,18
1,1,310032,17,17,17,17,17,17,17,17,17,17
1,1,310033,20,20,20,20,20,20,20,20,20,20
0,1,310034,0,7,0,6,0,16,0,0,0,0
1,1,310034,20,20,20,20,20,20,20,20,20,20
2,1,310034,0,0,0,0,0,0,0,0,0,23
1,1,310035,0,0,0,0,0,0,0,0,0,0
2,1,310035,0,0,0,0,0,0,0,0,0,0
1,1,310036,16,16,16,16,16,16,16,16,16,16
1,1,310037,0,0,0,0,0,0,0,0,0,0
2,1,310037,0,0,0,0,0,0,0,0,0,0
1,1,310038,2,2,2,2,2,2,2,2,2,2
1,1,310039,0,0,0,0,0,0,0,0,0,0
2,1,310039,0,0,0,0,0,0,0,0,0,0
1,1,310040,0,0,0,0,0,0,0,0,0,0
2,1,310040,0,0,0,0,0,0,0,0,0,0
1,1,310041,21,21,21,21,21,21,21,21,21,21
1,1,310042,18,18,18,18,18,18,18,18,18,18
1,1,310043,0,0,0,0,0,0,0,0,0,0
0,1,310044,0,0,0,0,0,0,0,0,0,0
1,1,310044,0,0,0,0,0,0,0,0,0,0
1,1,310045,23,23,23,23,23,23,23,23,23,23
1,1,310046,0,0,0,0,0,0,0,0,0,0
2,1,310046,0,0,0,0,0,0,0,0,0,0
1,1,310047,20,20,20,20,20,20,20,20,20,20
1,1,310048,0,0,0,0,0,0,0,0,0,0
2,1,310048,0,0,0,0,0,0,0,0,0,0
1,1,310049,18,18,18,18,18,18,18,18,18,18
1,1,310050,0,0,0,0,0,0,0,0,0,0
1,1,310051,0,0,0,0,0,0,0,0,0,0
1,1,310052,0,0,0,0,0,0,0,0,0,0
1,1,310053,0,0,0,0,0,0,0,0,0,0
2,1,310053,0,0,0,0,0,0,0,0,0,0
3,1,310053,0,0,0,0,0,0,0,0,0,0
1,1,310054,0,0,0,0,0,0,0,0,0,0
2,1,310054,0,0,0,0,0,0,0,0,0,0
0,1,310055,17,17,17,17,17,17,17,17,17,17
1,1,310055,10,10,10,10,10,10,10,10,10,10
0,1,310056,0,0,0,0,0,0,0,0,0,0
1,1,310056,0,0,0,0,0,0,0,0,0,0
1,1,310057,0,0,0,0,0,0,0,0,0,0
1,1,310058,0,0,0,0,15,0,14,0,0,0
1,1,310059,0,0,0,0,0,0,0,0,0,0
1,1,310060,20,20,20,20,20,20,20,20,20,20
1,1,310061,0,0,0,0,0,0,0,0,0,0
2,1,310061,19,19,19,19,19,19,19,19,19,19
1,1,310062,0,0,0,0,0,0,0,0,0,0
1,1,310063,0,0,0,0,0,0,0,0,0,0
1,1,310064,0,0,0,0,0,0,0,0,0,0
2,1,310064,0,0,0,0,0,0,0,0,0,0
1,1,310065,0,0,0,0,0,0,0,0,0,0
1,1,310066,9,9,9,9,9,9,9,9,9,9
2,1,310066,3,3,3,3,3,3,3,3,3,3
1,1,310067,0,0,0,0,0,0,0,0,0,0
2,1,310067,0,0,0,0,0,0,0,0,0,0
1,1,310068,34,8,0,0,0,0,0,0,0,0
1,1,310069,0,0,0,0,0,0,0,0,0,0
2,1,310069,0,0,0,0,0,0,0,0,0,0
1,1,310070,0,0,0,0,0,0,0,0,0,0
2,1,310070,0,0,0,0,0,0,0,0,0,0
1,1,310071,1,1,1,1,1,1,1,1,1,1
0,1,310072,0,0,0,0,0,0,0,0,0,0
1,1,310072,0,0,0,0,0,0,0,0,0,0
2,1,310072,0,0,0,0,0,0,0,0,0,0
1,1,310073,9,9,9,9,9,9,9,9,9,9
1,1,310074,0,0,0,0,0,0,0,0,0,0
2,1,310074,0,0,0,0,0,0,0,19,0,0
1,1,310075,18,18,18,18,18,18,18,18,18,18
1,1,310076,20,20,20,20,20,20,20,20,20,20
1,1,310077,10,10,10,10,10,10,10,10,10,10
1,1,310078,0,0,0,0,0,0,0,0,0,0
2,1,310078,0,0,0,0,0,0,0,0,0,0
1,1,310079,21,21,21,21,21,21,21,21,21,21
2,1,310079,0,0,0,0,0,0,0,0,0,0
1,1,310080,0,0,0,0,0,0,0,0,11,0
1,1,310081,0,0,0,0,0,0,0,0,0,0
2,1,310081,0,0,0,0,0,0,0,0,0,0
1,1,310082,0,0,0,0,0,0,0,0,0,0
2,1,310082,0,0,0,0,0,0,0,0,0,0
1,1,310083,0,0,0,0,0,0,0,0,0,0
1,1,310084,16,16,16,16,16,16,16,16,16,16
1,1,310085,0,0,0,0,0,0,0,0,0,0
1,1,310086,0,0,0,0,0,0,0,0,0,0
1,1,310087,0,0,0,0,0,0,0,0,0,0
1,1,310088,2,2,2,2,2,2,2,2,2,2
0,1,310089,0,0,0,0,0,0,0,0,0,0
1,1,310089,0,0,0,0,0,0,0,0,0,0
1,2,310090,35,4,7,0,12,18,30,19,13,0
1,1,310091,0,0,0,0,0,0,0,0,0,0
2,1,310091,0,0,0,0,0,0,0,0,0,0
1,1,310092,0,0,7,0,0,0,0,0,0,0
2,1,310092,6,0,0,0,0,0,0,0,0,0
1,1,310093,0,0,0,0,0,0,0,0,0,0
2,1,310093,0,0,0,0,0,0,0,0,0,0
1,1,310094,0,0,0,0,0,0,0,0,0,0
1,1,310095,0,0,0,0,0,0,0,0,0,0
1,1,310096,13,13,13,13,13,13,13,13,13,13
1,1,310097,0,0,0,0,0,0,0,0,0,0
1,1,310098,0,0,0,0,0,0,0,0,0,0
1,1,310099,5,5,5,5,5,5,5,5,5,5
0,1,310100,18,18,0,0,0,0,0,0,0,0
1,1,310100,0,0,0,0,0,0,0,0,0,0
1,1,310101,0,0,0,0,0,0,0,0,0,0
1,1,310102,0,0,0,0,0,0,0,0,0,0
1,1,310103,0,0,0,0,0,0,0,0,0,0
2,1,310103,0,0,0,0,0,0,0,0,0,0
1,1,310104,0,0,0,0,0,0,0,0,0,0
2,1,310104,0,0,0,0,0,0,0,0,0,0
1,1,310105,0,0,0,0,0,0,0,0,0,0
2,1,310105,0,0,0,0,0,0,0,0,0,0
1,1,310106,0,0,0,0,0,0,0,0,0,0
2,1,310106,0,0,0,0,0,0,0,0,0,0
1,1,310107,23,23,23,23,23,23,23,23,23,23
2,1,310107,0,0,0,0,0,0,0,0,0,0
1,1,310108,0,0,0,0,0,0,0,0,0,0
1,1,310109,0,0,12,18,0,0,0,0,0,0
1,1,310110,12,12,12,12,12,12,12,12,12,12
1,1,310111,4,4,4,4,4,4,4,4,4,4
1,1,310112,28,28,28,28,28,28,28,28,28,28
1,1,310113,1,1,1,1,1,1,1,1,1,1
2,1,310113,0,0,0,0,0,0,0,0,0,0
1,1,310114,0,0,0,0,0,0,0,0,0,0
1,1,310115,17,17,17,17,17,17,17,17,17,17
1,1,310116,0,0,0,0,0,0,0,0,0,0
2,1,310116,0,0,0,0,0,0,0,0,0,0
1,1,310117,23,23,23,23,23,23,23,23,23,23
1,1,310118,15,15,15,15,15,15,15,15,15,15
1,1,310119,0,0,0,0,0,0,0,0,0,0
1,1,310120,0,0,0,0,0,0,0,0,0,0
1,1,310121,0,0,0,0,0,0,0,0,0,0
2,1,310121,0,0,0,0,0,0,0,0,0,0
1,1,310122,0,0,0,0,0,0,0,0,0,0
2,1,310122,0,0,0,0,0,0,0,0,0,0
1,1,310123,0,0,0,0,0,0,13,17,0,0
1,1,310124,0,0,0,0,0,0,0,0,0,0
2,1,310124,0,0,0,0,0,0,0,0,0,0
1,1,310125,0,0,0,0,0,0,0,0,0,0
2,1,310125,0,0,0,0,0,0,0,0,0,0
1,1,310126,0,0,0,0,0,0,0,0,0,0
1,1,310127,11,11,11,11,11,11,11,11,11,11
2,1,310127,0,0,0,0,0,0,0,0,0,0
1,1,310128,0,0,0,0,0,0,0,0,0,0
1,1,310129,0,0,0,0,0,0,0,0,0,0
1,1,310130,0,0,0,0,0,0,0,0,0,0
2,1,310130,0,0,0,0,0,0,0,0,0,0
1,1,310131,8,8,8,8,8,8,8,8,8,8
2,1,310131,1,1,1,1,1,1,1,1,1,1
1,1,310132,0,0,0,0,0,0,0,0,0,0
2,1,310132,0,0,0,0,0,0,0,0,0,0
1,1,310133,6,6,6,6,6,6,6,6,6,6
2,1,310133,0,0,0,0,0,0,0,0,0,0
1,1,310134,0,0,0,0,0,0,0,0,0,0
2,1,310134,0,0,0,0,0,0,0,0,0,0
1,1,310135,21,21,21,21,21,21,21,21,21,21
2,1,310135,0,0,0,0,0,0,0,0,0,0
1,1,310136,22,22,22,22,22,22,22,22,22,22
0,1,310137,0,0,0,0,0,0,0,0,0,0
1,1,310137,0,0,0,0,0,0,0,0,0,0
1,1,310138,0,0,0,0,0,0,0,0,0,0
2,1,310138,0,0,0,0,0,0,0,0,0,0
1,1,310139,0,0,0,0,0,0,0,0,0,0
2,1,310139,0,0,0,0,0,0,0,0,0,0
1,1,310140,0,0,0,0,0,0,0,0,0,0
1,1,310141,0,0,0,0,0,0,0,0,0,0
2,1,310141,0,0,0,0,0,0,0,0,0,0
1,1,310142,0,0,0,0,0,0,0,9,0,0
2,1,310142,0,0,0,0,0,0,0,0,0,0
1,1,310143,0,0,0,0,0,0,0,0,0,0
2,1,310143,0,0,0,0,0,0,0,0,0,0
3,1,310143,0,0,0,0,0,0,0,0,0,0
1,1,310144,0,0,0,0,0,0,0,0,0,0
1,1,310145,0,0,0,0,0,0,0,0,0,0
2,1,310145,0,0,0,0,0,0,0,0,0,0
1,1,310146,0,0,0,0,0,0,0,0,0,0
2,1,310146,0,0,0,0,0,0,0,0,0,0
1,1,310147,0,0,0,0,0,7,0,0,0,0
1,1,310148,16,22,10,0,9,14,16,18,13,12
1,1,310149,0,0,0,0,0,0,0,0,0,0
1,1,310150,4,4,4,4,4,4,4,4,4,4
2,1,310150,0,0,0,0,0,0,0,0,0,0
1,1,310151,21,21,21,21,21,21,21,21,21,21
2,1,310151,0,0,0,0,0,0,0,0,0,0
1,1,310152,0,0,0,0,0,0,0,0,0,0
2,1,310152,0,0,0,0,0,0,0,0,0,0
1,1,310153,0,0,0,0,0,0,0,0,0,0
2,1,310153,0,0,0,0,0,0,0,0,0,0
1,1,310154,0,0,0,0,0,0,0,0,0,0
2,1,310154,0,0,0,0,0,0,0,0,0,0
1,1,310155,0,0,0,0,0,0,0,0,0,0
2,1,310155,32,12,26,27,19,11,11,18,10,9
1,1,310156,18,18,18,18,18,18,18,18,18,18
1,1,310157,0,0,0,0,0,0,0,0,0,0
2,1,310157,0,0,0,0,0,0,0,0,0,0
1,1,310158,16,16,16,16,16,16,16,16,16,16
1,1,310159,0,0,0,0,0,0,0,0,0,0
1,1,310160,0,0,0,0,0,0,0,0,0,0
2,1,310160,0,0,0,0,0,0,0,0,0,0
1,1,310161,8,8,8,8,8,8,8,8,8,8
1,1,310162,0,0,0,0,0,0,0,0,0,0
2,1,310162,0,0,0,0,0,0,0,0,0,0
1,1,310163,0,0,0,0,0,0,0,0,0,0
1,1,310164,13,13,13,13,13,13,13,13,13,13
1,1,310165,0,0,0,0,0,0,0,0,0,0
1,1,310166,16,16,16,16,16,16,16,16,16,16
1,1,310167,0,0,0,0,0,0,0,0,0,0
2,1,310167,0,0,0,0,0,0,0,0,0,0
1,1,310168,0,0,0,0,0,0,0,0,0,0
2,1,310168,0,0,0,0,0,0,0,0,0,0
1,1,310169,0,0,0,0,0,0,0,0,0,0
0,1,310170,0,0,0,0,0,0,0,0,0,0
1,1,310170,18,18,18,18,18,18,18,18,18,18
1,1,310171,0,0,0,0,0,0,0,0,0,0
2,1,310171,20,20,20,20,20,20,20,20,20,20
1,1,310172,16,16,16,16,16,16,16,16,16,16
2,1,310172,0,0,0,0,0,0,0,0,0,0
1,1,310173,0,0,0,0,0,0,0,0,0,0
2,1,310173,0,0,0,0,0,0,0,0,0,0
1,1,310174,0,0,0,0,0,0,0,0,0,0
2,1,310174,0,0,0,0,0,0,0,0,0,0
0,1,310175,0,0,0,0,0,0,0,0,0,0
1,1,310176,0,0,0,0,0,0,0,0,0,0
2,1,310176,0,0,0,0,0,0,0,0,0,0
1,1,310177,24,24,24,24,24,24,24,24,24,24
1,1,310178,0,17,0,19,0,0,0,0,0,14
1,1,310179,0,0,0,0,0,0,0,0,0,0
1,1,310180,0,0,0,0,0,0,0,0,0,0
2,1,310180,0,0,0,0,0,0,0,0,0,0
1,1,310181,0,0,0,0,0,0,0,0,0,0
2,1,310181,0,0,0,0,0,0,0,0,0,0
1,1,310182,0,0,0,0,0,0,0,0,0,0
1,1,310183,0,0,0,0,0,0,0,0,0,0
2,1,310183,0,0,0,0,0,0,0,0,0,0
1,1,310184,0,0,0,0,0,0,0,0,0,0
2,1,310184,0,0,0,0,0,0,0,0,0,0
1,1,310185,0,0,0,0,0,0,0,0,0,0
1,1,310186,0,0,0,0,0,0,0,0,0,0
2,1,310186,0,0,0,0,0,0,0,0,0,0
1,1,310187,0,0,0,0,0,0,0,0,0,0
2,1,310187,0,0,0,0,0,0,0,0,0,0
1,1,310188,0,0,0,0,0,0,0,0,0,0
2,1,310188,0,0,0,0,0,0,0,0,0,0
1,1,310189,0,0,0,0,0,0,0,0,0,0
1,1,310190,0,0,0,0,0,0,0,0,0,0
2,1,310190,0,0,0,0,0,0,0,0,0,0
1,1,310191,0,0,0,0,0,0,0,0,0,0
2,1,310191,0,0,0,0,0,0,0,0,0,0
1,1,310192,0,0,0,0,0,0,0,0,0,0
1,1,310193,0,0,0,0,0,0,0,0,0,0
1,1,310194,0,0,0,0,0,0,0,0,0,0
2,1,310194,0,0,0,0,0,0,0,0,0,0
1,1,310195,0,0,0,0,0,0,0,0,0,0
2,1,310195,40,24,1,14,22,12,14,10,20,24
1,1,310196,22,22,22,22,22,22,22,22,22,22
2,1,310196,0,0,0,0,0,0,0,0,0,0
1,1,310197,0,0,0,0,11,0,0,0,0,0
1,1,310198,9,9,9,9,9,9,9,9,9,9
1,1,310199,6,6,6,6,6,6,6,6,6,6
2,1,310199,0,0,0,0,0,0,0,0,0,0
1,1,310200,0,0,0,0,0,0,0,0,0,0
2,1,310200,0,0,0,0,0,0,0,0,0,0
1,1,310201,0,0,0,0,0,0,0,0,0,0
2,1,310201,0,0,0,0,0,0,0,0,0,0
1,1,310202,0,0,0,0,0,0,0,0,0,0
2,1,310202,0,0,0,0,0,0,0,0,0,0
1,1,310203,0,0,0,0,0,0,0,0,0,0
2,1,310203,0,0,0,0,0,0,0,0,0,0
1,1,310204,24,24,24,24,24,24,24,24,24,24
2,1,310204,0,0,0,0,0,0,0,0,0,0
3,1,310204,0,0,0,0,0,0,0,0,0,0
4,1,310204,0,0,0,0,0,0,0,0,0,0
1,1,310205,28,28,28,28,28,28,28,28,28,28
1,1,310206,0,0,0,0,0,0,0,0,0,0
1,1,310207,0,0,0,0,0,0,0,0,0,0
1,1,310208,0,0,0,0,0,0,0,0,0,0
1,1,310209,29,29,29,29,29,29,29,29,29,29
1,1,310210,0,0,0,0,0,0,0,0,0,0
1,1,310211,6,6,6,6,6,6,6,6,6,6
1,1,310212,0,0,0,0,0,0,0,0,0,0
1,1,310213,0,0,0,0,0,0,0,0,0,0
2,1,310213,0,0,0,0,0,0,0,0,0,0
1,1,310214,0,0,0,0,0,0,0,0,0,0
2,1,310214,0,0,0,0,0,0,0,0,0,0
1,1,310215,0,0,0,0,0,0,0,0,0,0
2,1,310215,0,0,0,0,0,0,0,0,0,0
1,1,310216,0,0,0,0,0,0,0,0,0,0
2,1,310216,0,0,0,0,0,0,0,0,0,0
1,1,310217,0,0,0,11,0,0,0,0,0,0
2,1,310217,0,0,0,0,0,0,0,0,0,0
1,1,310218,21,21,21,21,21,21,21,21,21,21
1,1,310219,0,0,0,0,0,0,0,0,0,0
2,1,310219,0,0,0,0,0,0,0,0,0,0
1,2,310220,0,0,0,37,0,0,21,0,0,30
1,1,310221,19,19,19,19,19,19,19,19,19,19
1,1,310222,31,31,31,31,31,31,31,31,31,31
2,1,310222,0,0,0,0,0,0,0,0,0,0
3,1,310222,0,30,0,0,15,0,0,33,12,0
1,1,310223,2,2,2,2,2,2,2,2,2,2
1,1,310224,0,0,0,0,0,0,0,0,0,0
2,1,310224,0,0,0,0,0,0,0,0,0,0
1,1,310225,20,20,20,20,20,20,20,20,20,20
1,1,310226,0,0,0,0,0,0,0,0,0,0
1,1,310227,0,0,21,0,0,0,0,0,0,0
1,1,320001,0,0,0,0,0,0,0,0,0,0
0,1,320002,0,0,0,0,0,0,0,0,0,0
1,1,320002,0,0,0,0,0,0,0,0,11,0
1,1,320003,0,0,0,0,0,0,0,0,0,0
1,1,320004,21,21,21,21,21,21,21,21,21,21
1,1,320005,29,29,29,29,29,29,29,29,29,29
1,1,320006,0,0,0,0,0,0,0,0,0,0
1,1,320007,6,6,6,6,6,6,6,6,6,6
2,1,320007,0,0,0,0,0,0,0,0,0,0
1,1,320008,0,0,0,0,0,0,0,0,0,0
1,1,320009,0,0,0,0,0,0,0,0,0,0
2,1,320009,0,0,0,0,0,0,0,0,0,0
0,1,320010,0,0,0,0,0,0,0,0,0,0
1,1,320010,0,0,0,0,0,0,0,0,0,0
1,1,320011,0,0,0,0,0,0,0,0,0,0
1,1,320012,0,0,0,0,0,0,0,0,0,0
1,1,320013,0,0,0,0,0,0,0,0,0,0
2,1,320013,0,0,0,0,0,0,0,0,0,0
1,1,320014,0,0,0,0,0,0,0,0,0,0
2,1,320014,0,0,0,0,0,0,0,0,0,0
1,1,320015,19,19,19,19,19,19,19,19,19,19
0,1,320016,0,0,0,0,0,0,0,0,0,0
1,1,320016,0,32,0,9,16,25,0,0,0,0
0,1,320017,0,0,0,0,0,0,0,0,0,0
1,1,320017,0,0,0,0,0,0,0,0,0,0
0,1,320018,0,0,0,0,0,0,0,0,0,0
1,1,320018,0,0,0,0,0,0,0,0,0,0
1,1,320019,0,19,0,12,0,0,0,0,0,7
2,1,320019,0,0,0,0,0,0,0,0,0,0
1,1,320020,0,0,0,0,0,0,0,0,0,0
1,1,320021,6,0,25,0,16,28,0,17,25,0
2,1,320021,0,0,0,0,0,0,0,0,0,0
1,1,320022,0,0,0,0,0,0,0,0,0,0
1,1,320023,0,0,0,0,0,0,0,0,0,0
2,1,320023,0,0,0,0,0,0,0,0,0,0
1,1,320024,18,18,18,18,18,18,18,18,18,18
2,1,320024,0,7,0,0,0,0,0,0,0,0
1,1,320025,0,0,0,0,0,0,0,0,0,0
2,1,320025,0,0,0,0,0,0,0,0,0,0
1,1,320026,0,0,0,0,0,0,0,0,0,0
2,1,320026,18,18,18,18,18,18,18,18,18,18
1,1,320027,19,19,19,19,19,19,19,19,19,19
2,1,320027,0,0,0,0,0,0,0,0,0,0
3,1,320027,0,7,0,0,12,7,5,0,0,0
1,1,320028,0,0,0,0,0,0,0,0,0,0
1,1,320029,0,0,0,0,0,0,0,0,0,0
2,1,320029,0,0,0,0,0,0,0,0,0,0
1,1,320030,0,0,0,0,0,0,0,0,0,0
1,1,320031,17,17,17,17,17,17,17,17,17,17
1,1,320032,0,0,0,0,0,0,0,0,0,0
1,1,320033,19,19,19,19,19,19,19,19,19,19
0,1,320034,0,0,0,0,0,0,0,0,0,0
1,1,320034,0,0,0,0,0,0,0,0,0,0
1,1,320035,17,17,17,17,17,17,17,17,17,17
2,1,320035,0,0,0,0,0,0,0,0,0,0
0,1,320036,29,29,29,29,29,29,29,29,29,29
1,1,320036,0,15,0,17,0,0,0,0,0,0
0,1,320037,0,0,0,0,0,0,0,0,0,0
1,1,320037,0,0,0,0,0,0,0,0,0,0
1,1,320038,17,20,19,14,26,27,27,28,21,22
1,1,320039,0,0,0,0,0,0,0,0,0,0
1,1,320040,0,0,0,0,0,0,0,0,0,0
2,1,320040,0,0,0,0,0,0,0,0,0,0
3,1,320040,0,0,0,0,0,0,0,0,0,0
1,1,320041,0,0,0,0,0,0,0,9,0,0
2,1,320041,0,0,0,0,0,0,0,0,0,0
3,1,320041,0,0,0,0,0,0,0,0,0,0
0,1,320042,0,0,0,0,0,0,0,0,0,0
1,1,320042,0,0,0,0,0,0,0,0,0,0
1,1,320043,27,27,27,27,27,27,27,27,27,27
2,1,320043,0,12,0,0,0,21,0,0,0,0
1,1,320044,0,0,0,0,0,0,0,0,0,0
2,1,320044,22,13,0,0,0,0,0,0,0,0
3,1,320044,0,0,0,0,0,0,0,0,0,0
0,1,320045,0,0,0,0,0,0,0,0,0,0
1,1,320045,0,0,0,0,0,0,0,0,0,0
1,1,320046,0,0,0,0,0,0,0,0,0,0
0,1,320047,39,39,39,39,39,39,39,39,39,39
1,1,320047,0,0,0,0,9,0,0,0,0,3
1,1,320048,7,7,7,7,7,7,7,7,7,7
2,1,320048,0,0,0,0,0,0,0,0,0,0
1,1,320049,13,13,13,13,13,13,13,13,13,13
2,1,320049,3,3,3,3,3,3,3,3,3,3
3,1,320049,0,0,0,0,0,0,0,0,0,0
1,1,320050,0,0,0,0,0,0,0,0,0,0
2,1,320050,0,0,0,0,0,0,0,0,0,0
1,1,320051,0,0,0,0,0,0,0,0,0,0
2,1,320051,0,0,0,0,0,0,0,0,0,0
1,1,320052,21,21,21,21,21,21,21,21,21,21
2,1,320052,0,0,0,0,0,0,0,0,0,0
1,1,320053,0,0,0,0,0,0,0,0,0,0
2,1,320053,0,0,0,0,0,0,0,0,0,0
1,1,320054,0,0,0,0,0,0,0,0,0,0
2,1,320054,0,0,0,0,0,20,0,0,0,0
1,1,320055,0,27,15,0,15,0,0,0,6,0
2,1,320055,0,0,0,0,0,0,0,0,0,0
3,1,320055,16,0,0,0,0,0,0,0,0,0
1,1,320056,0,0,0,0,0,0,0,0,0,0
2,1,320056,0,0,0,0,9,0,0,5,0,0
3,1,320056,0,0,0,0,0,0,0,0,0,0
4,1,320056,0,0,0,0,0,0,0,0,0,0
1,1,320057,0,0,0,0,0,0,0,0,0,0
2,1,320057,0,0,0,0,0,0,0,0,0,0
3,1,320057,0,0,0,0,0,6,0,0,0,0
1,1,320058,14,14,14,14,14,14,14,14,14,14
1,1,320059,41,41,41,41,41,41,41,41,41,41
1,1,320060,0,0,0,0,0,0,0,0,0,0
1,1,320061,0,0,0,0,0,0,0,0,0,0
2,1,320061,0,0,0,0,0,0,0,0,0,0
1,1,320062,0,0,0,0,0,0,0,0,0,0
1,1,320063,0,0,0,0,0,0,0,0,0,0
1,1,320064,0,0,0,0,0,0,0,0,0,0
2,1,320064,0,0,0,0,0,0,0,0,0,0
0,1,320065,23,22,0,24,33,0,0,0,9,19
1,1,320065,0,9,0,0,0,0,0,0,0,0
2,1,320065,0,0,15,24,12,16,0,0,0,0
1,1,320066,10,10,10,10,10,10,10,10,10,10
1,1,320067,0,0,0,0,0,0,0,0,0,0
2,1,320067,0,0,0,0,0,0,0,0,0,0
0,1,320068,24,24,24,24,24,24,24,24,24,24
1,1,320068,0,0,0,15,0,11,0,0,0,0
1,1,320069,0,0,0,0,0,0,0,0,0,0
2,1,320069,0,0,0,0,0,0,0,0,0,0
3,1,320069,0,0,0,0,0,0,0,0,0,0
1,1,320070,20,20,20,20,20,20,20,20,20,20
2,1,320070,0,0,0,0,0,0,0,0,0,0
3,1,320070,0,0,0,0,0,0,0,0,0,0
1,1,320071,0,0,0,0,0,0,0,0,0,0
2,1,320071,0,0,0,0,0,0,0,0,0,0
1,1,320072,20,20,20,20,20,20,20,20,20,20
2,1,320072,0,0,0,0,0,0,0,0,0,0
1,1,320073,0,0,0,0,0,0,0,0,37,0
2,1,320073,0,0,0,10,0,0,20,0,16,20
0,1,320074,0,0,0,0,0,0,0,0,0,0
1,1,320074,0,0,0,0,0,0,0,0,0,0
1,1,320075,0,0,0,0,0,0,0,0,0,0
2,1,320075,0,0,0,0,0,0,0,0,0,0
1,1,320076,0,0,0,0,0,0,0,0,0,0
0,1,320077,0,0,0,0,0,0,0,0,0,0
1,1,320077,19,19,19,19,19,19,19,19,19,19
0,1,320078,33,33,33,33,33,33,33,33,33,33
1,1,320078,0,0,27,0,7,0,0,9,10,0
1,1,320079,0,0,0,0,20,4,0,0,26,0
1,1,320080,24,24,24,24,24,24,24,24,24,24
1,1,320081,0,0,0,0,0,0,0,0,0,0
2,1,320081,0,0,0,24,0,25,30,0,25,0
1,1,320082,0,0,0,0,15,0,0,0,0,0
2,1,320082,14,14,14,14,14,14,14,14,14,14
1,1,320083,0,0,0,0,0,0,0,0,0,0
1,1,320084,0,0,0,0,0,0,0,0,0,0
2,1,320084,0,18,0,0,0,0,6,0,0,0
1,1,320085,0,0,0,0,0,0,0,0,0,0
2,1,320085,0,0,0,0,0,0,0,0,0,0
1,1,320086,0,0,0,0,0,0,0,0,0,0
0,1,320087,45,20,19,0,33,12,20,26,25,18
1,1,320087,0,0,0,0,0,0,0,0,0,0
0,1,320088,0,0,0,0,0,0,0,0,0,0
1,1,320088,0,0,0,0,0,0,0,0,0,0
1,1,320089,0,0,0,0,0,0,0,0,0,0
2,1,320089,7,7,7,7,7,7,7,7,7,7
1,1,320090,0,0,0,0,0,0,0,0,0,0
0,1,320091,30,30,30,30,30,30,30,30,30,30
1,1,320091,0,9,0,0,0,0,0,14,0,0
1,1,320092,0,0,0,0,0,0,0,0,0,0
1,1,320093,0,0,0,0,0,0,0,0,0,0
0,1,320094,0,0,0,0,0,0,0,0,0,0
1,1,320094,6,6,6,6,6,6,6,6,6,6