VEH_NO,PER_NO,ST_CASE,P1,P2,P3,P4,P5,P6,P7,P8,P9,P10
1,1,320095,34,21,4,18,15,22,25,17,15,8
1,1,320096,9,9,9,9,9,9,9,9,9,9
2,1,320096,0,0,0,0,0,0,25,0,21,0
1,1,320097,0,0,0,0,0,0,0,0,0,0
2,1,320097,0,0,0,0,0,0,0,0,0,0
1,1,320098,11,27,10,12,18,10,20,31,27,14
1,1,320099,20,20,20,20,20,20,20,20,20,20
1,1,320100,0,0,0,0,0,0,0,0,0,0
1,1,320101,0,0,0,0,0,0,0,0,0,0
2,1,320101,0,0,0,0,0,0,0,0,8,0
1,1,320102,22,22,22,22,22,22,22,22,22,22
1,1,320103,0,0,0,0,0,0,0,0,0,0
2,1,320103,0,0,0,0,0,0,0,0,0,0
1,1,320104,20,20,20,20,20,20,20,20,20,20
2,1,320104,0,0,0,0,0,0,0,0,0,0
1,1,320105,12,13,12,24,16,27,27,18,10,27
0,1,320106,7,7,7,7,7,7,7,7,7,7
1,1,320106,0,0,0,0,0,0,0,0,0,0
1,1,320107,0,0,0,0,0,0,0,0,0,0
2,1,320107,0,0,0,0,0,0,0,0,0,0
0,1,320108,0,0,0,0,0,0,0,0,0,0
1,1,320108,0,0,0,0,0,0,0,0,0,0
1,1,320109,0,0,0,0,0,0,0,0,0,0
2,1,320109,0,0,0,0,0,0,0,0,0,0
1,1,320110,0,0,0,0,0,0,0,0,0,0
2,1,320110,0,0,0,0,10,0,21,0,0,0
3,1,320110,0,0,0,0,0,0,0,0,0,0
4,1,320110,0,0,0,17,0,0,0,0,0,0
1,1,320111,0,0,0,0,0,0,0,0,0,0
1,1,320112,0,0,0,0,0,0,0,0,0,0
2,1,320112,20,20,20,20,20,20,20,20,20,20
3,1,320112,18,18,18,18,18,18,18,18,18,18
0,1,320113,4,0,0,14,0,0,0,8,0,0
0,2,320113,0,0,0,15,0,0,0,0,0,0
0,3,320113,0,0,0,0,0,0,20,0,0,0
1,1,320113,24,0,6,15,0,7,0,31,26,16
1,1,320114,0,0,0,0,0,0,0,0,0,0
2,1,320114,0,0,0,0,0,0,0,0,0,0
1,1,320115,0,0,0,0,0,0,0,0,0,0
2,1,320115,0,0,0,0,0,0,0,0,0,0
1,1,320116,0,0,0,0,0,0,0,0,0,0
2,1,320116,0,0,0,0,0,0,0,0,0,0
1,1,320117,0,0,0,0,0,0,0,0,0,0
1,1,320118,0,0,0,0,0,0,0,0,0,0
2,1,320118,0,0,0,0,0,0,0,0,0,0
3,1,320118,0,0,0,4,0,0,0,0,0,0
1,1,320119,0,0,9,0,15,0,0,10,11,0
2,1,320119,0,0,0,0,0,0,0,0,0,0
1,1,320120,0,0,0,0,0,0,0,0,0,0
1,1,320121,0,0,0,0,0,0,0,0,0,0
2,1,320121,0,0,0,0,0,0,0,0,0,0
3,1,320121,0,0,0,0,0,25,0,0,0,0
1,1,320122,10,10,10,10,10,10,10,10,10,10
1,1,320123,0,0,40,0,9,0,0,0,0,8
2,1,320123,0,0,0,0,0,0,0,0,0,0
1,1,320124,0,0,0,0,0,0,0,0,0,0
2,1,320124,0,0,0,0,0,0,0,0,0,0
1,1,320125,13,17,18,0,13,13,0,30,16,3
1,1,320126,0,0,0,0,0,0,0,0,0,0
1,1,320127,0,0,0,0,0,0,0,0,0,0
2,1,320127,0,0,0,0,0,0,0,0,0,0
1,1,320128,0,0,0,0,0,0,0,0,0,0
1,1,320129,0,0,0,0,0,0,0,0,0,0
2,1,320129,0,0,0,0,0,0,0,0,0,0
1,1,320130,16,16,16,16,16,16,16,16,16,16
1,1,320131,0,0,0,0,0,0,0,0,0,0
2,1,320131,0,0,0,0,0,0,0,0,0,0
1,1,320132,0,0,0,0,0,0,0,0,0,0
2,1,320132,0,0,0,0,0,0,0,0,0,0
1,1,320133,19,43,30,22,26,22,21,16,6,11
1,1,320134,5,5,5,5,5,5,5,5,5,5
1,1,320135,0,0,0,0,17,0,0,0,0,0
2,1,320135,0,0,0,0,0,0,0,0,0,0
3,1,320135,0,0,0,0,0,0,0,3,0,0
1,1,320136,0,0,0,0,0,0,0,0,0,0
2,1,320136,0,0,0,0,0,0,0,0,0,0
1,1,320137,0,0,0,0,0,0,0,0,0,0
1,1,320138,0,0,0,0,0,0,0,0,0,0
1,1,320139,0,0,0,0,0,0,0,0,0,0
1,1,320140,25,6,14,12,12,14,8,21,12,7
2,1,320140,0,0,0,0,0,0,0,0,0,0
1,1,320141,0,0,0,0,0,0,0,0,0,0
2,1,320141,0,0,0,0,0,0,0,0,0,0
1,1,320142,0,0,0,0,0,0,0,0,0,0
2,1,320142,0,0,0,0,0,0,0,0,29,0
1,1,320144,21,20,9,21,33,12,22,15,20,10
2,1,320144,0,0,0,0,0,0,0,0,0,0
1,1,320145,0,0,0,0,0,0,0,0,0,0
2,1,320145,0,0,0,0,0,0,0,0,0,0
1,1,320146,0,0,0,0,0,0,0,0,0,0
2,1,320146,0,0,0,0,0,0,0,0,0,0
1,1,320147,16,13,22,22,0,0,0,19,0,4
1,1,320148,0,0,0,0,0,0,0,0,0,0
2,1,320148,0,0,0,0,0,0,0,0,0,0
1,1,320149,0,0,0,0,0,0,0,0,0,0
1,1,320150,14,14,14,14,14,14,14,14,14,14
1,1,320151,33,33,33,33,33,33,33,33,33,33
1,1,320153,0,0,0,0,0,0,0,0,0,0
2,1,320153,0,0,0,0,0,0,0,0,0,0
1,1,320154,0,0,0,0,0,0,0,0,0,0
1,1,320155,21,21,21,21,21,21,21,21,21,21
2,1,320155,0,0,0,0,0,0,0,0,0,0
3,1,320155,0,0,0,9,0,0,0,0,0,0
1,1,320156,16,16,16,16,16,16,16,16,16,16
2,1,320156,0,0,0,0,0,0,0,0,0,0
1,1,320157,0,0,0,0,0,0,0,0,0,0
2,1,320157,0,0,0,15,0,0,0,0,0,0
3,1,320157,0,0,0,0,0,0,0,0,0,0
1,1,320158,9,9,9,9,9,9,9,9,9,9
2,1,320158,0,0,0,0,0,0,0,0,0,0
1,1,320159,24,17,17,0,7,16,13,6,14,16
2,1,320159,0,0,0,0,0,0,0,0,0,0
0,1,320160,0,0,0,0,0,0,0,0,0,0
1,1,320160,0,0,0,0,0,0,0,0,0,0
0,1,320161,7,7,7,7,7,7,7,7,7,7
1,1,320161,0,0,0,0,0,0,0,0,0,0
1,1,320162,0,0,0,0,0,0,0,0,0,0
1,1,320163,0,0,0,0,0,0,0,0,0,0
1,1,320164,0,0,0,0,0,0,0,0,0,0
2,1,320164,0,0,0,0,0,0,0,0,0,0
1,1,320165,21,21,21,21,21,21,21,21,21,21
1,1,320166,0,0,0,0,0,0,0,0,0,0
2,1,320166,0,0,0,0,0,0,0,0,0,0
1,1,320167,14,14,14,14,14,14,14,14,14,14
1,1,320168,21,21,21,21,21,21,21,21,21,21
1,1,320169,13,13,13,13,13,13,13,13,13,13
1,1,320170,37,37,37,37,37,37,37,37,37,37
1,1,320171,22,22,22,22,22,22,22,22,22,22
1,1,320172,0,0,0,0,0,0,0,0,0,0
1,1,320173,0,0,0,8,0,0,0,7,0,0
2,1,320173,0,0,0,0,0,0,0,0,0,0
1,1,320174,0,0,0,0,0,0,0,0,0,0
2,1,320174,0,0,0,0,0,0,0,0,0,0
3,1,320174,0,0,0,0,0,0,0,0,0,0
1,1,320175,19,19,19,19,19,19,19,19,19,19
1,1,320176,4,4,4,4,4,4,4,4,4,4
1,1,320177,0,0,0,0,0,0,0,0,0,0
1,1,320178,2,2,2,2,2,2,2,2,2,2
2,1,320178,0,0,5,10,0,0,0,0,0,0
1,1,320179,0,0,0,0,13,6,0,0,0,0
2,1,320179,0,0,0,0,8,0,0,0,23,0
0,1,320180,0,0,0,0,0,0,0,0,0,0
1,1,320180,0,0,0,0,0,0,0,0,0,0
0,1,320181,0,0,0,0,0,0,0,0,0,0
1,1,320181,0,0,0,0,0,0,0,0,0,0
2,1,320181,0,0,0,0,0,0,0,0,0,0
1,1,320182,5,5,5,5,5,5,5,5,5,5
2,1,320182,0,0,0,0,0,0,0,0,0,0
3,1,320182,0,0,0,7,0,0,0,0,0,0
1,1,320183,0,0,0,0,0,0,0,0,0,0
2,1,320183,18,18,18,18,18,18,18,18,18,18
1,1,320184,11,19,13,12,12,0,33,0,35,23
1,1,320185,0,0,0,0,0,0,0,0,0,0
2,1,320185,0,0,0,0,0,0,0,0,0,0
1,1,320186,0,0,0,0,0,0,0,0,0,0
2,1,320186,0,0,0,0,0,0,0,0,0,0
0,1,320187,0,0,0,0,0,0,0,0,0,0
1,1,320187,0,0,0,0,0,0,0,0,0,0
1,1,320188,21,21,21,21,21,21,21,21,21,21
1,1,320189,0,0,0,0,0,0,0,0,0,0
2,1,320189,0,0,0,0,0,0,0,0,0,0
1,1,320190,0,0,0,0,0,0,0,0,0,0
2,1,320190,2,2,2,2,2,2,2,2,2,2
1,1,320191,17,17,17,17,17,17,17,17,17,17
1,1,320192,0,0,0,0,0,0,0,0,0,0
2,1,320192,0,0,0,0,0,0,0,5,0,0
3,1,320192,0,0,0,0,0,0,0,0,0,0
1,1,320193,21,21,21,21,21,21,21,21,21,21
2,1,320193,0,0,0,0,0,0,0,0,0,0
1,1,320194,28,28,28,28,28,28,28,28,28,28
2,1,320194,0,0,0,0,0,0,0,0,0,0
0,1,320195,29,29,29,29,29,29,29,29,29,29
1,1,320195,0,0,0,0,0,0,0,0,0,0
1,1,320196,0,0,0,0,0,0,0,0,0,0
2,1,320196,0,0,0,0,0,0,0,0,0,0
1,1,320197,0,0,0,0,0,0,0,0,0,0
1,1,320198,24,24,24,24,24,24,24,24,24,24
2,1,320198,0,0,0,0,0,0,0,0,5,0
1,1,320199,14,11,8,13,16,0,20,32,27,18
1,1,320200,0,0,0,0,0,0,0,0,0,0
1,1,320201,0,0,0,0,0,0,0,0,0,0
2,1,320201,0,0,0,0,0,0,0,0,0,0
1,1,320202,0,0,0,0,0,0,0,0,0,0
1,1,320203,0,0,0,0,0,0,0,8,0,0
2,1,320203,0,0,0,0,0,0,0,0,0,0
1,1,320204,0,0,0,0,0,0,0,0,0,0
0,1,320205,0,0,0,0,0,0,0,0,0,0
1,1,320205,0,0,0,0,0,0,0,0,0,0
2,1,320205,0,0,0,0,0,0,0,0,0,0
1,1,320206,0,0,0,0,0,0,0,0,0,0
2,1,320206,0,0,0,0,0,0,0,0,0,0
3,1,320206,0,0,0,0,0,0,14,0,0,0
4,1,320206,0,0,0,0,0,0,0,9,0,0
5,1,320206,0,19,0,0,0,0,0,0,0,0
6,1,320206,0,0,0,0,0,0,0,0,0,0
7,1,320206,0,0,0,0,11,0,0,0,0,0
1,1,320207,0,0,0,0,0,0,0,0,0,0
1,1,320208,0,0,0,0,0,0,0,0,0,0
1,1,320209,20,20,20,20,20,20,20,20,20,20
1,1,320210,0,0,0,0,0,0,0,0,0,0
1,1,320211,0,0,0,0,0,0,0,0,0,0
1,1,320212,14,6,19,0,0,0,28,0,21,0
1,1,320213,18,18,18,18,18,18,18,18,18,18
1,1,320214,0,0,0,0,0,0,0,0,0,0
1,1,320215,0,0,0,0,0,0,0,0,0,0
2,1,320215,0,0,0,0,0,0,0,0,0,0
3,1,320215,0,0,0,0,0,0,0,0,0,0
1,1,320216,23,23,23,23,23,23,23,23,23,23
1,1,320217,0,0,0,0,0,0,0,0,0,0
2,1,320217,0,10,10,0,0,0,0,40,0,0
1,1,320218,0,0,0,12,0,0,0,0,0,0
1,1,320219,0,0,0,0,0,0,0,0,0,0
1,1,320220,14,14,15,14,0,21,13,4,0,14
1,1,320221,0,0,0,13,0,0,0,0,0,0
0,1,320222,0,0,0,0,0,0,0,0,0,0
1,1,320222,15,0,15,0,0,0,11,0,0,14
0,1,320223,0,0,0,0,0,0,0,0,0,0
1,1,320223,26,14,13,27,11,0,16,0,19,7
1,1,320224,0,0,0,0,0,0,0,0,0,0
1,1,320226,0,0,0,0,0,0,0,0,0,0
1,1,320227,32,32,32,32,32,32,32,32,32,32
1,1,320228,0,0,0,0,0,0,0,0,0,0
2,1,320228,0,0,0,0,0,0,0,0,0,0
0,1,320229,0,0,19,0,15,0,0,0,8,0
1,1,320229,0,0,0,8,12,0,0,0,17,0
0,1,320230,0,0,0,0,0,0,0,0,0,0
1,1,320230,0,0,0,0,0,0,0,0,0,0
1,1,320231,0,0,0,0,0,0,0,0,0,0
1,1,320232,0,0,0,0,0,0,0,0,0,0
2,1,320232,0,0,0,0,0,0,0,0,0,0
1,1,320233,19,19,19,19,19,19,19,19,19,19
2,1,320233,0,0,0,0,0,0,0,0,0,0
1,1,320234,0,0,0,0,0,0,0,0,0,0
1,1,320235,17,17,17,17,17,17,17,17,17,17
1,1,320236,0,0,0,0,0,13,0,0,0,0
0,1,320237,39,39,39,39,39,39,39,39,39,39
1,1,320237,0,0,0,0,0,0,0,0,0,0
1,1,320238,37,37,37,37,37,37,37,37,37,37
1,1,320239,0,0,0,0,0,0,0,0,0,0
0,1,320240,0,0,0,0,0,0,0,0,0,0
1,1,320240,0,0,0,0,0,0,0,0,0,0
1,1,320241,0,0,0,0,14,0,6,0,0,0
2,1,320241,0,0,0,0,0,0,0,0,0,0
1,1,320242,0,0,0,0,0,0,0,0,0,0
2,1,320242,0,0,0,0,0,0,0,0,0,0
1,1,320243,0,0,0,0,0,0,0,0,0,0
2,1,320243,0,0,0,0,0,0,0,0,0,0
1,1,320244,25,25,25,25,25,25,25,25,25,25
2,1,320244,0,0,0,0,0,0,0,0,0,0
1,1,320245,0,16,11,0,0,0,0,0,0,0
2,1,320245,0,0,0,0,0,0,0,0,0,0
1,1,320246,13,13,13,13,13,13,13,13,13,13
1,1,320247,0,0,0,0,0,0,0,0,0,0
2,1,320247,0,0,0,0,0,0,0,0,0,0
1,1,320248,15,15,15,15,15,15,15,15,15,15
1,1,320249,16,16,16,16,16,16,16,16,16,16
1,1,320250,18,18,18,18,18,18,18,18,18,18
1,1,320251,0,0,0,0,0,0,0,0,0,0
1,1,320252,0,0,0,0,0,0,0,0,0,0
2,1,320252,0,0,0,0,0,0,0,0,0,0
3,1,320252,0,22,0,0,0,0,0,0,0,0
1,1,320253,0,0,0,0,0,0,0,0,0,0
2,1,320253,0,0,0,12,0,0,0,0,0,0
1,1,320254,8,8,8,8,8,8,8,8,8,8
1,1,320255,0,0,0,0,0,0,0,0,0,0
0,1,320256,0,0,0,0,0,0,0,0,0,0
1,1,320256,6,0,0,0,0,0,0,0,0,25
1,1,320257,22,22,22,22,22,22,22,22,22,22
2,1,320257,0,0,0,0,0,0,0,0,0,0
0,1,320258,16,16,16,16,16,16,16,16,16,16
1,1,320258,0,0,0,0,0,0,0,0,0,0
0,1,320259,0,0,0,0,0,0,0,0,0,0
1,1,320259,14,12,14,11,15,17,25,13,30,18
1,1,320260,33,33,33,33,33,33,33,33,33,33
1,1,320261,0,0,0,0,0,0,0,0,0,0
1,1,320262,0,0,0,0,21,0,0,42,0,0
1,1,320263,0,0,0,0,0,0,0,0,0,0
0,1,320264,22,22,22,22,22,22,22,22,22,22
1,1,320264,0,0,0,27,15,0,2,0,0,0
1,1,320265,23,23,23,23,23,23,23,23,23,23
1,1,320266,20,20,20,20,20,20,20,20,20,20
1,1,320267,0,0,0,0,0,0,0,0,0,0
1,1,320268,0,0,0,0,0,0,0,0,9,0
0,1,320269,7,7,7,7,7,7,7,7,7,7
1,1,320269,0,7,0,0,0,0,0,0,0,0
1,1,320270,0,28,18,8,21,0,30,13,16,11
1,1,320271,10,10,10,10,10,10,10,10,10,10
2,1,320271,13,17,0,0,0,0,0,0,0,0
1,1,320272,30,30,30,30,30,30,30,30,30,30
2,1,320272,0,0,0,0,0,0,0,0,0,0
0,1,320273,31,31,31,31,31,31,31,31,31,31
1,1,320273,0,0,0,14,0,0,8,0,0,11
0,1,320274,13,13,13,13,13,13,13,13,13,13
1,1,320274,6,6,6,6,6,6,6,6,6,6
1,1,320275,0,0,0,0,0,0,0,0,0,0
1,1,320276,27,27,27,27,27,27,27,27,27,27
1,1,320277,0,0,0,0,0,0,0,0,0,0
1,1,320278,9,9,9,9,9,9,9,9,9,9
0,1,320279,0,0,0,0,0,0,0,0,0,0
1,1,320279,14,14,14,14,14,14,14,14,14,14
0,1,320280,0,0,0,0,0,0,0,0,0,0
1,1,320280,0,0,0,0,0,0,0,0,0,0
1,1,320281,9,9,9,9,9,9,9,9,9,9
0,1,320282,0,0,0,0,0,0,0,0,0,0
1,1,320282,0,0,0,0,0,0,0,0,0,0
2,1,320282,0,0,0,0,0,0,0,0,0,0
1,1,320283,17,17,17,17,17,17,17,17,17,17
1,1,320284,0,0,0,0,0,0,0,0,0,0
1,1,320285,0,0,0,0,0,0,0,0,0,0
1,1,320286,16,16,16,16,16,16,16,16,16,16
1,1,320287,0,0,0,0,0,0,0,0,0,0
2,1,320287,0,0,0,0,0,0,0,0,0,0
1,1,320288,0,0,0,0,0,0,0,0,0,0
2,1,320288,0,0,0,0,0,0,0,0,0,0
3,1,320288,0,0,0,0,0,0,0,0,0,0
4,1,320288,0,0,0,0,0,0,0,0,0,0
5,1,320288,0,0,0,0,0,0,0,0,0,0
1,1,320289,6,6,6,6,6,6,6,6,6,6
1,1,320291,0,0,0,0,0,0,0,0,0,0
2,1,320291,0,0,0,0,0,0,0,0,0,0
3,1,320291,0,0,0,0,0,0,0,0,0,0
1,1,320292,0,0,0,0,0,0,3,0,0,0
2,1,320292,0,0,0,0,0,0,0,0,0,0
3,1,320292,0,0,0,0,0,0,0,0,0,0
0,1,320293,25,25,25,25,25,25,25,25,25,25
1,1,320293,3,3,3,3,3,3,3,3,3,3
1,1,320294,0,0,0,0,0,0,0,0,0,0
2,1,320294,0,0,0,0,0,0,0,0,0,0
1,1,320295,0,0,0,21,8,0,0,0,0,0
1,1,320296,3,3,3,3,3,3,3,3,3,3
1,1,320297,35,35,35,35,35,35,35,35,35,35
0,1,320298,4,16,0,0,0,0,16,0,0,0
1,1,320298,13,13,13,13,13,13,13,13,13,13
1,1,320299,0,0,0,0,0,0,0,0,0,0
2,1,320299,0,0,0,0,0,0,0,0,0,0
1,1,320300,0,0,0,0,0,0,0,0,0,0
2,1,320300,0,0,0,0,0,0,0,0,0,0
0,1,320301,30,0,22,23,26,20,0,8,1,0
0,2,320301,2,2,2,2,2,2,2,2,2,2
1,1,320301,0,0,13,0,18,5,0,25,20,25
0,1,320302,0,0,0,0,0,0,0,0,0,0
1,1,320302,0,0,0,0,0,0,0,0,0,0
1,1,320303,20,20,20,20,20,20,20,20,20,20
1,1,320304,0,0,0,0,0,0,0,0,0,0
1,1,320305,0,0,0,0,0,0,0,0,0,0
2,1,320305,0,0,0,0,0,0,0,0,0,0
1,1,320306,10,10,10,10,10,10,10,10,10,10
1,1,320307,0,5,25,0,0,7,0,0,0,0
1,1,320308,0,0,0,0,0,0,0,0,0,0
2,1,320308,0,0,0,0,0,0,0,0,0,0
1,1,320309,0,0,0,0,0,0,0,0,0,0
2,1,320309,0,0,0,8,2,0,0,0,0,0
0,1,320310,28,28,28,28,28,28,28,28,28,28
1,1,320310,0,0,0,0,0,0,0,0,0,0
1,1,320311,0,0,0,0,0,0,3,11,0,0
1,1,320312,0,0,0,0,0,0,0,0,0,0
1,1,320313,33,33,33,33,33,33,33,33,33,33
2,1,320313,0,0,0,0,0,0,0,0,0,0
3,1,320313,0,0,0,0,0,0,0,0,0,0
1,1,320314,0,0,10,26,0,0,0,0,0,0
2,1,320314,0,28,11,0,0,0,0,0,0,0
1,1,320315,0,15,0,22,7,25,20,10,10,0
1,1,320316,0,0,0,0,0,0,0,0,0,0
1,1,320317,4,4,4,4,4,4,4,4,4,4
0,1,320318,0,0,0,0,0,0,0,0,0,0
1,1,320318,0,18,19,30,13,0,9,3,0,0
1,1,320319,0,0,0,0,0,0,0,0,0,0
2,1,320319,0,0,0,0,0,0,0,0,0,0
3,1,320319,0,0,0,0,0,0,0,0,0,0
1,1,320320,0,0,0,0,0,0,0,0,0,0
2,1,320320,8,0,0,10,0,0,0,0,0,0
3,1,320320,0,0,2,0,0,0,0,0,0,0
4,1,320320,0,0,0,0,0,0,0,0,0,0
5,1,320320,0,0,0,0,0,0,0,0,0,0
6,1,320320,0,9,0,0,0,0,0,0,0,0
7,1,320320,0,0,0,0,0,0,0,0,0,0
1,1,320321,0,0,0,0,0,0,0,0,0,0
2,1,320321,0,0,0,0,0,0,0,0,0,0
1,1,320322,0,0,0,0,9,0,0,0,0,0
2,1,320322,0,0,0,0,0,0,0,0,0,0
1,1,320323,19,19,19,19,19,19,19,19,19,19
1,1,320324,0,0,0,0,0,0,0,0,0,0
1,1,320325,20,20,20,20,20,20,20,20,20,20
2,1,320325,0,0,0,0,0,0,0,0,0,0
1,1,320326,0,0,0,0,0,0,0,0,0,0
2,1,320326,0,0,0,0,10,0,0,0,0,16
3,1,320326,0,0,9,0,0,8,0,0,0,0
1,1,320327,15,15,15,15,15,15,15,15,15,15
2,1,320327,0,0,0,0,0,0,0,0,28,0
1,1,320328,0,0,0,0,0,0,0,0,0,0
2,1,320328,0,0,0,0,0,0,0,0,0,0
1,1,320329,8,8,8,8,8,8,8,8,8,8
2,1,320329,0,0,0,0,0,0,0,0,0,0
1,1,320330,0,0,0,0,0,0,0,0,0,0
2,1,320330,0,0,0,0,0,0,0,0,0,0
1,1,320331,16,16,16,16,16,16,16,16,16,16
2,1,320331,0,0,0,0,0,0,0,0,0,0
1,1,320332,26,26,26,26,26,26,26,26,26,26
2,1,320332,0,0,0,0,0,0,0,0,0,0
1,1,320333,17,11,0,0,9,0,26,0,0,0
1,1,320334,7,7,7,7,7,7,7,7,7,7
2,1,320334,0,0,0,0,0,0,0,0,0,0
1,1,320335,23,23,23,23,23,23,23,23,23,23
1,1,320336,30,30,30,30,30,30,30,30,30,30
1,1,320337,22,22,22,22,22,22,22,22,22,22
0,1,320338,0,0,0,0,0,0,0,0,0,0
0,2,320338,0,0,0,0,0,0,0,0,0,0
1,1,320338,0,0,0,0,0,0,0,0,0,0
1,1,320339,0,0,0,0,0,0,0,0,0,0
2,1,320339,0,0,0,0,0,0,0,0,0,0
1,1,320340,8,8,8,8,8,8,8,8,8,8
1,1,320341,0,0,0,0,0,0,0,0,0,0
2,1,320341,0,0,0,0,0,10,0,0,0,0
0,1,320342,0,0,0,0,0,0,0,0,0,0
1,1,320342,0,0,0,0,0,0,0,0,0,0
0,1,320343,0,0,0,0,0,0,0,0,0,0
1,1,320343,0,0,0,0,0,0,0,0,0,0
1,1,320344,0,0,0,0,0,0,0,0,0,0
0,1,320345,15,15,15,15,15,15,15,15,15,15
1,1,320345,0,28,17,0,18,0,3,0,10,0
1,1,320346,14,14,14,14,14,14,14,14,14,14
0,1,320347,0,0,0,0,0,0,0,0,0,0
1,1,320347,16,0,0,0,7,31,0,2,0,0
1,1,320348,0,0,0,0,0,0,0,0,0,0
1,1,320349,0,23,16,0,12,19,0,0,0,0
1,1,320350,0,0,0,0,0,0,0,0,0,0
1,1,320351,0,0,0,0,0,0,0,0,0,0
1,1,320352,6,6,6,6,6,6,6,6,6,6
1,1,320353,0,0,0,0,0,0,0,0,0,0
1,1,320354,0,0,0,0,0,0,0,0,0,0
2,1,320354,0,0,0,0,0,0,0,0,0,0
3,1,320354,0,0,0,0,0,0,0,0,0,0
1,1,320355,24,24,24,24,24,24,24,24,24,24
2,1,320355,0,0,0,0,0,0,0,0,0,0
1,1,320356,0,0,0,0,0,0,0,0,0,0
2,1,320356,18,18,18,18,18,18,18,18,18,18
1,1,320357,16,16,16,16,16,16,16,16,16,16
2,1,320357,0,0,0,0,0,0,0,0,0,0
1,1,320358,0,0,0,0,0,0,0,0,0,0
2,1,320358,12,12,12,12,12,12,12,12,12,12
1,1,320359,0,0,0,0,0,0,0,0,0,0
2,1,320359,0,0,0,0,0,0,0,0,0,0
1,1,320360,0,0,0,0,0,0,0,0,0,0
1,1,320361,0,0,0,0,0,0,0,0,0,0
2,1,320361,0,0,0,0,0,0,0,0,0,0
1,1,320362,0,0,0,0,0,0,0,0,0,0
2,1,320362,0,0,0,0,8,0,0,0,0,0
1,1,320363,0,0,0,0,0,0,0,0,0,0
2,1,320363,0,0,0,0,0,0,0,0,0,0
1,1,320364,26,26,26,26,26,26,26,26,26,26
1,1,320365,10,37,0,10,15,26,5,0,16,0
2,1,320365,0,0,0,0,0,0,0,0,0,0
3,1,320365,0,0,0,0,0,24,0,25,3,0
1,1,320366,0,0,0,0,0,0,0,0,0,0
2,1,320366,0,0,0,0,15,5,0,0,0,0
1,1,320367,0,0,0,0,0,0,0,0,0,0
0,1,320368,33,33,33,33,33,33,33,33,33,33
1,1,320368,17,0,0,0,0,0,25,0,18,0
0,1,320369,0,0,0,0,0,0,0,0,0,0
1,1,320369,0,0,32,0,0,0,11,0,7,0
0,1,320370,0,0,0,0,0,0,0,0,0,0
1,1,320370,0,27,21,58,0,0,32,12,0,8
1,1,320371,22,0,7,0,14,0,5,10,0,0
2,1,320371,4,0,0,0,0,0,0,0,0,0
3,1,320371,0,0,0,0,0,0,0,0,0,0
4,1,320371,0,0,0,0,0,0,0,0,0,0
6,1,320371,0,9,0,0,0,0,13,0,0,0
1,1,320372,0,0,0,0,0,0,0,0,0,0
2,1,320372,0,0,0,0,0,0,0,0,0,0
1,1,320373,0,0,0,0,0,0,0,0,0,0
2,1,320373,0,0,0,0,0,0,0,0,0,0
0,1,320374,30,0,37,21,23,0,0,0,0,28
1,1,320374,0,0,0,0,0,0,0,0,0,0
1,1,320375,12,12,12,12,12,12,12,12,12,12
2,1,320375,0,0,0,0,0,0,0,0,0,0
0,1,320376,0,0,0,24,0,0,0,0,36,0
1,1,320376,0,0,0,0,0,0,0,0,0,0
2,1,320376,15,0,0,0,0,0,0,48,0,0
1,1,320377,0,0,0,0,31,0,0,0,0,0
2,1,320377,0,0,0,0,0,0,0,0,0,0
3,1,320377,0,0,0,0,8,0,0,0,0,0
1,1,320378,0,0,0,0,0,0,0,0,0,0
2,1,320378,0,0,0,0,0,0,0,0,0,0
1,1,320379,0,0,0,0,0,0,0,0,0,0
2,1,320379,0,0,0,0,0,0,0,0,0,0
1,1,320380,0,0,0,0,0,0,0,0,0,0
2,1,320380,0,0,0,0,0,0,0,0,0,0
1,1,320381,0,0,0,0,0,0,0,0,0,0
2,1,320381,0,0,0,0,0,0,0,0,11,0
1,1,320382,0,0,0,0,0,0,0,0,0,0
2,1,320382,2,2,2,2,2,2,2,2,2,2
1,1,320383,12,12,12,12,12,12,12,12,12,12
2,1,320383,0,0,0,0,0,0,0,0,0,0
1,1,320384,0,0,0,0,0,0,0,0,0,0
2,1,320384,0,0,0,0,0,0,0,0,0,0
3,1,320384,0,0,0,0,0,0,0,0,0,0
1,1,320385,0,0,0,0,0,12,0,0,0,0
1,1,320386,24,24,24,24,24,24,24,24,24,24
1,1,320387,26,26,26,26,26,26,26,26,26,26
2,1,320387,0,0,0,0,0,0,0,0,0,0
3,1,320387,0,0,0,0,0,0,0,0,13,0
1,1,320388,26,26,26,26,26,26,26,26,26,26
1,1,320389,0,0,0,0,0,0,0,0,0,0
2,1,320389,5,5,5,5,5,5,5,5,5,5
1,1,320390,0,0,0,0,0,0,0,0,0,0
2,1,320390,0,0,0,0,0,0,0,0,0,0
3,1,320390,0,0,0,0,0,0,0,0,0,0
4,1,320390,0,0,0,0,9,0,0,0,0,0
5,1,320390,0,0,0,0,0,0,0,0,0,0
6,1,320390,0,0,17,0,0,0,0,0,0,0