VEH_NO,PER_NO,ST_CASE,P1,P2,P3,P4,P5,P6,P7,P8,P9,P10
7,1,320390,0,0,0,0,0,0,0,0,0,0
8,1,320390,0,0,0,0,0,0,0,0,0,0
9,1,320390,0,0,0,0,0,0,0,0,0,0
10,1,320390,0,0,14,14,0,0,0,0,0,0
11,1,320390,0,0,0,0,0,0,0,0,0,9
12,1,320390,0,0,0,0,0,0,0,0,0,0
13,1,320390,0,0,0,0,0,0,0,0,0,0
1,1,330001,17,17,17,17,17,17,17,17,17,17
1,1,330002,0,0,0,0,0,0,0,0,0,0
2,1,330002,0,0,0,0,0,0,12,0,0,0
1,1,330003,0,0,0,0,0,0,0,0,0,0
1,1,330004,0,0,0,0,0,0,0,0,0,0
1,1,330005,8,8,8,8,8,8,8,8,8,8
1,1,330006,0,0,0,0,0,0,0,0,0,0
1,1,330007,0,0,0,0,0,0,0,0,0,0
2,1,330007,30,0,0,9,0,0,0,0,0,18
1,1,330008,0,0,0,0,0,10,0,0,0,0
2,1,330008,0,0,0,0,0,11,0,0,0,0
1,1,330009,17,17,17,17,17,17,17,17,17,17
2,1,330009,11,15,0,0,12,0,0,11,0,0
1,1,330010,0,0,0,0,0,0,0,0,0,0
2,1,330010,0,0,0,0,0,0,0,0,0,0
1,1,330011,0,0,0,0,0,0,0,0,0,0
1,1,330012,0,0,0,0,0,0,0,0,0,0
2,1,330012,0,0,0,0,0,0,0,0,0,0
1,1,330013,0,0,0,0,0,0,0,0,0,0
2,1,330013,0,0,0,0,0,0,0,0,0,0
3,1,330013,0,0,0,0,0,0,0,0,0,0
1,1,330014,17,17,17,17,17,17,17,17,17,17
0,1,330015,30,30,30,30,30,30,30,30,30,30
1,1,330015,0,0,13,0,0,0,0,0,0,0
1,1,330016,0,0,0,0,0,0,0,0,0,0
1,1,330018,0,0,0,0,0,0,0,0,0,0
2,1,330018,0,0,0,0,0,13,0,0,0,0
1,1,330019,0,0,6,0,0,0,0,0,0,0
1,1,330020,0,0,0,0,0,0,0,0,0,0
2,1,330020,0,0,0,0,0,0,0,0,0,0
3,1,330020,0,0,0,0,0,0,0,0,0,0
1,1,330021,0,0,0,0,0,0,0,0,0,0
2,1,330021,0,0,0,0,0,0,0,0,15,0
1,1,330022,9,9,9,9,9,9,9,9,9,9
1,1,330023,0,0,0,0,0,0,0,0,0,0
2,1,330023,0,0,0,0,0,0,0,0,0,0
1,1,330024,0,0,0,0,0,0,0,0,0,0
2,1,330024,0,0,0,0,0,0,0,0,0,0
1,1,330025,0,0,0,0,0,0,0,0,0,0
1,1,330026,27,27,27,27,27,27,27,27,27,27
1,1,330027,19,19,19,19,19,19,19,19,19,19
1,1,330028,10,10,10,10,10,10,10,10,10,10
2,1,330028,0,0,0,0,0,0,0,0,0,0
1,1,330029,9,9,9,9,9,9,9,9,9,9
1,1,330030,11,11,11,11,11,11,11,11,11,11
1,1,330031,0,0,0,0,0,0,0,0,0,0
2,1,330031,0,0,0,0,0,0,0,0,0,0
1,1,330032,0,0,0,0,0,0,0,0,0,0
2,1,330032,0,0,0,0,0,0,0,0,0,0
3,1,330032,0,0,0,0,0,0,0,0,0,0
4,1,330032,0,0,0,0,0,0,0,0,0,0
5,1,330032,0,0,0,0,0,0,0,0,0,0
6,1,330032,0,0,0,0,0,0,0,0,0,5
7,1,330032,0,0,0,0,16,0,0,0,0,0
1,1,330033,0,0,0,0,0,0,0,0,0,0
2,1,330033,0,0,0,0,0,0,0,0,0,0
3,1,330033,0,0,0,0,0,0,0,14,0,0
1,1,330034,34,28,13,0,0,3,0,8,0,0
2,1,330034,0,0,0,0,0,0,0,0,0,0
3,1,330034,0,3,0,0,7,0,0,0,0,0
1,1,330035,0,0,0,0,0,0,0,0,0,0
1,1,330036,0,0,0,0,0,0,0,0,0,0
2,1,330036,0,0,0,0,16,0,0,0,13,0
1,1,330037,2,2,2,2,2,2,2,2,2,2
2,1,330037,0,0,0,0,13,0,13,0,0,0
3,1,330037,0,0,0,0,0,14,0,0,0,0
4,1,330037,0,0,5,0,0,0,0,0,0,0
5,1,330037,0,0,0,0,0,0,0,0,0,0
6,1,330037,0,0,0,0,0,0,0,0,7,12
1,1,330038,13,13,13,13,13,13,13,13,13,13
1,1,330039,0,0,0,0,0,0,0,0,0,0
2,1,330039,0,11,0,0,12,10,0,0,0,0
3,1,330039,0,0,0,0,0,0,0,0,0,0
0,1,330040,0,0,0,0,0,0,0,0,0,0
1,1,330040,0,0,0,0,0,0,24,0,0,0
1,1,330041,0,0,0,0,0,0,0,0,0,0
1,1,330042,0,0,0,0,0,0,0,0,0,0
1,1,330043,0,0,0,0,0,0,0,0,0,0
1,1,330044,16,16,16,16,16,16,16,16,16,16
0,1,330045,0,0,0,0,0,0,0,0,0,0
1,1,330045,0,0,0,0,0,0,0,0,0,0
1,1,330046,0,0,0,0,0,0,0,0,0,0
1,1,330047,0,0,0,0,0,0,0,0,0,0
2,1,330047,0,0,0,0,0,0,0,0,0,0
1,1,330048,0,0,0,0,0,0,0,0,0,0
2,1,330048,0,0,0,0,0,0,0,0,0,0
1,1,330049,0,0,0,0,0,0,0,0,0,0
2,1,330049,0,0,0,0,0,0,0,0,0,0
1,1,330050,15,15,15,15,15,15,15,15,15,15
1,1,330051,0,0,0,0,18,0,0,25,0,0
1,1,330052,0,0,0,0,0,0,0,0,0,0
2,1,330052,0,0,0,0,0,0,0,0,0,0
1,1,330053,0,0,0,0,0,0,0,0,0,0
2,1,330053,0,0,0,0,9,0,0,11,0,0
1,1,330054,16,16,16,16,16,16,16,16,16,16
1,1,330055,15,15,15,15,15,15,15,15,15,15
2,1,330055,3,0,0,0,0,13,0,0,0,0
3,1,330055,0,0,0,0,0,0,0,0,0,0
1,1,330056,0,0,0,0,0,0,0,0,0,0
2,1,330056,0,0,0,21,0,0,0,0,0,0
1,1,330057,0,0,0,0,0,0,0,0,0,0
1,1,330058,0,0,0,0,0,0,0,0,0,0
2,1,330058,0,0,0,0,0,0,0,0,0,0
0,1,330059,0,0,0,0,0,0,0,0,0,0
1,1,330059,0,0,0,0,0,0,0,0,0,0
1,1,330060,0,0,0,0,0,0,0,0,0,0
1,1,330061,0,0,0,0,0,0,0,0,0,0
2,1,330061,0,0,0,0,0,34,0,0,0,0
3,1,330061,0,0,0,0,0,0,0,0,0,0
1,1,330062,20,20,20,20,20,20,20,20,20,20
1,1,330063,19,19,19,19,19,19,19,19,19,19
2,1,330063,0,0,0,0,0,0,0,17,0,0
1,1,330064,0,0,0,0,0,0,0,0,0,0
1,1,330065,0,0,0,0,0,0,0,0,0,0
2,1,330065,0,0,0,0,0,0,6,0,0,0
3,1,330065,0,0,0,0,30,0,0,0,18,0
1,1,330068,23,23,23,23,23,23,23,23,23,23
1,1,330070,0,0,0,0,0,0,0,0,0,0
2,1,330070,0,0,0,0,0,0,0,0,0,0
1,1,330071,0,0,0,0,0,0,0,0,0,0
1,1,330072,0,0,0,0,0,0,0,0,0,0
2,1,330072,0,0,0,0,0,0,0,0,0,0
1,1,330073,0,0,0,0,0,0,0,0,0,0
1,1,330074,16,16,16,16,16,16,16,16,16,16
1,1,330075,8,8,8,8,8,8,8,8,8,8
2,1,330075,0,0,0,0,0,0,0,0,0,0
1,1,330076,17,17,17,17,17,17,17,17,17,17
1,1,330077,0,0,0,0,0,0,0,0,0,0
1,1,330078,0,0,0,0,0,0,0,0,0,0
2,1,330078,0,0,0,0,0,8,0,0,0,0
1,1,330079,24,24,24,24,24,24,24,24,24,24
1,1,330080,36,36,36,36,36,36,36,36,36,36
0,1,330081,0,0,0,0,0,0,0,0,0,0
1,1,330081,0,0,0,0,0,0,0,0,0,0
1,1,330082,12,0,0,0,0,29,0,0,18,0
1,1,330083,0,0,0,0,0,0,0,0,0,0
0,1,330084,0,0,0,0,0,0,0,0,0,0
1,1,330084,0,0,0,0,0,0,0,0,0,0
1,1,330085,17,17,17,17,17,17,17,17,17,17
1,1,330086,0,0,0,0,0,0,0,0,0,0
1,1,330087,0,0,0,0,0,0,0,0,0,0
1,1,330088,15,15,15,15,15,15,15,15,15,15
1,1,330089,14,14,14,14,14,14,14,14,14,14
2,1,330089,0,0,0,0,2,0,17,26,0,0
1,1,330090,0,0,0,0,0,0,0,0,0,14
2,1,330090,0,0,0,0,0,0,0,0,0,0
3,1,330090,0,0,0,0,0,0,0,0,0,0
1,1,330091,0,0,0,0,0,0,0,0,0,0
2,1,330091,0,0,0,0,21,0,0,0,0,0
1,1,330092,0,0,0,0,0,0,0,0,0,0
2,1,330092,0,0,0,0,0,0,0,0,0,0
1,1,330093,0,0,0,0,0,0,0,0,0,0
2,1,330093,0,0,0,0,0,0,0,0,0,0
1,1,330094,0,0,0,0,0,0,0,0,0,0
1,1,330095,18,18,18,18,18,18,18,18,18,18
1,1,330096,0,0,0,0,0,0,0,0,0,0
0,1,330097,0,0,0,0,0,0,0,0,0,0
1,1,330097,0,0,0,0,0,0,0,0,0,0
1,1,330098,24,24,24,24,24,24,24,24,24,24
1,1,330099,30,30,30,30,30,30,30,30,30,30
1,1,330100,27,27,27,27,27,27,27,27,27,27
2,1,330100,0,0,0,0,0,0,0,0,0,0
1,1,330101,0,0,0,0,0,0,0,0,0,0
2,1,330101,0,0,0,0,0,0,0,0,0,0
1,1,330102,15,15,15,15,15,15,15,15,15,15
1,1,330103,0,0,0,0,0,0,0,0,0,0
1,1,330104,11,11,11,11,11,11,11,11,11,11
1,1,330105,13,13,13,13,13,13,13,13,13,13
1,1,330106,0,0,0,0,0,0,0,0,0,0
1,1,330107,0,0,0,0,0,0,0,0,0,0
1,1,330108,0,0,0,0,0,0,0,0,0,0
2,1,330108,0,0,0,0,0,0,0,0,0,0
1,1,330109,0,0,0,0,0,0,0,0,0,0
2,1,330109,0,0,0,0,0,0,0,0,0,0
1,1,330110,16,16,16,16,16,16,16,16,16,16
1,1,330111,18,18,18,18,18,18,18,18,18,18
1,1,330112,0,0,0,0,25,0,6,0,0,0
1,1,330113,0,0,0,0,0,0,0,0,0,0
1,1,330114,22,22,22,22,22,22,22,22,22,22
1,1,330115,14,14,14,14,14,14,14,14,14,14
1,1,330116,0,0,0,0,0,0,0,0,0,0
1,1,330117,7,7,7,7,7,7,7,7,7,7
0,1,330118,13,13,13,13,13,13,13,13,13,13
1,1,330118,11,11,11,11,11,11,11,11,11,11
1,1,330119,24,24,24,24,24,24,24,24,24,24
2,1,330119,9,23,0,0,0,19,0,0,18,4
1,1,330120,16,16,16,16,16,16,16,16,16,16
0,1,340001,14,14,14,14,14,14,14,14,14,14
1,1,340001,0,0,0,0,0,0,0,0,0,0
1,1,340002,18,0,6,20,10,0,15,6,0,17
0,1,340003,12,12,12,12,12,12,12,12,12,12
1,1,340003,12,12,12,12,12,12,12,12,12,12
0,1,340004,0,0,0,0,0,0,0,0,0,0
0,1,340005,11,11,11,11,11,11,11,11,11,11
1,1,340005,0,0,0,0,0,0,0,23,0,0
0,1,340006,30,30,30,30,30,30,30,30,30,30
1,1,340006,19,0,0,0,0,17,25,19,0,0
1,1,340007,7,7,7,7,7,7,7,7,7,7
1,1,340008,0,0,0,0,0,0,0,0,0,0
0,1,340009,0,0,0,0,0,0,0,0,0,0
1,1,340009,0,0,0,0,0,0,0,0,0,0
0,1,340010,0,0,0,0,0,0,0,0,0,0
1,1,340010,0,0,0,9,0,0,0,0,9,0
1,1,340011,0,0,0,0,0,12,0,0,0,0
2,1,340011,0,0,0,0,0,0,0,0,0,0
1,1,340012,0,0,0,0,0,0,0,0,0,0
2,1,340012,0,0,0,0,0,0,0,0,0,0
1,1,340013,11,11,11,11,11,11,11,11,11,11
1,1,340014,0,0,0,0,0,0,0,0,0,0
2,1,340014,0,0,0,0,0,0,0,0,0,0
1,1,340015,12,12,12,12,12,12,12,12,12,12
1,1,340016,0,0,0,0,0,0,0,0,0,0
2,1,340016,0,0,0,0,0,0,0,0,16,0
3,1,340016,0,0,13,0,0,0,0,0,0,0
1,1,340017,0,0,0,0,0,0,0,0,0,0
2,1,340017,0,0,0,0,0,0,0,0,0,0
1,1,340018,0,0,0,0,0,0,0,0,0,0
1,1,340019,0,0,0,0,0,0,0,0,0,0
2,1,340019,1,1,1,1,1,1,1,1,1,1
0,1,340020,1,1,1,1,1,1,1,1,1,1
1,1,340020,0,0,0,0,0,0,0,0,0,0
0,1,340021,0,0,0,0,0,0,0,0,0,0
1,1,340021,0,0,0,0,0,0,0,0,0,0
1,1,340022,9,0,0,0,0,6,19,0,0,0
1,1,340023,0,0,0,0,0,0,0,0,0,0
1,1,340024,0,0,0,0,0,0,0,0,0,0
2,1,340024,0,0,0,0,0,0,0,0,0,0
1,1,340025,0,0,0,0,0,0,0,0,0,0
2,1,340025,0,0,0,0,0,10,0,0,0,0
1,1,340026,11,11,11,11,11,11,11,11,11,11
0,1,340027,0,0,0,0,0,0,0,0,0,0
1,1,340027,0,0,0,0,0,0,0,5,0,0
0,1,340028,2,2,2,2,2,2,2,2,2,2
1,1,340028,0,0,0,0,0,0,0,0,0,0
1,1,340029,25,25,25,25,25,25,25,25,25,25
2,1,340029,0,0,0,0,0,0,0,0,0,0
3,1,340029,0,0,0,0,0,0,0,0,0,0
0,1,340030,17,17,17,17,17,17,17,17,17,17
1,1,340030,0,0,0,0,0,0,0,24,3,0
0,1,340031,0,0,0,0,0,0,0,0,0,0
1,1,340031,0,0,20,0,0,0,0,13,0,0
1,1,340032,0,0,0,14,0,0,0,15,0,23
2,1,340032,3,3,3,3,3,3,3,3,3,3
1,1,340033,5,5,5,5,5,5,5,5,5,5
0,1,340034,23,23,23,23,23,23,23,23,23,23
1,1,340034,0,0,0,0,0,0,25,0,0,0
0,1,340035,0,0,0,0,0,0,0,0,0,0
1,1,340035,0,0,0,0,0,0,0,0,0,0
0,1,340036,24,24,24,24,24,24,24,24,24,24
1,1,340036,0,0,0,0,0,0,0,0,0,0
0,1,340037,0,0,0,0,0,0,0,0,0,0
0,2,340037,0,0,0,0,0,0,0,0,0,0
1,1,340037,0,0,0,0,0,0,0,0,0,0
1,1,340038,0,0,0,0,0,0,0,0,0,0
1,1,340039,0,0,0,0,0,0,0,0,0,0
1,1,340040,24,24,24,24,24,24,24,24,24,24
1,1,340041,26,26,26,26,26,26,26,26,26,26
1,1,340042,0,0,0,0,0,0,0,0,0,0
2,1,340042,0,0,0,0,0,0,0,0,0,0
1,1,340043,0,0,0,0,0,0,0,0,0,0
2,1,340043,0,0,0,0,0,0,0,0,0,0
0,1,340044,0,0,0,0,0,0,0,0,0,0
1,1,340044,0,0,0,0,14,0,0,0,0,0
1,1,340045,0,0,0,0,0,0,0,0,0,0
2,1,340045,0,0,0,0,0,0,0,0,0,0
0,1,340046,10,7,0,0,0,0,0,0,0,0
1,1,340046,0,0,0,0,0,0,0,0,0,0
1,1,340047,0,0,0,0,0,0,0,0,0,0
2,1,340047,5,5,5,5,5,5,5,5,5,5
3,1,340047,0,0,0,0,0,0,0,0,0,0
0,1,340048,26,26,26,26,26,26,26,26,26,26
1,1,340048,0,0,0,0,0,0,0,0,0,0
1,1,340049,0,0,0,7,0,20,0,0,0,0
1,1,340050,19,19,19,19,19,19,19,19,19,19
1,1,340051,0,0,0,0,0,8,0,8,1,0
2,1,340051,0,0,0,0,0,0,0,0,0,0
1,1,340052,22,22,22,22,22,22,22,22,22,22
1,1,340053,0,0,0,0,0,0,0,0,0,0
2,1,340053,0,0,0,0,0,0,0,0,0,0
1,1,340054,0,0,14,0,0,0,0,0,0,0
2,1,340054,0,0,0,0,0,0,0,0,0,4
0,1,340055,0,0,0,0,0,0,0,0,0,0
1,1,340055,0,0,0,0,0,0,0,0,0,0
0,1,340056,0,0,0,0,0,0,0,0,0,0
1,1,340056,0,0,0,0,0,0,0,0,0,0
1,1,340057,12,12,12,12,12,12,12,12,12,12
2,1,340057,0,0,0,0,0,0,0,0,0,0
1,1,340058,10,10,10,10,10,10,10,10,10,10
1,1,340059,0,7,0,12,0,0,0,0,0,0
2,1,340059,0,0,0,0,0,0,0,0,0,0
1,1,340060,14,14,14,14,14,14,14,14,14,14
1,1,340061,3,3,3,3,3,3,3,3,3,3
2,1,340061,0,0,0,0,13,0,0,0,4,8
0,1,340062,0,0,0,0,0,0,11,0,0,0
1,1,340062,0,0,0,0,0,0,0,0,0,0
1,1,340063,0,0,0,0,0,0,0,0,0,0
2,1,340063,0,0,0,0,0,0,0,0,0,0
1,1,340064,0,0,0,0,0,12,0,0,4,18
2,1,340064,15,15,15,15,15,15,15,15,15,15
1,1,340066,1,1,1,1,1,1,1,1,1,1
2,1,340066,0,0,0,0,0,0,0,0,11,0
1,1,340067,22,15,0,0,0,15,15,11,0,0
2,1,340067,0,0,0,0,0,0,0,0,0,0
1,1,340068,0,0,0,0,0,0,0,0,0,0
0,1,340069,20,20,20,20,20,20,20,20,20,20
1,1,340069,0,0,0,0,0,0,0,0,35,0
0,1,340070,11,11,11,11,11,11,11,11,11,11
1,1,340070,18,0,0,0,0,0,0,0,0,0
0,1,340071,35,35,35,35,35,35,35,35,35,35
1,1,340071,0,0,0,0,0,0,0,0,0,0
2,1,340071,0,0,0,0,0,0,0,0,18,26
1,1,340072,0,0,0,0,0,0,0,0,0,0
2,1,340072,0,0,0,15,0,0,3,0,0,7
0,1,340073,0,0,0,0,0,0,0,0,0,0
1,1,340073,0,0,0,0,0,0,0,0,0,0
1,1,340074,2,2,2,2,2,2,2,2,2,2
1,1,340075,0,0,0,0,0,0,0,0,0,0
2,1,340075,0,0,0,0,0,0,0,0,0,0
1,1,340076,0,0,0,0,0,0,0,0,0,0
2,1,340076,0,0,0,0,0,0,0,0,0,0
1,1,340078,0,0,0,0,0,0,0,0,0,0
1,1,340079,0,0,0,0,0,0,0,0,0,0
2,1,340079,0,11,0,0,0,4,0,0,0,0
3,1,340079,0,0,0,0,8,0,0,0,0,0
1,1,340080,21,21,21,21,21,21,21,21,21,21
1,1,340081,0,0,23,7,0,7,8,0,0,14
2,1,340081,12,23,8,12,0,0,0,9,20,0
1,1,340082,0,0,0,0,0,0,15,0,8,14
2,1,340082,0,0,0,0,0,0,0,0,0,0
1,1,340083,0,0,0,0,0,0,0,0,0,0
2,1,340083,0,0,0,0,0,0,0,0,0,0
0,1,340084,1,1,1,1,1,1,1,1,1,1
1,1,340084,0,0,0,0,0,0,0,0,0,0
1,1,340085,35,35,35,35,35,35,35,35,35,35
1,1,340086,0,0,0,0,0,0,0,0,0,0
2,1,340086,0,0,0,0,0,0,0,0,0,0
1,1,340087,0,0,0,0,0,0,0,0,0,0
0,1,340088,0,0,0,0,0,0,0,0,0,0
1,1,340088,13,0,0,0,0,0,0,0,0,8
1,1,340089,9,9,9,9,9,9,9,9,9,9
2,1,340089,9,9,9,9,9,9,9,9,9,9
1,1,340090,18,18,18,18,18,18,18,18,18,18
2,1,340090,0,0,0,0,0,0,0,0,1,17
1,1,340091,13,0,4,18,0,11,13,0,16,0
0,1,340092,10,10,10,10,10,10,10,10,10,10
1,1,340092,0,0,0,0,0,0,0,0,0,0
0,1,340093,29,34,0,26,0,7,0,18,0,0
2,1,340093,0,0,0,0,0,0,0,0,0,0
1,1,340094,0,0,0,0,0,0,0,0,0,0
1,1,340095,0,0,0,0,14,0,0,0,7,8
2,1,340095,0,0,0,0,0,0,0,0,0,0
3,1,340095,0,0,17,0,0,0,0,17,0,0
4,1,340095,0,0,0,0,0,0,0,0,0,0
1,1,340096,16,16,16,16,16,16,16,16,16,16
1,1,340097,0,0,0,0,0,0,0,0,0,0
0,1,340098,35,35,35,35,35,35,35,35,35,35
1,1,340098,10,0,0,0,8,13,0,0,0,0
1,1,340099,24,24,24,24,24,24,24,24,24,24
1,1,340100,7,7,7,7,7,7,7,7,7,7
2,1,340100,0,0,0,0,0,0,0,0,0,0
0,1,340101,0,0,0,0,0,0,0,0,0,0
1,1,340101,0,0,0,0,0,0,16,27,0,0
1,1,340102,0,0,0,0,0,0,0,0,0,0
2,1,340102,0,0,0,0,0,0,0,0,0,0
0,1,340103,0,0,0,0,0,0,0,0,0,0
1,1,340103,0,0,0,0,6,26,0,7,0,0
1,1,340104,15,15,15,15,15,15,15,15,15,15
1,1,340106,0,0,0,0,0,0,0,0,0,0
0,1,340107,27,27,27,27,27,27,27,27,27,27
1,1,340107,0,31,0,8,0,20,0,0,10,0
1,1,340108,0,0,0,0,0,0,0,0,0,0
2,1,340108,0,0,0,0,0,0,0,0,0,0
1,1,340109,1,1,1,1,1,1,1,1,1,1
1,1,340110,34,34,34,34,34,34,34,34,34,34
2,1,340110,15,3,0,0,0,0,0,0,0,0
3,1,340110,13,0,0,11,17,0,0,0,0,6
1,1,340111,15,15,15,15,15,15,15,15,15,15
1,1,340112,0,0,0,0,0,0,0,0,0,0
1,1,340113,0,0,0,0,0,0,0,0,0,9
1,1,340114,18,18,18,18,18,18,18,18,18,18
2,1,340114,0,0,0,0,0,12,11,0,0,0
3,1,340114,0,0,11,0,12,0,0,0,31,21
1,1,340115,4,0,0,0,0,22,0,0,0,0
0,1,340116,0,0,0,0,0,0,0,0,0,0
1,1,340116,0,0,0,0,0,0,0,0,0,0
1,1,340117,0,0,0,0,0,9,0,0,0,0
2,1,340117,0,0,0,0,0,0,0,0,8,0
1,1,340118,0,0,0,0,0,0,0,0,0,0
2,1,340118,32,32,32,32,32,32,32,32,32,32
1,1,340119,19,19,19,19,19,19,19,19,19,19
1,1,340120,23,23,23,23,23,23,23,23,23,23
0,1,340121,30,30,30,30,30,30,30,30,30,30
1,1,340121,0,13,0,0,0,0,0,0,0,0
1,1,340122,0,0,0,0,0,0,0,0,0,0
2,1,340122,0,0,0,0,0,0,0,0,0,0
1,1,340123,33,16,21,0,0,0,0,0,0,0
1,1,340124,0,0,0,0,0,0,0,0,0,0
1,1,340125,0,0,0,0,0,0,0,0,0,0
2,1,340125,0,0,0,0,0,0,0,0,0,0
1,1,340126,0,0,0,0,0,0,0,0,0,0
2,1,340126,0,0,0,0,0,0,0,0,0,0
1,1,340127,0,0,0,0,0,0,0,0,0,0
1,1,340128,0,0,0,0,0,0,0,0,0,0
2,1,340128,0,0,0,0,0,0,0,0,0,0
1,1,340129,0,0,0,0,0,0,0,0,0,0
1,1,340130,0,0,0,0,0,0,0,0,0,0
0,1,340131,0,0,0,0,0,0,0,0,0,0
1,1,340131,29,0,5,0,0,0,0,0,0,0
1,1,340132,0,0,0,0,0,0,0,0,0,0
1,1,340133,0,0,0,0,0,0,0,0,0,0
2,1,340133,0,0,0,0,0,0,0,0,0,0
1,1,340134,0,0,0,0,0,0,0,0,0,0
2,1,340134,0,0,0,0,0,16,22,0,0,0
1,1,340135,4,4,4,4,4,4,4,4,4,4
2,1,340135,0,0,0,0,0,0,0,0,0,0
1,1,340136,0,0,0,0,0,0,0,0,0,0
2,1,340136,14,14,14,14,14,14,14,14,14,14
0,1,340137,16,16,16,16,16,16,16,16,16,16
1,1,340137,0,0,0,0,0,18,0,0,0,0
1,1,340138,0,0,0,0,0,0,0,0,0,0
1,1,340139,0,0,0,0,0,0,0,0,0,0
1,1,340140,0,0,0,0,0,0,0,0,0,0
2,1,340140,3,3,3,3,3,3,3,3,3,3
0,1,340141,45,45,45,45,45,45,45,45,45,45
1,1,340141,10,10,10,10,10,10,10,10,10,10
1,1,340142,0,0,0,0,0,0,0,0,0,0
1,1,340143,0,0,0,0,0,0,0,0,0,0
2,1,340143,0,0,0,0,0,0,0,0,0,0
1,1,340144,14,14,14,14,14,14,14,14,14,14
2,1,340144,0,0,0,0,0,0,13,0,0,0
3,1,340144,0,0,0,0,0,0,0,20,30,0
4,1,340144,16,0,0,22,0,0,0,0,0,0
1,1,340145,3,3,3,3,3,3,3,3,3,3
2,1,340145,0,0,0,0,0,0,0,0,0,0
1,1,340146,3,3,3,3,3,3,3,3,3,3
1,1,340147,0,27,0,8,8,0,18,0,0,22
1,1,340148,9,9,9,9,9,9,9,9,9,9
2,1,340148,9,15,26,16,0,0,0,0,0,19
0,1,340149,0,18,0,0,0,20,0,0,8,0
1,1,340149,0,0,0,0,0,0,0,0,0,0
1,1,340151,32,32,32,32,32,32,32,32,32,32
1,1,340152,0,0,0,0,0,0,0,0,0,0
1,1,340153,0,0,0,0,0,0,0,0,0,0
2,1,340153,0,0,0,0,0,0,0,0,0,0
1,1,340154,0,0,0,0,0,0,0,0,0,0
1,1,340155,0,0,0,0,0,0,0,0,0,0
2,1,340155,0,0,0,0,0,0,0,0,0,0
3,1,340155,0,0,0,0,0,0,0,0,0,0
1,1,340156,0,0,0,0,0,0,0,0,0,0
2,1,340156,0,0,0,0,0,0,0,0,0,0
0,1,340157,0,0,0,0,0,0,0,0,0,0
0,2,340157,0,0,0,0,0,0,0,0,0,0
1,1,340157,11,11,11,11,11,11,11,11,11,11
1,1,340158,0,0,0,0,0,0,0,0,0,0
2,1,340158,0,0,0,0,0,0,0,0,0,0
1,1,340159,15,15,15,15,15,15,15,15,15,15
2,1,340160,0,0,0,0,0,0,0,0,0,0
1,1,340161,0,0,0,0,0,0,0,28,0,0
2,1,340161,0,0,0,0,0,0,0,0,0,0
1,1,340162,24,6,0,0,0,26,0,0,0,11
2,1,340162,15,0,3,14,0,0,23,27,0,0
0,1,340163,0,0,0,20,0,0,44,0,28,0
1,1,340163,0,0,0,0,0,0,0,0,0,0
1,1,340164,12,12,12,12,12,12,12,12,12,12
2,1,340164,0,0,0,2,0,0,0,0,0,0
1,1,340165,0,0,0,0,0,0,0,0,0,0
1,1,340166,18,18,18,18,18,18,18,18,18,18
1,1,340167,0,22,0,0,0,12,24,20,16,0
1,1,340168,0,0,0,0,0,0,0,0,0,0
1,1,340169,0,0,0,0,0,0,0,0,0,0
2,1,340169,0,0,0,0,0,0,0,0,0,0
1,1,340171,19,19,19,19,19,19,19,19,19,19
1,1,340172,0,0,0,0,0,0,0,0,0,0
2,1,340172,0,0,0,7,0,0,0,0,0,0
1,1,340173,0,0,0,0,0,0,0,0,0,0
2,1,340173,0,0,11,0,0,0,0,7,0,0
1,1,340174,0,0,0,0,0,0,0,0,0,0
1,1,340175,0,0,0,0,0,0,0,0,0,0
2,1,340175,0,0,0,0,0,0,0,0,0,0
1,1,340176,0,0,0,0,0,0,0,0,0,0
2,1,340176,0,0,0,0,0,0,0,0,0,0
0,1,340178,28,28,28,28,28,28,28,28,28,28
1,1,340178,13,0,0,10,0,0,0,30,0,12
1,1,340179,15,15,15,15,15,15,15,15,15,15
1,1,340180,0,0,4,0,0,0,0,0,0,0
2,1,340180,13,18,0,9,0,0,12,16,0,33
1,1,340181,0,0,0,0,0,0,0,0,9,0
2,1,340181,0,0,0,0,0,0,0,0,0,0
1,1,340182,0,0,0,0,0,0,0,0,0,0
2,1,340182,0,0,0,3,0,0,0,0,0,0
3,1,340182,0,0,0,0,0,0,0,0,0,0
0,1,340183,0,0,0,0,0,0,0,0,0,0
1,1,340183,0,14,0,0,21,0,0,0,0,0
0,1,340184,0,0,0,0,0,0,0,0,0,0
0,2,340184,0,0,0,0,0,0,0,0,0,0
1,1,340184,30,30,30,30,30,30,30,30,30,30
1,1,340185,0,0,0,0,0,0,0,0,0,0
2,1,340185,0,0,0,0,0,0,0,0,0,0
1,1,340187,0,0,0,0,0,0,0,0,0,0
2,1,340187,0,0,0,0,0,0,0,0,0,0
0,1,340188,19,19,19,19,19,19,19,19,19,19
1,1,340188,0,0,0,6,0,0,0,0,0,0