VEH_NO,PER_NO,ST_CASE,P1,P2,P3,P4,P5,P6,P7,P8,P9,P10
2,1,350045,16,16,16,16,16,16,16,16,16,16
1,1,350046,15,15,15,15,15,15,15,15,15,15
0,1,350047,0,0,0,0,0,0,0,0,0,0
1,1,350047,0,0,0,0,0,0,0,0,0,0
1,1,350048,0,0,0,0,0,0,0,0,0,0
2,1,350048,0,0,0,0,0,0,0,0,0,0
0,1,350049,25,25,25,25,25,25,25,25,25,25
1,1,350049,0,0,0,0,0,0,0,0,0,0
0,1,350050,0,0,0,0,0,0,0,0,0,0
1,1,350050,0,0,0,0,0,0,0,0,0,0
1,1,350051,25,25,25,25,25,25,25,25,25,25
1,1,350052,33,33,33,33,33,33,33,33,33,33
2,1,350052,0,0,0,0,0,0,0,0,0,0
1,1,350053,0,0,0,0,0,0,0,0,0,0
1,1,350054,0,0,0,0,0,0,0,0,0,0
1,1,350055,0,0,0,0,0,0,0,0,0,0
2,1,350055,0,0,0,0,0,0,0,8,0,5
3,1,350055,0,11,0,0,0,0,0,0,0,0
1,1,350056,0,0,0,0,0,0,0,0,0,0
2,1,350056,0,0,0,0,0,0,0,0,0,0
1,1,350057,0,0,0,0,0,0,0,0,0,0
2,1,350057,0,0,0,0,0,0,0,0,5,0
1,1,350058,19,0,14,25,19,20,0,20,0,13
1,1,350059,0,0,0,0,0,0,0,0,0,0
2,1,350059,0,0,0,0,0,0,0,0,0,0
1,1,350060,0,0,0,0,0,0,0,0,0,0
1,1,350061,0,0,0,0,0,0,0,0,0,0
1,1,350062,0,0,0,0,0,0,0,0,0,0
2,1,350062,0,0,0,0,0,0,0,0,0,0
1,1,350063,0,0,0,0,0,0,0,0,0,0
1,1,350065,20,20,20,20,20,20,20,20,20,20
2,1,350065,0,0,0,0,0,0,0,0,0,0
1,1,350066,0,0,0,0,0,0,0,0,0,0
1,1,350067,19,19,19,19,19,19,19,19,19,19
1,1,350068,0,0,0,0,0,0,0,0,0,0
0,1,350069,0,0,0,0,0,0,0,0,0,0
1,1,350069,23,30,19,8,15,36,14,33,22,12
1,1,350070,0,0,0,0,0,0,0,0,0,0
0,1,350071,0,0,0,0,0,0,0,0,0,0
1,1,350071,0,0,0,0,0,0,0,0,0,0
2,1,350071,0,0,0,0,0,0,0,0,0,0
1,1,350072,30,30,30,30,30,30,30,30,30,30
1,1,350073,0,0,0,0,0,0,0,0,0,0
1,1,350074,0,0,0,0,0,17,0,0,0,0
2,1,350074,0,0,0,0,0,0,0,0,0,0
0,1,350075,0,0,0,0,0,0,0,0,0,0
1,1,350075,0,0,0,0,0,0,0,10,0,0
1,1,350076,0,0,0,0,0,0,0,0,0,0
2,1,350076,0,0,0,0,0,0,0,0,0,0
1,1,350077,0,0,0,0,0,0,0,0,0,0
1,1,350078,0,0,0,0,0,0,0,0,0,0
0,1,350079,0,10,16,26,0,0,0,0,0,6
1,1,350079,0,0,0,0,0,0,0,0,0,0
1,1,350080,14,14,14,14,14,14,14,14,14,14
0,1,350081,2,2,2,2,2,2,2,2,2,2
1,1,350081,0,0,0,0,0,0,0,0,0,0
1,1,350082,0,0,0,0,0,0,0,0,0,0
2,1,350082,0,0,0,0,0,0,0,0,0,0
1,1,350083,0,0,0,0,0,0,0,0,0,0
1,1,350084,0,0,0,0,0,0,0,0,0,0
1,1,350085,0,0,0,0,0,0,0,0,0,0
1,1,350086,7,10,6,8,16,13,11,19,6,23
1,1,350087,30,30,30,30,30,30,30,30,30,30
0,1,350088,0,0,0,0,0,0,0,0,0,0
1,1,350088,0,0,0,0,0,0,0,0,0,0
1,1,350089,0,0,0,0,0,0,0,0,0,0
1,1,350090,15,15,15,15,15,15,15,15,15,15
0,1,350091,8,8,8,8,8,8,8,8,8,8
1,1,350091,0,0,8,10,11,0,0,0,0,0
1,1,350092,30,30,30,30,30,30,30,30,30,30
2,1,350092,0,0,0,0,0,0,0,0,0,0
1,1,350093,0,0,0,0,0,0,0,0,0,0
1,1,350094,0,0,0,0,0,0,0,0,0,0
1,1,350095,2,2,2,2,2,2,2,2,2,2
1,1,350096,0,0,0,0,0,0,0,0,0,0
1,1,350097,0,0,0,0,0,0,0,0,0,0
1,1,350098,0,0,0,0,0,0,0,0,0,0
2,1,350098,0,0,0,0,0,0,0,0,0,0
1,1,350099,0,0,0,0,0,0,0,0,0,0
1,1,350100,10,10,10,10,10,10,10,10,10,10
1,1,350101,0,0,0,0,0,0,0,0,0,0
1,1,350102,0,0,0,0,0,0,0,0,0,0
1,1,350103,15,26,10,47,12,19,23,15,36,19
1,1,350104,17,0,15,2,9,8,10,8,2,2
1,1,350105,20,20,20,20,20,20,20,20,20,20
1,1,350106,0,0,0,0,0,0,0,0,0,0
1,1,350107,0,0,0,0,0,0,0,0,0,0
1,1,350108,0,0,0,0,0,0,0,0,0,0
2,1,350108,0,0,0,0,0,0,0,0,0,0
1,1,350109,17,5,11,22,0,9,17,11,3,30
1,1,350110,0,0,0,0,0,0,0,0,0,0
1,1,350111,0,0,0,0,0,0,0,0,0,0
2,1,350111,11,11,11,11,11,11,11,11,11,11
1,1,350112,24,21,20,8,29,13,20,27,16,16
1,1,350113,0,0,0,0,0,0,0,0,0,0
1,1,350114,25,25,25,25,25,25,25,25,25,25
1,1,350115,23,23,23,23,23,23,23,23,23,23
0,1,350116,0,0,0,0,0,0,0,0,0,0
1,1,350116,0,0,0,0,0,0,0,0,0,0
1,1,350117,0,0,0,0,0,0,0,0,0,0
1,1,350118,11,11,11,11,11,11,11,11,11,11
1,1,350119,19,19,19,19,19,19,19,19,19,19
1,1,350120,0,0,0,0,0,0,0,0,0,0
2,1,350120,0,0,0,0,0,0,0,0,0,0
3,1,350120,0,0,0,0,0,0,0,0,0,0
1,1,350121,0,0,0,0,0,0,0,0,0,0
2,1,350121,0,0,0,0,0,0,0,0,0,0
1,1,350122,0,0,0,0,0,0,0,0,0,0
1,1,350123,0,0,0,0,0,0,0,0,0,0
0,1,350124,0,0,0,0,0,0,0,0,0,0
1,1,350124,0,0,0,0,0,0,0,0,0,0
1,1,350125,6,6,6,6,6,6,6,6,6,6
1,1,350126,20,20,20,20,20,20,20,20,20,20
1,1,350127,0,0,0,0,0,0,0,0,0,0
0,1,350128,0,0,0,0,0,0,0,0,0,0
1,1,350128,0,0,0,0,0,0,0,0,0,0
2,1,350128,0,0,0,0,0,0,0,0,0,0
1,1,350129,15,15,15,15,15,15,15,15,15,15
1,1,350130,0,0,0,0,0,0,0,0,0,0
1,1,350131,0,0,0,0,0,0,0,0,0,0
0,1,350132,0,0,0,0,0,0,0,0,0,0
1,1,350132,0,0,0,0,0,0,0,0,0,0
1,1,350133,0,0,0,0,0,0,0,0,0,0
0,1,350134,19,19,19,19,19,19,19,19,19,19
1,1,350134,0,0,0,0,0,0,0,0,0,0
1,1,350135,0,0,0,0,0,0,0,0,0,0
2,1,350135,0,0,0,0,0,0,0,0,0,0
1,1,350136,35,35,35,35,35,35,35,35,35,35
1,1,350137,12,12,12,12,12,12,12,12,12,12
1,1,350138,21,21,21,21,21,21,21,21,21,21
1,1,350139,27,27,27,27,27,27,27,27,27,27
1,1,350140,22,22,22,22,22,22,22,22,22,22
1,1,350141,15,15,15,15,15,15,15,15,15,15
1,1,350142,0,0,0,0,0,0,0,0,0,0
1,1,350143,0,0,0,0,0,0,0,0,0,0
0,1,350144,0,0,0,0,0,0,0,0,0,0
1,1,350144,25,25,25,25,25,25,25,25,25,25
0,1,350145,0,19,7,21,15,35,13,33,8,18
1,1,350145,0,0,0,0,0,0,0,0,0,0
0,1,350146,31,31,31,31,31,31,31,31,31,31
1,1,350146,0,0,0,0,0,0,0,0,0,0
1,1,350147,0,0,0,0,0,0,0,0,0,0
1,1,350148,0,0,0,0,0,0,0,0,0,0
1,1,350149,31,29,15,17,15,22,19,8,9,0
1,1,350150,21,21,21,21,21,21,21,21,21,21
1,1,350151,0,0,0,0,0,0,0,0,0,0
0,1,350152,0,0,0,0,0,0,0,0,0,0
1,1,350152,0,0,0,0,0,0,0,0,0,0
1,1,350153,0,0,0,0,0,0,0,0,0,0
1,1,350154,11,19,23,15,8,9,9,5,3,23
2,1,350154,23,12,14,20,17,9,0,11,18,19
1,1,350155,0,0,0,0,0,0,0,0,0,0
2,1,350155,0,0,0,0,0,0,0,0,0,0
1,1,350156,0,0,0,0,0,0,0,0,0,0
2,1,350156,0,0,0,0,0,5,0,0,0,0
1,1,350157,0,0,0,0,0,0,0,0,0,0
2,1,350157,0,0,0,0,0,0,0,0,0,0
1,1,350158,0,0,0,0,0,0,0,0,0,0
2,1,350158,10,10,10,10,10,10,10,10,10,10
0,1,350159,0,0,0,0,0,0,0,0,0,0
1,1,350159,0,0,0,0,0,0,0,0,0,0
1,1,350160,26,26,26,26,26,26,26,26,26,26
1,1,350161,0,0,0,0,0,0,0,0,0,0
1,1,350162,0,0,0,0,0,0,0,0,0,0
2,1,350162,0,0,0,0,0,0,0,0,0,0
3,1,350162,0,0,0,0,0,0,0,0,0,0
1,1,350163,16,16,16,16,16,16,16,16,16,16
1,1,350164,23,23,23,23,23,23,23,23,23,23
1,1,350165,0,0,0,0,0,0,0,0,0,0
2,1,350165,0,0,13,0,0,0,0,0,0,0
0,1,350166,20,25,24,10,12,6,32,22,5,25
1,1,350166,0,0,0,0,0,0,0,0,0,0
1,1,350167,17,17,17,17,17,17,17,17,17,17
2,1,350167,0,0,9,0,0,0,0,0,0,0
1,1,350168,0,0,0,0,0,0,0,0,0,0
1,1,350169,3,3,3,3,3,3,3,3,3,3
1,1,350170,0,0,0,0,0,0,0,0,0,0
2,1,350170,0,0,0,0,0,0,0,0,0,0
1,1,350171,0,0,0,0,0,0,0,0,0,0
1,1,350172,0,0,0,0,0,0,0,0,0,0
1,1,350173,2,2,2,2,2,2,2,2,2,2
1,1,350174,0,0,0,0,0,0,0,0,0,0
2,1,350174,0,0,0,0,0,0,0,0,0,0
3,1,350174,0,0,0,0,0,0,0,0,0,0
1,1,350175,0,0,0,0,0,0,0,0,0,0
1,1,350176,0,0,0,0,0,0,0,0,0,0
1,1,350177,16,16,16,16,16,16,16,16,16,16
2,1,350177,0,0,0,0,0,0,0,0,0,0
1,1,350178,0,0,0,0,0,0,0,0,0,0
2,1,350178,0,0,0,0,0,0,0,0,0,0
1,1,350179,0,0,0,0,0,0,0,0,0,0
1,1,350180,19,19,19,19,19,19,19,19,19,19
1,1,350181,0,0,0,0,0,0,0,0,0,0
2,1,350181,0,0,0,0,0,0,0,0,0,0
1,1,350182,0,0,0,0,0,0,0,0,0,0
1,1,350183,10,10,10,10,10,10,10,10,10,10
0,1,350184,29,29,29,29,29,29,29,29,29,29
1,1,350184,0,0,0,0,0,0,0,0,0,0
0,1,350185,4,41,23,25,28,24,14,25,26,28
1,1,350185,0,0,0,0,0,0,0,0,0,0
1,1,350186,0,0,0,0,0,0,0,0,0,0
1,1,350187,0,0,0,0,0,0,0,0,0,0
1,1,350188,0,0,0,0,0,0,0,0,0,0
0,1,350189,0,0,0,0,0,0,0,0,0,0
1,1,350189,0,0,0,0,0,0,0,0,0,0
1,1,350190,18,18,18,18,18,18,18,18,18,18
1,1,350191,16,16,16,16,16,16,16,16,16,16
2,1,350191,0,0,0,0,0,0,0,0,0,0
1,1,350192,0,0,0,0,0,0,0,0,0,0
1,1,350193,0,0,0,0,0,0,0,0,0,0
1,1,350194,0,0,0,0,0,0,0,0,0,0
1,1,350195,0,0,0,0,0,0,0,0,0,0
1,1,350196,0,0,0,0,0,0,0,0,0,0
1,1,350197,0,0,0,0,0,0,0,0,0,0
1,1,350198,5,5,5,5,5,5,5,5,5,5
1,1,350199,0,0,0,0,0,0,0,0,0,0
2,1,350199,0,0,0,0,0,0,0,0,0,0
1,1,350200,0,0,0,0,0,0,0,0,0,0
1,1,350201,0,0,0,0,0,0,0,0,0,0
2,1,350201,0,0,0,23,0,0,0,0,0,0
3,1,350201,0,0,0,0,0,0,0,0,0,0
1,1,350202,0,0,0,0,0,0,0,0,0,0
2,1,350202,0,0,0,0,0,0,0,0,0,0
3,1,350202,0,0,0,0,0,0,0,0,0,0
4,1,350202,0,0,0,0,0,0,0,0,0,0
1,1,350203,0,0,0,0,0,0,0,0,0,0
1,1,350204,19,19,19,19,19,19,19,19,19,19
1,1,350205,0,0,0,0,0,0,0,0,0,0
1,1,350206,0,0,0,0,0,0,0,0,0,0
1,1,350207,0,0,0,0,0,0,0,0,0,0
0,1,350208,45,45,45,45,45,45,45,45,45,45
1,1,350208,0,8,0,0,0,0,23,0,0,0
1,1,350209,9,9,9,9,9,9,9,9,9,9
1,1,350210,23,23,23,23,23,23,23,23,23,23
2,1,350210,0,0,0,0,0,0,0,0,0,0
1,1,350211,0,0,0,0,0,0,0,0,0,0
2,1,350211,0,0,0,0,0,0,0,0,0,0
1,1,350212,30,30,30,30,30,30,30,30,30,30
1,1,350213,0,0,0,0,0,0,0,0,0,0
0,1,350214,36,36,36,36,36,36,36,36,36,36
1,1,350214,0,0,0,0,0,0,0,0,0,0
1,1,350215,0,0,0,0,0,0,0,0,7,0
1,1,350216,0,0,0,0,0,0,0,0,0,0
0,1,350217,28,46,22,11,0,15,42,13,20,36
1,1,350217,0,0,0,0,0,0,0,0,0,0
0,1,350218,30,0,16,0,0,17,0,19,29,0
1,1,350218,21,21,21,21,21,21,21,21,21,21
1,1,350219,18,20,22,21,10,20,18,34,7,33
1,1,350220,0,0,0,0,0,0,0,0,0,0
1,1,350221,0,0,0,0,0,0,0,0,0,0
1,1,350222,32,32,32,32,32,32,32,32,32,32
2,1,350222,0,0,0,0,0,0,0,0,0,0
1,1,350223,0,0,0,0,0,0,0,0,0,0
2,1,350223,0,0,0,0,0,0,0,0,0,0
0,1,350224,0,0,0,0,0,0,0,0,0,0
1,1,350224,0,0,0,0,0,0,14,0,0,0
1,1,350225,0,0,0,0,0,0,0,0,0,0
2,1,350225,0,0,0,0,0,0,0,0,0,0
1,1,350226,0,0,0,0,0,0,0,0,0,0
2,1,350226,0,0,0,0,0,0,0,0,0,0
1,1,350227,25,25,25,25,25,25,25,25,25,25
1,1,350228,12,12,12,12,12,12,12,12,12,12
2,1,350228,13,13,13,13,13,13,13,13,13,13
1,1,350229,11,11,11,11,11,11,11,11,11,11
1,1,350230,0,0,0,0,0,0,0,0,0,3
2,1,350230,0,0,0,0,0,0,0,0,0,0
1,1,350231,0,0,0,0,0,0,0,0,0,0
2,1,350231,0,0,0,0,0,0,0,0,0,0
0,1,350232,22,22,22,22,22,22,22,22,22,22
1,1,350232,0,0,0,0,0,0,0,0,0,0
1,1,350233,0,0,0,0,0,0,0,0,0,0
2,1,350233,0,0,0,0,0,0,0,0,0,0
1,1,350234,16,8,11,28,0,35,15,8,20,13
1,1,350235,0,0,0,0,0,0,0,0,0,0
2,1,350235,27,27,27,27,27,27,27,27,27,27
1,1,350236,22,22,22,22,22,22,22,22,22,22
2,1,350236,0,0,0,0,0,0,0,0,0,0
1,1,350237,0,0,0,0,0,0,0,0,0,0
2,1,350237,0,0,0,0,0,0,0,0,0,0
1,1,350238,19,19,19,19,19,19,19,19,19,19
2,1,350238,0,0,0,0,0,0,0,0,0,0
3,1,350238,0,0,0,0,0,0,0,0,0,0
1,1,350239,0,12,17,22,6,0,17,14,15,10
2,1,350239,0,0,0,0,0,0,0,11,0,0
3,1,350239,16,0,0,0,0,27,0,11,0,0
1,1,350240,0,0,0,0,0,0,0,0,0,0
1,1,350241,0,0,0,0,0,0,0,0,0,0
1,1,350242,0,0,0,0,0,0,0,0,0,0
1,1,350243,0,0,0,0,0,0,0,0,0,0
1,1,350244,13,13,13,13,13,13,13,13,13,13
1,1,350245,0,0,0,0,0,0,0,0,0,0
1,1,350246,31,31,31,31,31,31,31,31,31,31
1,1,350247,23,23,23,23,23,23,23,23,23,23
1,1,350248,26,26,26,26,26,26,26,26,26,26
0,1,350249,0,0,0,0,0,0,0,0,0,0
1,1,350249,0,0,0,0,0,0,0,0,0,0
1,1,350250,0,0,0,0,0,0,0,0,0,0
1,1,350251,0,0,0,0,0,0,0,0,0,0
2,1,350251,29,29,29,29,29,29,29,29,29,29
1,1,350252,0,0,0,0,0,0,0,0,0,0
2,1,350252,0,0,0,0,0,0,0,0,0,0
0,1,350253,0,0,0,0,0,0,0,0,0,0
1,1,350253,0,0,0,0,0,0,0,0,0,0
0,1,350254,0,0,0,0,0,0,0,0,0,0
1,1,350254,6,0,0,0,0,0,0,0,0,0
1,1,350255,10,22,20,9,8,8,17,4,25,15
0,1,350256,30,30,30,30,30,30,30,30,30,30
1,1,350256,0,12,0,0,0,0,0,0,0,0
0,1,350257,0,0,0,0,0,0,0,0,0,0
1,1,350257,0,0,0,0,0,0,0,0,0,0
1,1,350258,0,0,0,0,0,0,0,0,0,0
1,1,350259,0,0,0,0,0,0,0,0,0,0
1,1,350260,0,0,0,0,0,0,0,0,0,0
2,1,350260,0,0,0,0,0,0,0,0,0,0
3,1,350260,0,0,0,0,0,0,0,0,0,0
1,1,350261,0,0,0,0,0,0,0,0,0,0
2,1,350261,0,0,0,0,0,0,0,0,0,0
3,1,350261,0,0,11,0,0,0,0,0,0,0
0,1,350262,0,0,0,0,0,0,0,0,0,0
1,1,350262,0,0,0,0,0,0,0,0,13,0
1,1,350263,0,0,0,0,0,0,0,0,0,0
0,1,350264,0,0,0,0,0,0,0,0,0,0
1,1,350264,0,0,0,4,0,0,0,0,0,0
1,1,350265,0,0,0,0,0,0,0,0,0,0
2,1,350265,0,0,0,0,0,0,0,0,0,0
1,1,350266,0,0,0,0,0,0,0,0,0,0
2,1,350266,0,0,0,0,0,0,0,0,0,0
1,1,350267,0,0,0,0,0,0,0,0,0,0
1,1,350268,0,0,0,0,0,0,0,0,0,0
1,1,350269,29,29,29,29,29,29,29,29,29,29
0,1,350270,0,0,0,0,0,0,0,0,0,0
1,1,350270,0,0,0,0,0,0,0,0,0,0
1,1,350271,15,15,15,15,15,15,15,15,15,15
2,1,350271,0,0,0,0,18,0,0,0,0,0
1,1,350272,0,0,0,0,0,0,0,0,0,0
0,1,350273,0,0,0,0,0,0,0,0,0,0
1,1,350273,0,0,0,0,0,0,0,0,0,0
1,1,350274,0,0,0,0,0,0,0,0,0,0
2,1,350274,0,0,0,0,0,0,0,0,0,0
1,1,350275,0,0,0,0,0,0,0,0,0,0
2,1,350275,0,11,0,0,0,5,0,0,0,0
3,1,350275,0,0,0,0,0,0,0,0,0,0
1,1,350276,0,0,0,0,0,0,0,0,0,0
2,1,350276,0,0,0,0,0,0,0,0,0,0
1,1,350277,0,0,0,0,0,0,0,0,0,0
1,1,350278,0,0,0,0,0,0,0,0,0,0
2,1,350278,0,0,0,0,0,0,0,0,0,0
0,1,350279,26,26,26,26,26,26,26,26,26,26
1,1,350279,0,0,0,0,0,0,0,0,0,0
2,1,350279,0,0,24,9,0,0,0,14,0,0
1,1,350280,0,0,0,0,0,0,0,0,0,0
1,1,350281,18,22,16,26,12,0,10,21,21,19
1,1,350282,21,21,21,21,21,21,21,21,21,21
1,1,350283,25,25,25,25,25,25,25,25,25,25
0,1,350284,24,24,24,24,24,24,24,24,24,24
1,1,350284,23,0,0,31,5,0,0,0,0,0
1,1,350285,0,0,0,0,0,0,0,0,0,0
1,1,350286,0,0,0,0,0,0,0,0,0,0
1,1,350287,0,0,0,0,0,0,0,0,0,0
1,1,350288,0,0,0,0,0,0,0,0,0,0
2,1,350288,0,0,0,0,0,0,0,0,0,0
1,1,350289,5,5,5,5,5,5,5,5,5,5
2,1,350289,12,0,5,7,12,12,0,12,0,0
1,1,350290,0,0,0,0,0,0,0,0,0,0
2,1,350290,0,0,0,0,0,0,0,0,0,0
1,1,350291,25,25,25,25,25,25,25,25,25,25
1,1,350292,0,0,0,0,0,0,0,0,0,0
2,1,350292,0,6,0,0,0,5,0,0,0,0
1,1,350293,0,0,0,0,0,0,0,0,0,0
0,1,350294,0,0,0,0,0,0,0,0,0,0
1,1,350294,0,0,0,0,0,0,0,0,0,0
0,1,350295,35,35,35,35,35,35,35,35,35,35
1,1,350295,29,0,0,0,0,0,0,0,0,0
1,1,350296,0,0,0,0,0,0,0,0,0,0
2,1,350296,0,0,0,14,25,0,0,0,0,0
1,1,350297,5,5,5,5,5,5,5,5,5,5
2,1,350297,0,0,0,0,0,0,0,0,0,0
1,1,350298,0,0,0,0,0,0,0,0,0,0
0,1,350299,0,0,0,0,0,0,0,0,0,0
1,1,350299,0,0,0,0,0,0,0,0,0,0
1,1,350300,0,0,0,0,0,0,0,0,0,0
1,1,350301,0,0,0,0,0,0,0,0,0,0
1,1,350302,0,0,0,0,0,0,0,0,0,0
2,1,350302,0,0,0,0,0,0,0,0,0,0
0,1,350303,0,0,0,0,0,0,0,0,0,0
1,1,350303,0,2,0,0,0,0,0,0,0,0
0,1,350304,8,28,24,32,9,24,36,0,17,14
1,1,350304,0,0,0,0,0,0,0,0,0,0
1,1,350305,17,13,3,7,11,3,4,13,25,0
1,1,350306,0,0,0,0,0,0,0,0,0,0
1,1,350307,0,0,0,0,0,0,0,0,0,0
2,1,350307,0,0,0,0,0,0,0,0,0,0
1,1,350308,0,0,0,0,0,0,0,0,0,0
1,1,350309,0,0,0,0,0,0,0,0,0,0
2,1,350309,0,0,0,0,0,0,0,0,0,0
1,1,350310,0,0,0,0,0,0,0,0,0,0
0,1,350311,32,32,32,32,32,32,32,32,32,32
1,1,350311,0,0,0,0,0,0,0,0,0,0
1,1,350312,0,0,0,0,0,0,0,0,0,0
2,1,350312,0,0,0,0,0,0,0,0,0,0
1,1,350313,8,8,8,8,8,8,8,8,8,8
1,1,350314,0,0,0,0,0,0,0,0,0,0
1,1,350315,19,19,19,19,19,19,19,19,19,19
1,1,350316,0,0,0,0,0,0,0,0,0,0
2,1,350316,0,0,0,0,0,0,0,0,0,0
1,1,350317,0,0,0,0,0,0,0,0,0,0
2,1,350317,0,0,0,0,0,0,0,0,0,0
1,1,350318,0,0,0,0,0,0,0,0,0,0
2,1,350318,0,0,0,0,0,0,0,0,0,0
1,1,350319,0,0,0,0,0,0,0,0,0,0
1,1,350320,0,0,0,0,0,0,0,0,0,0
2,1,350320,0,0,0,0,0,0,0,0,0,0
1,1,350321,0,0,0,0,0,0,0,0,0,0
1,1,350322,0,0,0,0,0,0,0,0,0,0
2,1,350322,0,0,0,0,0,0,0,0,0,0
1,1,350323,0,0,0,0,0,0,0,0,0,0
1,1,350324,21,21,21,21,21,21,21,21,21,21
1,1,350325,0,0,0,0,0,0,0,0,0,0
0,1,350326,0,0,0,0,0,0,0,0,0,0
1,1,350326,0,15,0,0,0,0,0,0,0,0
1,1,350327,0,0,0,0,0,0,0,0,0,0
1,1,350328,0,0,0,0,0,0,0,0,0,0
1,1,350329,0,0,0,0,0,0,0,0,0,0
2,1,350329,0,0,0,0,0,0,0,0,0,0
1,1,350330,0,0,0,0,0,0,0,0,0,0
1,1,350331,0,0,0,0,0,0,0,0,0,0
2,1,350331,0,0,0,0,0,0,0,0,0,0
1,1,350332,0,0,0,0,0,0,0,0,0,0
2,1,350332,0,0,0,0,0,0,0,0,0,0
1,1,350333,15,11,0,0,25,0,20,21,34,11
2,1,350333,0,15,0,0,0,0,0,0,0,0
1,1,350334,0,0,0,0,0,0,0,0,0,0
2,1,350334,0,0,0,0,0,0,0,0,0,0
1,1,350335,4,4,4,4,4,4,4,4,4,4
1,1,350336,0,0,0,0,0,0,0,0,0,0
2,1,350336,0,0,0,0,0,0,0,0,0,0
1,1,350337,0,0,0,0,0,0,0,0,0,0
1,1,350338,36,36,36,36,36,36,36,36,36,36
1,1,350339,0,0,0,0,0,0,0,0,0,0
2,1,350339,2,2,2,2,2,2,2,2,2,2
1,1,350340,0,0,0,0,0,0,0,0,0,0
2,1,350340,0,0,0,0,0,0,0,0,0,0
1,1,350341,0,0,0,0,0,0,0,0,0,0
1,1,350342,0,0,0,0,0,0,0,0,0,0
1,1,350343,0,0,0,0,0,0,0,0,0,0
2,1,350343,0,0,0,0,0,0,0,0,0,0
3,1,350343,0,0,0,0,0,0,0,0,0,0
0,1,350344,17,17,17,17,17,17,17,17,17,17
1,1,350344,20,13,25,11,36,13,14,10,12,7
1,1,350345,0,0,0,0,0,0,0,0,0,0
2,1,350345,0,0,0,0,0,0,0,0,0,0
1,1,350346,0,0,0,0,0,0,0,0,0,0
1,1,350347,0,0,0,0,0,0,0,0,0,0
2,1,350347,0,0,0,0,0,0,0,0,0,0
1,1,350348,0,0,7,0,0,0,0,0,0,0
1,1,350349,23,14,16,14,11,0,7,27,0,23
2,1,350349,0,0,0,0,0,0,0,0,0,0
0,1,350350,21,21,21,21,21,21,21,21,21,21
1,1,350350,12,18,24,33,18,10,18,33,12,0
1,1,350351,15,15,15,15,15,15,15,15,15,15
1,1,350352,21,21,21,21,21,21,21,21,21,21
2,1,350352,0,0,0,0,0,0,0,0,0,0
1,1,350353,13,13,6,0,16,0,0,10,12,7
2,1,350353,7,14,7,17,11,13,16,8,11,25
1,1,350354,0,0,0,0,0,0,0,0,0,0
2,1,350354,31,31,31,31,31,31,31,31,31,31
0,1,350355,0,0,0,0,0,0,0,0,0,0
1,1,350355,0,0,0,0,0,0,0,0,0,0
2,1,350355,0,0,0,0,0,0,0,0,0,0
1,1,350356,0,0,0,0,0,0,0,0,0,0
1,1,350357,0,0,0,0,0,0,0,0,0,0
2,1,350357,0,0,0,0,0,0,0,0,0,0
1,1,350358,0,0,0,0,0,0,0,0,0,0
2,1,350358,0,0,0,0,0,0,0,0,0,0
1,1,350359,0,0,0,0,0,0,0,0,0,0
2,1,350359,0,0,0,0,0,0,0,0,0,0
0,1,350360,25,25,25,25,25,25,25,25,25,25
1,1,350360,9,0,17,12,0,0,0,0,0,0
1,1,350361,0,0,0,0,0,0,0,0,0,0
2,1,350361,0,0,0,0,0,0,0,0,0,0
1,1,350362,0,0,0,0,0,0,0,0,0,0
2,1,350362,0,0,0,0,0,0,0,0,0,0
1,1,350363,0,0,0,0,0,0,0,0,0,0
2,1,350363,0,0,0,0,0,0,0,0,0,0
1,1,350364,27,27,27,27,27,27,27,27,27,27
1,1,350365,0,0,0,0,0,0,0,0,0,0
2,1,350365,0,0,0,0,0,0,0,0,0,0
1,1,350366,11,11,11,11,11,11,11,11,11,11
1,1,350367,0,0,0,0,0,0,0,0,0,0
2,1,350367,0,0,0,0,0,0,0,0,0,0
1,1,350368,0,0,0,0,0,0,0,0,0,0
1,1,350369,0,0,0,0,0,0,0,0,0,0
2,1,350369,0,0,0,0,0,0,0,0,0,0
1,1,350370,0,0,0,0,0,0,0,0,0,0
2,1,350370,0,0,0,0,0,0,0,0,0,0
1,1,350371,20,20,20,20,20,20,20,20,20,20
2,1,350371,22,0,0,0,0,0,0,0,0,0
1,1,350372,0,0,0,0,0,0,0,0,0,0
2,1,350372,0,0,0,0,0,0,0,0,0,0
1,1,350373,0,0,0,0,0,0,0,0,0,0
2,1,350373,0,0,0,0,0,0,0,0,0,0
1,1,350374,0,0,0,0,0,0,0,0,0,0
1,1,350375,0,0,0,0,0,0,0,0,0,0
1,1,350376,0,0,0,0,0,0,0,0,0,0
1,1,350377,0,0,0,0,0,0,0,0,0,0
2,1,350377,0,0,0,0,0,0,0,0,0,0
1,1,350378,14,14,14,14,14,14,14,14,14,14
0,1,350379,25,19,22,32,9,38,34,39,39,10
1,1,350379,0,0,0,0,15,0,0,0,0,0