VEH_NO,PER_NO,ST_CASE,P1,P2,P3,P4,P5,P6,P7,P8,P9,P10
1,1,350380,0,0,0,0,0,0,0,0,0,0
2,1,350380,0,0,0,0,0,0,0,0,0,0
0,1,350381,0,0,0,0,0,0,0,0,0,0
1,1,350381,0,0,0,0,0,0,0,0,0,0
0,1,350382,32,32,32,32,32,32,32,32,32,32
1,1,350382,0,0,0,0,0,0,0,0,0,0
1,1,350383,15,15,15,15,15,15,15,15,15,15
0,1,350384,0,0,0,0,0,0,0,0,0,0
1,1,350384,0,0,0,0,0,0,0,0,0,0
0,1,350385,28,28,28,28,28,28,28,28,28,28
1,1,350385,0,0,0,0,0,0,0,0,0,0
2,1,350385,0,0,0,0,0,4,0,0,0,0
1,1,350386,0,0,0,0,0,0,0,0,0,0
2,1,350386,0,0,0,0,0,0,0,0,0,0
0,1,350387,0,0,0,0,0,0,0,0,0,0
1,1,350387,0,0,0,0,0,0,0,0,0,0
0,1,350388,0,0,0,0,0,0,0,0,0,0
1,1,350388,0,0,0,0,0,0,0,0,0,0
1,1,350389,0,0,0,0,0,0,0,0,0,0
2,1,350389,9,9,9,9,9,9,9,9,9,9
1,1,350390,30,11,15,20,8,11,21,0,2,9
1,1,350391,0,0,0,0,0,0,0,0,0,0
2,1,350391,0,0,0,0,0,0,0,0,0,0
1,1,350392,16,16,16,16,16,16,16,16,16,16
1,1,350393,0,0,0,0,0,0,0,0,0,0
1,1,350394,19,19,19,19,19,19,19,19,19,19
1,1,350395,0,0,0,0,0,0,0,0,4,0
2,1,350395,0,0,0,0,0,0,0,0,0,0
1,1,350396,32,32,32,32,32,32,32,32,32,32
1,1,350397,8,8,8,8,8,8,8,8,8,8
1,1,350398,32,32,32,32,32,32,32,32,32,32
1,1,350399,13,9,4,21,18,27,15,15,0,20
1,1,350400,16,6,10,8,10,15,24,24,13,25
1,1,350401,20,12,10,18,19,16,0,14,19,7
0,1,350402,19,19,19,19,19,19,19,19,19,19
1,1,350402,0,0,0,0,0,0,0,0,0,0
2,1,350402,0,0,0,0,0,0,0,8,0,7
1,1,350403,0,0,0,0,0,0,0,0,0,0
1,1,350404,0,0,0,0,0,0,0,0,0,0
0,1,350405,23,23,23,23,23,23,23,23,23,23
1,1,350405,0,0,0,0,0,10,0,0,0,13
1,1,350406,0,0,0,0,0,0,0,0,0,0
1,1,350407,10,12,7,9,13,0,2,10,11,15
2,1,350407,0,0,0,0,0,0,0,0,0,0
1,1,350408,0,0,0,0,0,0,15,0,19,0
1,1,350409,0,0,0,0,0,0,0,0,0,0
1,1,350410,8,0,28,20,29,27,19,29,22,7
1,1,350411,27,5,15,21,24,0,16,12,21,9
1,1,350412,0,0,0,0,0,0,0,0,0,0
2,1,350412,8,32,0,26,6,25,15,13,29,13
0,1,350413,22,22,22,22,22,22,22,22,22,22
1,1,350413,0,0,0,0,0,0,17,0,10,0
1,1,350414,7,9,18,25,31,20,20,6,14,25
1,1,350415,0,10,12,25,15,6,14,14,18,14
0,1,350416,0,0,0,0,0,0,0,0,0,0
1,1,350416,0,7,0,0,0,21,0,0,19,0
1,1,350417,19,19,19,19,19,19,19,19,19,19
0,1,350418,30,30,30,30,30,30,30,30,30,30
1,1,350418,0,0,0,0,0,0,0,0,0,0
1,1,350419,21,21,21,21,21,21,21,21,21,21
1,1,350420,23,23,23,23,23,23,23,23,23,23
1,1,350421,0,0,0,0,0,0,0,0,0,0
1,1,350422,0,0,0,0,0,0,0,0,0,0
0,1,350423,32,32,32,32,32,32,32,32,32,32
1,1,350423,0,0,0,0,0,0,0,22,8,0
0,1,350424,29,25,8,15,0,32,20,19,0,23
1,1,350424,0,0,0,0,0,33,13,0,0,9
1,1,350425,4,13,11,7,22,12,3,15,0,8
1,1,360001,6,6,6,6,6,6,6,6,6,6
1,1,360002,19,24,14,0,29,11,9,0,25,10
1,1,360003,0,0,0,0,0,0,0,0,0,0
1,1,360004,0,0,0,0,0,0,0,0,0,0
2,1,360004,12,0,11,0,7,0,8,0,0,11
3,1,360004,0,0,0,0,0,0,0,0,0,0
4,1,360004,0,0,0,0,0,12,0,0,0,0
1,1,360005,0,0,22,0,16,8,0,0,0,15
1,1,360006,0,0,0,0,0,0,0,0,0,0
2,1,360006,0,0,19,0,0,0,0,20,0,0
1,1,360007,0,0,0,0,0,0,0,0,0,0
2,1,360007,0,0,0,0,0,0,0,0,0,3
3,1,360007,9,9,9,9,9,9,9,9,9,9
1,1,360008,0,0,0,0,0,0,0,0,0,0
2,1,360008,0,0,0,0,0,0,0,0,0,0
1,1,360009,3,10,8,15,16,14,27,9,22,32
2,1,360009,15,18,0,0,0,0,16,0,2,10
1,1,360010,22,14,0,7,24,0,21,10,20,26
1,1,360011,0,0,0,20,14,17,15,12,0,0
2,1,360011,0,0,0,0,0,0,0,0,0,0
1,1,360012,0,0,0,0,0,0,0,0,0,0
2,1,360012,0,0,0,0,0,0,0,0,0,0
1,1,360013,0,0,16,0,0,0,0,0,0,0
1,1,360014,0,0,0,0,0,0,0,0,0,0
2,1,360014,0,0,0,0,0,0,0,0,0,0
3,1,360014,0,0,0,0,13,0,0,0,0,0
1,1,360015,30,19,14,16,11,12,24,37,28,10
0,1,360016,0,14,5,40,0,0,36,0,21,10
1,1,360016,15,0,0,0,27,0,0,24,0,0
1,1,360017,14,14,14,14,14,14,14,14,14,14
1,1,360018,0,0,0,0,0,0,0,0,0,0
1,1,360019,17,22,12,14,10,21,12,33,12,24
0,1,360020,0,0,0,0,0,0,0,0,0,0
1,1,360020,0,0,0,0,0,0,0,0,0,8
1,1,360021,0,0,0,0,0,0,0,0,0,0
2,1,360021,0,0,0,0,0,0,0,0,0,0
1,1,360022,0,0,0,0,0,0,0,0,0,0
2,1,360022,0,0,0,0,0,0,0,0,0,0
3,1,360022,0,0,0,0,0,0,0,0,0,0
0,1,360023,0,0,0,0,0,0,0,0,0,0
1,1,360023,14,22,14,16,6,0,19,0,12,0
0,1,360024,33,33,33,33,33,33,33,33,33,33
1,1,360024,0,18,0,0,27,0,0,0,20,0
1,1,360025,0,0,0,0,0,0,0,0,0,0
0,1,360026,0,0,0,0,0,0,0,0,0,0
1,1,360026,0,0,0,0,0,0,0,0,0,0
1,1,360027,0,0,0,0,0,0,0,0,0,0
1,1,360028,14,18,19,27,25,15,6,26,15,31
0,1,360029,0,0,0,0,0,0,0,0,0,0
1,1,360029,0,5,0,2,17,20,3,0,0,8
1,1,360030,13,0,0,0,19,0,24,0,0,10
2,1,360030,0,0,0,0,0,3,13,0,0,0
0,1,360031,0,0,0,0,0,0,0,0,0,0
1,1,360031,0,0,0,0,0,0,11,0,0,0
0,1,360032,0,0,0,0,21,0,0,12,0,22
1,1,360032,0,0,0,6,0,0,0,0,0,0
1,1,360033,0,0,0,0,0,0,0,0,0,0
2,1,360033,29,29,29,29,29,29,29,29,29,29
1,1,360034,0,0,14,0,16,0,7,0,17,14
1,1,360035,0,0,0,0,0,0,0,0,0,0
2,1,360035,17,0,0,0,0,0,0,0,0,0
1,1,360036,7,7,7,7,7,7,7,7,7,7
1,1,360037,16,7,17,34,24,26,3,22,13,31
1,1,360038,15,0,0,13,10,9,13,26,0,15
1,1,360039,19,19,19,19,19,19,19,19,19,19
0,1,360040,0,0,0,0,0,0,0,0,0,0
1,1,360040,6,11,6,9,18,11,9,10,0,13
1,1,360041,0,15,0,0,0,0,0,0,0,0
2,1,360041,0,0,0,0,0,0,0,0,0,0
1,1,360043,0,0,0,0,0,0,0,0,0,0
2,1,360043,16,0,0,0,0,0,10,0,0,0
1,1,360044,25,25,25,25,25,25,25,25,25,25
2,1,360044,26,0,0,0,0,15,0,0,0,0
1,1,360045,0,0,0,0,0,0,0,0,0,0
2,1,360045,0,0,0,0,23,0,0,0,0,0
1,1,360046,0,0,0,0,0,0,0,0,0,0
2,1,360046,0,0,0,0,0,0,0,0,0,0
1,1,360047,0,0,0,0,0,0,0,0,0,0
1,1,360048,0,0,0,0,0,0,0,0,0,0
1,1,360049,20,20,20,20,20,20,20,20,20,20
0,1,360050,40,15,32,20,29,21,26,33,34,32
1,1,360050,9,17,0,0,18,6,13,0,0,9
1,1,360051,0,0,0,0,12,0,8,0,0,0
2,1,360051,0,0,0,0,0,0,0,0,0,0
1,1,360052,0,0,0,0,0,0,0,0,0,0
1,1,360053,8,8,8,8,8,8,8,8,8,8
1,1,360054,0,0,0,0,0,0,0,0,0,0
1,1,360055,0,0,0,0,0,0,0,0,0,0
0,1,360056,0,0,0,0,0,0,0,0,0,0
1,1,360056,0,0,0,0,0,0,21,0,1,9
0,1,360057,0,0,0,0,0,0,0,0,0,0
1,1,360057,0,0,16,18,0,5,0,0,0,0
1,1,360058,0,0,0,0,0,28,0,0,0,0
0,1,360059,0,0,0,0,0,0,0,0,0,0
1,1,360059,0,0,0,0,0,0,0,0,0,0
1,1,360060,0,0,0,0,0,0,0,0,0,0
2,1,360060,0,18,0,18,0,0,0,0,0,0
0,1,360061,0,0,25,0,0,9,0,0,0,0
1,1,360061,0,0,19,0,0,0,0,0,0,0
1,1,360062,0,0,0,0,0,0,0,0,0,0
2,1,360062,19,0,18,0,0,0,0,0,7,0
3,1,360062,0,0,0,0,0,0,0,0,0,0
1,1,360063,0,0,0,0,0,0,0,0,0,0
1,1,360064,23,18,0,24,19,23,11,12,27,23
1,1,360065,0,0,0,0,0,0,0,19,0,0
0,1,360066,19,19,19,19,19,19,19,19,19,19
1,1,360066,0,0,0,0,14,0,0,0,0,20
1,1,360067,22,22,22,22,22,22,22,22,22,22
0,1,360068,10,0,0,0,0,0,0,10,0,0
1,1,360068,0,24,0,0,0,0,8,0,0,0
1,1,360069,4,4,4,4,4,4,4,4,4,4
1,1,360070,0,0,0,0,0,0,0,0,0,0
1,1,360071,0,0,0,0,0,0,0,0,0,0
0,1,360072,0,0,0,0,0,0,0,0,18,0
1,1,360072,0,0,0,0,0,0,0,0,0,0
1,1,360073,0,0,0,0,0,0,0,0,0,0
1,1,360074,0,0,0,0,0,0,0,0,0,0
2,1,360074,0,0,0,0,0,0,0,0,0,0
1,1,360075,0,0,0,0,0,0,0,0,0,0
1,1,360076,0,0,0,0,0,0,0,0,0,0
2,1,360076,0,12,4,0,0,12,0,0,0,0
1,1,360077,0,0,0,0,0,0,0,0,0,0
2,1,360077,0,0,0,0,0,0,0,0,0,0
1,1,360078,0,0,0,0,0,0,0,0,0,0
2,1,360078,8,8,8,8,8,8,8,8,8,8
1,1,360079,0,0,0,0,0,0,0,0,0,0
2,1,360079,0,7,5,25,0,0,0,0,7,0
0,1,360080,2,2,2,2,2,2,2,2,2,2
1,1,360080,0,0,0,0,0,0,0,0,0,0
1,1,360081,19,14,9,11,0,24,19,25,6,0
1,1,360082,0,0,0,0,0,0,0,0,0,0
2,1,360082,0,10,0,0,16,0,0,0,0,0
0,1,360083,0,0,0,0,0,0,0,0,0,0
1,1,360083,0,0,0,0,0,0,0,0,0,0
0,1,360084,0,0,0,0,0,0,0,0,0,0
1,1,360084,0,0,0,0,0,0,0,0,0,0
2,1,360084,0,0,12,0,0,0,0,0,0,0
1,1,360085,0,0,0,10,0,0,0,10,0,0
2,1,360085,0,0,0,0,0,0,0,0,0,0
3,1,360085,0,0,0,0,0,0,0,0,4,0
0,1,360086,0,0,0,0,0,26,0,0,0,0
1,1,360086,0,0,0,0,0,0,0,0,0,0
1,1,360087,0,0,0,0,0,0,0,0,0,0
2,1,360087,0,0,0,0,0,0,0,0,0,0
1,1,360088,11,9,10,21,22,7,15,16,5,11
2,1,360088,0,0,0,0,35,0,0,0,0,0
1,1,360089,0,0,0,0,0,0,0,0,0,0
2,1,360089,0,0,0,0,0,0,0,0,0,0
3,1,360089,8,0,0,0,0,0,0,0,0,0
0,1,360090,0,0,0,0,0,0,0,0,0,0
1,1,360090,0,0,0,0,0,0,0,0,0,0
1,1,360091,24,6,21,30,27,18,15,13,20,21
2,1,360091,0,0,0,25,7,0,15,0,0,22
1,1,360092,23,0,0,0,0,0,0,0,0,0
2,1,360092,0,0,0,0,0,0,0,0,0,0
1,1,360093,15,13,19,22,9,25,25,18,23,12
2,1,360093,5,30,4,0,0,7,0,7,4,5
1,1,360094,0,0,0,0,0,0,0,0,0,0
2,1,360094,0,0,0,0,0,0,0,0,0,0
1,1,360095,10,10,10,10,10,10,10,10,10,10
1,1,360096,0,0,0,0,0,0,0,0,0,0
1,1,360097,14,0,7,0,50,0,0,0,4,0
2,1,360097,16,0,0,0,0,10,0,24,0,0
1,1,360098,0,0,0,0,0,0,0,0,0,0
2,1,360098,0,0,0,0,0,0,0,0,0,0
1,1,360099,1,1,1,1,1,1,1,1,1,1
1,1,360100,0,0,0,0,0,0,0,0,0,0
2,1,360100,0,0,0,0,0,0,0,0,0,0
1,1,360101,0,0,0,0,0,0,0,0,0,0
2,1,360101,0,0,0,0,0,0,0,0,0,0
3,1,360101,0,0,0,0,0,0,0,0,0,0
1,1,360102,19,19,19,19,19,19,19,19,19,19
0,1,360103,9,3,10,0,0,0,0,0,0,0
2,1,360103,0,0,0,0,0,0,0,0,0,0
0,1,360104,0,0,26,13,0,0,0,4,20,0
1,1,360104,0,0,0,0,0,0,0,0,0,0
0,1,360105,0,0,0,0,0,0,0,0,0,0
1,1,360105,0,0,0,0,0,0,0,0,0,0
1,1,360106,38,0,0,12,0,0,0,0,21,37
2,1,360106,22,17,23,12,7,5,7,7,5,26
0,1,360107,0,0,0,0,0,0,0,0,0,0
1,1,360107,0,0,2,0,0,13,0,0,0,0
2,1,360107,0,6,0,0,0,0,0,0,0,0
1,1,360108,0,0,0,0,0,0,23,0,13,0
2,1,360108,0,0,0,0,0,0,0,0,0,0
1,1,360109,20,17,12,10,21,11,20,14,19,15
2,1,360109,0,0,0,0,0,0,0,0,0,0
1,1,360110,0,0,0,0,0,0,0,0,0,0
2,1,360110,6,0,11,0,0,0,0,0,0,0
1,1,360111,0,0,0,0,0,0,0,0,0,0
1,1,360112,0,0,0,0,0,0,0,0,0,0
1,1,360113,0,0,0,0,0,0,0,0,12,0
1,1,360114,0,0,0,0,0,0,0,0,0,0
1,1,360115,0,0,0,0,0,0,0,0,0,0
1,1,360116,0,0,0,0,0,0,0,0,0,0
1,1,360117,0,0,0,0,0,0,0,0,14,0
2,1,360117,22,0,21,0,0,0,0,0,0,13
3,1,360117,0,0,0,0,17,21,13,0,0,0
1,1,360118,0,0,0,0,0,0,0,0,0,0
1,1,360119,17,16,19,31,12,17,28,21,37,22
1,1,360120,0,0,0,0,0,0,0,0,0,0
2,1,360120,0,0,0,0,0,0,0,0,0,0
1,1,360121,33,33,33,33,33,33,33,33,33,33
1,1,360122,0,0,0,0,0,0,0,0,0,0
2,1,360122,0,0,0,0,0,0,0,0,0,0
0,1,360123,0,0,0,0,0,0,0,0,8,0
1,1,360123,0,0,0,0,19,0,12,0,0,0
0,1,360124,29,15,28,13,16,26,0,21,23,39
1,1,360124,0,21,12,13,14,15,1,9,30,9
1,1,360125,0,0,4,0,0,0,0,0,0,0
2,1,360125,0,0,0,0,0,0,0,0,0,0
1,1,360126,0,0,0,0,0,0,0,0,0,0
2,1,360126,0,0,0,0,0,0,0,15,0,0
1,1,360127,0,0,0,0,0,0,0,0,0,0
1,1,360128,0,0,0,0,0,0,0,0,0,0
2,1,360128,0,0,0,9,0,0,0,0,0,0
2,1,360129,19,14,18,33,7,0,0,0,23,0
1,1,360130,11,11,11,11,11,11,11,11,11,11
2,1,360130,0,0,0,0,7,0,32,0,0,0
3,1,360130,0,0,0,0,26,0,0,4,0,0
1,1,360131,0,0,0,0,0,0,0,0,0,0
1,1,360132,0,0,0,0,0,0,0,0,0,0
1,1,360133,23,23,23,23,23,23,23,23,23,23
1,1,360134,7,7,7,7,7,7,7,7,7,7
1,1,360135,0,0,25,0,0,0,0,0,0,0
1,1,360136,28,15,0,0,0,18,0,0,0,16
2,1,360136,0,0,0,0,0,0,0,0,0,0
1,1,360137,13,10,0,0,0,30,0,20,10,0
1,1,360138,0,0,0,0,0,0,0,0,0,0
2,1,360138,0,22,0,0,0,0,0,12,0,0
1,1,360139,21,21,21,21,21,21,21,21,21,21
1,1,360140,0,0,22,0,0,0,0,0,0,0
2,1,360140,0,0,0,0,0,0,0,0,0,0
1,1,360141,23,23,23,23,23,23,23,23,23,23
0,1,360142,0,0,0,0,0,0,0,0,0,0
1,1,360142,16,21,26,0,20,0,28,13,23,0
2,1,360142,0,17,20,0,18,0,14,0,0,10
1,1,360143,0,0,6,0,0,0,0,0,0,0
2,1,360143,0,0,0,0,0,0,0,0,0,0
1,1,360144,0,0,0,0,0,0,0,0,0,0
2,1,360144,0,0,0,0,0,0,0,0,0,0
0,1,360145,11,33,0,0,0,0,10,13,15,27
1,1,360145,6,11,15,20,19,24,12,18,3,42
0,1,360146,0,0,0,0,0,0,0,0,0,0
1,1,360146,0,16,9,0,44,15,11,0,0,0
1,1,360147,0,0,0,0,0,0,0,0,0,0
2,1,360147,0,0,0,0,0,0,0,0,0,0
1,1,360148,0,0,0,0,0,18,6,0,0,21
2,1,360148,0,0,0,0,0,0,0,0,0,0
1,1,360149,0,0,0,0,0,0,7,4,0,18
2,1,360149,0,0,0,0,0,0,0,0,0,0
1,1,360150,0,0,0,0,7,0,22,0,9,0
2,1,360150,0,10,0,12,0,0,23,0,7,0
1,1,360151,0,0,0,0,0,0,0,0,0,0
2,1,360151,0,0,13,0,0,0,0,0,0,0
1,1,360152,15,15,15,15,15,15,15,15,15,15
2,1,360152,0,0,0,0,0,0,0,0,0,0
1,1,360153,0,0,0,0,4,0,0,0,0,0
2,1,360153,11,0,0,21,0,0,5,0,0,0
1,1,360154,0,4,0,0,0,21,0,9,13,0
2,1,360154,0,0,0,0,0,0,0,10,0,24
1,1,360155,0,0,0,0,0,0,0,0,0,0
1,1,360156,10,0,0,0,0,0,0,11,0,0
2,1,360156,0,0,0,0,0,0,0,0,0,0
3,1,360156,0,0,0,0,0,0,0,0,0,6
1,1,360157,0,0,0,0,0,0,0,0,0,0
2,1,360157,0,0,0,0,0,0,0,0,0,0
1,1,360158,0,0,0,0,0,0,0,0,0,0
2,1,360158,0,0,0,0,0,0,0,0,0,0
1,1,360159,16,0,19,24,18,0,12,12,10,0
2,1,360159,0,0,0,0,0,0,0,0,0,0
0,1,360160,0,0,0,0,0,0,0,0,0,0
1,1,360160,0,0,0,0,0,0,0,0,8,0
1,1,360161,5,5,5,5,5,5,5,5,5,5
1,1,360162,0,0,0,0,0,0,0,0,0,0
2,1,360162,0,0,0,0,0,0,0,0,0,0
1,1,360163,0,0,0,0,0,0,0,0,0,0
2,1,360163,0,0,0,0,0,0,0,0,0,0
0,1,360164,5,0,34,0,21,0,13,0,0,0
1,1,360164,0,0,0,0,0,0,0,0,0,0
1,1,360165,0,0,0,0,5,21,0,13,0,2
1,1,360166,25,25,25,25,25,25,25,25,25,25
1,1,360167,0,0,0,0,0,0,0,0,0,0
1,1,360168,0,37,0,0,0,0,0,0,0,0
2,1,360168,0,0,0,0,0,0,0,0,0,0
1,1,360169,0,0,0,0,0,0,0,0,1,0
1,1,360170,0,0,0,0,0,0,0,0,0,0
1,1,360171,0,0,0,0,0,0,0,0,0,0
2,1,360171,0,0,13,0,0,0,0,0,0,0
0,1,360172,0,0,0,0,0,0,0,0,0,0
1,1,360172,0,0,0,0,0,0,0,0,0,0
1,1,360173,0,0,0,0,0,0,0,0,0,0
1,1,360174,18,18,18,18,18,18,18,18,18,18
1,1,360175,0,0,0,0,0,0,0,0,0,0
2,1,360175,0,0,0,0,0,0,9,0,0,0
1,1,360176,0,0,0,0,0,0,0,0,0,0
2,1,360176,0,0,0,0,5,0,0,0,0,0
3,1,360176,0,0,0,23,0,0,0,16,0,0
1,1,360177,0,0,0,0,0,0,0,0,0,0
2,1,360177,0,0,18,0,0,0,0,0,0,0
1,1,360178,19,19,19,19,19,19,19,19,19,19
2,1,360178,0,7,0,0,0,0,0,0,0,0
1,1,360179,25,25,25,25,25,25,25,25,25,25
2,1,360179,0,10,0,0,0,15,16,0,15,14
1,1,360180,0,0,0,0,0,0,0,0,0,0
2,1,360180,0,0,18,0,0,0,0,0,0,0
0,1,360181,30,30,30,30,30,30,30,30,30,30
1,1,360181,0,0,0,0,0,0,0,0,0,0
0,1,360182,0,0,0,0,0,0,0,0,0,0
1,1,360182,17,0,0,0,0,0,21,0,16,0
1,1,360183,0,0,0,9,0,0,0,0,0,0
2,1,360183,0,0,0,0,0,0,0,0,0,0
3,1,360183,0,0,0,0,0,0,0,0,0,0
1,1,360184,42,6,22,17,12,34,16,22,21,16
1,1,360185,0,0,0,0,0,0,0,0,0,0
0,1,360186,0,0,0,0,0,0,0,0,0,11
1,1,360186,7,0,0,0,0,0,0,0,0,0
1,1,360187,13,13,13,13,13,13,13,13,13,13
1,1,360188,22,22,22,22,22,22,22,22,22,22
1,1,360189,0,0,0,0,0,0,0,0,0,0
2,1,360189,0,0,0,0,0,0,0,0,0,12
1,1,360190,0,0,0,0,0,0,0,0,0,0
2,1,360190,0,0,0,0,0,0,0,0,0,0
1,1,360191,0,0,0,0,0,0,0,0,0,0
2,1,360191,0,0,0,0,0,0,0,13,0,0
3,1,360191,0,0,0,0,23,0,0,0,0,0
0,1,360192,17,11,0,20,21,34,22,0,19,0
1,1,360192,0,19,0,0,0,0,12,17,32,0
1,1,360193,0,0,0,0,0,0,0,0,0,0
0,1,360195,0,15,14,5,0,32,29,0,0,29
1,1,360195,0,0,0,0,0,0,0,9,0,0
1,1,360196,25,25,25,25,25,25,25,25,25,25
2,1,360196,0,0,0,0,0,7,0,0,0,7
1,1,360197,18,18,18,18,18,18,18,18,18,18
2,1,360197,0,0,0,0,0,0,0,0,0,0
1,1,360198,0,0,0,0,0,0,27,0,0,0
2,1,360198,0,0,0,0,0,0,0,0,0,0
1,1,360199,0,12,17,0,0,0,0,11,9,10
2,1,360199,0,0,0,0,0,0,0,0,0,0
1,1,360200,7,0,6,12,7,11,16,0,8,17
1,1,360201,24,24,24,24,24,24,24,24,24,24
0,1,360202,0,0,0,0,0,0,0,0,0,0
1,1,360202,0,0,0,0,0,0,0,19,0,0
1,1,360203,0,0,0,0,0,11,0,0,0,0
1,1,360204,16,0,7,0,0,15,0,0,18,3
0,1,360205,0,0,0,0,0,0,0,0,0,0
1,1,360205,0,33,0,0,0,0,0,0,0,0
0,1,360206,0,0,0,0,0,0,0,0,0,0
1,1,360206,0,0,0,0,0,0,0,0,0,0
0,1,360207,0,0,9,0,0,0,0,0,0,7
1,1,360207,2,0,0,0,0,0,0,0,0,7
1,1,360208,0,0,0,0,0,0,11,0,0,0
2,1,360208,0,0,0,0,0,0,0,0,0,0
1,1,360209,0,10,0,22,19,0,0,0,0,0
1,1,360210,0,0,0,0,0,0,0,0,0,0
1,1,360211,0,0,0,0,0,0,0,0,0,0
1,1,360212,34,19,9,18,21,24,20,0,26,17
1,1,360213,0,0,0,0,0,0,0,0,0,3
2,1,360213,0,0,0,0,0,0,0,0,0,0
3,1,360213,0,0,0,0,0,0,0,0,0,0
4,1,360213,0,0,0,0,0,0,0,0,0,0
1,1,360214,0,0,0,0,0,0,0,0,0,0
1,1,360215,18,18,18,18,18,18,18,18,18,18
1,1,360216,0,0,0,0,0,0,0,0,0,0
1,1,360217,17,17,17,17,17,17,17,17,17,17
1,1,360218,0,0,0,0,0,0,0,0,0,0
1,1,360219,0,0,0,0,0,0,0,0,0,0
2,1,360219,0,0,0,11,0,0,0,0,0,0
1,1,360220,0,0,0,0,0,0,0,0,0,0
2,1,360220,0,0,0,0,0,0,0,0,0,0
1,1,360222,0,0,0,0,0,0,0,39,0,0
2,1,360222,0,0,0,0,0,0,0,0,0,0
1,1,360223,0,0,0,0,0,0,0,0,0,0
2,1,360223,0,0,0,0,0,0,0,0,0,0
1,1,360224,0,0,0,0,0,0,0,0,0,0
2,1,360224,21,0,0,0,0,0,29,0,0,0
1,1,360225,5,5,5,5,5,5,5,5,5,5
2,1,360225,0,0,0,0,0,0,0,0,0,0
3,1,360225,0,0,0,0,0,0,0,0,0,0
0,1,360226,0,0,0,0,12,0,0,0,0,0
1,1,360226,0,0,0,0,0,0,0,0,0,0
1,1,360227,11,0,0,0,0,0,5,9,0,0
0,1,360228,28,28,28,28,28,28,28,28,28,28
1,1,360228,0,0,0,0,11,0,0,0,0,0
1,1,360229,0,0,0,0,0,0,0,0,0,0
2,1,360229,0,0,0,0,0,0,0,0,0,0
1,1,360230,0,0,0,0,0,0,0,0,0,0
1,1,360231,0,0,0,0,0,0,0,0,0,0
2,1,360231,0,0,0,0,0,0,0,0,0,0
3,1,360231,0,0,0,0,0,0,11,20,0,0
1,1,360232,19,19,19,19,19,19,19,19,19,19
0,1,360233,26,0,27,0,31,21,0,0,32,0
1,1,360233,31,0,0,0,0,0,6,0,0,0
0,1,360234,16,16,16,16,16,16,16,16,16,16
1,1,360234,12,9,11,7,6,26,10,19,13,4
1,1,360235,6,6,6,6,6,6,6,6,6,6
0,1,360236,0,0,0,0,0,0,0,0,0,0
1,1,360236,10,0,0,0,0,0,0,0,0,0
1,1,360237,17,0,0,15,0,0,0,0,0,0
2,1,360237,0,21,0,0,18,0,0,0,0,0
1,1,360238,0,0,0,0,0,0,0,0,20,0
1,1,360239,21,21,21,21,21,21,21,21,21,21
1,1,360240,0,0,0,10,0,0,0,0,0,0
2,1,360240,0,0,0,0,0,0,0,0,0,0
3,1,360240,0,0,0,0,0,0,0,0,0,0
1,1,360241,15,13,6,8,0,0,0,7,0,0
2,1,360241,0,0,0,0,0,0,5,29,23,0
0,1,360242,0,0,0,5,0,0,0,0,0,0
1,1,360242,0,0,0,0,0,0,0,0,0,0
1,1,360243,20,10,41,27,10,23,30,19,17,18
0,1,360244,0,0,0,0,0,0,0,0,0,0
1,1,360244,0,0,0,0,0,0,10,0,0,0
2,1,360244,0,0,0,0,10,0,0,0,0,0
1,1,360245,20,20,20,20,20,20,20,20,20,20
1,1,360246,21,21,21,21,21,21,21,21,21,21
2,1,360246,0,0,0,0,0,0,0,0,0,0
3,1,360246,0,0,0,0,0,16,0,0,0,0
1,1,360247,0,0,0,0,14,0,8,0,0,12
2,1,360247,0,0,0,0,0,0,0,0,0,0
1,1,360248,16,0,17,0,0,0,0,0,18,0
2,1,360248,0,0,0,0,16,0,38,0,0,0
1,1,360249,12,12,12,12,12,12,12,12,12,12
1,1,360250,0,9,0,0,0,14,0,0,0,0
1,1,360251,0,0,0,0,0,0,0,0,0,0
2,1,360251,0,0,0,0,0,0,0,0,0,0
1,1,360252,0,0,0,0,0,0,0,0,0,0
1,1,360253,41,12,10,18,18,22,16,14,17,5
1,1,360254,24,24,24,24,24,24,24,24,24,24
2,1,360254,0,0,9,0,0,0,0,9,0,0
1,1,360255,0,0,0,0,14,0,0,0,0,0
2,1,360255,6,6,6,6,6,6,6,6,6,6
1,1,360256,0,0,0,5,0,0,0,0,18,0
2,1,360256,0,0,0,9,0,0,0,7,0,0
1,1,360257,0,0,0,0,0,0,0,0,0,0
2,1,360257,0,0,0,0,0,0,0,0,0,0
1,1,360258,20,20,20,20,20,20,20,20,20,20
1,1,360259,18,18,18,18,18,18,18,18,18,18
1,1,360260,22,0,4,34,8,11,10,15,10,0
1,1,360261,0,0,0,0,29,0,0,0,0,0
2,1,360261,0,9,0,6,7,0,0,18,9,16
1,1,360262,12,12,12,12,12,12,12,12,12,12