VEH_NO,PER_NO,ST_CASE,P1,P2,P3,P4,P5,P6,P7,P8,P9,P10
2,1,360262,0,0,0,0,0,12,0,0,0,0
1,1,360263,0,0,0,0,0,0,0,0,0,0
2,1,360263,14,0,12,0,0,17,0,0,0,0
0,1,360264,0,10,0,0,0,0,0,0,0,0
1,1,360264,0,0,0,0,0,0,0,0,0,0
1,1,360265,0,0,0,0,0,0,0,0,0,7
2,1,360265,0,0,0,0,0,0,0,0,0,0
1,1,360266,0,0,0,0,0,0,0,0,0,0
2,1,360266,0,0,0,0,0,0,0,0,0,0
0,1,360267,19,19,19,19,19,19,19,19,19,19
1,1,360267,0,17,0,0,0,0,0,0,0,0
2,1,360267,0,0,0,0,0,0,0,0,0,0
1,1,360268,0,0,0,0,0,0,0,0,0,0
2,1,360268,0,0,0,0,0,0,0,0,12,0
1,1,360269,0,0,0,0,0,0,0,0,0,0
2,1,360269,0,0,0,0,0,0,0,0,0,0
1,1,360270,0,0,0,0,0,0,0,0,0,0
2,1,360270,0,0,0,0,0,0,0,0,0,0
1,1,360271,33,33,33,33,33,33,33,33,33,33
0,1,360272,0,0,0,0,0,0,0,0,0,0
1,1,360272,0,18,0,0,0,0,0,15,0,0
0,1,360273,0,0,0,0,0,0,0,0,0,0
1,1,360273,0,0,9,0,0,15,0,0,0,24
0,1,360274,26,26,26,26,26,26,26,26,26,26
1,1,360274,0,0,21,11,0,15,0,0,13,9
1,1,360275,0,0,0,0,0,0,0,0,0,0
1,1,360276,0,0,0,0,0,0,0,0,13,32
1,1,360277,0,0,0,0,0,0,8,0,0,0
2,1,360277,0,0,0,12,0,0,0,17,0,0
1,1,360278,0,0,0,0,0,0,0,0,0,0
2,1,360278,0,0,0,0,0,0,0,0,0,0
1,1,360279,0,0,0,0,0,0,0,0,0,0
0,1,360280,0,0,0,0,0,0,0,0,0,0
1,1,360280,0,0,0,9,0,0,0,0,0,0
2,1,360280,0,0,0,0,0,0,0,0,0,0
1,1,360281,0,0,0,0,0,0,0,0,0,0
1,1,360282,8,8,8,8,8,8,8,8,8,8
2,1,360282,0,0,0,0,0,0,0,0,0,0
1,1,360283,0,0,0,0,0,0,0,0,8,0
2,1,360283,0,0,0,0,0,0,0,0,0,0
1,1,360284,0,0,0,0,0,0,0,0,0,0
2,1,360284,17,0,0,0,0,9,0,0,0,0
1,1,360285,23,23,23,23,23,23,23,23,23,23
1,1,360286,0,0,0,0,0,0,29,17,0,8
2,1,360286,0,0,0,0,0,0,0,0,0,0
1,1,360287,0,0,0,15,0,0,0,0,0,0
2,1,360287,0,0,0,0,0,0,0,0,0,0
3,1,360287,0,0,0,0,0,0,0,13,0,0
1,1,360288,0,0,0,0,0,0,0,0,0,0
1,1,360289,7,7,7,7,7,7,7,7,7,7
1,1,360290,0,0,0,0,0,6,0,0,0,0
2,1,360290,0,0,0,0,0,0,0,0,0,0
1,1,360291,0,0,19,0,13,10,0,15,13,0
0,1,360292,0,0,0,0,0,0,0,0,0,0
0,2,360292,0,29,0,0,8,0,0,0,0,0
1,1,360292,16,0,0,22,0,22,0,0,17,17
0,1,360293,0,0,0,0,0,0,0,0,0,0
1,1,360293,0,0,0,23,36,0,0,0,0,0
0,1,360294,8,8,8,8,8,8,8,8,8,8
1,1,360294,17,24,26,26,10,16,17,15,20,24
1,1,360295,0,0,0,0,0,0,0,0,0,0
2,1,360295,0,0,0,20,19,12,26,0,0,2
1,1,360296,0,21,0,0,0,0,0,0,0,0
2,1,360296,0,0,0,0,0,0,0,0,0,0
0,1,360297,0,0,0,0,0,0,0,0,0,0
1,1,360297,0,0,20,6,0,0,0,0,0,0
1,1,360298,0,0,0,0,0,0,0,0,0,0
2,1,360298,0,0,0,13,0,0,0,0,0,16
1,1,360299,0,0,0,0,0,0,0,0,0,0
2,1,360299,0,0,0,0,0,0,0,0,0,0
0,1,360300,0,0,0,0,0,0,0,0,0,0
1,1,360300,0,0,37,0,0,5,13,0,0,0
1,1,360301,0,0,0,0,0,0,0,0,0,0
2,1,360301,0,0,0,0,0,0,0,0,0,0
1,1,360302,0,13,0,0,0,0,0,0,0,18
2,1,360302,0,0,12,0,0,24,14,0,12,0
0,1,360303,33,33,33,33,33,33,33,33,33,33
1,1,360303,0,0,10,0,0,0,0,0,0,0
1,1,360304,0,0,0,0,0,0,0,0,0,0
2,1,360304,0,0,0,0,0,0,0,0,0,0
0,1,360305,0,0,0,0,0,23,0,0,0,0
1,1,360305,0,0,7,0,0,14,3,13,0,27
1,1,360306,0,0,0,22,0,0,0,0,0,0
2,1,360306,0,0,0,0,0,0,0,0,0,0
1,1,360307,6,6,6,6,6,6,6,6,6,6
1,1,360308,0,0,0,0,0,0,0,14,0,0
2,1,360308,6,0,0,0,0,0,0,0,0,0
0,1,360309,0,0,0,0,0,0,0,0,0,0
1,1,360309,0,0,0,0,0,0,0,0,0,0
1,1,360310,0,0,0,0,0,0,0,0,0,0
2,1,360310,0,0,0,0,0,0,0,0,0,0
3,1,360310,0,0,0,0,0,0,13,0,0,0
1,1,360311,0,0,0,0,0,0,0,0,0,0
1,1,360312,0,0,0,0,0,0,0,14,0,0
2,1,360312,0,4,0,0,0,0,0,0,0,0
1,1,360313,0,0,13,0,0,0,0,0,0,0
2,1,360313,0,0,0,0,0,0,0,0,0,0
1,1,360314,0,0,0,0,0,0,0,0,0,0
1,1,360315,7,7,7,7,7,7,7,7,7,7
0,1,360316,0,0,18,0,0,0,0,0,0,0
1,1,360316,0,0,0,0,0,0,0,0,0,0
2,1,360316,0,0,21,0,0,0,0,0,0,0
1,1,360317,0,0,0,0,0,0,0,0,0,0
0,1,360318,0,0,0,0,0,0,0,0,0,0
1,1,360318,0,0,0,0,0,0,0,0,0,0
1,1,360319,0,0,0,0,0,0,0,0,0,0
2,1,360319,0,0,0,0,0,0,0,0,0,13
0,1,360320,0,0,0,0,0,0,0,0,0,0
1,1,360320,0,0,0,0,0,0,0,0,0,13
0,1,360321,13,13,13,13,13,13,13,13,13,13
1,1,360321,0,0,11,0,0,20,0,0,0,0
0,1,360322,12,13,31,7,21,17,0,0,0,0
1,1,360322,5,0,11,23,0,0,0,0,18,0
1,1,360323,15,9,12,16,18,10,14,34,12,9
1,1,360324,0,0,0,0,0,0,9,13,0,8
0,1,360325,0,0,0,0,0,0,0,0,0,0
1,1,360325,0,21,0,0,0,0,9,0,14,0
0,1,360326,0,0,0,0,0,0,0,0,0,0
1,1,360326,15,20,19,8,8,9,16,12,13,23
0,1,360327,15,15,15,15,15,15,15,15,15,15
1,1,360327,0,0,0,0,0,0,0,0,0,0
0,1,360328,0,0,0,0,0,0,0,0,0,0
2,1,360328,0,0,22,0,7,0,0,0,0,0
1,1,360329,0,0,0,0,0,0,0,0,0,0
2,1,360329,0,0,0,0,0,0,0,0,0,0
1,1,360330,17,14,21,0,9,0,0,0,0,20
2,1,360330,0,0,0,0,0,15,12,14,14,0
1,1,360331,19,19,19,19,19,19,19,19,19,19
1,1,360332,14,0,18,10,0,20,20,0,0,0
2,1,360332,2,2,2,2,2,2,2,2,2,2
1,1,360333,18,18,18,18,18,18,18,18,18,18
2,1,360333,0,0,0,0,0,33,23,0,0,0
0,1,360334,0,0,0,0,0,0,0,0,0,0
1,1,360334,0,0,0,0,0,0,0,0,0,0
2,1,360334,0,26,0,0,0,0,0,0,0,0
1,1,360335,14,14,14,14,14,14,14,14,14,14
1,1,360336,27,27,27,27,27,27,27,27,27,27
1,1,360337,0,0,0,0,0,0,0,0,0,0
1,1,360339,7,0,0,0,16,14,0,0,0,11
1,1,360340,0,0,0,0,0,0,0,0,0,0
1,1,360341,0,0,0,0,0,0,0,0,0,0
1,1,360342,20,20,0,8,0,0,13,27,14,29
0,1,360343,0,0,0,0,0,0,0,0,0,0
1,1,360343,12,6,0,0,0,21,0,0,0,0
1,1,360344,22,22,22,22,22,22,22,22,22,22
1,1,360345,14,14,14,14,14,14,14,14,14,14
1,1,360346,13,13,13,13,13,13,13,13,13,13
0,1,360347,0,0,0,0,0,0,0,0,0,0
1,1,360347,0,0,9,7,0,0,7,0,0,0
2,1,360347,0,0,0,0,0,2,0,0,0,0
1,1,360348,0,0,0,0,0,0,0,0,0,0
2,1,360348,15,0,0,12,0,27,12,0,0,17
1,1,360349,0,0,0,0,0,0,0,0,0,0
0,1,360350,0,0,0,0,0,0,0,0,0,0
1,1,360350,0,0,0,0,0,0,0,16,0,10
0,1,360351,15,0,0,20,0,0,0,0,0,20
1,1,360351,0,0,0,0,0,0,0,0,0,0
0,1,360352,0,7,0,0,0,0,14,0,0,0
1,1,360352,0,0,4,0,0,0,0,0,0,0
1,1,360353,29,29,29,29,29,29,29,29,29,29
1,1,360354,23,23,23,23,23,23,23,23,23,23
1,1,360355,0,6,0,19,0,17,0,0,12,11
0,1,360356,0,0,0,0,0,0,0,0,0,0
1,1,360356,0,0,7,0,0,0,25,0,0,0
1,1,360357,12,0,20,0,0,0,0,0,0,0
2,1,360357,0,0,0,0,0,0,0,0,0,0
3,1,360357,0,11,0,27,16,32,10,0,18,0
1,1,360358,21,21,21,21,21,21,21,21,21,21
1,1,360359,0,0,0,0,0,0,0,0,0,11
2,1,360359,0,0,0,0,0,0,0,0,0,0
1,1,360360,0,0,0,0,0,0,0,0,0,0
1,1,360361,13,0,0,0,0,19,0,0,0,0
2,1,360361,0,0,0,0,0,0,0,0,0,0
0,1,360362,0,0,5,19,0,0,0,0,0,0
1,1,360362,0,0,0,0,0,0,0,0,0,0
1,1,360363,0,0,0,0,8,0,0,0,0,0
2,1,360363,14,34,0,0,0,0,0,0,0,24
1,1,360364,19,19,19,19,19,19,19,19,19,19
1,1,360365,18,18,18,18,18,18,18,18,18,18
1,1,360366,0,0,0,0,14,0,0,0,0,0
1,1,360367,21,0,25,5,0,18,0,15,5,0
1,1,360368,0,7,17,9,0,18,0,0,0,8
2,1,360368,0,0,0,0,0,0,0,0,0,0
0,1,360369,0,0,0,0,0,0,0,0,0,0
1,1,360369,0,5,5,0,0,0,16,0,0,0
0,1,360370,0,0,0,0,0,0,0,0,0,0
1,1,360370,0,0,0,0,0,0,0,0,0,0
1,1,360371,0,0,0,0,0,0,0,0,14,0
2,1,360371,0,0,0,0,0,0,0,0,0,0
0,1,360372,0,0,0,0,0,0,0,0,0,0
1,1,360372,0,0,0,0,0,0,0,0,0,4
0,1,360373,0,0,0,0,0,0,0,0,0,0
1,1,360373,0,0,8,0,0,0,0,0,0,15
1,1,360374,28,28,28,28,28,28,28,28,28,28
0,1,360375,0,0,0,0,0,0,0,0,0,0
1,1,360375,0,0,17,0,0,0,0,0,0,0
1,1,360376,0,0,0,0,0,0,0,0,0,0
1,1,360377,3,3,3,3,3,3,3,3,3,3
1,1,360378,27,27,27,27,27,27,27,27,27,27
1,1,360379,0,0,0,0,0,0,0,0,0,0
1,1,360380,0,0,11,0,17,0,31,0,0,11
2,1,360380,0,0,0,0,0,0,0,0,0,0
3,1,360380,2,0,0,0,0,0,0,0,0,0
1,1,360381,0,0,0,0,0,0,0,0,0,0
1,1,360382,0,0,0,0,0,0,0,0,0,0
2,1,360382,0,0,0,0,0,0,28,19,0,9
1,1,360383,0,0,0,0,0,0,0,0,0,0
1,1,360384,15,0,0,0,0,0,0,0,0,0
1,1,360385,0,0,12,0,0,0,0,12,0,0
2,1,360385,0,0,0,0,0,0,0,0,0,0
1,1,360386,0,0,0,0,0,0,0,0,0,0
2,1,360386,0,0,0,0,0,0,13,27,0,0
1,1,360387,0,0,0,0,0,0,0,0,0,0
2,1,360387,0,0,13,20,0,0,0,0,0,0
1,1,360388,0,0,0,0,0,0,0,0,0,9
1,1,360389,0,0,0,0,0,0,0,0,0,0
2,1,360389,0,0,0,0,0,0,0,0,0,0
1,1,360390,0,12,0,16,0,0,10,0,0,0
0,1,360391,0,11,0,0,0,0,0,0,0,0
0,2,360391,11,0,0,0,0,0,0,0,0,0
1,1,360391,0,0,0,0,0,0,0,0,0,0
1,1,360392,0,0,0,0,0,0,0,0,0,0
0,1,360393,0,0,0,0,0,0,0,0,0,0
1,1,360393,0,0,0,0,0,0,0,0,0,0
2,1,360393,0,0,0,0,0,6,0,0,0,0
0,1,360394,0,0,0,0,0,0,0,0,0,0
1,1,360394,11,0,0,0,11,23,0,0,0,0
1,1,360395,1,1,1,1,1,1,1,1,1,1
2,1,360395,20,26,10,13,43,37,16,9,26,3
1,1,360396,0,0,0,0,0,0,0,0,0,0
0,1,360397,21,0,0,20,10,0,0,0,12,10
1,1,360397,0,0,0,0,0,0,0,0,0,0
1,1,360398,0,0,0,0,0,0,12,0,0,0
2,1,360398,0,0,0,0,0,0,8,0,0,0
3,1,360398,0,0,0,0,17,13,0,0,11,0
1,1,360399,0,0,0,0,0,0,0,0,0,0
0,1,360400,0,0,0,0,0,15,0,22,0,0
1,1,360400,0,0,0,5,0,0,7,0,0,0
1,1,360401,0,0,0,0,0,0,0,0,0,0
2,1,360401,19,0,0,0,0,0,0,0,0,0
1,1,360402,16,16,16,16,16,16,16,16,16,16
1,1,360403,0,0,0,0,0,0,0,0,0,0
2,1,360403,0,0,0,0,0,0,0,0,0,0
3,1,360403,0,0,0,0,0,0,0,15,6,0
0,1,360404,0,19,17,29,35,0,19,0,0,0
1,1,360404,0,0,0,22,12,0,0,11,0,0
1,1,360405,0,0,0,0,0,0,0,0,0,0
2,1,360405,0,0,0,0,0,0,0,0,0,0
1,1,360406,0,0,0,0,0,0,0,0,0,0
2,1,360406,0,0,17,0,0,0,0,0,0,0
3,1,360406,0,0,17,0,0,0,0,0,0,0
1,1,360407,23,0,16,0,14,0,0,0,0,0
2,1,360407,0,0,0,0,0,0,0,0,0,0
1,1,360408,0,0,0,0,0,0,0,0,0,0
1,1,360409,0,0,0,0,0,18,0,10,0,0
2,1,360409,0,0,0,0,0,0,0,0,0,0
0,1,360410,0,0,0,0,0,0,0,0,0,0
0,2,360410,0,0,0,0,0,0,0,0,0,0
1,1,360410,0,0,0,0,0,0,6,0,0,8
2,1,360410,0,0,14,0,0,27,0,13,0,0
1,1,360411,0,0,0,0,0,0,0,6,0,0
1,1,360412,0,0,0,0,23,0,0,0,0,0
2,1,360412,0,0,0,7,0,0,0,0,0,0
3,1,360412,0,0,9,0,8,0,0,0,18,0
0,1,360413,27,27,27,27,27,27,27,27,27,27
1,1,360413,0,0,40,12,35,0,0,12,0,0
1,1,360414,2,2,2,2,2,2,2,2,2,2
2,1,360414,0,13,0,15,0,0,16,0,0,0
1,1,360415,3,3,3,3,3,3,3,3,3,3
2,1,360415,0,0,0,0,0,0,0,0,0,0
1,1,360416,0,0,0,0,0,0,0,0,0,0
2,1,360416,0,0,0,0,0,0,0,0,0,0
3,1,360416,0,0,0,0,0,0,0,0,0,0
4,1,360416,0,0,0,0,16,30,0,0,0,19
0,1,360417,0,5,0,3,0,0,0,0,0,0
1,1,360417,0,0,0,0,0,13,0,0,0,0
1,1,360418,22,22,22,22,22,22,22,22,22,22
1,1,360419,0,19,0,23,0,15,16,19,6,0
1,1,360420,0,0,0,0,0,0,0,0,0,0
1,1,360421,0,0,0,0,0,0,0,0,0,0
2,1,360421,0,0,0,0,0,0,0,0,0,0
1,1,360422,17,17,17,17,17,17,17,17,17,17
2,1,360422,0,0,0,0,0,0,0,0,0,0
1,1,360423,0,0,0,0,0,16,0,0,0,0
2,1,360423,0,0,0,0,0,0,22,7,0,0
1,1,360424,0,0,0,0,0,0,0,0,0,0
1,1,360425,0,0,0,12,0,0,0,11,40,18
1,1,360426,0,0,16,0,0,0,21,0,0,0
2,1,360426,0,0,0,0,0,0,0,0,11,0
1,1,360427,15,15,15,15,15,15,15,15,15,15
1,1,360428,0,0,0,0,0,0,0,0,0,0
2,1,360428,0,0,0,0,0,0,0,0,0,0
1,1,360429,0,27,0,0,0,0,21,0,0,0
2,1,360429,0,0,0,0,0,0,0,0,0,0
1,1,360430,0,0,0,0,0,0,0,0,0,0
2,1,360430,0,0,0,0,0,0,0,0,0,0
0,1,360431,0,0,0,0,0,0,0,0,0,0
1,1,360431,0,3,0,0,0,0,0,0,0,0
1,1,360432,0,0,0,0,8,0,0,9,0,0
2,1,360432,0,0,0,0,0,0,0,0,0,0
1,1,360433,0,0,0,0,0,0,0,0,0,0
1,1,360434,0,0,0,0,0,0,0,0,0,0
1,1,360435,11,0,0,0,0,0,0,0,0,0
2,1,360435,4,0,0,0,0,0,0,0,0,0
3,1,360435,0,0,0,0,0,15,0,0,0,0
4,1,360435,0,0,0,22,0,0,0,0,0,0
1,1,360436,14,14,14,14,14,14,14,14,14,14
1,1,360437,0,0,0,7,0,0,0,0,0,0
2,1,360437,0,0,29,0,16,0,0,0,0,18
1,1,360438,34,0,0,3,6,0,0,0,14,0
2,1,360438,0,0,10,0,0,0,0,0,0,14
0,1,360439,0,0,0,0,0,0,0,0,0,0
1,1,360439,0,0,0,0,14,0,0,0,0,0
1,1,360440,0,10,14,0,0,0,0,23,0,0
2,1,360440,0,0,0,0,0,0,0,0,0,0
1,1,360441,27,7,1,9,31,7,18,29,8,28
1,1,360442,2,2,2,2,2,2,2,2,2,2
0,1,360443,0,0,0,0,0,0,0,0,0,0
0,2,360443,0,17,0,0,0,18,0,12,0,0
0,3,360443,0,0,0,0,0,0,0,0,0,0
1,1,360443,0,0,0,0,0,0,0,0,0,0
0,1,360444,0,0,0,0,0,0,0,0,0,0
1,1,360444,0,0,23,0,0,0,0,0,0,8
1,1,360446,0,0,0,0,0,0,0,0,0,0
2,1,360446,0,0,0,0,0,0,0,0,0,0
1,1,360447,0,0,0,0,0,0,0,0,0,0
0,1,360448,0,0,19,0,0,0,0,0,0,15
1,1,360448,0,0,0,18,0,0,0,0,0,0
1,1,360449,0,0,0,0,0,21,5,0,0,0
1,1,360451,10,0,0,0,6,12,0,28,23,0
2,1,360451,0,0,0,0,0,0,0,0,0,0
1,1,360452,2,2,2,2,2,2,2,2,2,2
1,1,360453,20,20,20,20,20,20,20,20,20,20
0,1,360454,0,0,0,0,0,0,0,0,0,0
1,1,360454,0,0,0,0,0,0,0,2,0,0
0,1,360455,0,0,0,0,0,0,0,0,0,0
1,1,360455,0,0,0,0,0,0,0,6,0,0
0,1,360456,0,0,0,0,0,0,0,0,0,0
1,1,360456,0,0,0,0,0,0,0,8,18,0
1,1,360457,0,0,0,0,0,0,0,0,0,0
0,1,360458,19,0,18,0,0,0,0,0,0,15
1,1,360458,14,0,10,17,0,14,0,0,0,0
1,1,360460,0,0,0,0,0,0,0,0,0,0
1,1,360461,10,0,0,22,0,0,0,0,0,0
2,1,360461,9,0,0,21,0,0,0,0,0,0
1,1,360462,0,0,0,0,0,0,0,0,0,0
2,1,360462,0,0,0,0,10,0,0,33,0,0
1,1,360463,0,21,0,22,19,19,6,0,0,8
1,1,360464,0,0,0,0,0,0,0,0,0,0
1,1,360465,28,0,0,0,0,9,0,26,0,19
1,1,360466,15,15,15,15,15,15,15,15,15,15
1,1,360467,16,16,16,16,16,16,16,16,16,16
0,1,360468,15,15,15,15,15,15,15,15,15,15
1,1,360468,0,0,0,17,0,0,0,0,7,18
1,1,360469,0,0,0,0,0,0,0,0,0,0
2,1,360469,0,0,0,0,0,0,0,0,0,0
1,1,360470,18,21,9,22,23,16,7,11,36,15
1,1,360471,0,0,0,0,0,0,0,0,0,0
2,1,360471,0,0,0,0,0,0,0,0,0,0
1,1,360472,0,0,0,0,0,0,0,0,0,0
1,1,360473,13,13,13,13,13,13,13,13,13,13
2,1,360473,0,0,0,0,0,0,0,0,0,0
3,1,360473,0,0,0,0,0,0,0,0,0,0
0,1,360474,0,0,0,26,54,0,0,12,0,0
1,1,360474,0,0,0,0,0,0,0,0,0,0
0,1,360475,0,0,0,24,0,13,23,0,0,18
1,1,360475,0,0,0,0,0,0,0,0,0,0
1,1,360476,0,0,0,0,0,0,0,0,0,0
2,1,360476,0,0,0,0,0,0,0,0,0,0
1,1,360477,0,0,0,0,0,0,10,3,0,0
2,1,360477,0,0,0,0,19,0,0,0,0,0
1,1,360478,5,5,5,5,5,5,5,5,5,5
2,1,360478,22,0,0,0,6,0,0,0,0,0
3,1,360478,0,0,0,0,0,0,0,11,0,15
1,1,360479,10,0,8,0,0,0,9,0,0,5
0,1,360480,26,0,22,0,0,0,11,0,38,0
1,1,360480,0,0,0,0,0,0,0,0,0,0
1,1,360481,0,0,0,0,0,0,0,0,0,0
2,1,360481,0,0,0,0,0,0,0,0,0,0
1,1,360482,0,0,0,0,0,0,0,0,0,0
1,1,360483,0,0,0,16,0,21,0,11,0,0
1,1,360484,0,0,0,0,0,0,0,0,0,0
2,1,360484,0,0,0,0,0,0,0,0,0,0
1,1,360485,22,22,22,22,22,22,22,22,22,22
1,1,360486,0,0,0,0,0,0,14,0,0,0
1,1,360487,18,18,18,18,18,18,18,18,18,18
1,1,360488,0,0,0,0,0,0,0,0,0,0
1,1,360489,0,0,0,0,0,0,0,0,0,0
0,1,360490,19,19,19,19,19,19,19,19,19,19
1,1,360490,11,24,12,17,6,7,17,28,10,7
1,1,360491,0,0,0,0,0,0,0,0,0,0
2,1,360491,0,0,0,0,0,0,0,0,0,0
0,1,360492,0,0,0,0,0,0,0,0,0,0
1,1,360492,0,0,0,0,0,0,0,0,0,0
1,1,360493,0,0,0,0,0,0,0,0,0,0
2,1,360493,0,0,0,0,0,0,0,0,0,0
2,1,360494,17,17,17,17,17,17,17,17,17,17
1,1,360495,5,14,5,9,18,24,11,14,17,11
1,1,360496,0,0,0,0,0,0,17,0,0,0
2,1,360496,0,0,0,0,0,0,0,0,0,0
0,1,360497,0,0,0,0,0,0,0,0,0,0
1,1,360497,0,0,0,0,0,0,0,0,0,0
1,1,360498,19,7,0,10,16,16,4,15,0,0
1,1,360499,10,10,10,10,10,10,10,10,10,10
1,1,360500,0,0,0,0,0,0,0,0,0,0
2,1,360500,0,0,0,0,0,0,0,20,0,0
1,1,360501,0,4,0,0,0,0,0,0,23,0
2,1,360501,8,8,15,11,34,25,10,7,10,8
1,1,360502,22,22,22,22,22,22,22,22,22,22
1,1,360503,0,0,0,0,0,0,0,0,0,0
1,1,360504,0,0,0,0,0,0,0,0,0,0
2,1,360504,0,0,0,0,0,0,0,0,0,0
1,1,360506,0,0,0,0,0,0,0,0,0,0
1,1,360507,0,0,7,0,0,0,17,0,0,13
1,1,360508,0,0,0,0,0,13,0,0,0,0
1,1,360509,0,0,7,5,0,0,0,0,0,5
1,1,360510,0,0,0,0,0,0,0,0,0,0
0,1,360511,24,24,24,24,24,24,24,24,24,24
1,1,360511,21,0,0,0,19,0,7,29,10,10
1,1,360512,26,26,26,26,26,26,26,26,26,26
1,1,360513,0,0,0,0,0,0,0,0,0,0
1,1,360514,0,0,0,0,21,0,0,0,0,0
2,1,360514,5,0,20,0,9,0,0,0,15,0
1,1,360515,0,0,0,0,0,0,0,0,0,0
1,1,360516,0,0,0,0,0,0,0,0,0,0
2,1,360516,0,0,0,0,0,0,0,0,0,0
1,1,360517,0,0,9,0,0,0,0,0,0,0
1,1,360518,0,0,0,0,0,0,0,0,0,0
1,1,360519,0,0,0,0,0,0,0,0,0,0
1,1,360520,0,0,0,0,0,0,0,0,0,0
1,1,360521,27,27,27,27,27,27,27,27,27,27
1,1,360522,15,0,0,15,4,0,0,21,0,5
2,1,360522,0,0,0,0,0,0,0,0,0,0
0,1,360523,0,0,0,0,0,0,0,0,0,0
1,1,360523,2,2,2,2,2,2,2,2,2,2
1,1,360524,0,18,0,0,0,0,30,16,0,0
2,1,360524,0,0,0,0,0,0,0,0,0,0
3,1,360524,0,0,0,0,0,19,0,0,41,0
1,1,360525,0,0,0,0,0,0,0,0,0,0
2,1,360525,0,0,0,7,0,0,0,0,0,0
1,1,360526,0,0,0,0,0,0,0,0,0,0
2,1,360526,0,0,0,0,0,0,0,0,0,0
1,1,360527,0,0,0,0,0,0,18,0,0,0
2,1,360527,0,0,12,12,0,0,0,12,0,23
1,1,360528,0,0,0,0,0,0,0,0,0,0
2,1,360528,0,0,0,0,0,0,0,0,0,0
1,1,360529,0,0,10,0,15,19,17,14,19,10
1,1,360530,0,0,0,0,0,0,0,0,0,0
2,1,360530,0,0,0,0,0,0,0,0,0,0
1,1,360531,17,17,17,17,17,17,17,17,17,17
0,1,360532,0,0,0,0,0,0,20,0,0,0
1,1,360532,0,22,0,0,16,26,13,0,18,6
1,1,360533,9,9,9,9,9,9,9,9,9,9
1,1,360534,0,0,0,0,0,0,0,0,0,0
2,1,360534,0,0,0,0,0,0,0,0,0,0
1,1,360535,0,0,0,0,0,0,0,0,0,0
2,1,360535,0,0,0,0,0,0,0,0,0,0
1,1,360536,3,3,3,3,3,3,3,3,3,3
1,1,360537,0,0,0,0,0,0,0,0,0,0
2,1,360537,0,0,0,0,0,0,0,0,0,0
1,1,360538,0,0,0,0,0,0,0,0,0,0
2,1,360538,6,0,0,0,16,0,0,0,0,0
1,1,360540,0,0,0,0,0,0,0,0,0,0
2,1,360540,16,16,16,16,16,16,16,16,16,16
0,1,360541,0,0,0,0,0,0,0,0,0,0
1,1,360541,0,0,0,3,0,0,19,10,0,0
2,1,360541,0,0,0,0,2,0,0,0,0,0
1,1,360542,0,0,0,0,0,0,0,0,0,0
2,1,360542,0,0,0,0,0,0,0,0,0,11
3,1,360542,0,0,0,0,7,23,0,0,0,0
4,1,360542,0,0,0,0,0,0,0,0,0,0
1,1,360543,0,0,0,0,10,11,0,8,0,0
2,1,360543,0,0,0,0,0,0,0,0,0,0
1,1,360544,0,0,0,0,0,0,0,0,0,0
1,1,360545,21,21,21,21,21,21,21,21,21,21
1,1,360546,0,0,5,0,0,0,0,0,0,0
2,1,360546,0,0,0,0,0,0,0,0,0,0
1,1,360547,0,0,0,0,0,0,0,0,28,0
0,1,360548,0,0,0,0,0,0,0,0,0,0
1,1,360548,0,6,0,0,0,18,0,0,15,11
1,1,360549,0,0,0,0,0,14,9,0,0,0
2,1,360549,0,0,0,0,0,0,0,0,0,0
1,1,360550,0,0,0,0,0,0,0,0,0,0
2,1,360550,0,0,0,0,0,0,0,0,0,0
1,1,360551,4,0,0,0,0,0,0,0,17,0
1,1,360552,0,0,0,0,0,0,0,0,0,0
1,1,360553,23,7,23,10,10,16,12,18,16,13
1,1,360554,0,0,0,0,0,0,0,6,0,0
2,1,360554,0,0,0,0,0,0,0,0,0,0
0,1,360555,0,0,17,17,0,0,29,0,0,0
1,1,360555,0,0,0,0,0,0,0,0,0,0
1,1,360556,5,5,5,5,5,5,5,5,5,5
1,1,360557,0,0,0,0,29,0,0,0,0,3
2,1,360557,0,0,0,0,0,0,0,0,0,0
1,1,360558,23,23,23,23,23,23,23,23,23,23
1,1,360559,17,17,17,17,17,17,17,17,17,17
0,1,360560,0,0,0,0,0,0,0,0,0,0
0,2,360560,0,0,0,0,0,0,0,0,0,0
1,1,360560,0,20,0,0,0,0,0,0,0,0
1,1,360561,0,0,0,0,0,0,0,0,0,0
2,1,360561,0,0,13,0,21,0,10,0,0,21
1,1,360562,18,0,0,0,13,16,13,17,16,0
2,1,360562,0,0,0,18,5,0,0,0,0,0
1,1,360563,5,5,5,5,5,5,5,5,5,5
0,1,360564,0,0,0,0,0,0,0,0,0,0
1,1,360564,0,0,0,0,0,0,0,0,0,21
1,1,360565,0,0,25,0,0,0,33,0,3,10
1,1,360566,0,0,0,0,0,0,0,0,0,0
2,1,360566,0,0,0,0,0,0,0,0,0,0
0,1,360567,0,0,0,0,0,0,0,0,19,0
1,1,360567,0,0,0,0,0,24,0,0,0,0
1,1,360568,0,0,0,0,0,0,0,0,0,0
2,1,360568,0,0,0,0,0,0,0,0,16,0
1,1,360569,0,0,17,12,0,6,0,0,7,26
2,1,360569,0,0,0,0,0,0,0,0,0,0