VEH_NO,PER_NO,ST_CASE,P1,P2,P3,P4,P5,P6,P7,P8,P9,P10
0,1,360570,0,0,0,0,0,0,0,0,0,0
1,1,360570,0,0,0,0,0,0,0,0,0,0
1,1,360571,0,14,5,0,0,0,13,0,0,0
1,1,360572,0,0,0,0,0,0,0,3,0,0
2,1,360572,0,0,0,0,0,0,0,0,0,0
1,1,360573,0,0,0,0,0,0,0,0,0,0
2,1,360573,0,0,0,0,0,0,0,0,0,0
1,1,360574,0,0,0,0,0,13,0,0,0,0
2,1,360574,0,0,0,0,0,0,0,0,0,0
1,1,360575,0,0,0,0,0,0,0,0,0,0
2,1,360575,0,0,0,0,0,0,0,10,0,0
1,1,360576,0,0,0,0,0,0,0,0,0,0
2,1,360576,0,0,0,0,0,0,0,0,0,0
1,1,360577,8,3,0,15,19,6,0,19,25,0
0,1,360578,0,0,0,0,0,0,0,0,0,0
0,2,360578,0,0,0,0,0,0,0,0,0,0
1,1,360578,0,16,0,0,0,0,0,0,19,0
1,1,360579,20,0,0,0,0,0,0,0,0,0
2,1,360579,0,8,18,13,8,0,0,0,21,5
3,1,360579,0,9,0,0,0,0,0,0,0,0
1,1,360580,0,13,17,3,0,13,8,10,0,0
1,1,360581,5,9,0,0,0,0,0,0,0,8
0,1,360583,16,27,0,34,12,0,0,28,16,32
1,1,360583,16,0,0,0,0,0,21,0,0,15
1,1,360584,0,0,0,0,0,0,0,0,0,0
1,1,360585,0,0,0,0,0,0,0,0,0,0
2,1,360585,0,11,0,0,0,0,0,0,0,0
1,1,360586,0,0,0,0,0,0,0,0,16,0
1,1,360588,0,0,38,0,12,29,0,0,11,0
1,1,360589,0,0,0,0,0,0,0,0,0,11
2,1,360589,0,0,0,0,0,0,0,0,0,0
3,1,360589,0,0,0,0,0,0,0,0,0,0
4,1,360589,0,0,0,0,0,0,0,0,0,0
1,1,360590,0,0,0,0,4,0,0,0,6,0
2,1,360590,0,0,0,0,0,0,0,0,0,0
0,1,360591,0,0,0,0,0,0,0,0,0,0
1,1,360591,0,11,0,0,0,0,0,5,0,0
0,1,360592,0,0,0,0,0,0,0,0,0,0
1,1,360592,0,0,0,0,0,0,0,0,0,0
1,1,360593,0,11,0,0,0,0,0,0,24,0
2,1,360593,0,26,8,0,0,0,0,0,0,0
1,1,360594,0,0,11,0,0,0,25,0,0,0
2,1,360594,4,0,13,0,0,0,0,0,0,0
3,1,360594,0,0,0,0,17,0,0,0,0,0
1,1,360595,26,12,28,14,14,30,6,12,29,27
2,1,360595,5,13,13,0,7,0,10,0,11,0
1,1,360596,0,0,12,0,0,0,0,0,0,0
2,1,360596,17,0,8,0,11,0,0,0,18,0
1,1,360597,0,0,0,0,0,0,0,0,0,24
1,1,360598,0,0,0,0,0,0,0,0,0,0
1,1,360599,24,24,24,24,24,24,24,24,24,24
2,1,360599,0,5,20,0,0,0,0,0,0,0
1,1,360600,0,0,0,8,0,0,0,0,10,0
2,1,360600,23,23,23,23,23,23,23,23,23,23
1,1,360601,0,0,0,0,0,0,0,0,0,0
2,1,360601,0,14,27,0,0,21,0,0,20,7
1,1,360602,1,1,1,1,1,1,1,1,1,1
2,1,360602,0,0,0,0,0,0,0,0,0,0
0,1,360603,19,0,0,13,0,0,0,0,12,0
0,2,360603,0,0,14,0,0,20,0,36,0,15
0,3,360603,0,0,0,0,0,32,25,2,0,0
1,1,360603,0,0,0,0,0,3,0,0,0,0
2,1,360603,0,0,0,0,0,21,0,7,0,4
0,1,360604,0,0,29,0,0,0,0,0,0,0
1,1,360604,0,0,0,0,14,0,21,0,0,0
1,1,360605,0,0,0,0,0,0,0,0,0,0
1,1,360606,0,34,25,0,23,21,0,18,0,0
2,1,360606,21,11,19,0,0,14,45,16,14,0
1,1,360607,0,0,0,0,0,0,0,0,0,0
1,1,360608,0,0,18,0,0,0,0,0,0,0
1,1,360609,0,0,0,0,0,0,0,0,0,0
1,1,360610,29,0,9,18,0,9,0,18,16,19
1,1,360611,0,0,0,0,0,0,0,0,0,0
1,1,360612,0,6,0,13,0,0,14,15,13,0
2,1,360612,17,0,0,0,0,0,0,0,4,13
1,1,360613,9,9,9,9,9,9,9,9,9,9
1,1,360614,0,0,0,0,0,0,0,0,17,0
2,1,360614,0,15,0,0,0,0,0,0,0,0
0,1,360615,0,0,0,0,0,0,0,0,0,0
1,1,360615,0,0,0,0,0,0,0,0,0,0
1,1,360616,0,0,16,0,0,0,0,0,0,24
2,1,360616,0,0,0,0,0,0,0,0,0,0
3,1,360616,0,0,0,0,0,0,0,0,0,0
1,1,360617,14,14,14,14,14,14,14,14,14,14
0,1,360618,0,0,0,0,0,0,0,0,0,0
1,1,360618,0,12,20,0,0,0,0,0,10,0
1,1,360619,0,0,0,0,0,0,0,0,0,0
2,1,360619,0,11,0,0,0,0,0,11,0,0
1,1,360620,0,0,0,0,0,0,0,0,0,0
2,1,360620,0,0,0,0,9,0,0,0,0,0
1,1,360621,4,4,4,4,4,4,4,4,4,4
2,1,360621,0,0,0,0,0,0,0,0,0,0
1,1,360622,14,14,14,14,14,14,14,14,14,14
0,1,360623,0,0,0,0,0,0,13,0,0,0
1,1,360623,9,9,9,9,9,9,9,9,9,9
0,1,360624,0,0,0,0,0,0,0,0,0,0
1,1,360624,0,0,0,32,0,0,0,0,0,0
1,1,360625,0,39,0,0,15,0,0,0,0,11
0,1,360627,0,0,0,0,0,0,0,0,0,0
1,1,360627,19,24,9,7,0,29,14,7,29,0
1,1,360628,0,0,0,0,0,0,0,0,0,0
2,1,360628,13,0,11,19,0,0,0,0,0,0
1,1,360629,0,0,0,0,0,0,0,0,0,0
1,1,360630,0,0,12,0,8,5,0,0,0,0
2,1,360630,0,0,0,0,0,0,0,0,0,0
1,1,360631,0,4,0,0,14,0,0,0,0,0
1,1,360632,0,0,0,0,0,0,0,0,0,0
1,1,360633,18,18,18,18,18,18,18,18,18,18
1,1,360634,0,0,0,0,0,0,0,0,0,0
1,1,360636,0,0,0,0,0,0,0,0,0,0
2,1,360636,0,0,0,0,0,0,0,0,0,0
1,1,360637,0,0,0,0,0,0,0,0,0,0
1,1,360638,9,9,9,9,9,9,9,9,9,9
1,1,360639,16,16,16,16,16,16,16,16,16,16
1,1,360640,0,0,0,0,0,0,0,0,8,0
1,1,360641,0,0,0,16,0,0,6,0,0,0
1,1,360642,0,9,0,4,29,0,17,10,0,0
0,1,360643,0,0,16,0,0,0,0,0,0,0
0,2,360643,0,0,0,0,0,0,0,0,0,27
1,1,360643,0,0,0,0,0,0,0,0,0,0
0,1,360644,0,0,0,0,0,0,0,0,0,0
1,1,360644,0,0,0,0,0,0,0,0,0,0
1,1,360645,21,21,21,21,21,21,21,21,21,21
2,1,360645,0,0,0,0,0,0,0,0,0,0
1,1,360646,9,14,4,13,9,16,11,5,21,24
1,1,360647,11,0,0,3,0,0,0,0,14,0
2,1,360647,0,0,0,10,0,15,0,0,0,0
1,1,360648,0,5,16,0,0,0,0,0,0,0
1,1,360649,21,0,32,34,19,29,24,22,22,23
1,1,360650,4,26,28,26,23,9,19,10,21,30
2,1,360650,55,55,55,55,55,55,55,55,55,55
0,1,360651,0,0,0,0,0,0,0,0,0,0
1,1,360651,0,0,0,0,0,0,0,0,2,0
1,1,360652,0,0,0,0,0,0,0,0,0,0
2,1,360652,0,0,0,0,0,0,0,0,0,0
1,1,360653,0,0,0,0,0,0,0,0,0,0
2,1,360653,0,0,0,0,0,0,0,0,0,0
3,1,360653,0,0,0,0,0,0,0,0,0,0
1,1,360654,0,0,0,13,27,0,0,0,0,0
1,1,360655,10,10,10,10,10,10,10,10,10,10
2,1,360655,0,0,0,0,0,0,0,0,0,7
1,1,360656,0,0,0,0,0,0,0,0,0,0
2,1,360656,0,0,0,0,0,0,0,0,0,0
1,1,360657,22,22,22,22,22,22,22,22,22,22
0,1,360658,0,0,0,0,0,0,0,0,0,0
1,1,360658,0,0,11,0,0,0,0,0,14,0
1,1,360659,8,8,8,8,8,8,8,8,8,8
1,1,360660,0,0,0,0,0,0,0,0,0,0
1,1,360661,0,0,0,0,0,0,0,0,0,0
1,1,360662,10,26,24,10,28,26,14,12,15,13
1,1,360663,0,0,0,0,0,0,0,0,0,0
2,1,360663,0,0,0,0,0,0,0,0,0,0
0,1,360664,0,19,11,0,0,0,0,26,0,16
1,1,360664,0,0,0,5,0,0,0,0,0,0
1,1,360665,0,0,0,0,0,0,0,0,0,0
1,1,360666,17,17,17,17,17,17,17,17,17,17
1,1,360667,0,0,0,34,0,26,0,0,0,12
1,1,360668,19,19,19,19,19,19,19,19,19,19
1,1,360669,16,16,16,16,16,16,16,16,16,16
1,1,360670,0,0,0,0,0,0,0,0,0,0
2,1,360670,0,0,0,0,0,0,0,0,0,0
0,1,360671,0,0,0,0,0,0,0,0,0,0
1,1,360671,0,0,0,14,0,0,0,0,0,0
1,1,360672,0,0,0,0,23,0,0,0,0,0
1,1,360673,0,0,0,0,0,0,0,0,0,0
2,1,360673,0,2,13,0,0,0,0,0,0,0
1,1,360674,7,7,7,7,7,7,7,7,7,7
1,1,360675,0,0,0,36,0,0,0,0,0,16
1,1,360676,15,11,13,5,15,32,17,20,16,26
0,1,360678,0,21,0,0,28,16,16,26,22,25
1,1,360678,0,12,0,0,0,13,0,0,0,0
1,1,360679,0,0,0,9,11,0,7,11,18,0
1,1,360680,0,0,0,0,0,0,0,0,0,0
2,1,360680,0,0,0,0,0,0,0,0,0,0
1,1,360681,0,0,0,0,0,15,0,0,7,0
2,1,360681,0,0,0,0,0,0,0,0,0,0
1,1,360682,18,18,18,18,18,18,18,18,18,18
2,1,360682,0,0,0,0,0,0,0,0,0,0
3,1,360682,0,0,0,0,0,0,0,12,0,0
0,1,360683,0,0,0,0,18,0,0,0,0,0
1,1,360683,20,0,0,0,0,12,0,0,7,0
1,1,360684,0,0,0,0,0,0,0,0,0,0
2,1,360684,0,0,0,24,0,0,0,0,21,12
1,1,360685,6,6,6,6,6,6,6,6,6,6
0,1,360686,0,0,0,0,0,0,28,30,0,0
1,1,360686,0,0,7,0,0,0,0,10,0,0
1,1,360687,0,0,0,0,0,0,0,0,3,0
1,1,360688,24,29,8,0,9,14,24,6,30,0
1,1,360689,0,0,0,0,0,0,0,0,0,0
1,1,360690,0,0,0,0,0,0,0,0,0,0
2,1,360690,0,0,0,0,0,0,0,0,0,0
1,1,360691,0,0,0,0,0,0,0,0,0,0
1,1,360692,0,0,0,0,0,0,0,0,0,0
2,1,360692,0,0,0,0,0,0,0,0,0,0
0,1,360693,0,0,0,0,0,0,0,9,0,0
1,1,360693,0,0,0,0,0,7,0,0,0,0
0,1,360694,0,0,0,0,0,0,0,0,0,0
1,1,360694,0,7,0,17,0,0,0,0,0,0
0,1,360695,29,29,29,29,29,29,29,29,29,29
1,1,360695,0,0,0,0,12,29,0,0,0,0
2,1,360695,10,0,0,0,0,0,12,0,0,0
1,1,360696,0,0,0,0,0,0,0,15,0,0
2,1,360696,0,0,0,0,15,0,0,0,0,0
1,1,360697,0,0,0,0,0,0,0,0,0,0
1,1,360698,11,11,11,11,11,11,11,11,11,11
1,1,360699,12,12,12,12,12,12,12,12,12,12
2,1,360699,0,0,0,0,0,0,0,0,0,0
0,1,360700,0,0,0,0,0,0,0,0,0,0
1,1,360700,0,0,0,0,0,0,0,0,0,0
0,1,360701,0,0,0,0,0,0,14,0,13,19
1,1,360701,0,0,0,0,0,0,0,0,0,0
0,1,360702,23,0,9,22,23,30,0,14,22,0
1,1,360702,0,0,0,0,0,18,0,18,19,0
1,1,360703,0,11,14,13,31,23,0,26,0,9
0,1,360704,0,0,0,0,0,0,0,0,0,0
1,1,360704,0,0,0,0,0,0,0,0,0,0
1,1,360705,0,0,0,0,0,0,0,0,0,0
1,1,360706,15,15,15,15,15,15,15,15,15,15
1,1,360707,0,0,0,13,0,17,0,10,0,26
2,1,360707,0,0,0,0,0,0,0,0,0,0
3,1,360707,0,0,0,0,0,0,0,0,0,14
4,1,360707,0,0,0,14,0,0,18,0,0,0
5,1,360707,0,0,9,0,0,0,8,0,0,0
1,1,360708,13,19,0,26,31,11,16,12,10,0
0,1,360709,0,0,0,0,0,0,0,0,0,0
0,2,360709,3,3,3,3,3,3,3,3,3,3
1,1,360709,0,0,0,0,0,0,0,0,0,0
2,1,360709,0,0,0,0,0,0,0,0,7,0
1,1,360710,0,0,0,0,0,13,0,0,0,5
2,1,360710,0,0,0,0,0,0,0,0,0,0
1,1,360711,4,4,4,4,4,4,4,4,4,4
0,1,360712,0,0,0,0,0,0,0,0,0,0
0,2,360712,0,14,14,0,15,0,0,10,0,14
0,3,360712,29,18,0,11,22,0,0,0,15,0
0,4,360712,0,15,0,0,16,12,0,0,0,0
1,1,360712,0,3,0,0,0,0,9,0,0,0
1,1,360713,0,0,0,0,0,0,0,0,0,0
2,1,360713,0,24,0,0,0,0,0,0,0,0
1,1,360714,20,10,39,24,0,0,0,18,0,0
1,1,360715,0,0,0,0,0,0,0,0,0,0
2,1,360715,14,14,14,14,14,14,14,14,14,14
1,1,360716,28,0,9,24,22,29,0,5,11,0
1,1,360717,0,0,0,0,0,0,0,0,0,0
2,1,360717,17,4,0,0,0,0,12,0,8,0
1,1,360718,0,0,0,0,0,0,0,0,0,0
2,1,360718,0,0,0,0,0,0,0,0,17,0
1,1,360719,0,0,0,0,0,0,0,0,0,0
0,1,360720,0,0,0,0,0,0,0,0,0,0
1,1,360720,0,0,9,0,0,0,0,0,0,0
1,1,360721,3,3,3,3,3,3,3,3,3,3
1,1,360722,0,0,0,0,0,0,0,0,0,0
2,1,360722,0,0,0,0,0,0,0,0,0,18
1,1,360723,7,7,7,7,7,7,7,7,7,7
1,1,360724,0,0,0,0,0,0,0,0,0,0
2,1,360724,0,0,0,0,0,0,0,0,0,0
1,1,360725,8,11,18,26,9,35,7,0,19,24
0,1,360726,0,0,0,0,0,0,0,0,8,16
1,1,360726,15,0,0,0,0,0,25,0,25,0
1,1,360727,0,0,0,23,4,0,6,23,17,0
2,1,360727,0,0,0,0,16,9,22,14,0,20
3,1,360727,0,0,0,0,0,0,0,0,0,0
4,1,360727,0,0,16,2,15,14,19,0,0,3
5,1,360727,0,0,9,0,0,0,0,0,0,0
1,1,360728,0,0,0,0,0,0,0,0,0,0
0,1,360729,0,14,0,0,0,0,0,0,0,0
1,1,360729,0,0,0,0,0,14,9,0,0,4
1,1,360730,0,40,5,0,0,0,0,0,0,0
2,1,360730,0,0,0,0,0,0,0,0,0,0
1,1,360731,0,0,30,0,0,0,0,0,0,0
2,1,360731,4,3,0,15,0,11,0,0,0,0
1,1,360732,12,12,12,12,12,12,12,12,12,12
0,1,360733,21,0,16,15,0,10,19,18,0,27
1,1,360733,9,0,0,0,0,0,0,0,0,0
1,1,360734,9,9,9,9,9,9,9,9,9,9
1,1,360735,6,8,39,6,15,15,23,23,14,7
1,1,360736,0,0,0,0,13,0,8,0,0,0
2,1,360736,0,0,0,0,0,0,0,0,0,0
1,1,360737,0,0,0,0,0,0,0,0,0,0
2,1,360737,0,0,6,0,0,0,0,0,0,0
3,1,360737,0,0,0,0,0,0,0,0,0,0
1,1,360738,0,0,0,0,0,0,0,0,0,0
2,1,360738,0,0,0,0,0,0,0,0,0,0
3,1,360738,0,0,0,0,0,0,0,0,0,0
1,1,360739,0,0,0,0,0,0,0,0,0,0
1,1,360740,10,10,10,10,10,10,10,10,10,10
1,1,360741,21,14,5,19,11,26,22,26,23,3
1,1,360742,12,0,15,0,0,13,0,10,19,20
0,1,360743,19,11,12,9,35,4,0,6,0,0
1,1,360743,0,0,0,0,0,0,0,0,0,5
1,1,360744,0,0,7,20,0,0,14,0,0,0
0,1,360745,22,8,0,0,0,24,12,15,16,13
0,2,360745,0,34,9,27,33,0,15,35,20,16
1,1,360745,0,0,19,0,0,0,4,14,0,0
2,1,360745,0,0,0,0,0,0,0,0,0,0
1,1,360746,24,0,15,15,30,17,12,22,25,23
2,1,360746,0,0,0,0,0,0,0,0,0,0
1,1,360747,0,0,0,0,0,0,0,0,0,19
0,1,360748,0,0,0,0,0,0,0,0,0,0
1,1,360748,0,0,0,0,0,0,0,0,0,0
1,1,360749,28,28,28,28,28,28,28,28,28,28
1,1,360750,18,18,18,18,18,18,18,18,18,18
0,1,360751,0,0,0,0,0,0,0,0,0,0
1,1,360751,0,0,0,0,0,0,19,0,12,0
1,1,360752,0,0,0,0,0,0,0,0,0,0
1,1,360753,0,0,0,0,0,0,0,0,0,0
2,1,360753,8,0,0,0,9,18,0,0,0,0
1,1,360754,0,0,0,17,0,0,0,0,0,0
2,1,360754,0,0,0,0,6,0,0,0,0,0
1,1,360755,0,0,0,0,0,0,0,0,0,0
2,1,360755,35,0,0,0,0,0,0,0,0,0
1,1,360756,11,16,11,26,8,21,6,14,19,20
0,1,360757,24,0,0,21,0,0,0,28,11,20
1,1,360757,0,0,0,0,0,0,0,0,0,0
1,1,360758,0,0,0,12,0,0,0,0,0,0
1,1,360759,0,0,23,0,0,4,7,0,0,0
1,1,360760,0,0,0,0,0,0,17,1,0,0
2,1,360760,21,0,0,0,0,0,0,0,6,0
0,1,360761,0,0,0,0,0,0,0,0,0,0
1,1,360762,0,0,0,0,0,0,0,0,0,0
2,1,360762,13,0,0,0,0,0,0,0,0,0
1,1,360763,0,0,0,0,0,0,0,0,0,0
1,1,360764,0,0,0,0,8,19,20,0,0,22
1,1,360765,24,17,24,28,12,22,29,4,19,32
1,1,360766,19,16,20,14,20,8,14,16,19,2
1,1,360767,0,0,0,0,0,0,0,0,0,0
2,1,360767,9,0,10,0,0,0,0,12,0,11
1,1,360768,0,19,0,0,0,0,0,0,0,24
2,1,360768,22,11,0,20,14,0,0,0,13,15
0,1,360769,0,0,0,0,0,0,0,0,0,0
1,1,360769,0,0,0,0,0,0,0,0,0,0
1,1,360770,0,0,0,0,0,0,0,0,0,0
1,1,360771,0,0,0,0,0,0,0,0,0,0
2,1,360771,0,0,0,0,0,0,0,0,0,0
1,1,360772,19,19,19,19,19,19,19,19,19,19
1,1,360773,0,0,0,0,0,0,0,0,16,0
2,1,360773,0,0,0,0,0,0,0,0,0,0
1,1,360774,17,0,0,0,0,0,0,0,0,0
1,1,360775,0,8,30,0,17,22,4,10,10,16
0,1,360776,27,21,0,7,0,0,0,16,24,19
1,1,360776,9,0,6,0,0,4,22,13,0,0
1,1,360777,0,0,0,9,0,0,0,0,0,0
2,1,360777,5,0,0,0,0,0,0,0,0,0
1,1,360778,17,8,10,24,26,23,14,12,16,30
2,1,360778,0,0,0,0,0,0,0,7,0,16
3,1,360778,9,0,12,4,0,0,6,0,0,23
1,1,360779,6,0,0,0,0,0,0,5,0,0
2,1,360779,0,0,8,0,8,0,27,20,0,10
1,1,360780,34,10,8,25,0,14,10,15,16,0
2,1,360780,0,0,0,0,0,0,0,0,0,0
1,1,360781,0,0,11,0,0,0,0,0,3,21
2,1,360781,0,4,0,0,0,0,0,0,0,11
0,1,360782,12,12,12,12,12,12,12,12,12,12
1,1,360782,15,23,24,21,21,6,24,14,0,0
1,1,360783,23,23,23,23,23,23,23,23,23,23
2,1,360783,32,32,32,32,32,32,32,32,32,32
1,1,360784,2,2,2,2,2,2,2,2,2,2
2,1,360784,0,0,0,17,0,0,20,22,0,12
1,1,360785,22,22,22,22,22,22,22,22,22,22
1,1,360786,0,0,0,0,0,0,0,0,0,0
1,1,360787,0,0,9,0,0,9,0,0,0,0
2,1,360787,0,0,0,0,0,0,0,0,6,0
0,1,360788,0,0,14,0,0,0,0,0,0,0
1,1,360788,8,11,0,15,0,0,0,0,0,0
1,1,360789,0,0,0,0,0,0,0,0,0,0
2,1,360789,0,0,0,0,0,0,0,0,0,0
3,1,360789,0,0,0,0,0,0,0,0,0,0
0,1,360790,0,0,0,0,0,0,0,0,0,0
1,1,360790,0,0,0,0,0,0,0,0,0,0
1,1,360791,0,0,0,0,0,0,0,0,0,0
2,1,360791,10,11,12,9,10,13,25,11,11,39
1,1,360792,18,18,18,18,18,18,18,18,18,18
1,1,360793,0,0,0,0,0,0,0,0,0,0
1,1,360794,0,0,0,0,0,0,8,0,0,0
2,1,360794,0,0,0,0,0,0,0,12,0,0
3,1,360794,0,0,0,0,0,0,0,4,0,0
1,1,360795,0,0,0,0,0,0,0,0,0,0
2,1,360795,0,0,0,0,17,0,0,0,0,0
1,1,360796,0,0,0,0,0,0,0,0,0,0
2,1,360796,0,0,0,0,0,0,0,0,0,0
1,1,360797,0,7,0,0,0,0,0,0,0,0
2,1,360797,0,0,0,0,0,0,0,0,0,0
1,1,360798,21,0,0,0,0,0,0,0,0,0
2,1,360798,0,0,0,0,0,0,0,0,0,0
3,1,360798,0,17,0,0,0,0,0,0,0,0
0,1,360799,5,24,10,36,0,28,18,39,17,0
1,1,360799,10,0,0,9,10,0,0,0,0,17
1,1,360800,0,20,0,23,38,4,0,0,0,12
1,1,360801,0,4,0,0,0,0,0,0,0,0
2,1,360801,0,0,0,0,0,0,0,0,0,0
1,1,360802,0,0,0,13,0,0,0,0,26,0
0,1,360803,0,0,0,0,0,0,0,0,0,0
1,1,360803,0,0,0,0,7,0,0,0,0,0
0,1,360804,14,14,14,14,14,14,14,14,14,14
1,1,360804,0,10,0,0,0,0,17,13,0,0
2,1,360804,17,0,0,0,0,0,0,16,0,0
0,1,360805,0,5,0,11,0,0,0,0,0,0
1,1,360805,0,0,0,0,0,0,0,0,0,0
1,1,360806,0,0,0,0,0,0,0,0,0,0
1,1,360807,0,0,0,0,0,0,0,0,0,0
1,1,360808,0,0,0,0,0,0,0,0,0,0
2,1,360808,0,0,0,0,0,0,0,0,0,0
1,1,360809,0,0,0,0,0,0,0,0,0,0
2,1,360809,0,0,0,0,0,0,0,0,0,0
1,1,360810,0,0,0,0,0,0,0,0,0,0
0,1,360811,0,0,0,0,0,0,9,0,21,0
0,2,360811,22,0,0,10,0,0,8,0,15,0
0,3,360811,0,0,0,0,0,0,0,0,0,13
0,4,360811,0,0,0,0,0,0,0,0,0,25
1,1,360811,15,0,0,0,18,11,0,22,0,0
1,1,360813,0,0,0,0,0,0,0,0,0,0
2,1,360813,0,0,0,0,0,0,0,0,0,0
1,1,360814,15,29,25,12,0,14,16,12,28,17
0,1,360815,20,20,21,49,26,39,19,21,11,21
0,2,360815,24,14,26,13,5,39,22,47,14,32
1,1,360815,17,16,11,16,6,4,25,8,20,0
1,1,360816,13,0,0,0,23,0,0,0,0,0
2,1,360816,21,14,0,0,11,0,0,19,0,0
3,1,360816,14,0,0,0,0,0,0,29,0,0
1,1,360818,0,0,0,0,0,0,0,0,0,0
2,1,360818,14,21,24,11,10,0,0,17,10,15
1,1,360819,0,0,0,0,0,0,0,0,0,0
2,1,360819,0,0,0,0,0,0,0,0,0,0
0,1,360820,0,0,0,0,8,0,0,0,0,21
1,1,360820,0,0,0,0,0,0,0,0,0,0
1,1,360821,0,13,0,0,23,0,0,0,0,8
1,1,360822,0,0,0,0,0,0,0,26,0,0
2,1,360822,0,0,0,0,0,0,0,5,0,0
1,1,360823,0,0,0,0,0,0,12,0,0,0
2,1,360823,0,0,0,0,0,0,0,0,0,0
3,1,360823,0,0,0,0,0,12,0,2,0,0
1,1,360824,0,0,19,0,10,14,0,19,0,0
1,1,360825,0,0,0,0,0,0,0,0,0,0
2,1,360825,0,0,0,0,0,0,0,0,0,0
3,1,360825,0,0,0,0,0,0,0,0,0,0
4,1,360825,0,0,0,24,20,10,0,0,9,0
1,1,360826,0,0,0,0,0,0,0,0,3,0
0,1,360827,0,11,14,0,0,0,26,0,0,13
1,1,360827,0,0,0,0,0,14,0,0,0,0
1,1,360828,0,0,0,0,0,0,0,0,0,0
2,1,360828,0,0,0,0,0,0,0,12,0,0
1,1,360829,0,10,0,0,0,0,0,0,0,20
1,1,360830,0,0,0,0,0,0,0,0,0,0
1,1,360831,11,11,11,11,11,11,11,11,11,11
1,1,360832,0,0,0,0,0,0,0,0,0,0
2,1,360832,0,0,0,0,0,0,0,0,0,0
0,1,360833,0,0,0,0,0,0,0,0,0,0
1,1,360833,0,0,0,0,0,0,0,0,0,0
0,1,360834,0,0,0,0,0,0,0,0,0,0
1,1,360834,0,0,0,0,0,0,0,0,0,0
1,1,360835,1,1,1,1,1,1,1,1,1,1
2,1,360835,0,0,0,0,0,10,0,0,0,0
1,1,360836,0,0,0,0,0,0,0,0,0,15
2,1,360836,0,0,0,0,0,0,0,0,0,0
1,1,360837,0,0,0,0,0,0,0,0,0,0
2,1,360837,0,0,2,0,9,0,0,0,0,0
1,1,360838,0,0,0,0,0,0,0,0,0,0
0,1,360839,0,0,0,0,0,0,0,0,0,0
1,1,360839,0,0,16,21,0,0,14,0,0,0
1,1,360840,26,26,26,26,26,26,26,26,26,26
1,1,360841,0,0,0,0,0,0,0,0,0,0
1,1,360842,0,5,20,0,0,0,0,0,8,11
2,1,360842,14,0,0,0,0,0,0,0,0,0
1,1,360844,0,0,0,0,0,0,0,0,0,0
0,1,360845,0,0,0,0,0,0,0,0,0,0
1,1,360845,0,0,0,0,0,0,0,0,0,0
1,1,360846,0,0,0,12,0,0,0,0,0,0
1,1,360847,0,0,0,0,0,0,0,0,0,0
2,1,360847,0,0,0,4,0,0,0,0,0,0
1,1,360848,0,0,0,0,0,0,0,0,0,0
1,1,360849,0,4,4,0,0,0,0,0,0,0
1,1,360850,0,0,0,0,0,0,0,0,0,0
2,1,360850,0,0,0,0,0,0,0,0,0,0
0,1,360851,0,0,0,0,0,0,0,0,0,0
1,1,360851,13,0,9,0,0,0,0,0,0,0
0,1,360852,0,14,0,0,0,0,9,0,0,0
1,1,360852,0,0,0,0,0,0,0,0,0,0
1,1,360853,0,0,0,0,0,0,0,0,0,17
0,1,360854,0,0,0,0,0,0,0,0,0,0
1,1,360854,0,12,0,0,0,0,0,0,0,22
1,1,360855,0,0,0,0,0,0,0,0,0,0
2,1,360855,0,18,18,0,0,0,0,0,0,0
3,1,360855,0,0,28,18,60,0,20,0,0,0
1,1,360856,0,0,0,0,0,0,0,0,0,0
2,1,360856,0,0,0,0,0,0,0,11,0,0
3,1,360856,0,0,0,0,14,0,0,0,0,0
4,1,360856,0,0,11,20,0,0,31,0,0,10
1,1,360857,19,19,19,19,19,19,19,19,19,19
0,1,360858,13,16,23,36,0,11,29,16,20,0
1,1,360858,0,0,0,5,0,0,8,0,0,34
1,1,360859,29,29,29,29,29,29,29,29,29,29
0,1,360860,0,22,39,4,29,0,17,0,38,21
1,1,360860,15,0,0,18,0,0,0,0,0,0
1,1,360861,0,0,0,0,0,0,0,0,0,0
1,1,360862,0,0,0,0,0,0,0,0,0,0
1,1,360863,22,22,22,22,22,22,22,22,22,22
0,1,360864,0,0,0,0,0,0,0,0,0,0
1,1,360864,0,0,0,0,13,0,20,0,7,12
1,1,360865,0,0,0,0,0,0,0,0,0,0
2,1,360865,0,0,0,0,0,0,0,0,0,16
1,1,360866,0,0,0,0,0,0,0,0,0,0
2,1,360866,0,0,0,16,0,0,0,0,0,0
1,1,360867,0,0,0,18,15,0,0,0,0,0
2,1,360867,0,16,0,0,0,0,0,0,0,0
1,1,360868,0,0,0,0,0,0,0,0,0,0
1,1,360869,0,0,0,0,0,0,0,0,0,0
2,1,360869,0,0,0,0,0,0,0,0,4,0
1,1,360870,0,0,0,0,11,17,0,7,12,10
1,1,360871,19,19,19,19,19,19,19,19,19,19
0,1,360872,0,0,0,0,0,0,0,0,0,0
1,1,360872,18,0,0,0,0,0,0,0,0,0
0,1,360873,0,9,0,0,0,0,0,0,15,4