VEH_NO,PER_NO,ST_CASE,P1,P2,P3,P4,P5,P6,P7,P8,P9,P10
1,1,360873,0,21,0,0,11,16,23,0,0,0
1,1,360874,0,0,11,0,27,0,14,17,0,0
1,1,360875,5,5,5,5,5,5,5,5,5,5
1,1,360876,24,24,24,24,24,24,24,24,24,24
1,1,360877,19,19,19,19,19,19,19,19,19,19
2,1,360877,0,0,0,0,0,0,0,0,0,0
3,1,360877,0,0,0,0,0,0,0,0,0,0
0,1,360878,0,0,10,29,28,0,30,21,0,0
1,1,360878,0,0,0,0,0,0,0,0,0,0
0,1,360879,28,28,28,28,28,28,28,28,28,28
1,1,360879,10,21,0,0,0,0,24,0,11,23
1,1,360880,0,0,0,0,0,0,0,0,0,0
2,1,360880,0,0,0,0,0,0,0,0,0,0
1,1,360881,0,0,0,0,0,0,0,0,0,0
2,1,360881,0,0,0,0,0,0,0,0,0,0
1,1,360882,0,0,0,0,0,0,0,0,0,0
1,1,360883,0,0,0,11,0,0,0,0,0,0
2,1,360883,0,0,11,0,8,0,0,29,0,0
1,1,360884,0,0,0,0,0,0,4,0,0,0
2,1,360884,0,0,0,0,0,0,0,0,0,0
2,1,360885,0,0,0,0,0,0,0,0,0,6
1,1,360886,24,13,20,11,22,26,9,12,22,0
2,1,360886,0,0,0,0,0,0,0,0,0,0
1,1,360888,0,0,0,0,0,0,0,0,0,8
1,1,360889,3,3,3,3,3,3,3,3,3,3
2,1,360889,0,0,0,7,25,6,0,0,16,0
0,1,360890,0,0,0,12,17,19,0,25,34,0
1,1,360890,0,0,0,0,0,0,0,0,0,0
1,1,360891,0,0,0,0,0,0,0,0,0,0
2,1,360891,0,0,0,0,0,0,0,0,0,0
3,1,360891,0,0,0,15,8,0,0,0,0,0
1,1,360892,19,19,19,19,19,19,19,19,19,19
1,1,360893,17,17,17,17,17,17,17,17,17,17
1,1,360894,22,25,16,18,10,14,15,12,3,6
1,1,360895,0,0,0,0,0,0,0,0,0,0
2,1,360895,0,0,0,0,0,0,0,0,0,0
0,1,360896,23,0,0,19,16,12,20,10,26,16
1,1,360896,0,0,0,0,0,16,0,0,0,0
1,1,360897,6,0,0,0,0,0,0,0,0,0
2,1,360897,0,0,0,0,0,0,0,0,0,0
1,1,360898,0,0,0,0,0,0,0,12,0,0
2,1,360898,0,0,0,13,0,0,0,0,0,0
1,1,360899,0,0,23,0,14,6,0,0,0,0
1,1,360900,0,0,0,0,0,8,0,0,0,0
2,1,360900,0,0,0,0,0,0,0,0,0,0
1,1,360901,0,0,0,0,0,0,0,0,0,0
2,1,360901,0,6,15,16,0,0,0,10,13,15
1,1,360902,0,0,0,0,0,0,0,0,0,0
2,1,360902,0,0,0,0,0,0,0,0,0,0
1,1,360903,0,0,0,0,0,0,9,13,0,0
2,1,360903,14,0,26,0,22,11,0,0,44,14
3,1,360903,0,0,7,0,0,0,0,0,0,0
1,1,360904,17,28,11,36,20,26,16,10,14,26
2,1,360904,2,2,2,2,2,2,2,2,2,2
1,1,360905,19,16,8,6,0,10,20,17,14,15
1,1,360907,0,0,0,0,0,0,0,0,0,0
2,1,360907,6,0,15,4,0,0,0,32,6,8
3,1,360907,0,0,0,0,0,0,0,0,0,0
0,1,360908,26,26,26,26,26,26,26,26,26,26
1,1,360908,0,0,0,0,41,20,11,13,0,0
1,1,360909,0,0,0,0,0,0,0,0,0,0
2,1,360909,0,0,0,0,0,0,0,0,0,0
1,1,360910,0,0,0,11,0,0,25,0,0,0
1,1,360911,6,0,12,0,16,17,17,0,0,0
1,1,360912,0,0,0,0,0,0,0,0,0,0
2,1,360912,0,0,0,0,0,0,0,0,0,0
0,1,360913,0,24,31,16,17,28,0,0,0,0
1,1,360913,23,6,8,30,0,0,0,0,0,0
1,1,360914,11,11,11,11,11,11,11,11,11,11
1,1,360915,0,0,0,0,0,0,0,0,0,0
2,1,360915,0,0,0,4,0,0,0,0,3,0
1,1,360916,0,0,0,0,0,0,0,0,0,0
0,1,360917,0,0,0,0,0,0,0,0,0,0
1,1,360917,0,0,0,0,0,0,0,0,0,0
0,1,360918,0,14,11,15,0,34,0,0,7,0
1,1,360918,3,6,0,0,0,0,6,0,0,0
0,1,360919,0,0,0,0,0,0,0,0,0,0
1,1,360919,4,0,0,0,0,0,18,0,0,0
0,1,360920,0,0,0,0,0,0,0,0,0,0
1,1,360920,18,0,0,20,13,13,0,0,0,0
2,1,360920,0,0,0,6,15,0,0,0,0,0
1,1,360921,0,0,0,0,0,0,0,0,0,0
2,1,360921,0,0,0,0,0,0,0,0,0,0
1,1,360922,0,0,0,0,0,13,0,0,0,0
2,1,360922,0,0,0,0,0,0,0,0,0,0
1,1,360923,0,0,0,16,0,0,0,0,0,7
2,1,360923,0,12,0,22,0,0,0,0,0,0
1,1,360924,17,2,28,28,0,36,12,19,0,12
0,1,360925,0,0,0,0,0,0,0,0,0,0
1,1,360925,0,0,25,6,0,0,0,0,0,0
0,1,360926,0,0,0,0,0,0,0,0,0,0
1,1,360926,0,0,0,8,0,0,0,0,0,0
1,1,360927,21,13,9,0,15,22,0,14,0,9
2,1,360927,0,0,0,0,0,0,0,0,0,0
0,1,360928,0,0,0,0,0,0,0,0,0,0
1,1,360928,0,0,0,0,0,0,0,0,0,0
1,1,360929,16,16,16,16,16,16,16,16,16,16
0,1,360930,0,17,0,0,0,0,0,0,0,0
1,1,360930,0,8,0,0,0,15,0,0,15,14
2,1,360930,0,0,0,0,0,0,0,12,0,0
1,1,360931,0,0,0,0,0,0,0,0,0,0
1,1,360932,0,0,0,0,0,0,0,0,0,0
2,1,360932,0,0,0,0,0,0,0,0,0,0
1,1,360933,0,0,11,10,0,10,0,0,0,0
0,1,360934,0,0,0,15,0,0,0,0,0,0
1,1,360934,0,0,0,0,0,0,0,0,0,0
0,1,360935,0,0,0,0,0,0,0,0,0,0
1,1,360935,0,0,0,0,0,0,0,0,0,0
1,1,360936,12,29,6,12,14,24,14,18,12,16
2,1,360936,0,0,0,0,0,0,0,0,0,0
0,1,360937,0,0,0,0,0,0,0,0,0,0
0,2,360937,0,0,0,0,0,0,0,0,0,0
1,1,360937,0,0,12,15,17,13,8,20,18,0
1,1,360938,7,14,17,11,28,15,31,25,0,20
1,1,360939,0,0,0,0,0,0,0,0,0,0
1,1,360940,0,0,0,0,0,0,0,0,0,0
2,1,360940,0,0,0,0,28,0,0,0,0,0
3,1,360940,0,0,0,0,0,0,0,0,0,0
0,1,360941,0,0,0,0,0,0,0,0,0,0
1,1,360941,0,0,0,0,0,0,0,3,20,0
1,1,360942,21,21,21,21,21,21,21,21,21,21
2,1,360942,12,0,0,0,0,0,0,0,0,16
3,1,360942,0,0,0,0,0,0,0,0,0,0
4,1,360942,0,0,0,6,0,0,0,0,0,0
1,1,360943,13,13,13,13,13,13,13,13,13,13
0,1,360944,0,0,0,0,0,0,0,0,0,0
1,1,360944,0,0,8,0,0,0,0,0,0,0
1,1,360945,0,9,9,18,0,16,21,23,12,18
0,1,360946,0,0,0,0,0,0,0,0,0,0
1,1,360946,0,0,13,7,16,0,21,16,14,13
1,1,360947,0,15,11,12,0,10,0,0,0,10
0,1,360948,0,0,0,0,0,0,0,0,0,0
1,1,360948,0,0,0,0,15,0,0,0,0,0
1,1,360949,0,0,0,0,0,10,15,0,9,0
2,1,360949,0,0,0,0,0,0,0,0,0,0
0,1,360950,0,0,0,11,0,0,0,0,0,0
1,1,360950,0,0,0,0,7,0,5,0,0,15
0,1,360951,5,5,5,5,5,5,5,5,5,5
0,2,360951,0,0,0,14,0,32,0,0,0,30
1,1,360951,0,0,0,12,0,0,2,0,21,0
0,1,360952,0,0,0,0,0,0,0,0,0,0
1,1,360952,2,0,0,0,0,0,0,0,0,0
1,1,360953,0,0,0,0,0,0,0,0,0,0
2,1,360953,0,0,0,0,0,0,0,6,0,0
1,1,360954,0,0,0,0,0,0,0,0,0,0
2,1,360954,0,0,0,0,0,0,0,0,0,0
1,1,360955,13,18,22,13,19,2,5,0,14,13
2,1,360955,0,0,0,14,10,0,0,0,0,0
1,1,360956,5,5,5,5,5,5,5,5,5,5
1,1,360957,0,0,0,0,0,0,0,0,0,0
0,1,360958,0,0,0,0,0,0,0,0,0,0
1,1,360958,0,0,0,0,0,0,0,0,0,0
1,1,360959,23,16,0,10,5,0,0,11,11,18
1,1,360960,0,14,0,7,0,4,0,0,9,0
1,1,360961,0,0,0,0,0,0,0,0,0,0
2,1,360961,0,0,0,0,0,0,0,0,0,0
1,1,360962,0,0,0,0,0,0,0,0,0,0
1,1,360963,0,6,0,0,0,0,0,0,0,22
1,1,360964,5,5,5,5,5,5,5,5,5,5
1,1,360965,0,0,0,0,0,0,0,0,0,0
2,1,360965,0,0,0,0,0,0,0,0,0,0
1,1,360966,0,0,0,0,0,0,0,0,0,0
1,1,360967,0,0,13,0,0,0,0,0,0,0
1,1,360968,0,0,0,0,8,0,0,0,0,0
1,1,360969,0,0,18,0,7,0,0,5,0,13
1,1,360970,0,0,0,0,0,0,0,3,0,0
2,1,360970,0,0,0,0,0,0,0,0,0,0
0,1,360971,0,0,0,0,0,0,0,0,0,0
0,2,360971,0,0,0,35,0,0,0,15,0,0
1,1,360971,0,0,0,0,0,0,0,0,0,0
1,1,360972,0,0,0,0,14,0,0,0,0,0
2,1,360972,0,0,0,0,0,0,0,0,0,0
1,1,360973,0,0,0,0,0,0,0,0,0,0
1,1,360974,0,16,20,0,0,0,0,0,0,0
2,1,360974,0,0,0,0,0,10,0,0,0,0
1,1,360975,0,0,0,0,12,13,0,0,0,0
2,1,360975,0,0,0,0,0,0,0,0,0,0
1,1,360976,0,0,0,0,0,9,0,10,17,0
2,1,360976,0,0,0,0,0,0,0,7,0,0
1,1,360977,0,0,0,0,0,0,0,0,0,0
2,1,360977,0,0,0,0,0,11,0,0,0,0
1,1,360978,17,14,0,24,0,0,33,0,0,0
0,1,360979,0,0,0,0,0,0,0,0,0,0
1,1,360979,0,0,15,0,0,0,0,0,0,0
1,1,360980,18,0,21,0,0,0,9,25,0,0
2,1,360980,0,0,0,0,0,0,0,0,0,0
0,1,360981,0,0,0,0,0,0,0,0,0,0
1,1,360981,0,0,16,14,9,13,27,0,0,0
2,1,360981,0,0,0,0,14,0,15,0,0,0
1,1,360982,10,0,0,0,0,0,0,0,13,26
1,1,360983,0,0,0,0,0,0,0,0,0,0
2,1,360983,0,0,0,0,0,0,6,0,0,0
0,1,360984,6,22,0,17,0,5,0,20,6,0
1,1,360984,0,0,0,7,0,0,0,0,0,0
1,1,360985,0,0,0,0,0,0,0,0,0,0
1,1,360986,0,0,0,0,0,0,0,0,0,0
2,1,360986,0,0,0,0,0,0,0,0,0,0
1,1,360987,0,0,0,0,0,0,0,0,0,0
2,1,360987,0,0,0,0,0,0,0,0,0,0
1,1,360988,18,0,0,0,7,0,0,9,14,0
1,1,360989,15,15,15,15,15,15,15,15,15,15
1,1,360990,24,24,24,24,24,24,24,24,24,24
1,1,360991,0,0,0,0,0,0,0,0,0,0
2,1,360991,0,0,0,0,11,0,0,0,0,20
1,1,360992,0,0,0,0,0,0,0,0,0,0
2,1,360992,0,0,0,0,0,0,0,0,0,0
1,1,360993,16,21,17,0,19,0,24,0,31,0
2,1,360993,0,0,23,0,0,0,0,0,0,0
1,1,360994,0,0,0,0,0,0,0,0,0,0
0,1,360995,0,0,0,0,0,0,0,0,0,0
1,1,360995,0,31,0,23,27,24,0,16,17,0
1,1,360996,17,17,17,17,17,17,17,17,17,17
0,1,360997,7,7,7,7,7,7,7,7,7,7
1,1,360997,0,14,7,0,0,0,0,0,19,0
1,1,360998,0,0,0,0,0,0,0,0,0,0
2,1,360998,0,0,0,0,0,0,0,0,0,0
3,1,360998,0,0,0,0,0,0,0,0,0,0
1,1,360999,0,0,0,0,0,0,0,11,0,0
2,1,360999,0,0,0,0,0,0,0,0,0,0
1,1,361000,13,22,25,0,15,16,0,0,0,15
1,1,361001,0,0,9,0,0,0,0,0,0,0
1,1,361002,0,0,0,0,0,0,0,0,4,0
2,1,361002,0,0,0,0,0,0,0,0,10,0
1,1,361003,0,0,0,0,0,0,0,0,0,0
2,1,361003,0,0,0,0,0,0,0,0,0,0
1,1,361004,20,0,30,7,0,0,0,22,0,26
1,1,361005,0,0,0,0,0,0,0,0,0,0
1,1,361006,3,3,3,3,3,3,3,3,3,3
2,1,361006,0,0,0,0,0,0,0,0,0,27
0,1,361007,18,18,18,18,18,18,18,18,18,18
1,1,361007,0,0,11,0,23,0,26,0,17,0
0,1,361008,0,0,0,0,0,0,0,0,0,0
1,1,361008,0,0,0,0,0,10,18,0,0,0
1,1,361009,0,0,0,0,0,0,0,0,0,0
2,1,361009,0,0,0,0,0,0,0,0,0,0
1,1,361010,0,0,0,0,0,0,0,0,0,0
1,1,361011,20,19,13,8,0,18,13,16,24,0
1,1,361012,0,0,0,0,0,0,0,0,0,0
2,1,361012,0,13,12,0,14,0,16,10,32,8
1,1,361013,0,0,0,0,34,0,0,0,21,0
2,1,361013,0,0,0,0,0,0,0,0,0,0
1,1,361014,0,0,0,0,0,0,0,0,0,0
2,1,361014,0,0,0,0,0,0,0,0,0,0
3,1,361014,0,0,0,0,0,13,0,0,0,9
4,1,361014,0,6,0,0,0,0,0,0,0,0
1,1,361015,0,0,0,0,0,0,0,0,0,0
2,1,361015,0,0,0,0,0,0,0,0,0,0
0,1,361016,17,12,0,16,7,24,9,0,21,0
1,1,361016,0,0,0,0,0,0,0,0,0,0
0,1,361017,0,0,0,0,0,0,0,0,0,0
1,1,361017,0,0,0,0,0,0,0,0,0,0
1,1,361018,15,19,9,15,5,5,15,4,25,12
1,1,361019,0,0,0,0,0,21,0,7,0,2
2,1,361019,0,0,0,0,0,0,0,0,0,0
1,1,361020,0,0,0,0,0,0,0,0,18,0
2,1,361020,2,2,2,2,2,2,2,2,2,2
1,1,361021,0,0,0,0,0,0,0,0,0,0
1,1,361022,0,0,0,0,0,0,0,0,0,0
1,1,361023,0,0,0,0,0,0,0,0,0,0
1,1,361024,0,12,1,0,0,0,0,0,0,0
2,1,361024,8,0,0,0,0,6,0,0,0,0
3,1,361024,0,0,19,0,20,0,0,0,0,0
1,1,361025,0,0,0,11,0,0,0,0,0,0
1,1,361026,0,22,0,8,0,0,10,0,0,0
1,1,361027,0,0,0,0,0,0,0,0,0,0
1,1,361028,8,25,12,12,34,9,19,8,9,20
1,1,361029,1,1,1,1,1,1,1,1,1,1
2,1,361029,0,0,0,32,0,0,0,27,0,0
0,1,361030,0,0,28,0,0,0,0,0,0,0
1,1,361030,0,0,0,0,0,0,0,0,0,0
1,1,361031,15,14,10,13,25,20,21,11,18,17
1,1,361032,0,0,0,0,0,0,0,0,0,0
2,1,361032,0,0,0,0,0,0,0,0,0,0
1,1,361033,0,0,0,30,0,0,0,0,0,22
2,1,361033,0,0,0,0,0,0,0,0,0,0
1,1,361034,0,0,0,0,0,0,0,0,0,0
1,1,361035,0,0,0,0,0,0,0,0,0,20
2,1,361035,15,15,15,15,15,15,15,15,15,15
0,1,361036,0,0,0,0,0,0,0,0,0,0
1,1,361036,0,0,0,0,0,0,0,0,0,0
1,1,361037,21,21,21,21,21,21,21,21,21,21
1,1,361038,0,0,0,0,0,0,0,0,0,0
2,1,361038,0,0,0,0,0,0,0,0,0,0
1,1,361039,4,2,14,18,19,8,19,21,11,0
1,1,361040,22,0,24,26,8,24,0,7,0,7
1,1,361041,30,30,30,30,30,30,30,30,30,30
2,1,361041,0,0,17,27,0,37,24,0,0,0
1,1,361042,0,13,0,0,0,27,0,0,29,0
1,1,361043,0,14,11,0,0,13,0,0,0,10
2,1,361043,0,15,0,0,0,0,0,0,0,0
0,1,361044,0,0,0,0,0,0,0,0,0,0
1,1,361044,0,0,0,0,0,0,0,0,0,0
1,1,361045,0,0,26,0,0,0,0,13,0,0
2,1,361045,0,10,0,0,0,0,0,0,0,0
3,1,361045,0,0,0,22,0,21,0,0,23,0
1,1,361046,0,4,0,0,0,0,0,0,0,0
2,1,361046,0,0,0,0,0,0,0,0,0,0
1,1,361047,0,0,0,0,0,0,0,0,0,0
2,1,361047,0,0,0,17,0,0,0,0,0,0
1,1,361048,16,0,0,18,0,0,0,0,0,0
1,1,361049,0,0,0,0,0,0,0,0,20,0
2,1,361049,0,0,0,0,0,0,0,0,0,0
3,1,361049,0,0,0,0,0,0,0,0,12,0
1,1,361050,0,0,0,0,0,0,0,0,0,10
2,1,361050,6,6,6,6,6,6,6,6,6,6
0,1,361051,45,20,35,0,0,18,15,0,0,16
1,1,361051,0,0,0,0,28,0,0,0,0,0
0,1,361052,0,0,0,0,0,0,0,0,0,0
1,1,361052,0,0,0,0,0,7,0,0,0,0
0,1,361053,0,0,0,0,0,0,0,0,0,0
1,1,361053,0,0,0,0,0,0,0,0,0,0
1,1,361054,0,0,0,0,0,0,0,0,0,0
2,1,361054,0,0,0,0,0,0,0,0,0,0
1,1,361055,23,3,15,18,6,19,11,17,21,24
1,1,361056,21,22,16,11,19,22,8,43,12,29
1,1,361057,0,5,0,5,0,22,0,0,33,15
1,1,361058,0,0,0,0,0,0,0,0,0,0
0,1,361059,0,0,0,0,0,0,0,0,0,0
1,1,361059,0,0,11,0,0,0,39,16,0,5
1,1,361060,0,0,0,0,0,0,0,0,0,0
1,1,361061,0,3,0,0,0,0,0,0,0,0
1,1,361062,0,0,0,0,0,0,21,13,0,23
1,1,361063,0,0,0,0,9,0,0,0,0,0
2,1,361063,15,15,15,15,15,15,15,15,15,15
1,1,361064,10,14,4,12,16,24,5,26,21,14
2,1,361064,22,7,17,8,11,21,13,4,10,16
1,1,361065,23,1,12,29,27,16,19,13,20,17
1,1,361066,0,0,0,0,0,0,0,0,0,0
0,1,361067,0,0,0,0,0,0,0,0,0,0
0,2,361067,0,0,7,0,0,0,13,0,0,0
1,1,361067,0,0,0,0,0,0,0,0,0,0
2,1,361067,0,7,7,5,0,0,0,0,0,0
3,1,361067,0,0,0,0,0,0,0,0,0,0
0,1,361068,36,36,36,36,36,36,36,36,36,36
1,1,361068,0,0,27,0,0,0,0,0,0,0
0,1,361069,0,0,0,0,0,5,12,0,0,0
1,1,361069,0,0,0,0,0,0,0,0,0,0
1,1,361070,0,0,0,0,0,0,0,0,0,0
1,1,361071,13,16,15,9,24,14,18,0,15,24
0,1,361072,0,0,0,0,0,0,0,0,0,0
1,1,361072,0,0,0,0,0,0,0,0,0,0
1,1,361073,0,0,0,0,0,0,0,0,0,0
2,1,361073,0,0,0,0,0,0,0,0,0,0
1,1,361074,0,0,0,0,0,0,0,0,0,0
1,1,361075,0,0,0,0,0,0,0,0,0,0
2,1,361075,0,0,0,0,0,0,0,0,0,0
1,1,361076,0,0,0,0,0,0,0,0,0,0
1,1,361077,0,0,0,0,0,0,0,0,0,0
2,1,361077,0,0,0,0,11,18,0,0,0,0
1,1,361078,9,9,9,9,9,9,9,9,9,9
1,1,361079,0,0,0,0,0,23,0,0,0,0
2,1,361079,0,0,0,0,0,0,0,0,0,0
3,1,361079,0,0,0,0,0,0,0,0,0,0
4,1,361079,0,0,0,0,0,0,0,0,0,0
0,1,361080,20,20,20,20,20,20,20,20,20,20
1,1,361080,0,0,0,12,0,5,12,23,0,0
0,1,361081,0,0,0,15,21,0,0,0,0,0
1,1,361081,0,0,0,0,0,0,0,0,0,0
0,1,361082,0,0,0,0,0,0,0,0,0,0
1,1,361082,0,0,0,0,0,0,0,0,0,0
1,1,361083,7,7,7,7,7,7,7,7,7,7
1,1,361084,0,0,0,0,0,0,0,0,0,0
2,1,361084,0,6,0,0,0,0,0,0,0,0
3,1,361084,0,0,0,0,0,0,0,0,0,0
1,1,361085,0,0,0,0,0,0,25,0,0,0
2,1,361085,0,0,17,0,0,0,0,0,0,0
3,1,361085,0,0,0,0,0,0,0,0,0,0
0,1,361087,0,0,0,0,0,0,0,0,0,0
1,1,361087,0,15,0,16,0,0,0,0,0,0
1,1,361088,0,0,0,0,23,0,0,0,0,0
2,1,361088,0,0,0,0,0,0,0,0,0,0
0,1,361089,0,0,0,0,0,0,0,0,0,0
1,1,361089,20,12,17,0,0,0,0,0,0,0
1,1,361090,0,0,0,0,0,0,0,0,0,0
2,1,361090,0,0,0,0,0,0,0,6,0,0
0,1,361091,0,16,0,0,0,0,19,0,17,0
0,1,361092,0,0,11,0,0,0,0,0,0,0
1,1,361092,0,0,0,0,19,10,0,0,0,0
1,1,361093,0,0,10,0,0,0,0,0,0,0
2,1,361093,0,0,0,0,0,0,0,0,0,0
1,1,361094,0,0,0,0,0,0,0,0,0,0
1,1,361095,0,0,11,0,0,0,0,0,0,0
2,1,361095,0,0,0,0,0,0,0,0,0,0
0,1,361096,0,0,0,0,0,0,0,0,0,0
1,1,361096,0,7,14,0,0,0,0,0,0,0
2,1,361096,0,0,0,0,0,0,0,0,0,0
1,1,361097,0,0,0,5,12,0,7,0,0,0
2,1,361097,0,0,0,20,37,0,0,20,0,16
1,1,361098,0,0,0,0,0,0,0,0,0,0
1,1,361099,17,17,17,17,17,17,17,17,17,17
1,1,361100,0,0,0,0,0,0,20,0,0,0
2,1,361100,0,0,23,0,0,0,0,0,0,0
3,1,361100,0,0,0,0,0,0,0,0,5,0
4,1,361100,0,0,0,0,0,0,0,0,0,0
1,1,361101,0,0,0,0,0,0,0,21,0,0
2,1,361101,0,0,11,0,0,0,0,0,10,21
1,1,361102,12,0,0,14,11,0,24,0,8,12
1,1,361103,0,0,0,0,0,0,0,0,0,0
0,1,361104,16,0,0,21,0,0,0,0,0,0
0,2,361104,0,0,0,34,0,20,0,0,0,0
1,1,361104,6,16,27,21,15,10,19,9,11,9
1,1,361105,10,0,0,0,0,0,0,0,0,31
2,1,361105,0,0,0,0,14,0,0,0,0,0
1,1,361106,4,0,0,6,0,0,0,0,0,0
1,1,361107,17,16,13,12,15,5,13,2,18,14
2,1,361107,0,0,3,0,0,0,0,0,0,17
1,1,361108,0,0,0,0,9,0,0,0,0,26
1,1,361109,0,0,0,0,0,0,0,0,0,0
2,1,361109,10,10,10,10,10,10,10,10,10,10
1,1,361110,0,0,0,0,0,0,0,0,0,0
2,1,361110,0,0,0,0,0,0,0,0,0,0
1,1,361111,0,17,35,8,7,14,21,16,6,17
1,1,361112,17,17,17,17,17,17,17,17,17,17
0,1,361113,19,34,19,24,0,10,0,0,0,29
1,1,361113,0,0,0,6,0,0,0,0,4,14
0,1,361114,0,0,0,16,0,0,14,0,21,0
1,1,361114,0,0,0,0,0,0,0,0,0,0
1,1,361115,12,12,12,12,12,12,12,12,12,12
0,1,361116,0,37,0,15,0,26,0,0,0,0
2,1,361116,0,0,0,0,0,0,0,0,0,0
0,1,361117,0,0,0,0,0,0,0,0,0,0
1,1,361117,0,0,0,0,11,0,0,0,0,3
1,1,361118,0,0,0,0,0,0,0,0,0,0
1,1,361120,0,0,0,0,0,0,0,0,0,0
2,1,361120,0,0,0,0,0,0,0,0,0,0
1,1,361121,0,0,0,0,0,0,0,0,0,0
2,1,361121,10,0,0,8,0,10,0,0,0,7
0,1,361122,0,0,0,0,0,0,0,0,0,0
1,1,361122,0,10,0,0,0,0,0,0,0,0
0,1,361123,0,23,0,0,27,0,11,14,0,0
1,1,361123,0,0,0,0,0,0,5,0,0,0
1,1,361124,18,18,18,18,18,18,18,18,18,18
1,1,361125,0,0,0,0,0,0,0,0,0,0
2,1,361125,0,0,0,13,0,0,12,0,0,0
0,1,361126,25,25,25,25,25,25,25,25,25,25
1,1,361126,16,13,9,0,0,0,0,18,0,11
1,1,361127,30,30,30,30,30,30,30,30,30,30
1,1,361128,0,0,0,0,0,0,0,0,0,0
2,1,361128,0,0,0,19,0,20,0,0,0,0
0,1,361129,0,0,0,0,0,0,0,0,0,0
1,1,361129,0,0,15,0,0,0,0,0,0,0
1,1,361130,0,0,5,0,17,16,0,0,0,0
0,1,361131,19,12,28,10,0,0,11,15,34,23
1,1,361131,0,0,0,0,0,0,0,0,0,0
1,1,361132,0,0,0,0,0,0,0,0,0,0
2,1,361132,0,0,0,0,0,0,27,0,17,0
3,1,361132,0,0,0,0,0,19,0,0,0,0
1,1,361133,0,0,0,0,0,0,0,0,0,0
1,1,361134,0,0,0,0,0,0,0,0,0,0
0,1,361135,25,25,25,25,25,25,25,25,25,25
1,1,361135,0,0,0,0,0,0,18,0,0,0
0,1,361136,0,0,0,0,0,0,0,0,0,0
1,1,361136,0,0,0,13,0,9,0,0,0,0
1,1,361137,0,0,0,0,0,0,0,0,0,0
2,1,361137,0,0,33,0,0,0,21,0,0,0
1,1,361138,8,0,0,0,0,0,0,0,0,0
2,1,361138,0,0,0,0,0,0,0,0,0,0
1,1,361139,0,0,0,0,0,0,0,0,0,0
1,1,361140,0,0,0,0,0,0,0,0,0,0
2,1,361140,0,0,0,0,0,0,0,0,0,0
3,1,361140,0,0,0,0,0,0,0,0,0,0
1,1,361141,0,0,0,0,11,0,0,0,10,8
0,1,361142,0,0,0,0,0,0,0,0,0,0
1,1,361142,0,0,23,0,42,19,0,0,12,0
1,1,361143,12,14,14,15,10,14,10,11,15,14
1,1,361144,0,35,0,4,20,16,26,0,23,0
2,1,361144,0,26,0,0,16,14,0,0,13,0
0,1,361145,27,27,27,27,27,27,27,27,27,27
1,1,361145,0,19,0,0,0,0,0,0,0,0
1,1,361146,0,0,0,0,0,0,0,0,0,0
2,1,361146,0,0,0,0,0,0,0,0,0,0
1,1,361147,0,0,0,0,0,0,0,0,0,0
2,1,361147,0,0,0,0,0,0,0,0,0,0
0,1,361148,0,0,0,0,0,0,0,0,0,0
1,1,361148,0,0,0,0,0,0,0,0,0,0
0,1,361149,15,0,5,28,19,0,10,27,0,4
0,2,361149,0,0,0,0,0,0,0,0,0,0
1,1,361149,13,0,13,0,0,10,0,10,4,0
1,1,361150,28,28,28,28,28,28,28,28,28,28
0,1,361151,0,27,0,24,0,0,0,0,24,0
1,1,361151,0,0,0,0,0,0,0,0,0,0
0,1,361152,0,0,0,0,0,0,0,0,0,0
1,1,361152,24,0,0,0,0,0,0,0,0,0
1,1,361153,17,34,22,6,8,12,20,7,15,14
1,1,361154,12,20,0,7,0,0,18,0,25,17
1,1,361155,0,0,0,0,0,0,0,0,0,0
2,1,361155,0,0,0,0,0,12,0,0,24,0
1,1,361156,0,0,15,0,9,0,0,0,0,0
2,1,361156,5,5,5,5,5,5,5,5,5,5
0,1,361157,0,0,0,0,0,0,0,0,0,0
1,1,361157,0,0,9,0,8,0,6,0,0,0
2,1,361157,0,0,0,0,0,0,0,0,0,0
1,1,361158,10,10,10,10,10,10,10,10,10,10
1,1,361159,0,0,0,0,0,0,0,0,0,0
2,1,361159,0,0,0,0,0,0,0,0,0,0
0,1,361160,0,0,0,0,0,0,0,31,0,0
1,1,361160,0,0,0,14,15,0,0,0,0,0
1,1,361161,37,37,37,37,37,37,37,37,37,37
1,1,361162,0,0,0,0,0,0,0,0,0,0
2,1,361162,0,0,0,0,0,0,2,0,0,0
0,1,361163,0,0,0,0,0,0,0,0,0,0
1,1,361163,14,0,11,0,0,0,0,0,0,0
0,1,361164,0,0,0,0,0,0,0,0,0,0
1,1,361164,0,0,0,0,0,0,0,0,7,0
2,1,361164,6,0,0,0,0,0,0,0,0,0
0,1,361166,3,3,3,3,3,3,3,3,3,3
1,1,361166,0,0,16,0,0,0,22,0,0,14
1,1,361167,0,0,0,0,0,0,0,0,0,0
2,1,361167,11,14,12,27,24,18,12,23,22,13
1,1,361168,1,1,1,1,1,1,1,1,1,1
0,1,361169,33,33,33,33,33,33,33,33,33,33
1,1,361169,0,0,0,0,0,0,0,0,0,0
1,1,361170,0,0,0,0,0,0,0,0,14,0
1,1,361171,0,0,11,0,4,0,0,0,0,0