VEH_NO,PER_NO,ST_CASE,P1,P2,P3,P4,P5,P6,P7,P8,P9,P10
2,1,361171,0,0,0,0,0,0,0,0,0,0
1,1,361172,31,19,13,7,24,18,0,12,14,18
0,1,361173,12,12,12,12,12,12,12,12,12,12
1,1,361173,0,0,0,0,0,0,0,0,0,0
1,1,361174,0,0,0,0,0,0,0,0,0,0
1,1,361175,31,53,26,20,29,0,18,0,25,13
1,1,361176,0,0,0,0,0,0,0,0,0,0
2,1,361176,28,28,28,28,28,28,28,28,28,28
1,1,361177,0,18,0,0,0,0,0,0,0,0
2,1,361177,0,0,0,0,0,0,0,0,0,0
1,1,361179,12,0,8,20,0,13,19,18,38,6
2,1,361179,0,0,0,0,0,0,0,11,0,0
3,1,361179,0,9,0,0,0,0,0,0,0,0
0,1,361180,28,28,28,28,28,28,28,28,28,28
1,1,361180,0,0,0,16,0,11,0,0,9,0
1,1,361181,24,16,20,17,18,19,14,13,18,17
0,1,361182,0,0,0,0,0,0,0,0,0,0
1,1,361182,0,0,0,0,5,0,0,0,0,2
1,1,361183,0,0,0,0,0,0,0,0,0,18
2,1,361183,0,0,0,0,0,0,0,17,0,0
1,1,361184,0,0,0,0,0,0,0,0,0,0
2,1,361184,0,0,0,0,17,0,0,0,0,22
1,1,361185,16,0,0,0,0,10,26,19,0,0
2,1,361186,0,0,0,0,0,0,0,0,0,0
0,1,361187,0,0,0,0,0,0,0,0,0,0
1,1,361187,0,0,0,0,0,0,0,0,0,0
2,1,361187,0,0,13,0,7,0,0,0,0,16
1,1,361188,18,0,26,0,0,22,5,19,8,0
2,1,361188,0,0,0,0,0,0,0,0,0,0
0,1,361189,22,22,22,22,22,22,22,22,22,22
1,1,361189,0,0,0,0,0,0,8,7,0,0
1,1,361190,11,16,10,30,19,24,14,6,13,3
1,1,361191,0,0,0,0,0,0,0,0,0,0
1,1,361192,0,0,0,0,0,0,0,0,0,0
2,1,361192,0,0,0,0,0,0,0,12,0,0
1,1,361193,0,0,0,0,0,0,0,0,0,0
0,1,361194,9,9,9,9,9,9,9,9,9,9
1,1,361194,0,31,21,19,18,0,0,0,0,0
1,1,361195,0,0,0,0,0,0,0,0,0,0
2,1,361195,0,0,0,0,0,16,0,0,0,0
0,1,361196,0,0,0,0,0,0,0,0,0,0
1,1,361196,0,0,0,0,0,0,0,0,0,0
1,1,361197,24,15,21,22,21,18,19,19,12,16
1,1,361198,4,4,4,4,4,4,4,4,4,4
1,1,361199,0,0,19,11,0,0,0,0,0,0
1,1,361200,0,0,0,0,0,0,0,0,0,4
2,1,361200,30,0,0,0,0,0,0,0,0,0
1,1,361201,0,0,0,0,0,0,0,0,0,0
2,1,361201,0,0,0,0,0,0,0,0,0,0
1,1,361202,18,18,18,18,18,18,18,18,18,18
2,1,361202,2,2,2,2,2,2,2,2,2,2
0,1,361203,7,7,7,7,7,7,7,7,7,7
1,1,361203,0,0,0,0,0,0,0,0,0,0
1,1,361204,19,18,21,21,0,13,33,27,21,21
0,1,361205,37,37,37,37,37,37,37,37,37,37
1,1,361205,0,0,4,0,13,0,0,0,0,0
1,1,361206,14,14,14,14,14,14,14,14,14,14
1,1,361207,0,0,0,0,0,0,2,0,8,0
1,1,361208,0,0,0,0,0,0,0,0,0,0
2,1,361208,0,7,0,0,17,0,17,0,0,0
1,1,361209,0,0,0,0,0,0,0,0,0,0
2,1,361209,0,0,0,0,0,0,0,0,0,0
1,1,361210,0,0,0,0,0,0,0,0,0,0
2,1,361210,0,0,0,0,0,0,0,0,0,0
0,1,361211,10,10,10,10,10,10,10,10,10,10
1,1,361211,7,13,0,0,11,0,0,0,27,20
1,1,361212,0,0,6,10,0,0,0,0,0,0
0,1,361213,29,29,29,29,29,29,29,29,29,29
1,1,361213,17,0,0,0,0,10,0,0,8,0
2,1,361213,0,0,0,0,0,0,0,15,17,14
1,1,361214,0,0,0,0,0,0,0,0,0,0
2,1,361214,0,0,0,0,0,0,0,0,0,0
0,1,361215,20,20,20,20,20,20,20,20,20,20
1,1,361215,0,0,0,0,11,0,0,0,0,0
2,1,361215,24,13,0,0,0,0,0,0,13,20
1,1,361216,0,0,14,0,0,8,0,0,0,0
2,1,361216,0,0,0,0,0,0,0,0,0,0
1,1,361217,0,0,0,0,0,0,0,0,0,0
0,1,361218,0,0,0,0,0,0,0,0,0,0
1,1,361218,0,11,0,15,22,10,0,13,0,0
2,1,361218,0,0,29,0,0,0,0,9,0,0
1,1,361219,13,13,13,13,13,13,13,13,13,13
2,1,361219,0,0,0,0,0,0,0,0,0,0
3,1,361219,0,0,0,0,15,0,0,0,0,0
0,1,361220,0,0,0,0,0,0,0,0,0,0
1,1,361220,0,0,7,2,0,0,0,0,0,0
0,1,361221,0,0,0,0,0,0,0,0,0,0
1,1,361221,0,0,10,0,0,0,0,14,14,0
1,1,361222,12,12,12,12,12,12,12,12,12,12
1,1,361223,0,0,0,0,0,0,0,0,0,0
2,1,361223,0,0,0,0,0,0,0,0,0,0
0,1,361224,27,27,27,27,27,27,27,27,27,27
1,1,361224,0,0,0,0,0,6,0,0,0,0
2,1,361224,0,0,11,0,0,0,0,0,0,0
0,1,361225,0,0,0,0,0,0,0,0,0,0
1,1,361225,0,0,19,0,0,0,0,0,0,0
0,1,361226,0,38,0,0,0,0,0,48,15,0
1,1,361226,0,0,11,0,0,0,0,0,0,0
1,1,361227,11,19,20,11,3,8,6,29,8,13
2,1,361227,0,0,0,18,0,0,0,0,0,21
0,1,361228,24,31,0,0,0,0,0,11,19,23
1,1,361228,0,0,0,0,0,0,28,17,0,0
0,1,361229,15,0,0,13,0,0,10,16,0,18
1,1,361229,13,13,13,13,13,13,13,13,13,13
1,1,361230,0,0,0,0,0,0,0,0,0,0
2,1,361230,0,0,0,0,0,0,0,0,0,0
3,1,361230,0,0,0,0,0,5,0,0,0,0
0,1,361231,0,0,0,0,13,0,0,0,0,0
1,1,361231,0,0,0,17,0,0,0,0,0,0
1,1,361232,0,0,5,31,0,0,0,42,0,13
0,1,361233,0,20,27,4,9,0,18,0,0,0
1,1,361233,0,2,0,0,0,0,0,0,0,0
1,1,361234,0,0,0,0,0,0,0,0,0,0
2,1,361234,0,0,0,0,0,0,0,0,0,0
1,1,361235,1,1,1,1,1,1,1,1,1,1
2,1,361235,0,0,9,0,0,0,0,0,0,0
1,1,361236,0,0,0,0,0,0,0,0,0,0
2,1,361236,0,0,0,0,2,0,0,0,0,0
1,1,361237,0,0,0,0,0,0,0,0,0,0
0,1,361238,28,28,28,28,28,28,28,28,28,28
1,1,361238,0,22,0,0,17,0,0,13,0,0
1,1,361239,0,0,0,0,0,0,0,0,0,0
1,1,361240,0,0,0,0,0,0,0,0,0,0
0,1,361241,23,15,12,0,24,0,22,0,30,0
1,1,361241,0,0,16,0,20,0,0,0,0,0
1,1,361242,21,21,21,21,21,21,21,21,21,21
1,1,361243,0,20,8,9,15,0,4,5,12,4
0,1,361244,0,0,0,0,0,0,0,0,0,0
1,1,361244,0,0,0,0,9,0,9,0,0,0
1,1,361246,0,0,0,4,11,0,0,0,18,0
0,1,361247,0,0,0,5,22,0,0,0,0,0
1,1,361247,0,0,0,0,0,0,0,0,0,0
0,1,361248,0,0,0,0,0,0,0,0,0,0
1,1,361248,0,0,0,0,0,0,0,0,0,0
1,1,361249,0,0,0,0,0,0,0,0,22,0
2,1,361249,0,0,0,0,0,0,0,0,0,0
1,1,361250,1,1,1,1,1,1,1,1,1,1
0,1,361251,0,0,0,0,0,0,0,0,0,0
1,1,361251,0,0,0,0,0,0,0,0,16,0
0,1,361252,0,0,0,0,0,20,0,28,34,0
1,1,361252,0,23,0,14,0,0,0,0,0,0
1,1,361253,24,24,24,24,24,24,24,24,24,24
1,1,361254,0,0,0,0,0,0,0,0,0,0
1,1,361255,0,0,0,0,0,0,0,0,0,0
2,1,361255,0,0,0,0,0,0,0,0,0,0
1,1,361256,0,34,0,0,0,23,10,0,0,0
0,1,361257,0,0,0,0,0,0,0,0,0,0
1,1,361257,0,0,0,0,0,0,0,0,0,0
2,1,361257,8,0,0,0,0,0,0,0,0,0
0,1,361258,0,0,0,0,0,0,0,0,0,0
1,1,361258,0,15,14,23,0,0,11,8,0,0
0,1,361259,0,0,0,0,0,0,0,0,0,0
1,1,361259,22,0,0,0,0,0,0,0,29,0
0,1,361260,0,0,0,0,0,0,0,0,0,0
1,1,361260,0,0,0,0,0,0,0,13,0,0
0,1,361261,0,0,0,0,0,0,0,0,0,0
1,1,361261,0,0,0,0,0,0,0,0,0,6
0,1,361262,30,30,30,30,30,30,30,30,30,30
1,1,361262,20,0,14,0,0,0,0,0,14,0
0,1,361263,41,41,41,41,41,41,41,41,41,41
1,1,361263,0,0,0,0,0,0,0,0,15,6
1,1,361264,12,0,0,0,0,0,0,0,0,22
2,1,361264,0,0,0,0,0,0,0,0,0,0
0,1,361265,0,0,0,0,0,0,0,0,0,0
1,1,361265,0,0,12,0,0,0,0,0,0,0
1,1,361266,0,0,0,0,0,0,0,0,15,0
1,1,361267,0,0,0,0,0,0,0,0,0,0
0,1,361268,0,0,0,0,0,0,0,0,0,0
1,1,361268,0,0,0,0,0,7,18,0,0,0
0,1,361269,0,0,0,0,18,13,0,0,0,0
1,1,361269,0,0,0,20,0,0,9,0,0,0
0,1,361270,19,19,19,19,19,19,19,19,19,19
1,1,361270,13,13,14,0,15,22,40,9,14,15
0,1,361271,0,0,0,0,0,0,0,0,0,0
1,1,361271,0,0,0,0,0,0,0,0,0,0
1,1,361272,0,8,5,0,0,19,11,0,0,17
2,1,361272,0,0,27,27,0,7,0,0,0,0
0,1,361273,0,14,0,22,11,16,4,0,26,0
1,1,361273,0,10,7,0,0,0,7,0,0,0
1,1,361274,0,0,9,13,42,0,0,0,0,0
2,1,361274,0,0,0,0,0,0,0,0,0,0
0,1,361275,0,0,0,0,0,0,0,0,0,0
1,1,361275,0,0,0,0,0,0,21,0,0,22
2,1,361275,0,0,0,0,0,21,0,14,0,0
1,1,361276,0,15,0,0,0,0,0,0,0,0
2,1,361276,0,0,0,0,0,0,0,0,0,0
3,1,361276,0,0,0,0,0,0,0,0,0,0
4,1,361276,0,0,0,0,0,8,29,15,0,0
0,1,361277,0,0,0,0,0,0,0,0,0,0
1,1,361277,0,0,0,0,0,0,16,0,0,0
0,1,361278,17,0,0,0,0,0,19,0,0,0
1,1,361278,0,0,0,0,0,0,0,0,0,0
1,1,361279,0,0,0,0,0,0,0,0,0,0
1,1,361280,0,0,0,0,0,0,0,0,0,0
1,1,361281,0,0,0,0,0,0,0,0,0,0
2,1,361281,0,0,0,17,0,0,0,0,0,0
1,1,361282,0,4,0,0,0,0,0,0,0,0
0,1,361283,2,0,0,0,0,17,0,0,0,0
1,1,361283,0,0,0,0,0,0,0,0,0,0
0,1,361284,23,23,23,23,23,23,23,23,23,23
1,1,361284,0,0,0,7,0,0,0,0,27,0
0,1,361285,0,5,34,0,0,0,0,0,0,0
1,1,361285,32,7,17,0,24,0,10,0,0,0
0,1,361286,0,0,0,0,0,0,0,0,0,0
1,1,361286,0,0,15,0,0,0,0,0,0,0
0,1,361287,0,0,0,0,0,0,0,0,0,0
1,1,361287,0,0,0,0,24,0,0,0,0,0
2,1,361287,0,36,0,0,0,0,10,8,0,0
1,1,361288,9,0,10,14,8,28,0,0,3,12
1,1,361289,0,0,0,0,0,0,24,0,7,0
0,1,361290,0,0,0,0,0,0,0,0,0,0
1,1,361290,11,14,20,16,0,17,0,19,0,0
1,1,361291,0,0,5,0,0,0,0,0,0,0
2,1,361291,0,0,0,0,0,0,0,0,0,0
0,1,361292,0,30,0,0,0,0,26,0,0,0
1,1,361292,0,0,0,0,0,0,0,0,31,0
0,1,361293,0,0,0,0,0,0,0,0,0,0
1,1,361293,0,0,0,0,0,0,0,0,0,0
1,1,361294,0,0,0,0,0,0,0,0,0,0
2,1,361294,0,0,0,0,0,0,0,0,0,0
1,1,361295,0,0,0,0,0,0,0,0,0,0
2,1,361295,0,22,0,0,0,0,0,3,0,21
0,1,361296,12,0,0,0,0,0,15,0,0,0
0,2,361296,0,0,0,0,0,0,0,0,0,0
1,1,361296,29,0,0,20,0,0,0,0,16,0
1,1,361297,17,0,0,0,9,14,0,10,4,10
2,1,361297,0,0,0,0,0,0,0,0,0,0
0,1,361298,0,24,0,6,0,0,0,21,4,28
1,1,361298,0,13,0,5,10,0,13,0,12,0
0,1,361299,15,15,15,15,15,15,15,15,15,15
1,1,361299,0,0,0,0,0,0,0,14,0,0
1,1,361300,0,0,0,28,0,10,0,0,0,0
2,1,361300,0,0,0,0,0,0,0,0,0,0
1,1,361303,24,0,0,0,0,17,19,0,0,0
2,1,361303,15,2,3,13,17,15,15,8,6,8
3,1,361303,0,0,0,0,0,10,0,19,8,3
0,1,361304,0,0,0,0,0,0,0,0,0,0
1,1,361304,0,0,18,0,20,5,17,13,0,0
0,1,361305,0,0,0,0,0,0,0,0,7,0
1,1,361305,0,20,0,0,8,29,0,19,10,0
0,1,361306,0,0,0,0,27,0,0,14,0,20
1,1,361306,0,0,0,0,0,0,0,0,0,0
1,1,361307,23,0,0,0,0,0,0,0,0,16
2,1,361307,0,0,0,0,0,0,0,0,0,0
0,1,361308,0,0,0,0,0,0,0,0,0,0
1,1,361308,0,27,0,0,12,0,0,0,0,0
1,1,361310,0,0,0,0,0,0,0,0,0,0
0,1,361311,0,0,0,0,0,0,0,0,0,0
1,1,361311,0,16,16,0,0,0,0,8,8,18
1,1,361312,17,17,17,17,17,17,17,17,17,17
2,1,361312,0,0,0,0,0,20,0,0,0,0
1,1,361313,0,0,0,0,0,0,0,0,0,0
0,1,361314,0,0,0,0,0,0,0,0,0,0
1,1,361314,0,0,0,0,26,0,0,0,0,0
1,1,361315,0,0,0,0,0,0,0,0,0,0
1,1,361316,20,5,6,8,17,18,15,11,19,16
0,1,361317,0,0,0,0,0,0,0,0,0,0
1,1,361317,0,0,0,0,0,0,0,0,38,0
0,1,361318,0,0,0,0,0,0,0,0,0,0
1,1,361318,0,0,0,0,0,29,0,0,24,0
1,1,361319,17,17,17,17,17,17,17,17,17,17
2,1,361319,0,0,0,0,0,0,0,0,0,0
1,1,361320,0,0,0,0,0,0,0,0,0,0
0,1,361321,0,0,0,0,0,0,0,0,0,0
1,1,361321,0,0,0,0,0,0,0,0,0,0
1,1,361322,0,0,0,0,0,0,0,0,0,0
2,1,361322,0,0,0,0,0,0,0,0,0,0
1,1,361323,18,22,37,27,15,22,23,7,0,15
2,1,361323,17,17,17,17,17,17,17,17,17,17
1,1,361324,16,27,14,9,11,13,18,5,16,0
1,1,361325,0,0,0,0,0,0,0,0,0,0
1,1,361326,0,0,0,0,0,0,0,0,0,0
1,1,361327,0,11,0,0,0,0,0,0,0,0
2,1,361327,0,0,11,5,0,0,0,0,0,0
0,1,361328,0,0,0,0,0,0,0,0,0,0
1,1,361328,0,0,0,12,20,0,0,5,0,0
0,1,361329,0,0,0,0,0,0,0,18,0,0
1,1,361329,0,0,0,0,0,0,0,0,0,0
0,1,361330,0,0,0,0,0,0,0,0,0,0
1,1,361330,0,0,0,0,0,0,0,0,0,8
0,1,361331,0,0,0,0,0,0,0,0,0,0
1,1,361331,0,0,0,0,0,0,0,0,0,0
0,1,361332,5,5,5,5,5,5,5,5,5,5
1,1,361332,0,0,16,0,0,0,0,6,0,0
0,1,361333,0,0,0,0,0,0,0,0,0,0
1,1,361333,0,0,0,0,0,0,0,0,0,0
2,1,361333,0,0,0,6,7,12,0,0,0,0
0,1,361334,12,12,12,12,12,12,12,12,12,12
0,2,361334,15,25,40,30,0,0,0,19,24,19
1,1,361334,0,0,8,0,0,0,0,0,0,0
0,1,361335,0,0,0,0,0,0,0,0,0,0
1,1,361335,0,23,0,16,0,0,0,0,0,0
0,1,361336,0,15,0,0,0,0,0,0,0,0
1,1,361336,12,28,17,14,7,12,28,18,20,12
1,1,361337,0,0,0,0,0,0,0,0,0,18
2,1,361337,0,0,0,11,0,0,0,0,0,0
0,1,361338,0,0,0,0,0,0,0,0,0,8
1,1,361338,0,0,0,0,0,0,0,0,0,0
0,1,361339,16,16,16,16,16,16,16,16,16,16
1,1,361339,0,0,9,0,14,15,0,0,12,0
0,1,361340,0,0,0,0,0,0,0,0,0,0
1,1,361340,0,0,2,18,0,0,9,0,0,0
0,1,361341,12,0,0,0,0,21,13,14,22,0
1,1,361341,0,0,0,0,17,0,11,0,0,0
0,1,361342,0,0,0,0,0,0,0,0,0,0
1,1,361342,0,25,11,0,0,9,0,4,0,0
1,1,361343,0,5,8,16,0,18,0,16,0,28
1,1,361344,0,9,14,0,0,19,0,0,13,0
2,1,361344,23,12,16,6,12,19,14,0,9,16
0,1,361345,0,0,10,0,0,0,0,0,0,0
1,1,361345,0,0,0,0,0,0,0,0,0,0
1,1,361347,0,0,0,0,0,0,0,0,0,17
2,1,361347,0,17,16,0,0,0,0,0,0,0
3,1,361347,0,0,0,0,11,0,0,0,8,0
1,1,361348,0,0,0,0,0,0,0,0,0,0
0,1,361349,0,0,0,0,0,0,0,0,0,0
0,2,361349,0,0,0,0,0,0,0,17,0,0
0,3,361349,0,0,0,0,0,0,0,0,0,0
0,4,361349,0,0,0,0,0,0,0,0,0,0
1,1,361349,0,0,0,0,9,0,0,0,0,0
2,1,361349,0,0,0,0,0,9,0,0,0,0
1,1,361350,0,21,0,0,15,0,32,0,15,35
2,1,361350,0,0,0,0,0,0,0,0,0,0
3,1,361350,0,0,0,0,0,0,0,0,0,9
2,1,361351,15,15,15,15,15,15,15,15,15,15
1,1,361352,31,31,31,31,31,31,31,31,31,31
0,1,361353,0,0,0,0,0,14,0,0,0,0
1,1,361353,8,17,17,0,16,21,22,9,22,25
0,1,361354,43,43,43,43,43,43,43,43,43,43
1,1,361354,0,0,0,0,0,16,0,0,0,0
1,1,361355,0,0,0,0,0,0,0,0,0,0
0,1,361356,23,23,23,23,23,23,23,23,23,23
1,1,361356,0,0,0,0,0,2,12,0,24,16
0,1,361357,0,0,0,0,0,0,0,0,0,0
1,1,361357,0,0,0,20,15,0,0,0,0,0
1,1,361358,0,0,0,0,0,0,0,0,0,0
2,1,361358,0,0,0,0,0,0,0,0,0,0
1,1,361359,0,0,0,0,0,0,0,0,0,11
2,1,361359,0,0,0,0,0,0,0,0,0,0
0,1,361360,0,0,0,0,0,0,0,0,0,0
1,1,361360,0,0,17,0,8,0,0,0,0,0
1,1,361361,0,0,0,11,0,0,0,11,0,10
1,1,361362,0,0,17,19,0,25,16,0,29,0
0,1,361363,0,0,0,0,12,0,0,0,0,0
1,1,361363,0,20,7,0,0,0,0,0,0,12
1,1,361364,0,0,0,0,0,0,0,0,0,0
1,1,361365,0,0,0,0,0,11,0,0,0,0
2,1,361365,0,0,0,0,0,0,0,0,0,0
1,1,361366,0,0,0,17,0,0,0,0,15,0
2,1,361366,0,0,0,0,0,0,0,0,31,0
1,1,361367,0,18,7,0,0,0,0,0,0,11
2,1,361367,21,12,20,3,15,16,12,23,0,19
0,1,361368,6,0,17,15,19,0,28,0,28,22
1,1,361368,0,0,0,2,0,0,0,0,0,9
0,1,361369,15,0,7,0,0,9,0,17,0,11
1,1,361369,0,0,15,0,0,0,0,17,0,0
2,1,361369,11,0,0,0,0,0,0,0,0,20
0,1,361371,0,16,15,0,15,25,0,19,24,0
0,2,361371,0,0,32,0,9,4,27,0,0,0
1,1,361371,0,0,0,0,0,0,0,0,0,0
0,1,361372,0,0,0,0,0,0,0,0,0,0
1,1,361372,14,18,0,0,0,22,14,0,5,0
1,1,361373,0,14,0,0,0,0,10,0,0,0
1,1,361374,0,0,0,0,0,0,0,26,0,0
0,1,361375,13,13,13,13,13,13,13,13,13,13
1,1,361375,0,0,0,0,0,24,0,0,23,0
1,1,361376,1,1,1,1,1,1,1,1,1,1
2,1,361376,12,0,0,24,10,0,21,0,7,10
1,1,361377,0,0,0,0,0,0,0,0,0,0
1,1,361378,0,22,20,11,13,0,0,0,0,0
0,1,370001,0,0,0,0,0,0,0,0,0,0
1,1,370001,0,0,0,0,0,0,0,0,0,0
2,1,370001,0,0,0,0,0,0,0,0,0,0
1,1,370002,0,0,0,0,0,0,0,0,0,0
1,1,370003,0,0,0,0,0,0,0,0,0,0
1,1,370004,13,26,20,21,29,8,10,25,18,28
1,1,370005,21,21,21,21,21,21,21,21,21,21
1,1,370006,5,5,5,5,5,5,5,5,5,5
1,1,370007,17,17,17,17,17,17,17,17,17,17
2,1,370007,0,0,0,0,0,0,0,0,0,0
0,1,370008,0,0,0,0,0,0,0,0,0,0
1,1,370008,0,0,0,0,0,0,0,0,0,0
1,1,370009,14,14,14,14,14,14,14,14,14,14
1,1,370010,0,0,0,0,0,0,0,7,0,0
1,1,370011,0,0,0,0,0,0,0,0,0,0
2,1,370011,0,0,0,0,0,0,0,0,0,0
1,1,370012,7,0,0,0,0,0,0,0,0,0
2,1,370012,0,0,0,0,0,0,0,0,0,0
1,1,370013,7,7,7,7,7,7,7,7,7,7
1,1,370014,0,0,0,0,9,0,0,0,0,0
1,1,370015,0,0,0,0,0,0,0,0,0,0
2,1,370015,0,0,0,0,0,0,0,0,0,0
1,1,370016,0,0,0,0,0,0,0,0,0,0
2,1,370016,0,0,0,0,0,0,0,0,0,0
0,1,370017,4,4,4,4,4,4,4,4,4,4
1,1,370017,0,4,0,0,0,0,0,15,0,0
1,1,370018,16,16,16,16,16,16,16,16,16,16
1,1,370019,22,22,22,22,22,22,22,22,22,22
0,1,370020,17,14,0,10,0,19,18,0,9,14
1,1,370020,0,0,0,7,18,0,2,11,0,0
1,1,370021,0,0,0,0,0,0,0,0,0,0
1,1,370022,0,0,0,0,0,0,0,0,0,0
2,1,370022,0,0,0,0,0,0,0,0,0,0
1,1,370023,3,3,3,3,3,3,3,3,3,3
1,1,370024,0,0,0,0,0,0,0,0,0,0
2,1,370024,0,0,0,0,0,0,0,0,0,0
1,1,370025,0,0,0,0,0,0,0,0,0,0
2,1,370025,0,0,0,0,0,0,0,0,0,0
0,1,370026,0,0,0,0,0,0,0,0,0,0
1,1,370026,0,0,0,0,8,0,0,0,0,0
1,1,370027,0,0,0,0,0,0,0,0,0,0
2,1,370027,0,0,0,0,0,0,0,0,0,0
1,1,370028,14,23,13,18,14,13,30,13,30,0
2,1,370028,0,0,0,0,0,0,0,0,0,0
3,1,370028,0,0,0,0,0,0,0,0,0,0
0,1,370029,0,0,0,0,0,0,0,0,0,0
1,1,370029,0,0,0,0,0,0,0,0,0,0
1,1,370030,17,8,24,24,10,9,11,15,23,2
1,1,370031,0,0,0,0,0,0,0,0,0,0
2,1,370031,0,0,0,0,0,0,0,0,0,0
1,1,370032,21,21,21,21,21,21,21,21,21,21
1,1,370033,19,19,19,19,19,19,19,19,19,19
1,1,370034,0,0,0,0,0,0,0,0,0,0
2,1,370034,0,0,0,0,0,0,0,0,0,0
1,1,370035,9,9,9,9,9,9,9,9,9,9
1,1,370036,0,0,0,0,0,0,0,0,0,0
2,1,370036,0,0,0,0,0,0,0,0,0,0
0,1,370037,26,26,26,26,26,26,26,26,26,26
1,1,370037,0,0,0,0,0,0,0,0,0,0
1,1,370038,0,0,0,0,2,0,0,0,0,0
2,1,370038,0,0,0,0,0,0,0,0,0,0
0,1,370039,13,13,13,13,13,13,13,13,13,13
1,1,370039,0,0,0,0,0,0,0,0,0,0
1,1,370040,0,0,0,0,0,0,0,0,0,0
2,1,370040,0,0,0,0,0,0,0,0,0,0
1,1,370041,0,0,0,0,0,0,0,0,0,0
2,1,370041,0,0,0,0,0,0,0,0,0,13
1,1,370042,5,5,9,20,15,13,17,10,19,19
2,1,370042,0,0,0,0,0,0,0,0,13,0
1,1,370043,20,20,20,20,20,20,20,20,20,20
1,1,370044,0,0,0,0,0,0,0,0,0,0
2,1,370044,0,0,0,0,0,0,0,0,0,0
0,1,370045,0,0,0,0,0,0,0,0,0,0
1,1,370045,0,0,0,0,0,0,0,0,0,0
1,1,370046,0,0,0,0,0,0,0,0,0,0
1,1,370047,0,0,0,0,0,0,0,0,0,0
1,1,370048,0,0,0,0,0,0,0,0,0,0
2,1,370048,0,0,0,0,0,0,0,0,0,0
1,1,370049,12,12,14,21,26,14,9,8,0,13
1,1,370050,0,0,0,0,0,0,0,0,0,0
2,1,370050,0,0,0,0,0,0,0,0,0,0
1,1,370051,17,16,0,0,12,9,0,0,14,17
2,1,370051,0,0,0,0,0,0,0,0,0,0
1,1,370052,0,0,0,0,0,0,0,0,0,0
1,1,370053,29,29,29,29,29,29,29,29,29,29
2,1,370053,0,0,0,0,0,0,21,0,0,0
1,1,370054,0,0,0,0,0,0,0,0,0,0
2,1,370054,0,0,0,0,0,0,0,0,0,0
1,1,370055,0,0,0,0,0,0,0,0,0,0
2,1,370055,0,0,0,0,0,0,0,0,0,0
1,1,370056,32,11,15,13,0,19,0,0,0,0
1,1,370057,30,30,30,30,30,30,30,30,30,30
2,1,370057,0,0,0,0,0,0,0,0,0,0
1,1,370058,0,0,0,0,0,0,0,0,0,0
2,1,370058,0,0,0,0,0,0,0,0,0,0
3,1,370058,0,0,0,0,0,0,0,0,0,0
4,1,370058,0,0,0,0,0,0,0,0,0,0
1,1,370059,0,0,0,0,0,0,0,0,0,0
2,1,370059,0,0,0,0,0,0,0,0,0,0
0,1,370060,0,0,0,0,0,0,0,0,0,0
1,1,370060,0,0,0,0,0,0,0,0,0,0
1,1,370061,8,17,0,22,13,26,16,22,16,10
2,1,370061,0,0,0,0,0,0,0,0,0,0
1,1,370062,0,0,0,0,0,0,0,0,0,0
1,1,370063,0,0,0,0,0,0,0,0,0,0
1,1,370064,15,15,15,15,15,15,15,15,15,15
1,1,370065,20,20,20,20,20,20,20,20,20,20
1,1,370066,0,0,0,0,0,0,0,0,0,0
2,1,370066,0,0,0,0,0,0,0,0,0,0
1,1,370067,19,19,19,19,19,19,19,19,19,19
1,1,370068,0,0,0,0,0,0,0,0,0,0
2,1,370068,0,0,0,4,0,0,0,0,0,0
1,1,370069,25,25,25,25,25,25,25,25,25,25
1,1,370070,18,20,18,22,19,19,16,9,16,15
2,1,370070,0,0,0,0,0,0,0,0,0,0
1,1,370072,0,0,0,0,0,0,0,0,0,0
2,1,370072,0,0,0,0,0,0,0,0,0,0
1,1,370073,0,0,0,0,0,0,0,0,0,0
2,1,370073,0,0,0,0,0,0,0,0,0,24
1,1,370074,0,0,0,0,0,0,0,0,0,0
2,1,370074,0,15,10,7,29,9,14,14,16,13
0,1,370075,0,23,16,35,23,27,29,33,23,24
1,1,370075,12,0,0,0,0,13,0,0,0,0
0,1,370076,10,10,10,10,10,10,10,10,10,10
1,1,370076,0,0,0,0,0,0,0,0,0,0
1,1,370077,0,0,0,0,0,0,0,0,0,0
0,1,370078,22,22,22,22,22,22,22,22,22,22
1,1,370078,9,14,8,0,0,0,0,13,0,14
1,1,370079,0,0,0,0,0,0,0,0,0,0
2,1,370079,0,0,0,0,0,0,0,0,0,0
3,1,370079,0,0,0,0,0,0,0,0,0,0
4,1,370079,5,0,0,0,0,0,0,0,0,0
1,1,370080,26,8,12,10,21,0,0,9,8,22
1,1,370081,0,0,0,0,0,0,0,0,0,0
1,1,370082,0,0,0,0,0,0,0,0,0,0
2,1,370082,0,0,0,0,0,0,0,0,0,0
1,1,370083,0,0,0,0,0,0,0,0,0,0
2,1,370083,0,0,0,0,0,0,0,25,0,0
1,1,370084,8,15,21,16,23,14,37,9,37,0