VEH_NO,PER_NO,ST_CASE,P1,P2,P3,P4,P5,P6,P7,P8,P9,P10
1,1,370085,15,15,15,15,15,15,15,15,15,15
1,1,370086,0,0,0,0,0,0,0,0,0,0
1,1,370088,19,19,19,19,19,19,19,19,19,19
0,1,370089,0,0,0,0,0,0,0,0,0,0
1,1,370089,0,0,0,0,0,0,0,0,0,0
1,1,370090,0,0,0,0,0,0,0,0,0,0
1,1,370091,0,0,0,0,0,0,0,0,0,0
1,1,370092,13,13,13,13,13,13,13,13,13,13
1,1,370093,0,0,0,7,0,0,0,0,0,0
2,1,370093,0,0,0,0,12,0,0,0,0,0
0,1,370094,0,0,0,0,0,0,0,0,0,0
1,1,370094,0,0,0,0,0,0,0,0,0,0
1,1,370095,0,0,0,0,0,0,0,0,0,0
0,1,370096,9,9,9,9,9,9,9,9,9,9
1,1,370096,0,0,0,0,21,0,23,0,0,12
1,1,370097,0,0,0,0,0,0,0,0,0,0
2,1,370097,0,0,0,0,0,0,0,0,0,0
1,1,370098,0,0,0,0,0,0,0,0,0,0
0,1,370099,0,0,0,0,0,0,0,0,0,0
2,1,370099,0,0,0,0,0,0,0,0,0,0
1,1,370100,13,14,18,19,13,19,3,5,12,14
1,1,370101,27,27,27,27,27,27,27,27,27,27
1,1,370102,0,0,0,0,0,0,0,0,0,0
1,1,370103,0,0,0,0,0,0,0,0,11,0
0,1,370104,34,34,34,34,34,34,34,34,34,34
1,1,370104,0,0,0,0,16,0,0,0,0,0
1,1,370105,16,16,16,16,16,16,16,16,16,16
1,1,370106,18,18,18,18,18,18,18,18,18,18
1,1,370107,21,21,21,21,21,21,21,21,21,21
1,1,370108,0,0,0,0,0,7,0,0,0,0
1,1,370109,2,5,30,21,33,8,6,0,14,12
1,1,370110,34,34,34,34,34,34,34,34,34,34
2,1,370110,0,0,0,0,0,0,0,0,0,0
3,1,370110,0,0,0,0,0,0,0,0,0,0
1,1,370111,0,0,0,0,0,0,0,0,13,0
2,1,370111,0,0,0,0,0,0,0,0,0,0
1,1,370112,0,0,0,0,0,0,0,0,0,0
1,1,370113,0,0,0,0,0,0,0,0,0,0
2,1,370113,0,0,0,0,0,0,0,0,16,0
1,1,370114,0,0,0,0,0,0,0,0,0,0
2,1,370114,0,0,0,0,0,0,0,0,0,0
1,1,370116,0,0,0,0,0,0,0,0,0,0
1,1,370117,16,16,16,16,16,16,16,16,16,16
1,1,370118,0,0,0,0,0,0,0,0,0,0
2,1,370118,0,0,0,0,0,0,0,0,0,0
0,1,370119,0,0,0,0,0,0,0,0,0,0
1,1,370119,0,0,0,0,0,0,0,0,0,0
1,1,370120,0,0,0,0,0,0,0,0,0,0
2,1,370120,0,0,0,0,0,0,0,0,0,0
1,1,370121,0,0,0,0,0,0,0,0,0,0
2,1,370121,0,0,0,0,0,0,0,0,0,0
1,1,370122,0,0,0,0,0,0,3,17,0,0
2,1,370122,0,0,0,0,0,0,0,0,0,0
3,1,370122,0,0,0,0,0,0,0,0,0,0
1,1,370123,0,0,0,0,0,0,0,0,0,0
2,1,370123,0,0,0,0,0,0,0,0,0,0
1,1,370124,0,0,0,0,0,0,0,0,0,0
1,1,370125,12,12,12,12,12,12,12,12,12,12
0,1,370126,0,0,0,0,0,0,0,0,0,0
1,1,370126,0,0,14,0,0,0,0,0,0,0
1,1,370127,0,0,0,0,0,0,0,0,0,0
2,1,370127,0,0,0,0,0,0,0,0,0,0
1,1,370128,0,0,0,0,0,0,0,0,0,0
2,1,370128,0,0,0,0,0,0,0,0,0,0
3,1,370128,0,0,0,8,0,0,0,0,0,0
4,1,370128,0,0,0,0,0,0,0,0,0,0
1,1,370129,0,0,0,0,0,0,0,0,0,0
2,1,370129,0,0,0,0,0,0,0,0,0,0
1,1,370130,0,0,0,0,0,0,0,0,0,0
2,1,370130,0,0,0,0,0,0,0,0,0,0
1,1,370131,28,28,28,28,28,28,28,28,28,28
0,1,370132,19,19,19,19,19,19,19,19,19,19
1,1,370132,0,0,0,0,0,0,0,0,0,0
1,1,370133,19,19,19,19,19,19,19,19,19,19
1,1,370134,0,18,25,17,8,24,10,0,10,33
1,1,370135,20,20,20,20,20,20,20,20,20,20
1,1,370136,0,0,0,0,0,0,0,0,0,0
0,1,370137,0,0,0,0,0,0,0,0,0,0
1,1,370137,0,0,0,0,0,0,0,0,0,0
1,1,370138,0,0,0,0,0,0,0,0,0,0
1,1,370139,0,0,0,0,0,0,0,0,0,0
1,1,370140,0,0,0,0,0,0,0,0,0,0
2,1,370140,0,0,12,0,0,0,0,0,21,0
3,1,370140,0,0,0,0,0,0,0,0,0,0
4,1,370140,0,0,0,0,0,0,0,0,0,0
1,1,370141,0,0,0,0,0,0,0,0,0,0
1,1,370142,36,36,36,36,36,36,36,36,36,36
1,1,370143,0,0,0,0,0,0,0,0,0,0
1,1,370144,0,0,0,19,0,0,0,0,0,0
1,1,370145,14,14,14,14,14,14,14,14,14,14
1,1,370146,0,0,0,0,0,0,0,0,22,0
2,1,370146,0,0,0,0,0,0,0,0,0,0
1,1,370147,19,19,19,19,19,19,19,19,19,19
1,1,370148,16,16,16,16,16,16,16,16,16,16
1,1,370149,22,22,22,22,22,22,22,22,22,22
1,1,370150,0,0,0,0,0,0,0,0,0,0
2,1,370150,0,0,0,0,0,0,0,0,0,0
1,1,370151,26,26,26,26,26,26,26,26,26,26
2,1,370151,0,0,0,0,0,0,0,0,0,0
1,1,370152,0,0,0,0,0,0,0,0,0,0
1,1,370153,7,7,7,7,7,7,7,7,7,7
1,1,370154,0,0,0,0,0,0,0,0,0,17
1,1,370155,21,21,21,21,21,21,21,21,21,21
1,1,370156,0,0,0,0,0,0,0,0,0,0
2,1,370156,0,0,0,0,0,0,0,0,0,0
1,1,370157,22,22,22,22,22,22,22,22,22,22
1,1,370158,0,0,0,0,0,5,0,0,0,16
1,1,370159,0,0,0,0,0,0,0,0,0,0
2,1,370159,0,0,0,0,0,0,0,0,0,0
1,1,370160,10,27,10,4,3,5,13,0,10,17
2,1,370160,0,0,0,0,0,0,0,0,0,0
3,1,370160,0,0,0,0,0,0,0,0,0,0
0,1,370161,12,12,12,12,12,12,12,12,12,12
1,1,370161,5,0,0,0,0,0,0,0,0,0
0,1,370162,29,29,29,29,29,29,29,29,29,29
1,1,370162,0,0,0,0,0,0,0,0,0,0
1,1,370163,3,13,26,19,9,2,16,16,14,29
2,1,370163,0,0,0,0,0,0,0,0,0,0
1,1,370164,0,0,0,0,0,0,0,0,0,0
2,1,370164,0,0,0,0,0,0,0,0,0,0
1,1,370165,7,7,7,7,7,7,7,7,7,7
2,1,370165,0,0,0,0,0,0,0,0,0,0
1,1,370166,0,0,6,0,0,0,0,0,0,0
1,1,370167,11,11,11,11,11,11,11,11,11,11
1,1,370168,0,0,0,0,0,0,0,0,0,0
1,1,370169,0,0,0,0,0,0,0,0,0,0
1,1,370170,0,0,0,0,0,0,0,0,0,0
1,1,370171,0,0,0,0,0,0,0,0,0,0
0,1,370172,0,0,0,0,0,0,0,0,0,0
1,1,370172,0,0,0,0,0,0,0,0,0,0
1,1,370173,0,0,0,0,0,0,0,0,0,0
2,1,370173,0,0,0,0,0,0,0,0,0,0
0,1,370174,36,36,36,36,36,36,36,36,36,36
1,1,370174,0,0,0,0,0,0,0,0,0,0
1,1,370175,25,25,25,25,25,25,25,25,25,25
2,1,370175,0,0,0,0,0,0,0,0,0,0
3,1,370175,0,0,22,0,0,0,0,0,0,0
1,1,370176,0,0,0,0,0,0,0,0,0,0
2,1,370176,0,0,0,0,0,0,0,0,0,0
1,1,370177,0,0,0,0,0,0,0,0,0,0
2,1,370177,0,0,0,0,0,0,0,0,0,0
1,1,370178,0,0,0,0,0,0,0,0,0,0
2,1,370178,0,0,0,0,0,0,0,0,0,0
1,1,370179,0,0,0,0,0,0,0,0,0,0
2,1,370179,0,0,0,0,0,0,0,0,0,0
3,1,370179,0,0,0,0,0,0,0,0,0,0
1,1,370180,17,17,17,17,17,17,17,17,17,17
1,1,370181,22,22,22,22,22,22,22,22,22,22
0,1,370182,0,0,0,0,0,0,0,0,0,0
1,1,370182,0,0,0,0,0,0,0,0,0,0
1,1,370183,0,0,0,0,0,0,0,0,0,0
2,1,370183,0,0,0,0,0,0,0,0,0,0
0,1,370184,24,24,24,24,24,24,24,24,24,24
1,1,370184,0,0,0,0,0,0,0,0,0,0
1,1,370185,0,0,0,0,0,0,0,0,0,0
1,1,370186,0,0,0,0,0,0,0,0,0,0
2,1,370186,0,0,0,0,0,0,0,0,0,0
1,1,370187,0,15,0,0,20,13,14,21,16,11
2,1,370187,0,0,0,0,0,0,0,0,0,0
1,1,370189,0,0,0,0,0,0,0,0,0,0
1,1,370190,0,0,0,0,0,0,0,0,0,0
1,1,370191,0,0,0,0,0,0,0,0,0,0
2,1,370191,0,0,0,0,0,0,0,0,0,0
1,1,370192,0,0,0,0,0,0,0,0,0,0
2,1,370192,0,0,0,0,0,0,0,0,0,0
1,1,370193,0,0,0,0,0,0,0,0,0,0
2,1,370193,0,0,0,0,0,0,0,0,0,0
1,1,370194,0,0,0,0,0,0,0,0,0,0
2,1,370194,0,0,0,0,0,0,0,0,0,0
1,1,370195,0,0,0,0,0,0,0,0,0,0
2,1,370195,0,0,0,0,0,0,0,0,0,0
1,1,370196,0,0,0,0,0,0,0,0,0,0
1,1,370197,18,0,19,0,0,0,0,0,0,0
2,1,370197,0,0,0,0,0,0,0,0,0,0
1,1,370198,0,0,0,0,0,0,0,0,0,0
2,1,370198,0,0,0,0,0,0,0,0,0,0
3,1,370198,0,0,0,0,0,0,0,0,0,0
1,1,370199,7,7,7,7,7,7,7,7,7,7
1,1,370200,10,37,3,0,36,19,0,23,6,19
2,1,370200,0,0,0,0,0,0,0,0,0,0
3,1,370200,0,0,0,0,0,0,0,0,0,0
4,1,370200,0,0,0,0,0,0,0,0,0,0
5,1,370200,0,0,0,0,0,0,0,0,0,0
0,1,370201,45,43,0,29,30,6,0,0,0,0
1,1,370201,0,0,0,0,0,0,0,0,0,3
1,1,370202,30,30,30,30,30,30,30,30,30,30
1,1,370203,0,0,0,0,0,0,0,0,0,0
2,1,370203,0,0,0,0,0,0,0,0,0,0
1,1,370204,21,15,14,23,0,16,20,0,15,15
2,1,370204,0,0,0,0,0,0,0,0,0,0
1,1,370205,20,20,20,20,20,20,20,20,20,20
1,1,370206,0,9,24,0,0,0,10,22,10,9
2,1,370206,0,0,0,0,0,0,0,0,0,0
1,1,370207,0,0,0,0,0,0,0,0,0,0
2,1,370207,0,0,0,0,0,0,0,0,0,0
0,1,370208,0,0,0,0,0,0,0,0,0,0
1,1,370208,0,0,0,0,0,0,0,0,0,0
1,1,370210,9,0,0,0,0,0,0,0,0,0
1,1,370211,0,0,0,0,0,0,0,0,0,0
2,1,370211,0,0,0,6,0,0,0,0,0,0
1,1,370212,29,29,29,29,29,29,29,29,29,29
1,1,370213,15,15,15,15,15,15,15,15,15,15
1,1,370214,0,0,0,0,0,0,0,0,0,0
2,1,370214,0,0,0,0,0,0,0,0,0,0
1,1,370215,0,0,0,0,0,0,0,0,0,0
1,1,370216,0,0,0,0,0,0,0,0,0,0
1,1,370217,14,14,14,14,14,14,14,14,14,14
1,1,370218,0,0,0,0,0,0,0,0,0,0
2,1,370218,0,0,0,0,0,0,0,0,0,0
1,1,370219,0,0,0,0,0,0,0,0,0,0
1,1,370220,0,0,0,0,0,0,0,0,0,0
2,1,370220,0,0,0,0,0,0,0,0,0,0
1,1,370221,20,20,20,20,20,20,20,20,20,20
1,1,370222,0,0,0,0,0,0,0,0,0,0
2,1,370222,1,1,1,1,1,1,1,1,1,1
3,1,370222,0,0,0,0,0,0,0,0,0,0
1,1,370223,15,15,15,15,15,15,15,15,15,15
1,1,370224,4,4,4,4,4,4,4,4,4,4
1,1,370225,5,12,5,0,0,0,0,0,0,0
1,1,370226,0,0,0,0,0,0,0,0,0,0
1,1,370227,0,0,0,0,0,0,0,0,0,0
1,1,370228,20,20,20,20,20,20,20,20,20,20
1,1,370229,0,0,0,0,0,0,0,0,0,0
2,1,370229,0,0,0,0,0,0,0,0,0,0
0,1,370230,0,0,0,0,0,0,0,0,0,0
0,2,370230,0,0,0,0,0,0,0,0,0,0
1,1,370230,0,0,10,0,0,0,0,0,0,0
1,1,370231,17,17,17,17,17,17,17,17,17,17
1,1,370232,0,0,0,0,0,0,0,0,0,0
1,1,370233,0,0,0,0,0,0,0,0,0,0
2,1,370233,0,0,0,9,0,0,0,10,0,0
1,1,370234,6,6,6,6,6,6,6,6,6,6
1,1,370235,0,0,0,0,0,0,0,0,0,0
0,1,370236,19,19,19,19,19,19,19,19,19,19
1,1,370236,0,0,0,0,0,0,0,0,0,0
1,1,370237,0,0,0,0,0,0,0,0,0,0
1,1,370238,0,0,0,0,0,0,0,0,0,0
1,1,370239,0,0,0,0,0,0,0,0,0,0
1,1,370240,0,0,0,0,0,0,0,0,0,0
1,1,370241,0,0,0,0,0,0,0,0,0,0
1,1,370242,0,0,0,0,0,0,0,0,0,0
1,1,370243,0,0,0,0,0,0,0,0,0,0
2,1,370243,0,0,0,18,0,0,0,0,0,0
1,1,370244,3,3,3,3,3,3,3,3,3,3
2,1,370244,0,0,0,0,0,0,0,0,0,0
1,1,370245,12,12,12,12,12,12,12,12,12,12
1,1,370246,28,28,28,28,28,28,28,28,28,28
2,1,370246,0,0,0,0,0,0,0,0,0,0
1,1,370247,16,16,16,16,16,16,16,16,16,16
1,1,370248,14,0,0,0,0,0,0,0,0,0
1,1,370249,19,19,19,19,19,19,19,19,19,19
1,1,370250,0,0,0,0,0,0,0,0,0,0
2,1,370250,0,0,0,0,0,34,0,0,0,0
1,1,370251,0,29,0,9,0,0,22,0,0,0
2,1,370251,8,0,0,2,0,14,2,0,0,0
1,1,370252,0,0,0,0,0,0,0,0,0,0
2,1,370252,20,20,20,20,20,20,20,20,20,20
1,1,370253,17,17,17,17,17,17,17,17,17,17
1,1,370254,0,0,0,0,0,0,0,0,0,0
2,1,370254,0,0,0,0,0,0,0,0,0,0
1,1,370255,0,0,0,0,0,0,0,0,0,0
2,1,370255,0,0,0,0,0,0,0,0,0,0
1,1,370256,0,0,0,0,0,0,0,0,0,0
2,1,370256,0,0,0,0,0,0,0,0,0,0
1,1,370257,92,92,92,92,92,92,92,92,92,92
1,1,370258,0,0,0,0,0,0,0,0,0,0
0,1,370259,0,0,0,0,0,0,0,0,0,0
1,1,370259,0,0,0,0,0,0,0,0,0,0
1,1,370260,0,0,0,0,0,0,0,0,0,0
1,1,370261,0,0,0,0,0,0,0,0,0,0
2,1,370261,0,0,0,0,0,0,0,0,0,0
1,1,370262,0,0,0,0,0,0,0,0,0,0
1,1,370263,0,0,0,0,0,0,0,0,0,0
1,1,370264,20,20,20,20,20,20,20,20,20,20
1,1,370265,18,18,18,18,18,18,18,18,18,18
1,1,370266,0,0,0,0,0,0,0,0,0,0
2,1,370266,0,0,0,0,0,0,0,0,0,0
1,1,370267,0,0,0,0,0,0,0,0,0,0
2,1,370267,0,0,0,0,0,0,0,0,0,0
3,1,370267,0,0,0,0,0,0,0,0,0,0
1,1,370268,0,0,0,0,0,0,0,0,0,0
2,1,370268,0,0,0,0,0,0,0,0,0,0
3,1,370268,0,0,0,0,0,0,0,0,0,0
1,1,370269,14,14,24,18,17,15,6,18,13,11
1,1,370270,0,0,0,0,40,0,0,0,0,0
1,1,370271,0,0,0,0,0,0,0,0,0,0
2,1,370271,0,0,0,0,0,0,0,0,0,0
1,1,370272,0,0,0,0,0,0,0,0,0,0
0,1,370273,0,0,0,0,0,0,0,0,0,0
1,1,370273,0,0,0,0,0,0,0,15,0,0
1,1,370274,0,0,0,0,0,0,0,0,0,0
2,1,370274,0,0,0,0,0,0,0,0,0,0
0,1,370275,0,0,0,0,0,0,0,0,0,0
1,1,370275,0,0,0,0,0,0,0,0,0,0
1,1,370276,0,0,0,0,0,0,0,0,0,0
2,1,370276,0,0,0,0,0,0,0,0,0,0
1,1,370277,0,0,0,0,0,0,0,0,0,0
1,1,370278,0,0,0,0,0,13,0,0,0,0
2,1,370278,0,0,0,0,0,0,0,0,0,0
1,1,370279,11,11,11,11,11,11,11,11,11,11
1,1,370280,0,0,0,0,0,0,0,0,0,0
2,1,370280,0,0,0,0,0,0,0,0,0,0
1,1,370281,14,14,14,14,14,14,14,14,14,14
1,1,370282,16,16,16,16,16,16,16,16,16,16
1,1,370283,17,17,17,17,17,17,17,17,17,17
0,1,370284,0,0,0,0,0,0,0,0,0,0
1,1,370284,0,0,0,0,0,0,0,0,0,0
1,1,370285,14,14,14,14,14,14,14,14,14,14
0,1,370286,26,16,27,20,38,27,24,19,0,0
1,1,370286,29,17,0,14,10,11,7,28,25,7
1,1,370287,21,21,21,21,21,21,21,21,21,21
0,1,370288,0,0,0,0,0,0,0,0,0,0
1,1,370288,0,0,0,0,0,0,0,0,0,0
1,1,370289,0,0,0,0,0,0,0,0,0,0
2,1,370289,0,0,0,0,0,0,0,0,0,0
1,1,370290,0,0,0,0,0,0,0,0,0,0
1,1,370291,0,0,0,0,0,0,0,0,0,0
1,1,370292,19,19,19,19,19,19,19,19,19,19
1,1,370293,0,0,0,0,0,0,0,0,0,0
2,1,370293,0,0,0,0,0,0,0,29,0,11
1,1,370294,40,26,17,30,19,47,13,21,25,23
1,1,370295,27,27,27,27,27,27,27,27,27,27
1,1,370296,0,0,0,0,0,0,0,0,0,0
2,1,370296,0,0,0,0,0,0,0,0,17,0
0,1,370297,24,24,24,24,24,24,24,24,24,24
1,1,370297,0,0,0,0,0,0,0,0,0,0
1,1,370298,0,0,0,0,0,0,0,0,0,0
1,1,370299,0,0,0,0,0,0,0,0,0,0
2,1,370299,0,0,0,0,0,0,0,0,0,0
0,1,370300,0,0,0,0,0,0,0,0,0,0
0,2,370300,0,0,0,0,0,0,0,0,0,0
1,1,370300,0,0,0,0,0,0,0,0,0,0
1,1,370301,0,0,0,0,0,0,0,23,0,0
1,1,370302,0,0,0,0,0,0,0,0,0,0
2,1,370302,0,0,0,0,0,0,0,0,0,0
3,1,370302,0,0,0,0,0,0,11,0,0,0
1,1,370303,0,0,0,0,0,0,0,0,0,0
2,1,370303,0,0,0,0,0,0,0,0,0,0
1,1,370304,23,23,23,23,23,23,23,23,23,23
1,1,370305,14,14,14,14,14,14,14,14,14,14
1,1,370306,0,0,0,0,0,0,0,0,0,0
1,1,370307,0,0,0,0,0,0,0,0,0,0
1,1,370308,0,10,0,0,0,0,0,0,0,0
1,1,370309,4,14,9,13,4,13,14,12,23,26
2,1,370309,0,0,0,0,0,0,0,0,0,0
1,1,370310,22,22,22,22,22,22,22,22,22,22
1,1,370311,14,14,0,12,5,0,2,9,11,21
2,1,370311,3,3,3,3,3,3,3,3,3,3
1,1,370312,0,0,0,0,0,0,0,0,0,0
0,1,370313,32,32,32,32,32,32,32,32,32,32
1,1,370313,0,7,8,22,9,7,0,22,20,0
1,1,370314,0,0,0,0,0,0,0,0,0,0
1,1,370315,0,0,0,0,0,0,0,0,0,0
2,1,370315,0,0,11,0,0,0,0,0,0,0
1,1,370316,0,0,0,0,0,0,0,0,0,0
2,1,370316,0,0,0,0,0,0,0,0,0,0
3,1,370316,0,0,0,0,0,0,0,0,0,0
4,1,370316,0,0,0,0,0,0,0,0,0,0
0,1,370317,0,0,0,0,0,0,0,0,0,8
1,1,370317,0,0,0,0,0,0,0,0,0,0
1,1,370318,0,0,0,0,0,0,0,0,0,0
1,1,370319,0,0,0,0,0,0,0,0,0,0
2,1,370319,0,0,0,0,0,0,0,0,0,0
1,1,370320,0,0,0,0,0,0,0,0,0,0
1,1,370321,0,0,0,0,0,0,0,0,0,0
2,1,370321,0,0,0,0,0,0,0,0,0,0
1,1,370322,0,0,0,0,0,0,0,0,0,0
1,1,370323,0,0,0,0,0,0,0,0,0,0
2,1,370323,0,0,0,0,0,0,0,0,0,0
1,1,370324,17,17,17,17,17,17,17,17,17,17
1,1,370325,0,0,0,0,0,0,0,0,0,0
1,1,370326,0,0,0,0,0,0,0,0,0,0
1,1,370327,14,12,17,0,15,9,24,13,15,8
1,1,370328,0,0,0,0,0,0,0,0,0,0
2,1,370328,0,0,0,0,0,0,0,0,0,0
3,1,370328,0,0,0,0,0,0,0,0,0,0
1,1,370329,24,24,24,24,24,24,24,24,24,24
1,1,370330,0,0,0,0,0,0,0,0,0,0
1,1,370331,0,0,0,0,0,0,0,0,0,0
1,1,370332,0,0,0,0,0,0,0,0,0,0
2,1,370332,0,0,0,0,0,0,0,0,0,0
1,1,370333,0,0,0,0,0,0,0,0,0,0
1,1,370334,0,0,0,0,0,0,0,0,0,0
1,1,370335,0,0,0,0,0,0,0,0,0,0
2,1,370335,0,0,0,0,0,0,0,0,0,7
1,1,370336,17,17,17,17,17,17,17,17,17,17
0,1,370337,0,0,0,0,0,0,0,0,0,0
1,1,370337,0,0,0,0,0,0,0,0,0,0
1,1,370338,0,0,0,0,0,0,0,0,0,0
1,1,370339,0,0,0,0,0,0,0,0,0,0
1,1,370340,21,21,21,21,21,21,21,21,21,21
1,1,370341,0,0,0,0,0,0,0,0,0,0
2,1,370341,0,0,0,0,0,0,0,0,0,0
1,1,370342,30,30,30,30,30,30,30,30,30,30
1,1,370343,0,0,0,0,0,0,0,0,0,0
2,1,370343,0,0,0,0,0,0,0,0,0,0
1,1,370344,0,0,0,0,0,0,0,0,0,0
1,1,370345,0,0,0,0,0,0,0,0,0,0
2,1,370345,0,0,0,14,0,0,0,0,0,0
0,1,370346,0,0,0,0,0,0,0,0,0,0
1,1,370346,0,0,8,0,0,0,0,0,16,0
1,1,370347,0,0,0,0,0,0,0,0,0,0
1,1,370348,0,0,0,0,0,0,0,0,0,0
2,1,370348,0,0,0,0,0,0,0,0,0,0
3,1,370348,0,0,0,0,0,0,0,0,0,0
1,1,370349,0,0,0,0,0,0,0,0,0,0
1,1,370350,5,5,5,5,5,5,5,5,5,5
1,1,370351,33,28,9,18,21,0,14,8,21,16
0,1,370352,0,0,0,0,0,0,0,0,0,0
1,1,370352,0,0,18,0,0,0,0,0,0,0
1,1,370353,0,0,0,0,0,0,0,0,0,0
2,1,370353,0,0,0,0,0,0,0,0,0,0
1,1,370354,0,0,0,0,0,0,0,0,0,0
2,1,370354,0,0,0,16,0,0,0,0,0,29
1,1,370355,0,0,0,0,0,0,0,0,0,0
1,1,370356,15,15,15,15,15,15,15,15,15,15
1,1,370357,0,0,0,0,0,0,0,0,0,0
1,1,370358,0,0,0,0,0,0,0,0,0,0
2,1,370358,0,0,0,0,0,0,0,0,0,0
1,1,370359,24,24,24,24,24,24,24,24,24,24
0,1,370360,35,35,35,35,35,35,35,35,35,35
1,1,370360,0,0,14,0,0,0,0,0,0,0
1,1,370361,17,17,17,17,17,17,17,17,17,17
1,1,370362,0,0,0,0,22,0,0,0,0,0
1,1,370363,7,22,12,10,34,18,0,50,17,25
2,1,370363,0,0,0,0,0,0,0,0,0,0
3,1,370363,0,0,0,0,0,0,6,0,0,0
0,1,370364,0,0,0,0,0,0,0,0,0,0
1,1,370364,0,0,0,0,0,0,0,0,0,0
1,1,370365,12,12,12,12,12,12,12,12,12,12
1,1,370366,0,0,0,0,0,0,0,0,0,0
1,1,370367,0,0,0,0,0,0,0,0,0,0
1,1,370368,0,0,0,0,0,0,0,0,0,0
1,1,370369,0,0,0,0,0,0,0,0,42,0
2,1,370369,0,0,0,0,0,0,0,0,0,0
1,1,370370,0,0,0,0,0,0,0,0,0,0
1,1,370371,0,0,0,0,0,0,0,0,0,0
2,1,370371,0,0,0,0,0,0,0,0,0,0
1,1,370372,18,18,18,18,18,18,18,18,18,18
1,1,370373,0,0,0,0,0,0,0,0,0,0
2,1,370373,0,0,0,10,0,0,16,0,0,0
1,1,370374,8,8,8,8,8,8,8,8,8,8
0,1,370375,0,0,9,12,28,23,0,19,26,0
1,1,370375,20,26,12,3,0,6,0,0,0,0
1,1,370376,2,2,2,2,2,2,2,2,2,2
1,1,370377,0,0,0,0,0,0,0,0,0,0
2,1,370377,0,0,0,0,0,0,0,0,0,0
3,1,370377,0,0,0,0,0,0,0,0,0,0
0,1,370378,0,0,0,0,0,0,0,0,0,0
1,1,370378,0,0,0,0,0,0,0,0,0,0
1,1,370379,3,3,3,3,3,3,3,3,3,3
1,1,370380,31,31,31,31,31,31,31,31,31,31
1,1,370381,0,0,0,0,0,0,0,0,0,0
2,1,370381,0,0,0,0,0,0,0,0,0,0
0,1,370382,48,48,48,48,48,48,48,48,48,48
1,1,370382,0,0,0,0,0,0,0,0,0,0
1,1,370383,0,0,0,0,0,0,0,0,0,0
2,1,370383,0,0,0,0,0,0,0,0,0,0
3,1,370383,0,0,0,0,0,0,0,0,13,20
1,1,370384,0,0,0,0,0,0,0,0,0,0
2,1,370384,0,0,0,0,0,0,22,0,0,0
1,1,370385,0,0,0,0,0,0,0,0,0,0
2,1,370385,0,0,0,0,0,0,0,0,0,0
1,1,370386,18,9,5,23,12,14,7,19,4,18
2,1,370386,0,0,0,0,0,0,0,0,0,0
1,1,370387,0,0,0,0,0,0,0,0,0,0
0,1,370388,15,15,15,15,15,15,15,15,15,15
1,1,370388,0,0,0,0,0,0,0,0,0,0
1,1,370389,0,0,0,0,0,0,0,0,0,0
1,1,370390,21,21,21,21,21,21,21,21,21,21
0,1,370391,0,0,0,0,0,0,0,0,0,0
1,1,370391,0,0,0,0,0,0,0,0,0,0
1,1,370392,0,0,0,0,0,0,0,0,0,0
2,1,370392,2,2,2,2,2,2,2,2,2,2
1,1,370393,13,13,13,13,13,13,13,13,13,13
1,1,370394,0,0,0,0,0,0,0,0,0,0
1,1,370395,0,0,0,0,0,0,0,0,0,0
2,1,370395,0,0,0,0,0,0,0,0,0,0
3,1,370395,0,0,0,0,0,0,0,0,0,0
1,1,370396,0,0,0,0,0,0,0,0,0,0
1,1,370397,0,0,0,0,0,0,0,0,0,0
2,1,370397,0,0,0,0,0,0,0,0,0,0
1,1,370398,0,0,0,0,0,0,0,0,0,0
1,1,370399,0,0,0,0,0,0,0,0,0,0
1,1,370400,0,0,0,0,0,0,0,0,0,0
2,1,370400,0,0,0,0,0,0,0,0,0,0
1,1,370401,0,0,0,0,0,0,0,0,0,0
2,1,370401,0,14,0,0,0,0,12,0,0,0
1,1,370402,9,9,9,9,9,9,9,9,9,9
1,1,370403,17,17,17,17,17,17,17,17,17,17
1,1,370404,27,27,27,27,27,27,27,27,27,27
0,1,370405,0,0,0,0,0,0,0,0,0,0
1,1,370405,0,0,0,0,0,0,0,0,0,0
1,1,370406,0,0,0,0,0,0,0,0,0,0
2,1,370406,0,0,0,0,0,0,0,0,0,0
3,1,370406,0,0,0,0,0,0,0,0,0,0
1,1,370407,0,0,0,0,0,0,0,0,0,0
0,1,370408,0,0,0,0,0,0,0,0,0,0
1,1,370408,0,0,0,0,0,0,0,0,0,0
2,1,370409,0,0,0,0,0,0,0,0,0,0
1,1,370410,0,0,0,0,0,0,0,0,0,0
2,1,370410,0,0,0,0,11,0,0,0,0,0
1,1,370411,0,0,0,0,0,0,0,0,0,0
1,1,370412,0,8,0,0,0,0,0,0,0,0
2,1,370412,0,0,0,0,0,0,0,0,0,0
1,1,370413,0,0,0,0,0,0,0,0,0,0
2,1,370413,0,0,0,0,0,0,0,0,0,0
1,1,370414,11,11,11,11,11,11,11,11,11,11
2,1,370414,0,0,0,0,0,0,0,0,0,0
1,1,370415,0,0,0,0,0,0,0,0,0,0
0,1,370416,28,17,25,20,24,15,5,14,11,14
1,1,370416,0,0,0,0,7,0,0,0,10,0