VEH_NO,PER_NO,ST_CASE,P1,P2,P3,P4,P5,P6,P7,P8,P9,P10
2,1,370740,22,16,13,17,15,14,10,9,15,5
1,1,370741,0,0,0,0,0,0,0,0,0,0
0,1,370742,0,0,0,0,0,0,0,0,0,0
1,1,370742,0,0,0,0,0,0,0,0,0,0
1,1,370743,16,0,0,0,0,0,0,0,0,0
2,1,370743,0,0,0,0,0,0,0,0,0,0
1,1,370744,0,0,0,0,0,0,0,0,0,0
1,1,370745,20,20,20,20,20,20,20,20,20,20
1,1,370746,0,0,0,0,0,0,0,0,0,0
2,1,370746,13,13,13,13,13,13,13,13,13,13
1,1,370747,0,0,0,0,0,0,0,0,0,0
0,1,370748,0,0,0,0,0,0,0,0,0,0
1,1,370748,0,0,0,0,0,0,0,0,0,0
1,1,370749,0,0,0,0,0,0,0,0,0,0
2,1,370749,0,0,0,0,0,0,0,0,0,0
0,1,370750,0,0,0,0,0,0,0,0,0,0
1,1,370750,0,0,0,0,0,0,0,0,0,0
1,1,370751,0,0,0,0,0,0,0,0,0,0
1,1,370752,0,0,0,0,0,0,0,0,0,0
2,1,370752,0,0,0,0,0,0,0,0,0,0
1,1,370753,0,0,0,0,0,0,0,0,0,0
1,1,370754,0,0,0,0,0,0,0,0,0,0
2,1,370754,15,0,0,0,0,0,0,0,0,0
1,1,370755,0,0,0,0,0,0,0,0,0,0
1,1,370756,0,0,0,0,0,0,0,0,0,0
1,1,370757,14,14,14,14,14,14,14,14,14,14
1,1,370758,7,7,7,7,7,7,7,7,7,7
1,1,370759,0,0,0,0,0,0,0,0,0,0
2,1,370759,0,0,0,0,0,0,0,0,0,0
1,1,370760,19,7,0,10,15,13,14,20,26,26
2,1,370760,0,0,0,0,0,0,0,0,0,0
1,1,370761,37,37,37,37,37,37,37,37,37,37
1,1,370762,13,13,13,13,13,13,13,13,13,13
1,1,370764,17,17,17,17,17,17,17,17,17,17
1,1,370765,0,0,0,0,0,0,0,0,0,0
1,1,370766,0,0,0,0,0,0,0,0,0,0
2,1,370766,0,0,0,0,0,0,0,0,0,0
0,1,370767,9,9,9,9,9,9,9,9,9,9
1,1,370767,0,0,8,10,0,0,0,20,0,0
1,1,370768,0,0,0,0,0,0,0,0,0,0
1,1,370769,0,0,0,0,0,0,0,0,0,0
2,1,370769,0,0,0,0,0,0,0,0,0,0
1,1,370770,0,0,0,0,0,0,0,0,0,0
1,1,370771,0,0,0,0,0,0,0,0,0,0
2,1,370771,0,0,0,0,0,0,0,0,0,0
1,1,370772,19,19,19,19,19,19,19,19,19,19
1,1,370773,0,0,0,0,0,0,0,0,0,0
2,1,370773,0,0,0,0,0,0,0,0,0,11
1,1,370774,13,13,13,13,13,13,13,13,13,13
1,1,370775,25,25,25,25,25,25,25,25,25,25
1,1,370776,0,0,0,0,0,0,0,0,0,0
2,1,370776,0,0,0,0,0,0,0,10,0,0
1,1,370777,16,16,16,16,16,16,16,16,16,16
1,1,370778,0,0,0,0,0,0,0,0,0,0
2,1,370778,0,0,0,0,0,0,0,0,0,0
1,1,370779,0,0,0,0,0,0,0,0,0,0
1,1,370780,21,21,21,21,21,21,21,21,21,21
1,1,370781,0,0,0,0,0,0,0,0,0,18
2,1,370781,0,0,0,0,0,0,0,0,0,0
3,1,370781,0,0,0,0,0,0,12,0,0,0
4,1,370781,0,0,0,0,0,0,0,0,0,0
1,1,370782,12,0,0,0,0,0,0,0,0,0
2,1,370782,0,0,0,0,0,0,0,0,0,0
1,1,370783,0,13,0,0,0,0,0,0,0,0
2,1,370783,0,0,0,0,0,0,0,0,0,0
0,1,370784,23,23,23,23,23,23,23,23,23,23
1,1,370784,0,0,0,0,0,0,0,0,0,0
1,1,370785,0,0,0,0,0,0,0,0,0,0
2,1,370785,0,0,0,0,0,0,0,0,0,0
3,1,370785,0,0,0,0,0,0,0,0,0,0
1,1,370786,0,0,0,0,0,0,0,0,0,0
1,1,370787,0,0,0,0,0,0,0,0,0,0
2,1,370787,0,0,0,0,0,0,0,0,0,0
1,1,370788,0,0,0,0,0,0,0,0,0,0
2,1,370788,0,0,0,0,0,0,0,0,0,0
1,1,370789,0,0,0,0,0,0,0,0,0,0
2,1,370789,0,0,0,0,0,0,0,0,0,0
3,1,370789,0,0,0,0,0,0,0,0,0,0
1,1,370790,0,0,0,0,0,0,0,7,0,0
2,1,370790,0,0,0,0,0,0,0,9,0,0
1,1,370791,0,0,0,0,0,0,0,0,0,0
2,1,370791,14,14,14,14,14,14,14,14,14,14
1,1,370792,0,0,0,0,0,0,0,0,0,0
2,1,370792,0,0,0,0,0,0,0,0,0,0
1,1,370793,0,0,0,0,0,0,13,0,0,0
1,1,370794,0,0,0,0,0,0,0,0,0,0
2,1,370794,0,0,0,0,0,0,0,0,0,0
1,1,370795,12,12,12,12,12,12,12,12,12,12
1,1,370796,0,0,0,0,0,0,0,0,0,0
2,1,370796,0,0,0,0,0,0,0,0,0,0
1,1,370797,0,0,0,0,0,0,0,0,0,0
1,1,370798,0,0,0,0,0,0,0,0,0,0
1,1,370799,36,18,23,19,31,35,16,19,22,23
1,1,370800,0,0,0,0,0,0,0,0,0,0
2,1,370800,0,0,0,0,0,0,0,0,0,0
1,1,370801,0,0,0,0,0,0,0,0,0,0
2,1,370801,0,0,0,0,0,0,0,0,0,0
1,1,370802,4,4,4,4,4,4,4,4,4,4
1,1,370803,0,0,0,6,0,0,0,0,0,0
2,1,370803,0,0,0,0,0,0,0,0,0,0
1,1,370804,0,0,0,0,0,0,0,0,0,0
1,1,370805,26,26,26,26,26,26,26,26,26,26
2,1,370805,0,0,0,0,0,0,0,0,0,0
3,1,370805,0,0,4,0,15,0,0,0,0,0
0,1,370806,26,26,26,26,26,26,26,26,26,26
1,1,370806,0,0,0,6,0,0,0,23,12,0
1,1,370807,0,0,0,0,0,0,0,0,0,0
2,1,370807,0,0,8,0,0,8,0,0,0,0
0,1,370808,18,18,18,18,18,18,18,18,18,18
1,1,370808,16,16,16,16,16,16,16,16,16,16
1,1,370809,0,0,0,0,0,0,0,0,0,0
2,1,370809,0,0,0,0,0,0,0,19,0,0
1,1,370810,18,18,18,18,18,18,18,18,18,18
2,1,370810,0,0,0,0,0,0,15,0,0,0
0,1,370811,21,21,21,21,21,21,21,21,21,21
1,1,370811,0,0,0,0,0,0,0,0,0,0
1,1,370812,11,11,11,11,11,11,11,11,11,11
2,1,370812,0,0,0,29,0,12,0,0,0,0
1,1,370813,0,0,0,0,0,0,0,0,0,0
2,1,370813,0,0,0,0,0,0,0,0,0,0
1,1,370814,17,17,17,17,17,17,17,17,17,17
1,1,370815,0,0,0,0,0,0,0,0,0,0
2,1,370815,0,0,0,0,0,0,0,0,0,0
1,1,370816,18,15,15,2,15,26,9,7,14,15
1,1,370817,0,0,0,0,0,0,0,0,0,0
1,1,370818,13,13,13,13,13,13,13,13,13,13
1,1,370819,0,0,0,0,0,0,0,0,0,0
2,1,370819,0,0,0,0,0,0,0,0,0,0
1,1,370820,0,0,0,0,0,0,0,0,0,0
1,1,370821,0,0,0,0,0,0,0,0,0,0
2,1,370821,0,0,0,0,0,0,0,0,0,0
1,1,370822,0,0,0,0,0,0,0,0,0,20
2,1,370822,0,0,0,0,0,0,0,0,0,0
1,1,370823,0,0,0,0,0,0,0,0,0,0
0,1,370824,0,0,0,0,0,0,0,0,0,0
1,1,370824,0,0,0,0,0,0,0,0,0,0
1,1,370825,10,0,19,14,8,26,12,22,0,14
1,1,370826,0,0,0,11,0,0,0,0,0,0
1,1,370827,11,11,11,11,11,11,11,11,11,11
1,1,370828,0,0,0,0,0,0,0,0,0,0
2,1,370828,0,0,0,0,0,0,0,0,0,0
1,1,370829,0,0,0,0,0,0,0,0,0,0
2,1,370829,24,24,24,24,24,24,24,24,24,24
1,1,370830,0,15,10,20,9,17,8,28,27,0
2,1,370830,20,18,8,0,12,11,15,22,13,12
1,1,370831,12,9,4,0,10,0,9,0,8,2
1,1,370832,0,0,0,0,0,0,0,0,0,0
2,1,370832,0,0,0,10,0,0,0,0,0,0
1,1,370833,19,19,19,19,19,19,19,19,19,19
1,1,370834,0,0,0,0,0,0,0,0,0,0
2,1,370834,18,18,18,18,18,18,18,18,18,18
1,1,370835,0,0,0,0,0,0,0,0,0,0
2,1,370835,0,0,0,0,0,0,0,0,0,0
1,1,370836,0,0,0,0,0,0,0,0,0,0
2,1,370836,0,0,0,0,19,0,0,0,11,0
1,1,370837,0,0,0,0,0,14,0,0,0,0
2,1,370837,0,0,0,0,0,0,0,0,0,0
0,1,370838,0,0,0,0,0,0,0,0,0,0
1,1,370838,0,0,0,0,0,0,0,0,0,10
1,1,370839,0,0,0,0,0,0,0,0,0,0
1,1,370840,0,0,0,0,0,0,0,0,0,0
1,1,370841,28,28,28,28,28,28,28,28,28,28
2,1,370841,0,0,0,0,0,0,0,0,0,0
1,1,370842,0,21,0,0,0,0,25,20,0,0
1,1,370843,17,17,17,17,17,17,17,17,17,17
1,1,370844,0,0,0,0,0,0,0,0,0,0
2,1,370844,7,0,0,0,0,0,0,0,0,0
1,1,370845,0,0,0,0,0,0,0,0,0,0
2,1,370845,0,0,0,0,0,0,0,0,0,0
1,1,370846,34,34,34,34,34,34,34,34,34,34
1,1,370847,20,20,20,20,20,20,20,20,20,20
1,1,370848,9,0,0,0,0,0,0,0,0,0
1,1,370849,0,0,0,0,0,0,0,0,0,0
2,1,370849,0,0,0,0,0,0,0,0,0,0
0,1,370850,9,9,9,9,9,9,9,9,9,9
1,1,370850,0,0,41,0,0,0,0,0,0,0
1,1,370851,0,0,0,0,0,0,0,0,0,0
0,1,370852,30,30,30,30,30,30,30,30,30,30
1,1,370852,0,0,0,13,0,0,0,0,0,0
1,1,370853,0,0,0,0,0,0,0,0,0,0
2,1,370853,0,0,0,0,0,0,0,0,0,0
1,1,370854,19,19,19,19,19,19,19,19,19,19
1,1,370855,0,0,19,10,8,22,17,5,0,26
1,1,370856,0,0,0,0,0,0,0,0,0,0
1,1,370857,24,24,24,24,24,24,24,24,24,24
1,1,370858,0,0,0,0,0,0,0,0,0,0
0,1,370859,19,19,19,19,19,19,19,19,19,19
1,1,370859,0,0,0,11,0,22,13,0,0,0
1,1,370860,0,0,0,0,0,0,0,0,0,0
2,1,370860,0,0,0,0,0,0,0,0,0,0
1,1,370861,22,22,22,22,22,22,22,22,22,22
1,1,370862,0,14,26,35,16,28,0,0,0,0
1,1,370863,22,22,22,22,22,22,22,22,22,22
1,1,370864,0,0,0,0,0,0,0,0,0,0
0,1,370865,0,0,0,0,0,0,0,0,0,0
1,1,370865,0,17,0,0,0,0,0,0,0,0
1,1,370866,0,0,0,0,0,0,0,0,0,0
1,1,370867,0,0,0,0,0,0,0,0,0,0
1,1,370868,0,0,0,0,0,0,0,0,0,0
1,1,370869,0,0,0,0,0,0,0,0,0,0
1,1,370870,0,0,0,0,0,0,0,0,0,0
1,1,370871,0,0,0,0,0,0,0,0,0,0
2,1,370871,0,0,41,0,0,0,0,0,0,0
1,1,370872,0,0,0,0,0,0,0,0,0,0
2,1,370872,0,0,0,0,0,0,0,0,0,0
1,1,370873,26,23,16,3,10,10,14,12,20,12
0,1,370874,16,0,0,6,0,0,0,0,0,0
1,1,370874,0,0,0,0,22,0,12,0,0,0
1,1,370875,0,0,0,0,0,0,0,0,0,0
2,1,370875,0,0,0,0,0,0,0,0,0,0
1,1,370876,0,0,0,0,11,0,0,0,0,0
1,1,370877,0,0,0,0,0,0,0,6,0,0
2,1,370877,0,0,11,0,0,0,0,0,0,0
3,1,370877,0,0,0,0,0,0,0,0,0,0
1,1,370878,0,0,0,0,0,0,0,0,0,0
1,1,370879,13,0,0,0,0,0,0,0,0,0
1,1,370880,0,0,0,0,0,0,0,0,0,0
2,1,370880,0,0,0,0,0,0,0,0,0,0
1,1,370881,0,0,0,0,0,0,0,0,0,0
2,1,370881,0,0,0,0,0,0,0,0,0,0
1,1,370882,0,0,0,0,0,0,0,0,0,0
2,1,370882,0,0,0,0,0,0,17,0,0,8
0,1,370883,0,0,0,0,0,0,0,0,0,0
1,1,370883,0,0,0,0,0,0,0,14,0,0
1,1,370884,0,0,0,0,0,0,0,0,0,0
2,1,370884,0,0,0,17,0,0,5,0,0,0
1,1,370885,16,16,16,16,16,16,16,16,16,16
1,1,370886,0,0,0,0,0,0,0,0,0,0
1,1,370887,5,9,13,23,3,18,19,23,0,5
2,1,370887,0,0,14,0,0,0,0,0,0,0
1,1,370888,0,0,0,0,0,0,0,0,0,0
2,1,370888,0,0,0,0,0,0,0,0,0,0
1,1,370889,0,0,0,0,0,0,0,0,0,0
2,1,370889,0,0,0,0,0,0,0,0,0,0
1,1,370890,0,0,0,0,0,0,0,0,0,0
2,1,370890,0,0,0,0,0,0,0,0,0,0
0,1,370891,0,0,0,0,0,0,0,0,0,0
0,2,370891,0,0,0,0,0,0,0,0,0,0
1,1,370891,3,9,11,16,19,18,10,18,21,3
1,1,370892,0,0,0,0,0,0,0,0,0,0
2,1,370892,0,0,0,0,0,0,0,0,0,0
1,1,370893,0,0,0,0,0,0,0,0,0,0
2,1,370893,0,0,0,0,0,0,0,0,0,0
1,1,370894,0,5,0,0,0,0,0,0,0,0
2,1,370894,0,0,0,0,0,0,0,0,0,0
1,1,370895,19,7,14,5,6,15,16,20,15,20
1,1,370896,22,0,12,18,10,22,12,0,46,14
1,1,370897,0,0,0,0,0,0,0,0,0,0
2,1,370897,0,0,0,14,0,0,0,0,0,0
1,1,370898,12,4,16,0,0,0,0,0,4,0
1,1,370899,0,0,0,16,0,0,0,0,0,0
2,1,370899,0,0,0,0,0,0,0,0,0,0
1,1,370900,0,0,0,0,0,0,0,0,0,0
2,1,370900,15,37,19,27,14,16,13,14,0,23
3,1,370900,0,0,0,0,0,0,0,14,0,0
1,1,370901,0,0,0,0,0,0,0,0,0,0
2,1,370901,0,0,0,0,0,0,0,0,0,0
1,1,370902,0,0,0,0,0,0,0,0,0,0
2,1,370902,13,13,13,13,13,13,13,13,13,13
1,1,370903,0,0,0,0,0,0,0,0,0,0
1,1,370904,2,0,0,2,0,0,0,20,18,15
2,1,370904,0,0,0,0,0,0,0,0,0,0
1,1,370905,0,0,0,0,0,0,0,0,0,0
2,1,370905,7,7,7,7,7,7,7,7,7,7
0,1,370906,0,0,9,0,0,0,0,0,30,0
1,1,370906,15,15,0,9,16,14,45,0,16,8
1,1,370907,10,0,25,0,0,0,16,0,0,0
1,1,370908,0,0,0,0,0,0,0,0,0,0
2,1,370908,0,0,0,0,0,0,0,0,0,0
1,1,370909,0,0,0,0,0,0,6,0,0,0
1,1,370910,31,31,31,31,31,31,31,31,31,31
0,1,370911,0,0,0,0,0,0,0,0,0,0
1,1,370911,0,0,0,0,0,0,0,0,0,0
1,1,370912,0,0,0,0,0,0,0,0,0,0
2,1,370912,0,0,0,0,0,0,0,0,0,0
1,1,370913,0,0,0,0,0,0,0,0,7,0
2,1,370913,0,0,0,0,0,0,0,0,0,0
3,1,370913,13,13,13,13,13,13,13,13,13,13
1,1,370914,0,0,0,0,0,0,0,0,0,0
1,1,370915,0,0,0,0,0,0,0,0,0,0
2,1,370915,0,0,0,0,0,0,0,0,0,0
1,1,370916,0,0,0,0,0,0,0,0,0,0
2,1,370916,0,0,0,0,0,0,0,0,0,0
1,1,370917,0,0,0,0,0,0,0,0,0,0
1,1,370918,0,0,0,0,0,0,0,0,0,0
2,1,370918,0,0,0,0,0,0,0,0,0,0
3,1,370918,0,0,0,0,0,0,0,0,0,0
4,1,370918,0,0,0,0,0,0,0,0,0,0
1,1,370919,0,0,0,0,0,0,0,0,0,0
2,1,370919,0,0,0,0,0,0,0,0,0,0
3,1,370919,0,0,0,0,0,0,0,0,0,0
1,1,370920,0,0,0,0,0,0,0,0,0,0
2,1,370920,0,0,0,0,0,0,0,10,0,0
1,1,370921,0,0,0,0,0,0,0,0,0,0
2,1,370921,18,0,0,0,29,0,0,10,17,0
1,1,370923,0,0,0,0,0,0,7,0,0,0
1,1,370924,0,0,0,0,0,0,7,0,0,0
2,1,370924,0,0,0,0,0,0,0,0,0,0
1,1,370925,0,0,0,0,0,0,0,0,0,0
2,1,370925,0,0,0,0,0,0,0,0,0,0
1,1,370926,26,26,26,26,26,26,26,26,26,26
1,1,370927,0,0,0,0,0,0,0,0,0,0
1,1,370928,18,20,10,7,26,11,14,21,8,11
2,1,370928,0,0,0,0,0,0,0,0,0,0
3,1,370928,0,0,0,0,0,9,0,0,5,0
1,1,370929,0,0,0,0,0,0,0,0,0,0
2,1,370929,0,0,0,0,0,0,0,0,0,0
1,1,370930,0,0,0,0,0,0,0,0,0,0
0,1,370931,18,0,15,39,0,0,13,22,0,29
1,1,370931,17,27,12,17,12,17,0,30,11,8
1,1,370932,0,0,0,0,0,0,0,0,0,0
1,1,370933,0,0,0,0,0,0,0,0,0,0
1,1,370934,7,16,17,18,24,17,21,13,18,15
2,1,370934,0,4,0,0,0,22,0,0,0,4
1,1,370935,0,0,0,0,0,0,0,0,0,0
1,1,370936,0,0,0,0,0,0,0,0,0,0
1,1,370937,0,0,0,0,22,0,0,0,0,0
2,1,370937,0,0,0,0,0,0,0,0,0,0
3,1,370937,0,0,0,0,0,0,0,0,0,0
1,1,370938,0,0,0,0,0,0,0,0,0,0
2,1,370938,0,0,0,0,0,0,0,0,0,0
1,1,370939,0,0,0,0,0,0,0,0,0,0
2,1,370939,0,0,0,0,0,0,0,0,0,0
3,1,370939,0,0,0,0,0,0,0,0,0,0
4,1,370939,0,0,0,0,0,0,0,0,0,0
1,1,370940,0,5,0,0,0,0,0,0,0,0
2,1,370940,0,0,0,0,0,0,0,0,0,0
3,1,370940,0,0,0,0,0,0,0,0,0,0
1,1,370941,23,23,23,23,23,23,23,23,23,23
1,1,370942,0,0,0,0,0,0,0,0,0,0
0,1,370943,0,0,17,0,0,24,0,0,0,0
1,1,370943,0,0,6,0,0,0,0,0,0,0
1,1,370944,0,0,0,0,0,0,0,0,0,0
2,1,370944,0,0,0,0,0,0,0,0,0,0
1,1,370945,0,0,0,0,0,0,0,0,0,0
2,1,370945,0,0,0,7,0,0,0,0,0,0
0,1,370946,0,0,0,0,0,0,0,0,0,0
1,1,370946,0,0,0,0,0,0,0,0,12,0
0,1,370947,14,0,0,0,18,0,14,0,0,0
1,1,370947,0,13,0,0,0,27,0,10,0,0
1,1,370948,22,20,33,26,15,11,12,4,18,15
1,1,370949,0,0,0,0,0,0,0,0,0,0
0,1,370950,3,44,20,24,21,37,22,0,47,9
1,1,370950,0,0,0,0,0,0,0,0,0,0
1,1,370951,22,10,10,17,22,13,6,19,21,19
1,1,370952,0,0,0,0,0,0,0,0,0,0
2,1,370952,0,0,0,0,0,0,0,0,0,0
3,1,370952,0,0,0,0,0,0,0,0,0,0
1,1,370953,0,0,0,0,0,0,0,0,25,0
1,1,370954,0,0,0,0,0,0,0,0,0,0
2,1,370954,0,0,0,0,0,0,0,0,0,0
1,1,370955,0,0,0,0,0,0,0,0,0,0
2,1,370955,0,0,0,0,0,0,0,0,0,0
1,1,370956,0,0,0,0,0,0,0,0,42,21
0,1,370957,0,0,0,0,0,0,0,0,0,0
1,1,370957,5,0,0,0,0,0,0,0,0,0
1,1,370958,0,0,0,0,0,0,0,0,0,0
0,1,370959,21,21,21,21,21,21,21,21,21,21
1,1,370959,0,0,0,0,0,0,0,0,0,0
1,1,370960,0,0,0,0,0,0,0,0,0,0
1,1,370961,0,0,0,0,0,0,0,0,0,0
2,1,370961,0,0,0,0,0,0,0,0,0,0
1,1,370962,11,11,11,11,11,11,11,11,11,11
1,1,370963,0,0,0,0,0,0,0,0,0,0
2,1,370963,0,0,0,0,0,0,0,0,0,0
1,1,370964,0,0,0,0,0,0,0,0,0,0
2,1,370964,0,0,0,0,0,0,0,0,0,0
3,1,370964,0,0,0,0,0,0,0,0,0,0
4,1,370964,0,0,0,0,0,0,0,0,0,0
1,1,370965,15,0,0,20,0,27,0,0,0,0
1,1,370966,0,0,0,0,0,0,0,0,0,0
1,1,370967,0,0,0,0,0,0,0,0,0,0
2,1,370967,0,0,0,0,0,0,0,0,0,0
1,1,370968,0,0,0,0,0,0,0,0,0,0
1,1,370969,0,0,0,0,0,0,0,0,0,0
2,1,370969,0,0,0,0,0,0,0,0,0,0
3,1,370969,0,0,0,0,0,0,0,0,0,0
1,1,370970,0,0,0,0,0,0,0,0,0,0
2,1,370970,0,0,0,0,0,0,0,0,0,0
1,1,370971,0,0,0,0,0,0,0,0,0,0
2,1,370971,0,0,0,0,0,0,0,0,0,0
3,1,370971,0,0,0,0,18,0,0,0,0,0
0,1,370972,0,0,0,0,0,0,0,0,0,0
1,1,370972,0,0,0,0,0,19,0,7,0,0
1,1,370973,0,0,0,0,0,0,0,0,0,0
2,1,370973,0,0,0,0,0,0,0,0,0,0
0,1,370974,0,0,0,0,0,0,0,0,0,0
1,1,370974,0,0,16,0,0,0,0,0,0,8
1,1,370975,26,0,0,0,0,16,0,14,0,0
1,1,370976,16,16,16,16,16,16,16,16,16,16
1,1,370977,22,22,22,22,22,22,22,22,22,22
1,1,370978,0,0,0,0,0,0,0,0,0,0
2,1,370978,0,0,0,0,0,0,0,0,0,0
1,1,370979,24,24,24,24,24,24,24,24,24,24
1,1,370980,14,14,14,14,14,14,14,14,14,14
0,1,370981,0,0,0,0,0,0,0,0,0,0
2,1,370981,0,0,0,0,4,0,0,0,0,0
1,1,370982,29,29,29,29,29,29,29,29,29,29
1,1,370983,0,0,0,0,0,0,0,0,0,0
2,1,370983,11,0,0,0,0,0,0,0,0,0
1,1,370984,0,0,0,0,0,0,0,0,0,0
2,1,370984,0,0,0,0,0,0,0,0,0,0
3,1,370984,0,0,0,0,0,0,0,0,0,0
1,1,370985,2,2,2,2,2,2,2,2,2,2
2,1,370985,0,0,0,0,0,0,0,0,0,0
1,1,370986,0,0,0,0,0,0,0,0,0,0
2,1,370986,0,0,0,0,0,0,0,0,0,0
0,1,370987,4,4,4,4,4,4,4,4,4,4
1,1,370987,0,0,0,0,0,0,0,0,8,0
1,1,370988,11,26,0,12,0,0,10,0,0,0
1,1,370989,0,0,0,0,0,6,0,0,0,0
1,1,370990,16,16,16,16,16,16,16,16,16,16
2,1,370990,0,0,0,0,0,0,0,0,0,0
1,1,370991,0,0,0,0,0,0,0,0,32,9
2,1,370991,13,13,13,13,13,13,13,13,13,13
1,1,370992,0,0,0,0,0,0,0,0,0,0
2,1,370992,0,0,14,0,0,0,0,0,0,0
0,1,370993,31,31,31,31,31,31,31,31,31,31
1,1,370993,0,0,0,0,0,0,0,0,0,0
1,1,370994,16,16,16,16,16,16,16,16,16,16
1,1,370995,0,0,0,0,0,0,0,0,0,0
1,1,370996,0,0,0,0,0,0,0,0,0,0
2,1,370996,0,0,0,0,0,0,0,0,0,0
0,1,370997,15,15,15,15,15,15,15,15,15,15
1,1,370997,8,8,8,8,8,8,8,8,8,8
1,1,370998,0,0,0,0,0,0,0,0,0,0
0,1,370999,0,0,0,0,0,0,0,0,0,0
1,1,370999,0,0,0,0,0,0,0,0,0,0
0,1,371000,11,11,11,11,11,11,11,11,11,11
1,1,371000,0,0,0,0,0,0,0,0,0,0
1,1,371001,24,8,16,13,0,26,19,8,14,9
2,1,371001,0,0,0,0,0,0,0,0,0,0
0,1,371002,0,0,0,0,0,0,0,0,0,0
0,2,371002,0,0,0,0,0,0,0,0,0,0
1,1,371002,0,0,0,0,0,0,0,0,0,0
1,1,371003,0,0,0,0,8,0,0,0,0,0
2,1,371003,0,0,0,0,0,0,0,0,0,0
1,1,371004,9,9,9,9,9,9,9,9,9,9
0,1,371005,0,0,0,0,0,0,0,0,0,0
1,1,371005,0,0,0,0,0,5,0,0,0,0
1,1,371006,29,0,0,0,0,0,0,0,0,0
2,1,371006,0,0,0,0,0,0,0,0,0,0
1,1,371007,0,0,0,0,0,0,0,0,0,0
1,1,371008,0,0,0,0,0,0,0,0,0,0
2,1,371008,0,0,0,0,0,0,0,0,0,0
1,1,371009,16,16,16,16,16,16,16,16,16,16
1,1,371010,0,0,0,0,0,0,0,0,0,0
2,1,371010,0,0,0,0,0,0,0,0,0,0
1,1,371011,0,0,0,0,0,19,0,0,0,0
2,1,371011,0,0,0,0,0,0,0,0,0,0
3,1,371011,0,0,0,0,0,0,0,0,0,0
1,1,371012,0,0,0,0,0,0,0,0,0,0
2,1,371012,6,0,0,0,0,0,0,0,0,17
1,1,371013,2,2,2,2,2,2,2,2,2,2
1,1,371014,0,0,0,0,0,0,0,0,0,0
0,1,371015,0,0,0,0,0,0,0,0,0,0
1,1,371015,0,0,0,0,0,0,0,0,0,0
1,1,371016,0,0,0,0,0,0,0,0,0,0
2,1,371016,0,0,0,0,0,0,0,0,0,0
1,1,371017,27,27,27,27,27,27,27,27,27,27
1,1,371018,0,0,0,0,0,0,0,0,0,0
1,1,371019,30,30,30,30,30,30,30,30,30,30
0,1,371020,0,0,0,0,0,0,0,0,0,0
1,1,371020,0,0,0,0,0,0,0,0,0,0
1,1,371021,14,14,14,14,14,14,14,14,14,14
1,1,371022,2,2,2,2,2,2,2,2,2,2
1,1,371023,0,0,0,0,0,0,0,0,0,0
2,1,371023,0,0,0,0,0,0,0,0,0,0
1,1,371024,17,31,8,16,30,21,22,15,16,14
1,1,371025,0,0,0,0,0,0,0,0,0,0
2,1,371025,0,0,0,0,0,0,0,0,0,0
1,1,371026,0,0,0,0,0,0,0,0,0,0
2,1,371026,0,0,0,0,0,0,0,0,0,11
1,1,371027,0,0,0,0,0,22,0,0,0,0
1,1,371028,0,0,0,0,0,0,0,0,0,0
2,1,371028,0,0,0,0,0,0,0,0,0,0
1,1,371029,0,0,0,0,0,0,0,0,0,0
2,1,371029,0,0,0,0,0,0,0,0,0,0
1,1,371030,0,0,0,0,0,0,0,0,0,0
1,1,371031,11,14,19,39,20,8,13,36,23,21
1,1,371032,18,18,18,18,18,18,18,18,18,18
1,1,371033,0,0,0,0,0,0,0,0,0,0
2,1,371033,0,0,0,0,0,0,0,0,0,0
1,1,371034,0,0,0,0,0,0,0,0,0,0
1,1,371035,29,29,29,29,29,29,29,29,29,29
0,1,371036,26,11,14,31,5,0,23,13,0,0
1,1,371036,0,2,8,19,21,0,16,0,0,0
1,1,371037,0,0,0,0,0,0,0,0,0,0
2,1,371037,0,0,0,0,0,0,0,0,0,0
1,1,371038,0,0,0,0,0,0,0,0,0,0
2,1,371038,0,0,0,0,0,0,0,0,0,0
1,1,371039,0,0,0,0,0,0,0,0,0,0
2,1,371039,0,0,0,0,0,0,0,0,0,0
1,1,371040,0,0,0,0,0,0,0,0,0,0
1,1,371041,0,0,0,0,0,0,0,0,0,0
1,1,371042,0,0,0,0,0,0,0,0,0,0
2,1,371042,0,0,0,0,0,0,0,0,0,0
3,1,371042,0,0,0,0,0,0,0,0,0,0
0,1,371043,0,0,0,0,0,0,0,0,0,0
1,1,371043,0,0,0,0,0,0,0,7,0,0
1,1,371044,14,14,14,14,14,14,14,14,14,14
1,1,371045,0,0,0,0,0,0,0,0,16,0
2,1,371045,0,0,0,0,0,0,0,0,0,0
1,1,371046,4,4,4,4,4,4,4,4,4,4
1,1,371047,0,0,0,0,0,0,0,0,0,0
2,1,371047,0,0,13,0,0,0,0,0,0,0
1,1,371048,0,0,0,0,0,0,0,0,0,0
2,1,371048,0,0,0,0,0,0,0,0,0,0
1,1,371049,0,0,0,0,0,0,0,0,0,0
1,1,371050,0,0,0,0,0,0,0,0,0,0
2,1,371050,0,0,0,0,0,0,0,0,0,0
0,1,371051,23,23,23,23,23,23,23,23,23,23
1,1,371051,11,14,14,26,8,16,21,23,28,0
2,1,371052,18,15,11,18,10,15,11,9,8,11