VEH_NO,PER_NO,ST_CASE,P1,P2,P3,P4,P5,P6,P7,P8,P9,P10
1,1,371053,23,23,23,23,23,23,23,23,23,23
1,1,371054,0,0,0,0,0,0,0,0,0,0
1,1,371055,34,34,34,34,34,34,34,34,34,34
1,1,371056,0,0,0,0,0,0,0,0,0,0
2,1,371056,0,0,0,0,0,0,0,0,0,0
3,1,371056,0,3,0,0,0,0,0,0,0,0
1,1,371057,11,0,12,13,0,0,0,0,0,22
2,1,371057,0,0,11,5,0,0,0,0,9,0
1,1,371058,3,32,13,15,8,13,11,9,22,11
1,1,371059,0,0,0,0,0,0,0,0,0,0
2,1,371059,0,0,0,0,0,0,0,0,0,0
1,1,371060,0,0,0,0,0,0,0,0,0,0
1,1,371061,0,0,0,0,0,0,0,0,0,0
2,1,371061,0,0,8,0,0,0,0,0,0,0
1,1,371062,0,0,0,0,0,0,0,0,0,0
2,1,371062,0,0,0,0,0,0,0,0,0,0
1,1,371063,9,9,9,9,9,9,9,9,9,9
1,1,371064,5,5,5,5,5,5,5,5,5,5
1,1,371065,4,17,14,13,3,14,15,16,9,4
1,1,371066,20,20,20,20,20,20,20,20,20,20
1,1,371067,9,14,15,7,4,17,22,18,23,12
1,1,371068,0,0,0,0,0,0,0,0,0,0
2,1,371068,0,0,0,0,0,0,0,0,0,0
1,1,371069,0,0,0,0,0,0,0,0,0,0
1,1,371070,0,0,0,0,0,0,0,0,0,0
1,1,371071,0,0,0,0,0,0,0,0,0,0
1,1,371072,0,0,0,0,0,0,0,0,0,0
2,1,371072,17,0,8,14,15,16,11,18,21,14
1,1,371073,0,0,0,0,0,0,0,0,4,0
2,1,371073,0,0,0,0,0,0,0,0,0,0
1,1,371074,0,0,0,0,0,0,0,0,0,0
2,1,371074,19,0,0,0,0,15,0,0,0,0
1,1,371075,0,0,0,0,0,0,0,0,0,0
2,1,371075,0,0,0,0,0,0,8,0,0,0
1,1,371076,0,0,0,0,0,0,0,0,0,5
2,1,371076,0,0,0,0,0,0,0,0,0,0
1,1,371077,0,0,0,0,0,0,0,0,0,0
2,1,371077,0,0,0,0,0,0,0,0,0,0
3,1,371077,0,0,0,0,0,0,0,0,0,0
1,1,371078,22,22,22,22,22,22,22,22,22,22
2,1,371078,0,0,0,0,0,0,0,0,0,0
1,1,371079,0,0,0,0,0,0,0,0,0,0
1,1,371080,0,0,0,0,0,11,17,8,0,0
2,1,371080,0,0,0,0,0,0,0,0,0,0
1,1,371081,10,10,10,10,10,10,10,10,10,10
1,1,371082,8,8,8,8,8,8,8,8,8,8
1,1,371083,0,0,0,0,0,0,0,0,0,0
1,1,371084,0,0,0,0,0,0,0,0,0,0
1,1,371085,0,0,0,0,0,0,0,0,0,0
2,1,371085,0,0,0,0,0,0,0,0,0,0
1,1,371086,0,0,0,0,0,0,0,0,0,0
2,1,371086,0,0,0,0,0,0,0,0,0,0
1,1,371087,0,0,0,0,0,0,0,0,0,0
2,1,371087,0,0,0,0,0,0,0,0,0,0
1,1,371088,0,0,0,0,0,0,0,0,0,0
2,1,371088,0,0,0,0,17,0,18,0,0,0
1,1,371089,0,0,0,0,0,0,0,0,0,0
2,1,371089,32,32,32,32,32,32,32,32,32,32
0,1,371090,0,0,0,0,0,0,0,0,0,0
1,1,371090,0,0,0,0,0,0,0,0,0,0
1,1,371091,0,0,0,0,0,0,0,0,0,0
2,1,371091,0,0,0,0,0,0,0,0,0,0
1,1,371092,4,4,4,4,4,4,4,4,4,4
2,1,371092,0,0,0,0,0,0,0,16,0,0
1,1,371093,0,0,0,0,0,0,0,0,0,0
2,1,371093,0,0,0,0,0,0,0,0,0,0
1,1,371094,0,0,0,0,0,0,0,0,0,0
2,1,371094,0,0,0,0,0,0,0,0,0,0
1,1,371095,0,0,0,0,0,0,0,0,0,0
2,1,371095,0,0,0,0,0,0,0,0,0,0
1,1,371096,14,0,0,0,0,0,0,0,0,0
1,1,371097,0,0,0,0,0,0,0,0,0,0
2,1,371097,0,0,0,0,0,0,0,0,0,0
1,1,371098,6,6,6,6,6,6,6,6,6,6
1,1,371099,7,4,10,15,11,5,5,6,0,8
1,1,371100,28,28,28,28,28,28,28,28,28,28
1,1,371101,0,0,0,0,0,0,0,0,0,0
2,1,371101,0,0,0,0,0,0,0,0,0,0
3,1,371101,0,0,0,0,0,0,0,0,0,0
1,1,371102,0,0,0,2,0,0,0,0,0,0
1,1,371103,17,17,17,17,17,17,17,17,17,17
0,1,371104,0,0,0,0,0,0,0,0,0,0
1,1,371104,0,0,0,0,16,0,0,0,0,0
1,1,371105,8,10,28,17,34,17,30,29,18,27
2,1,371105,0,0,0,0,0,0,0,0,0,0
1,1,371106,0,0,0,0,0,0,0,0,0,0
1,1,371107,0,15,10,5,9,21,16,19,8,17
0,1,371108,0,0,0,0,0,0,0,0,0,0
1,1,371108,0,0,0,0,0,0,0,0,0,0
1,1,371109,28,28,28,28,28,28,28,28,28,28
0,1,371110,0,0,0,0,0,0,0,0,0,0
1,1,371110,0,0,0,0,0,0,0,0,0,0
3,1,371110,0,0,0,0,0,0,0,0,0,0
1,1,371111,0,0,0,0,0,0,0,0,0,0
1,1,371112,32,32,32,32,32,32,32,32,32,32
1,1,371113,0,0,0,0,0,0,0,0,0,0
2,1,371113,0,0,0,0,0,0,0,0,0,0
1,1,371114,0,0,0,0,0,0,0,0,0,0
0,1,371115,0,0,0,0,0,0,0,0,0,0
0,2,371115,0,0,0,0,0,0,0,0,0,0
1,1,371115,0,0,0,8,0,0,0,0,0,0
0,1,371116,0,0,0,0,0,0,0,0,0,0
0,2,371116,0,0,0,0,0,0,0,0,0,0
1,1,371116,9,8,8,10,13,24,14,22,0,5
1,1,371117,0,0,0,0,0,0,0,0,0,0
1,1,371118,0,0,0,0,0,0,0,0,0,0
2,1,371118,0,0,0,0,0,0,0,0,0,0
1,1,371119,0,0,0,18,0,0,0,0,0,0
2,1,371119,0,0,0,0,0,0,0,0,0,0
0,1,371120,38,38,38,38,38,38,38,38,38,38
1,1,371120,0,0,0,0,0,0,0,0,0,0
1,1,371121,0,0,0,0,0,0,0,0,0,0
2,1,371121,0,0,0,0,0,0,0,0,0,0
1,1,371122,2,18,15,15,0,13,11,9,0,8
2,1,371122,0,0,0,0,0,0,0,0,0,0
1,1,371123,14,0,0,0,0,4,0,0,0,0
1,1,371124,8,8,8,8,8,8,8,8,8,8
1,1,371125,0,0,0,0,0,0,0,0,0,0
2,1,371125,0,0,5,0,0,0,0,0,0,0
0,1,371126,19,19,19,19,19,19,19,19,19,19
1,1,371126,0,0,0,0,15,0,0,0,0,0
0,1,371127,0,0,0,0,0,0,0,0,0,0
0,2,371127,0,0,0,0,0,0,0,5,0,0
1,1,371127,0,0,0,0,0,0,0,0,0,0
1,1,371128,0,0,0,0,0,0,0,39,0,0
2,1,371128,0,0,0,0,0,0,0,0,0,0
3,1,371128,0,0,0,0,0,21,0,0,0,0
1,1,371129,0,0,0,0,0,0,0,0,0,0
2,1,371129,0,0,0,0,0,0,0,0,0,0
1,1,371130,0,0,0,0,0,0,0,0,0,0
1,1,371131,0,0,0,0,0,0,0,0,0,0
0,1,371132,0,0,0,0,0,0,0,0,0,0
1,1,371132,6,3,17,16,43,10,10,27,9,16
1,1,371133,0,0,0,0,0,0,0,0,0,0
2,1,371133,0,0,0,0,0,0,0,0,0,0
1,1,371134,0,0,0,0,0,0,0,0,0,0
1,1,371135,0,0,0,0,0,0,0,0,0,0
1,1,371136,0,0,0,0,0,0,0,0,0,0
1,1,371137,3,3,3,3,3,3,3,3,3,3
0,1,371138,0,0,0,0,0,0,0,0,0,0
1,1,371138,0,0,0,0,0,0,0,0,0,0
1,1,371139,0,0,0,0,0,0,0,0,0,0
0,1,371140,0,0,0,0,0,0,0,0,0,0
1,1,371140,0,16,0,0,0,0,0,0,0,0
1,1,371141,0,0,0,0,0,0,0,0,0,0
2,1,371141,0,0,0,0,0,0,0,0,0,0
1,1,371142,8,21,20,30,15,16,25,14,19,23
1,1,371143,0,0,0,0,0,0,0,0,0,0
2,1,371143,0,0,0,0,0,0,0,0,0,0
1,1,371144,0,0,0,0,0,0,0,0,0,0
1,1,371145,13,13,13,13,13,13,13,13,13,13
1,1,371146,0,0,0,0,0,0,0,0,0,0
2,1,371146,0,0,0,0,0,0,0,0,0,0
1,1,371147,0,0,0,0,0,0,0,0,0,0
2,1,371147,0,0,0,0,0,0,0,0,0,0
1,1,371148,0,0,0,0,0,0,0,0,0,0
1,1,371149,0,0,0,0,0,0,0,0,0,0
1,1,371150,0,0,0,0,0,0,0,0,0,0
2,1,371150,0,0,0,0,0,0,0,0,0,0
1,1,371151,0,0,0,0,0,0,0,0,0,0
1,1,371152,0,0,0,0,0,0,0,0,0,0
2,1,371152,0,0,0,23,0,0,0,0,0,0
1,1,371153,0,0,0,0,0,0,0,0,0,0
1,1,371154,0,0,0,0,0,0,0,0,0,0
0,1,371155,18,18,18,18,18,18,18,18,18,18
1,1,371155,0,12,0,0,0,0,0,0,0,0
1,1,371156,33,24,9,5,16,32,16,2,19,17
1,1,371157,10,0,0,0,0,0,0,0,0,0
2,1,371157,0,0,0,0,0,0,0,0,0,0
3,1,371157,0,0,0,0,5,0,0,0,0,0
1,1,371158,9,9,9,9,9,9,9,9,9,9
1,1,371159,13,29,30,11,18,8,26,23,21,28
1,1,371160,10,10,10,10,10,10,10,10,10,10
2,1,371160,0,0,0,0,0,0,0,0,0,0
3,1,371160,0,0,0,0,0,0,0,0,0,0
1,1,371161,0,0,0,0,0,0,0,0,0,0
2,1,371161,11,29,17,14,0,18,13,22,10,27
3,1,371161,0,0,0,0,0,0,0,0,0,0
1,1,371162,0,0,0,0,0,0,0,0,0,0
2,1,371162,0,0,0,0,0,0,0,0,0,0
1,1,371163,0,0,0,0,0,0,0,0,0,0
2,1,371163,0,0,0,0,0,0,0,0,0,0
1,1,371164,0,0,0,0,0,0,0,0,0,0
2,1,371164,0,0,0,0,0,0,0,0,0,0
1,1,371165,0,0,0,0,0,0,0,0,0,0
1,1,371166,0,0,0,0,4,13,0,0,0,0
1,1,371167,0,0,0,0,0,0,0,0,0,0
2,1,371167,0,0,0,0,0,0,0,0,0,13
1,1,371168,0,0,0,0,0,0,0,0,0,0
1,1,371169,0,18,6,9,13,8,2,6,11,12
1,1,371170,0,0,0,0,0,0,0,0,0,0
2,1,371170,0,10,18,13,18,17,10,10,13,0
1,1,371171,22,22,22,22,22,22,22,22,22,22
1,1,371172,0,0,0,0,0,0,0,0,0,0
2,1,371172,0,0,0,0,0,0,0,0,0,0
1,1,371173,0,0,0,0,0,0,0,0,0,0
1,1,371174,0,0,0,0,0,0,0,0,0,0
1,1,371175,17,17,17,17,17,17,17,17,17,17
2,1,371175,0,0,0,0,0,0,0,0,0,0
3,1,371175,0,0,0,0,0,0,0,0,0,0
0,1,371176,0,0,0,0,0,0,0,0,0,0
1,1,371176,0,0,0,0,0,0,0,0,0,0
1,1,371177,0,0,0,0,0,0,0,0,0,0
2,1,371177,0,0,0,0,0,0,0,0,0,0
1,1,371178,0,0,0,0,0,6,0,0,0,0
0,1,371179,0,0,0,0,0,0,0,0,0,0
1,1,371179,0,0,0,0,0,0,0,0,0,0
1,1,371180,24,24,24,24,24,24,24,24,24,24
1,1,371181,18,18,18,18,18,18,18,18,18,18
2,1,371181,0,0,0,0,0,0,0,0,0,0
1,1,371182,0,0,0,0,0,0,0,0,0,0
2,1,371182,0,0,0,0,0,0,0,0,0,0
1,1,371183,0,0,0,0,0,0,0,0,0,0
0,1,371184,40,40,40,40,40,40,40,40,40,40
1,1,371184,0,0,0,0,0,0,0,0,0,0
1,1,371185,0,0,0,0,0,0,0,16,0,0
2,1,371185,0,0,0,0,0,0,0,0,0,0
3,1,371185,0,0,0,0,0,0,0,0,0,0
1,1,371186,0,0,0,0,0,0,0,0,0,0
2,1,371186,0,0,0,0,0,26,0,0,0,0
3,1,371186,0,0,0,0,0,0,0,0,0,0
4,1,371186,0,0,0,0,0,0,0,0,0,0
1,1,371187,11,11,11,11,11,11,11,11,11,11
1,1,371188,4,0,0,0,0,0,0,0,0,0
2,1,371188,20,20,20,20,20,20,20,20,20,20
1,1,371189,0,0,0,0,0,0,0,0,0,0
2,1,371189,0,0,0,0,0,0,0,0,0,0
1,1,371190,0,0,0,0,0,0,0,0,0,0
2,1,371190,0,0,0,0,0,0,0,0,0,0
1,1,371191,6,6,6,6,6,6,6,6,6,6
2,1,371191,0,17,0,0,0,0,13,0,0,0
1,1,371192,0,0,0,0,0,0,0,0,0,0
2,1,371192,0,0,0,0,0,0,0,0,0,0
1,1,371193,26,0,11,17,5,0,0,18,26,15
1,1,371194,0,0,0,0,0,0,0,0,0,0
1,1,371195,0,0,0,0,0,0,0,0,0,0
0,1,371196,0,0,0,0,0,0,0,0,0,0
1,1,371196,0,0,0,6,0,0,0,0,0,0
1,1,371197,10,10,10,10,10,10,10,10,10,10
1,1,371198,13,13,22,20,11,27,21,10,12,13
1,1,371199,27,27,27,27,27,27,27,27,27,27
1,1,371200,0,0,0,0,0,0,0,0,0,0
2,1,371200,0,0,0,0,0,0,0,0,0,0
1,1,371201,0,0,0,0,0,0,0,0,0,0
1,1,371202,0,0,0,0,0,0,0,0,0,0
2,1,371202,0,0,0,12,0,0,0,0,0,0
3,1,371202,0,0,0,0,0,0,0,0,0,0
0,1,371203,22,12,0,0,0,0,14,0,0,0
1,1,371203,0,0,0,0,0,0,0,0,4,0
1,1,371204,0,0,0,0,0,0,0,0,0,0
2,1,371204,0,0,0,0,0,0,0,0,0,0
3,1,371204,0,0,0,0,0,0,0,0,0,0
4,1,371204,0,0,0,0,0,0,0,0,13,0
1,1,371205,0,0,0,0,0,0,0,0,0,0
1,1,371206,0,0,0,0,0,0,0,0,0,0
0,1,371207,0,0,0,0,0,0,0,0,0,0
1,1,371207,0,0,0,0,0,0,0,0,0,0
0,1,371208,0,0,0,0,0,0,0,0,0,0
1,1,371208,0,0,0,0,0,0,0,0,0,0
1,1,371209,0,0,0,0,0,0,0,0,0,0
1,1,371210,0,0,0,0,0,0,0,0,0,0
2,1,371210,0,0,0,0,0,0,0,0,0,0
0,1,371211,0,0,0,0,0,0,0,0,0,0
1,1,371211,0,0,0,0,0,0,0,0,0,0
1,1,371212,18,18,18,18,18,18,18,18,18,18
1,1,371213,0,0,0,0,0,0,0,0,0,0
2,1,371213,0,0,0,0,7,0,0,0,0,0
0,1,371214,20,20,20,20,20,20,20,20,20,20
1,1,371214,0,0,0,0,0,0,0,0,0,0
1,1,371215,0,0,0,0,0,0,0,0,0,0
2,1,371215,0,0,0,0,0,0,0,0,0,0
1,1,371216,24,10,8,16,10,16,12,0,11,0
1,1,371217,0,0,0,0,0,0,0,0,0,0
1,1,371218,0,0,0,0,0,0,0,0,0,0
2,1,371218,0,0,0,0,0,0,0,0,0,0
1,1,371219,12,14,13,30,22,12,9,15,8,10
1,1,371220,0,0,0,0,0,0,0,0,0,0
2,1,371220,0,0,0,0,0,0,0,0,0,0
0,1,371221,0,0,0,0,0,0,0,0,0,0
1,1,371221,0,0,0,0,0,0,0,0,0,0
1,1,371222,0,0,0,0,0,0,0,0,0,0
2,1,371222,0,0,0,0,0,0,0,0,0,0
0,1,371223,38,38,38,38,38,38,38,38,38,38
1,1,371223,7,0,0,0,0,0,0,0,0,0
0,1,371224,0,0,0,0,0,0,0,0,0,0
1,1,371224,0,0,0,0,0,0,19,0,0,0
1,1,371225,0,0,0,0,0,0,18,0,0,0
2,1,371225,0,20,15,11,15,14,18,26,18,8
1,1,371226,0,0,0,0,0,0,0,0,0,0
2,1,371226,0,0,0,0,13,0,0,0,0,0
1,1,371227,21,21,21,21,21,21,21,21,21,21
0,1,371228,0,0,0,0,0,0,0,0,0,0
1,1,371228,0,0,0,0,0,0,0,0,0,0
1,1,371229,0,0,0,0,0,0,0,0,0,0
2,1,371229,0,0,0,0,0,0,0,0,0,0
0,1,371230,0,0,0,0,0,0,0,0,0,0
1,1,371230,0,0,0,0,23,0,0,0,0,0
0,1,371231,0,0,0,0,0,0,0,0,0,0
1,1,371231,0,18,0,0,0,0,0,0,0,0
1,1,371232,0,0,0,0,0,0,0,0,0,0
2,1,371232,0,0,0,0,0,0,0,0,0,0
1,1,371233,0,0,0,0,0,0,0,0,0,0
2,1,371233,0,0,0,0,0,0,0,0,0,0
1,1,371234,0,0,0,0,0,0,0,0,0,0
1,1,371235,4,4,4,4,4,4,4,4,4,4
2,1,371235,0,0,0,0,0,0,0,0,0,0
1,1,371236,15,15,15,15,15,15,15,15,15,15
1,1,371237,37,37,37,37,37,37,37,37,37,37
2,1,371237,0,0,0,0,0,0,0,0,0,0
1,1,371238,0,0,0,0,0,0,0,0,0,0
1,1,371239,0,0,0,0,0,19,2,0,0,0
1,1,371240,0,0,0,0,0,0,0,0,0,0
1,1,371241,0,0,0,0,0,0,0,0,0,0
1,1,371242,0,0,0,0,0,0,0,0,0,0
2,1,371242,0,0,0,0,0,0,0,0,0,0
1,1,371243,0,0,0,0,0,0,0,0,0,0
2,1,371243,0,0,0,0,0,0,0,0,0,0
1,1,371244,0,0,0,0,7,0,0,8,0,13
2,1,371244,0,0,0,0,0,0,0,0,0,0
1,1,371245,0,0,0,0,0,0,0,0,0,0
1,1,371246,0,0,16,0,0,9,0,5,0,0
1,1,371247,0,0,0,6,0,0,0,0,0,0
2,1,371247,0,0,0,0,0,0,0,0,0,0
1,1,371248,0,0,0,0,0,0,0,0,0,0
1,1,371249,0,0,0,0,4,0,0,0,16,0
2,1,371249,9,0,0,0,6,0,0,0,0,0
1,1,371250,2,2,2,2,2,2,2,2,2,2
0,1,371251,0,0,0,0,0,0,0,0,0,0
1,1,371251,0,0,0,0,0,0,0,0,0,0
1,1,371252,3,3,3,3,3,3,3,3,3,3
1,1,371253,23,23,23,23,23,23,23,23,23,23
1,1,371254,0,0,0,0,0,0,0,0,8,0
2,1,371254,0,0,0,0,20,0,37,0,0,0
1,1,371255,0,0,0,0,0,0,0,0,0,0
1,1,371256,27,27,27,27,27,27,27,27,27,27
0,1,371257,0,0,0,0,0,0,0,0,0,0
1,1,371257,0,0,0,0,0,0,0,0,0,0
1,1,371258,30,30,30,30,30,30,30,30,30,30
1,1,371259,0,0,0,17,0,0,0,0,0,0
2,1,371259,0,0,0,0,0,0,0,0,0,0
3,1,371259,0,0,0,0,0,0,0,0,0,0
4,1,371259,0,0,0,0,0,0,0,0,0,0
5,1,371259,0,0,0,0,0,0,0,0,0,0
6,1,371259,0,0,0,0,0,0,0,0,0,0
7,1,371259,0,0,0,0,0,0,0,0,0,0
1,1,371260,16,16,16,16,16,16,16,16,16,16
1,1,371261,0,0,0,0,0,0,0,0,0,0
2,1,371261,0,0,2,0,0,0,0,0,0,0
0,1,371262,20,20,20,20,20,20,20,20,20,20
1,1,371262,0,0,0,0,0,0,0,6,0,0
1,1,371263,0,15,35,12,22,12,5,0,0,14
1,1,371264,31,31,31,31,31,31,31,31,31,31
1,1,371265,0,0,0,0,0,0,0,0,0,0
2,1,371265,0,0,0,0,0,0,0,0,0,0
1,1,371266,0,0,0,0,0,0,0,0,0,0
1,1,371267,0,0,0,0,0,0,0,0,0,0
1,1,371268,4,4,4,4,4,4,4,4,4,4
1,1,371269,11,9,22,11,10,8,29,0,16,7
1,1,371270,0,0,0,0,0,0,0,0,0,0
2,1,371270,0,0,0,0,0,0,0,0,11,0
1,1,371271,0,0,0,0,0,0,0,0,0,0
1,1,371272,0,0,0,0,0,0,0,0,0,0
1,1,371273,0,0,0,0,0,0,0,0,0,0
1,1,371274,17,17,17,17,17,17,17,17,17,17
1,1,371275,0,0,0,0,0,0,0,0,0,0
2,1,371275,0,0,0,0,0,0,0,0,0,0
1,1,371276,0,0,0,0,0,0,0,0,0,0
1,1,371277,0,0,0,0,0,0,0,0,0,0
1,1,371278,0,0,0,0,0,0,0,0,0,0
1,1,371279,16,11,19,8,13,2,18,0,29,27
1,1,371280,0,0,0,0,0,0,0,0,0,0
2,1,371280,0,0,5,0,0,0,0,0,0,0
1,1,371281,0,0,0,0,0,0,0,0,0,0
1,1,371282,0,0,0,0,0,0,0,0,0,0
0,1,371283,0,0,0,0,0,0,0,0,0,0
0,2,371283,0,0,0,0,20,0,0,0,0,0
1,1,371283,15,22,9,16,11,18,8,29,10,11
1,1,371284,0,0,0,0,0,0,0,0,0,0
1,1,371285,0,0,0,0,0,0,0,0,0,0
1,1,371286,15,15,15,15,15,15,15,15,15,15
1,1,371287,0,0,0,0,0,0,0,0,0,0
2,1,371287,23,0,0,0,0,0,0,0,0,0
1,1,371288,0,0,0,0,0,0,0,0,0,0
1,1,371289,15,15,15,15,15,15,15,15,15,15
1,1,371290,15,15,15,15,15,15,15,15,15,15
1,1,371291,0,0,0,0,0,0,0,0,0,0
2,1,371291,0,0,0,0,0,0,6,0,0,0
0,1,371292,0,0,0,0,0,0,0,0,0,0
1,1,371292,0,0,0,11,0,0,0,0,0,0
0,1,371293,29,29,29,29,29,29,29,29,29,29
1,1,371293,0,0,0,0,0,6,0,0,0,0
1,1,371294,15,5,0,11,24,0,17,0,9,12
2,1,371294,0,0,0,0,0,0,0,0,0,0
1,1,371295,0,0,0,0,0,0,0,0,0,0
2,1,371295,0,0,0,0,0,0,0,0,0,0
1,1,371296,0,0,0,0,0,0,0,0,0,0
2,1,371296,0,0,0,0,0,0,0,0,0,0
3,1,371296,0,0,0,0,0,0,0,0,0,0
4,1,371296,0,0,0,0,0,0,0,0,0,0
1,1,371297,15,15,15,15,15,15,15,15,15,15
1,1,371298,0,0,0,0,0,0,0,0,0,0
2,1,371298,0,0,0,0,0,0,0,0,0,0
1,1,371299,0,0,0,0,0,0,0,0,0,0
2,1,371299,0,0,0,0,0,0,0,0,0,0
1,1,371300,0,0,0,0,0,0,0,0,0,0
2,1,371300,0,0,0,0,0,0,0,0,0,0
0,1,371301,0,0,0,0,0,0,0,0,0,0
0,2,371301,0,0,0,0,0,0,0,0,0,0
0,3,371301,0,0,0,0,0,0,0,0,0,0
1,1,371301,0,21,0,0,0,18,0,13,0,0
1,1,371302,0,0,0,0,0,0,0,0,0,0
2,1,371302,0,0,0,0,0,0,0,0,0,0
1,1,371303,10,21,22,20,12,12,0,20,13,2
1,1,371304,0,0,0,0,0,0,0,0,0,0
1,1,371305,0,9,0,0,0,0,0,0,0,0
1,1,371306,10,10,10,10,10,10,10,10,10,10
2,1,371306,0,0,0,0,0,0,0,0,0,0
1,1,371307,19,19,19,19,19,19,19,19,19,19
1,1,371308,25,25,25,25,25,25,25,25,25,25
1,1,371309,0,0,0,0,0,0,0,0,0,0
1,1,371310,14,30,9,8,13,9,18,23,11,7
2,1,371310,22,22,22,22,22,22,22,22,22,22
1,1,371311,0,0,0,0,12,3,0,22,20,0
2,1,371311,0,5,0,0,0,0,0,0,0,0
1,1,371312,0,0,0,0,0,0,0,0,0,0
1,1,371313,0,0,0,0,0,0,0,0,0,0
2,1,371313,0,0,0,0,0,0,0,0,0,0
1,1,371314,0,0,0,0,0,0,0,0,0,0
2,1,371314,0,0,0,0,0,0,0,0,0,0
3,1,371314,0,0,0,0,0,0,0,0,0,0
1,1,371315,0,0,0,0,0,0,0,0,0,0
1,1,371316,0,0,0,0,0,0,0,0,0,0
2,1,371316,0,0,0,0,0,0,0,0,0,14
1,1,371317,0,0,0,0,0,0,0,0,0,0
2,1,371317,0,0,0,0,0,0,0,0,0,0
1,1,371318,0,35,24,2,26,20,18,0,13,20
1,1,371319,0,0,0,0,5,0,0,0,0,0
1,1,371320,0,0,0,0,0,0,0,0,0,0
1,1,371321,21,21,21,21,21,21,21,21,21,21
0,1,371322,29,29,29,29,29,29,29,29,29,29
1,1,371322,0,0,18,0,0,0,0,0,0,0
1,1,371323,0,15,0,0,0,0,0,0,0,13
2,1,371323,0,0,0,6,0,0,0,0,0,0
1,1,371324,0,0,0,0,0,0,0,0,0,0
2,1,371324,0,0,0,0,0,0,0,0,0,0
3,1,371324,0,0,0,0,0,0,0,0,0,0
4,1,371324,0,0,0,0,0,0,0,0,0,0
1,1,371325,0,0,0,0,0,0,0,0,0,0
2,1,371325,0,0,0,0,0,0,0,0,0,0
3,1,371325,0,0,0,0,0,0,0,0,0,0
4,1,371325,0,0,0,0,0,0,0,16,0,5
5,1,371325,0,0,0,0,0,0,0,0,0,0
6,1,371325,0,0,0,0,0,0,0,0,0,0
1,1,371326,0,0,0,0,0,0,0,0,0,0
1,1,371327,0,0,0,0,0,0,0,0,0,0
2,1,371327,0,0,0,0,0,0,0,0,0,0
3,1,371327,0,0,0,0,0,13,0,0,10,0
4,1,371327,0,0,0,0,0,0,0,0,0,0
5,1,371327,0,0,4,0,0,8,0,0,0,0
1,1,371328,0,0,0,0,0,0,0,0,0,0
2,1,371328,12,29,9,24,17,8,20,6,10,13
1,1,371329,0,0,0,0,0,0,0,0,0,0
2,1,371329,0,0,0,0,0,0,0,0,0,0
0,1,371330,0,0,0,0,0,0,0,0,0,0
0,2,371330,0,0,0,0,0,0,0,0,0,0
1,1,371330,0,0,0,0,0,0,0,0,0,0
1,1,371331,0,0,0,0,0,0,0,0,0,0
1,1,371332,0,0,0,0,0,0,0,0,0,0
1,1,371333,0,0,0,0,0,0,0,0,0,0
2,1,371333,0,0,0,0,0,0,0,0,0,0
1,1,371334,0,0,0,0,0,0,0,0,0,0
0,1,371335,0,0,0,0,0,0,0,0,0,0
1,1,371335,0,7,0,0,0,0,0,0,0,0
1,1,371336,0,0,0,0,0,0,0,0,0,0
2,1,371336,0,0,12,0,0,0,0,0,0,0
1,1,371337,0,0,0,0,0,0,0,0,0,0
2,1,371337,0,0,0,0,0,0,0,0,0,0
1,1,371338,3,3,3,3,3,3,3,3,3,3
0,1,371339,0,0,0,0,0,0,0,0,0,0
0,2,371339,37,34,33,39,31,16,15,35,8,11
0,3,371339,0,0,49,0,0,0,0,0,0,14
1,1,371339,0,0,0,20,0,0,0,0,0,0
1,1,371340,0,0,0,0,0,0,0,0,0,0
2,1,371340,0,0,0,0,0,0,0,0,0,0
1,1,371341,0,0,0,0,0,0,0,0,0,0
2,1,371341,0,0,0,0,0,0,0,0,0,0
3,1,371341,0,0,0,0,0,0,0,0,0,0
1,1,371342,0,0,0,0,0,0,25,0,0,0
2,1,371342,0,0,0,0,0,0,0,0,0,0
1,1,371343,0,0,0,0,0,0,0,0,19,0
2,1,371343,0,0,0,0,0,0,0,0,0,0
1,1,371344,0,0,0,0,0,0,0,0,0,0
1,1,371345,0,0,0,0,0,0,0,0,0,0
2,1,371345,0,0,0,0,0,0,0,0,0,0
1,1,371346,0,0,0,0,0,0,14,0,0,15
1,1,371347,0,0,0,0,0,0,0,0,0,0
2,1,371347,0,0,0,0,0,0,0,0,0,0
1,1,371348,0,0,0,0,0,0,0,0,0,0
2,1,371348,0,0,0,0,0,0,0,0,0,0
1,1,371349,18,0,12,19,30,14,19,12,22,5
2,1,371349,0,0,0,0,0,0,0,0,0,0
3,1,371349,0,0,0,0,0,0,0,0,0,0
0,1,371350,0,0,0,0,0,0,0,0,0,0
1,1,371350,0,0,0,0,0,0,0,0,0,0
1,1,371351,0,0,0,0,0,0,0,0,0,0
1,1,371352,22,22,22,22,22,22,22,22,22,22
1,1,371353,0,0,0,0,0,0,0,0,0,31
2,1,371353,0,0,0,0,0,0,0,0,0,0
0,1,371354,38,38,38,38,38,38,38,38,38,38
1,1,371354,0,0,0,0,0,0,0,0,0,0
1,1,371355,0,0,0,0,0,0,0,0,0,0
2,1,371355,0,0,0,0,0,0,0,0,0,0
1,1,371356,0,0,0,0,0,0,0,0,0,0
2,1,371356,0,0,0,0,0,0,0,0,0,0
3,1,371356,0,0,0,0,0,0,0,0,0,0
1,1,371357,21,21,21,21,21,21,21,21,21,21
1,1,371358,21,21,21,21,21,21,21,21,21,21
1,1,371359,0,0,0,0,0,17,0,0,0,0