VEH_NO,PER_NO,ST_CASE,P1,P2,P3,P4,P5,P6,P7,P8,P9,P10
2,1,371359,0,0,0,0,0,0,0,0,0,0
1,1,371360,0,0,0,0,0,0,0,0,0,0
1,1,371361,0,0,0,0,16,0,0,28,0,0
0,1,371362,24,17,20,23,26,15,12,22,29,14
1,1,371362,0,9,0,0,0,0,0,0,0,0
1,1,371363,11,0,0,0,0,19,0,8,0,10
2,1,371363,0,0,0,0,0,0,0,0,0,0
3,1,371363,0,0,0,0,0,0,0,0,0,0
1,1,371364,8,0,0,0,0,0,0,0,0,0
2,1,371364,9,30,14,16,18,16,21,25,23,16
1,1,371365,9,26,24,13,25,26,0,10,18,7
2,1,371365,0,0,0,0,0,0,0,0,0,0
0,1,371366,7,0,0,25,33,5,21,21,0,30
1,1,371366,0,0,0,0,0,0,0,0,0,0
1,1,371367,14,5,5,15,18,17,7,14,23,27
1,1,371368,0,0,0,0,0,0,0,0,0,0
1,1,371369,0,0,0,0,0,0,0,0,0,0
2,1,371369,0,0,0,0,0,0,0,0,0,0
1,1,371370,0,0,0,0,0,0,0,0,0,0
1,1,371371,13,0,0,0,33,32,0,32,0,0
1,1,371372,0,0,0,0,0,0,0,0,0,0
2,1,371372,0,0,0,0,0,0,0,0,0,0
3,1,371372,0,0,0,0,0,0,0,0,0,0
1,1,371373,0,0,0,0,0,0,0,0,0,0
1,1,371374,9,10,15,24,19,9,13,0,10,34
2,1,371374,0,0,0,0,0,0,0,0,0,0
1,1,371375,0,0,19,0,0,0,0,0,0,0
2,1,371375,0,22,6,12,11,0,0,0,0,22
1,1,371376,0,0,0,0,0,0,0,0,0,0
2,1,371376,0,0,0,0,0,0,0,0,0,0
1,1,371377,0,0,0,0,0,0,0,0,0,0
2,1,371377,0,0,0,0,0,0,0,0,16,0
1,1,371378,13,0,3,6,5,0,10,0,9,0
2,1,371378,0,0,0,0,0,0,0,0,0,0
1,1,371379,0,0,0,0,0,0,16,0,0,0
1,1,371380,0,0,0,0,0,0,0,0,0,0
1,1,371381,0,0,0,0,0,0,0,0,0,0
2,1,371381,0,0,0,0,0,0,0,0,0,0
3,1,371381,33,33,33,33,33,33,33,33,33,33
1,1,371382,0,0,0,0,0,0,0,0,0,0
2,1,371382,0,0,0,0,0,0,0,0,0,0
1,1,371383,0,0,0,21,12,0,0,0,0,0
1,1,371384,0,0,0,0,0,0,15,0,0,0
2,1,371384,0,0,0,0,0,0,0,0,0,0
1,1,371385,0,0,4,0,0,18,9,15,0,0
1,1,371386,0,0,0,0,0,0,0,0,0,0
2,1,371386,0,0,0,0,0,0,0,0,0,0
3,1,371386,2,2,2,2,2,2,2,2,2,2
1,1,371387,0,0,0,0,0,0,0,0,0,0
0,1,371388,34,34,34,34,34,34,34,34,34,34
1,1,371388,0,0,0,0,0,0,0,0,0,0
1,1,371389,4,4,4,4,4,4,4,4,4,4
2,1,371389,0,0,0,0,0,0,7,0,0,0
1,1,371390,0,0,0,0,0,0,0,0,0,0
2,1,371390,0,0,0,0,0,0,0,0,0,0
1,1,371391,0,0,0,0,0,0,0,0,0,0
1,1,371392,0,0,0,0,0,0,0,0,0,0
2,1,371392,0,8,0,0,0,0,0,0,0,0
1,1,371393,3,0,0,0,0,0,0,0,0,0
1,1,371394,0,0,0,0,0,0,0,0,0,0
1,1,371395,0,0,0,0,0,0,0,0,0,0
1,1,371396,0,0,0,0,9,0,0,0,0,0
2,1,371396,0,0,0,0,0,0,0,0,0,0
1,1,371397,0,0,0,0,0,0,0,0,0,0
2,1,371397,0,0,0,0,0,0,0,0,0,0
0,1,371398,30,30,30,30,30,30,30,30,30,30
1,1,371398,0,0,0,0,0,0,0,0,0,0
1,1,371399,0,0,0,0,0,0,0,0,0,0
2,1,371399,0,0,0,0,0,0,0,0,0,0
3,1,371399,0,0,0,0,0,0,0,0,0,0
4,1,371399,0,0,0,0,0,0,0,0,0,0
1,1,371400,0,0,0,0,0,0,0,0,0,0
1,1,371402,0,0,0,0,0,0,0,0,0,0
2,1,371402,0,0,0,0,0,0,0,0,0,0
1,1,371403,0,0,0,0,0,0,0,0,0,0
2,1,371403,0,0,0,0,0,0,0,0,0,0
0,1,371404,0,0,0,0,0,0,0,0,0,0
1,1,371404,0,0,0,0,0,0,0,0,0,0
0,1,371405,0,0,0,0,3,0,27,21,0,0
1,1,371405,0,0,5,0,0,0,0,0,0,0
1,1,371406,0,0,0,0,0,0,0,0,0,0
0,1,371407,14,14,14,14,14,14,14,14,14,14
1,1,371407,0,11,0,20,0,0,0,0,0,0
1,1,371408,0,0,0,0,0,0,0,0,0,0
2,1,371408,0,0,0,0,0,0,0,0,0,0
0,1,371409,0,0,0,0,0,0,0,0,0,0
1,1,371409,0,0,0,0,0,0,0,0,0,0
1,1,371410,0,0,0,0,0,0,0,0,0,0
2,1,371410,0,0,0,0,0,0,0,0,0,0
1,1,371411,0,0,0,0,0,0,0,0,0,0
2,1,371411,0,0,0,0,0,0,0,0,0,0
1,1,371412,0,0,0,0,0,0,0,0,0,0
1,1,371413,19,16,20,16,5,14,14,16,24,13
2,1,371413,0,0,0,0,0,0,0,0,0,0
1,1,371414,0,0,0,0,0,0,0,0,0,0
1,1,371415,12,12,12,12,12,12,12,12,12,12
2,1,371415,0,0,32,0,0,0,0,0,0,0
1,1,371416,0,0,0,0,0,0,0,0,0,0
2,1,371416,0,0,0,0,0,0,0,0,0,0
1,1,371417,0,0,0,0,0,0,0,0,0,0
1,1,371418,17,17,17,17,17,17,17,17,17,17
0,1,371419,0,0,0,0,0,0,23,0,0,0
1,1,371419,0,0,0,0,0,0,0,0,0,0
1,1,371420,0,0,0,0,0,0,0,0,0,0
1,1,371421,0,0,0,0,0,0,0,0,0,0
0,1,371422,0,0,0,0,0,0,0,0,0,0
1,1,371422,0,6,0,0,0,0,0,0,0,0
2,1,371422,0,0,0,0,0,0,0,0,0,0
1,1,371423,0,0,0,0,0,0,0,0,0,0
2,1,371423,0,0,0,0,0,0,0,0,0,0
3,1,371423,0,0,0,0,0,0,0,0,0,0
0,1,371424,12,12,12,12,12,12,12,12,12,12
1,1,371424,0,0,0,0,0,0,0,0,0,0
1,1,371425,2,2,2,2,2,2,2,2,2,2
1,1,371426,0,0,0,0,0,0,0,0,0,0
2,1,371426,0,0,0,0,0,0,0,0,0,0
1,1,371427,0,0,0,0,0,0,0,0,0,0
2,1,371427,0,0,0,0,0,0,0,0,0,0
1,1,371428,0,0,0,0,0,0,0,0,0,0
1,1,371429,0,0,0,0,0,0,0,0,0,0
2,1,371429,0,0,0,0,0,0,0,0,0,0
3,1,371429,0,0,0,0,0,0,0,0,0,0
1,1,371430,0,0,0,0,0,0,0,0,0,0
2,1,371430,0,0,0,0,0,0,0,0,0,0
0,1,371431,8,34,14,7,8,21,9,5,19,10
1,1,371431,0,0,0,0,0,0,0,27,0,0
0,1,371432,0,0,0,0,0,0,0,0,0,0
1,1,371432,0,0,0,14,0,0,0,0,0,0
1,1,380001,18,18,18,18,18,18,18,18,18,18
1,1,380002,0,0,0,0,0,0,0,0,0,0
1,1,380003,0,0,0,0,0,0,0,0,0,0
2,1,380003,0,0,0,0,0,0,0,0,0,0
1,1,380004,0,0,0,0,0,0,0,0,0,0
2,1,380004,0,0,0,0,0,0,0,0,0,0
3,1,380004,0,0,0,0,0,0,0,0,0,0
1,1,380005,11,11,11,11,11,11,11,11,11,11
1,1,380006,0,0,0,0,0,0,0,0,0,0
1,1,380007,3,3,3,3,3,3,3,3,3,3
1,1,380008,0,0,0,0,0,0,0,0,0,0
2,1,380008,0,0,0,0,0,0,0,0,0,0
1,1,380009,0,0,0,0,0,0,0,0,0,0
2,1,380009,0,0,0,0,0,0,0,0,0,0
1,1,380010,24,24,24,24,24,24,24,24,24,24
1,1,380011,17,17,17,17,17,17,17,17,17,17
1,1,380012,0,0,0,0,0,0,0,0,0,0
1,1,380013,8,8,8,8,8,8,8,8,8,8
1,1,380014,17,17,17,17,17,17,17,17,17,17
1,1,380015,0,0,0,0,0,0,0,0,0,0
1,1,380016,15,15,15,15,15,15,15,15,15,15
1,1,380017,0,0,0,0,0,0,0,0,0,0
2,1,380017,0,0,0,0,0,0,0,0,0,0
1,1,380018,0,0,0,0,27,0,0,0,0,0
2,1,380018,0,0,0,0,0,0,0,0,0,0
3,1,380018,0,0,0,26,0,0,0,22,0,0
1,1,380019,22,22,22,22,22,22,22,22,22,22
1,1,380020,16,16,16,16,16,16,16,16,16,16
1,1,380021,28,28,28,28,28,28,28,28,28,28
1,1,380022,16,16,16,16,16,16,16,16,16,16
1,1,380023,0,0,0,0,0,0,0,0,0,0
1,1,380024,0,0,0,0,0,0,0,0,0,0
1,1,380025,11,11,11,11,11,11,11,11,11,11
1,1,380026,0,0,0,0,0,0,0,0,0,0
1,1,380027,0,0,0,0,0,0,0,0,0,0
2,1,380027,0,0,0,0,0,0,0,5,0,0
1,1,380028,0,0,0,0,21,0,0,0,0,0
0,1,380029,10,10,10,10,10,10,10,10,10,10
1,1,380029,0,0,0,12,10,0,0,0,0,0
1,1,380030,0,0,0,0,0,0,0,0,0,25
1,1,380031,0,0,0,0,0,0,0,0,0,0
2,1,380031,0,0,0,0,0,0,0,0,0,0
1,1,380032,2,2,2,2,2,2,2,2,2,2
1,1,380033,0,0,0,0,0,0,0,0,0,0
2,1,380033,0,0,0,0,0,0,0,0,0,0
1,1,380034,0,0,0,0,0,0,14,0,0,0
2,1,380034,0,0,0,0,0,0,0,0,0,0
1,1,380035,3,3,3,3,3,3,3,3,3,3
2,1,380035,0,0,0,0,0,0,0,0,0,0
1,1,380036,23,23,23,23,23,23,23,23,23,23
1,1,380037,63,63,63,63,63,63,63,63,63,63
1,1,380038,0,0,0,0,0,0,0,0,0,0
2,1,380038,0,0,0,0,0,0,0,0,0,0
0,1,380039,25,25,25,25,25,25,25,25,25,25
1,1,380039,0,0,0,0,0,0,0,0,0,0
1,1,380040,18,18,18,18,18,18,18,18,18,18
1,1,380041,0,0,0,0,0,0,0,0,0,0
2,1,380041,0,0,0,0,0,0,0,0,0,0
1,1,380042,23,23,23,23,23,23,23,23,23,23
1,1,380043,13,13,13,13,13,13,13,13,13,13
0,1,380044,29,29,29,29,29,29,29,29,29,29
1,1,380044,0,0,0,0,0,0,0,0,0,0
1,1,380045,43,3,15,7,20,22,22,34,10,26
1,1,380046,0,0,0,0,0,0,0,34,0,17
1,1,380047,7,7,7,7,7,7,7,7,7,7
1,1,380048,0,0,0,0,0,0,0,0,0,0
1,1,380049,12,12,12,12,12,12,12,12,12,12
1,1,380050,19,0,18,30,27,39,24,23,21,22
1,1,380051,16,16,16,16,16,16,16,16,16,16
2,1,380051,0,0,0,0,0,0,0,0,0,0
1,1,380052,0,0,0,0,0,0,0,0,0,0
2,1,380052,0,0,0,0,0,0,0,0,0,0
1,1,380053,0,0,0,0,0,0,0,0,0,0
1,1,380054,0,0,0,0,0,0,4,0,0,0
1,1,380055,0,0,0,0,0,0,0,0,0,0
1,1,380056,0,0,0,6,0,6,0,0,0,7
1,1,380057,0,0,0,0,0,0,0,0,0,0
1,1,380058,22,22,22,22,22,22,22,22,22,22
1,1,380059,0,0,0,0,0,0,0,0,0,0
2,1,380059,11,11,11,11,11,11,11,11,11,11
1,1,380060,0,0,0,0,0,0,0,0,0,0
1,1,380061,26,26,26,26,26,26,26,26,26,26
2,1,380061,0,0,0,0,0,0,0,0,0,0
1,1,380062,34,34,34,34,34,34,34,34,34,34
1,1,380063,0,0,0,0,0,0,0,0,0,0
1,1,380064,0,0,0,0,0,0,0,0,0,0
2,1,380064,0,0,0,0,0,0,0,0,0,0
1,1,380065,0,0,0,0,0,0,0,0,0,0
1,1,380066,0,0,0,0,15,0,0,0,0,0
2,1,380066,0,0,0,0,0,0,0,0,0,0
1,1,380067,0,0,0,0,0,0,0,0,0,0
1,1,380068,5,21,17,22,15,12,16,12,16,11
1,1,380069,24,24,24,24,24,24,24,24,24,24
1,1,380070,0,11,33,0,9,0,15,0,0,0
2,1,380070,0,0,0,0,0,0,0,0,0,0
1,1,380071,0,0,0,0,0,0,0,0,0,0
2,1,380071,0,0,0,0,0,0,0,0,0,0
1,1,380072,26,26,26,26,26,26,26,26,26,26
1,1,380073,0,0,0,0,0,0,0,18,0,0
1,1,380074,0,0,0,0,0,0,17,21,0,10
2,1,380074,0,0,0,0,0,0,0,0,0,0
1,1,380075,19,19,19,19,19,19,19,19,19,19
2,1,380075,0,0,0,0,0,0,0,0,0,0
1,1,380076,0,21,0,0,0,0,0,0,0,17
2,1,380076,0,0,0,0,0,0,0,0,0,0
1,1,380077,0,0,0,0,0,0,0,0,0,0
2,1,380077,0,0,0,0,0,0,0,0,0,0
1,1,380078,0,0,0,0,0,0,0,0,0,0
2,1,380078,0,0,0,0,0,0,0,0,0,0
1,1,380079,13,13,13,13,13,13,13,13,13,13
1,1,380080,6,6,6,6,6,6,6,6,6,6
1,1,380081,0,0,0,0,0,0,0,0,0,0
2,1,380081,0,0,0,0,0,0,0,0,0,0
1,1,380082,0,0,0,0,0,0,0,0,0,0
0,1,380083,0,0,0,0,0,0,0,0,0,0
1,1,380083,0,0,0,0,0,0,0,0,0,0
1,1,380084,17,17,17,17,17,17,17,17,17,17
1,1,380085,0,0,0,0,0,0,0,0,0,0
1,1,380086,0,0,0,0,0,0,0,0,0,0
1,1,380087,24,24,24,24,24,24,24,24,24,24
1,1,380088,0,0,0,0,0,0,0,0,0,0
2,1,380088,0,0,0,0,0,6,0,0,0,0
1,1,380089,28,28,28,28,28,28,28,28,28,28
1,1,380090,0,0,0,16,0,0,0,0,0,0
1,1,380091,15,15,15,15,15,15,15,15,15,15
2,1,380091,0,0,0,0,0,0,0,0,0,0
1,1,380092,0,0,0,0,0,0,0,0,0,0
1,1,380093,0,0,0,0,0,0,0,0,0,0
1,1,380094,0,0,0,0,0,0,0,0,0,0
2,1,380094,0,0,0,0,0,0,0,0,0,0
1,1,380095,0,0,0,18,0,0,0,0,0,0
1,1,380096,0,0,0,0,0,0,0,0,0,0
2,1,380096,0,0,0,0,0,0,0,0,0,0
1,1,380097,0,0,0,0,0,0,0,0,0,0
1,1,380098,8,0,0,0,17,0,0,0,13,9
1,1,380099,21,21,21,21,21,21,21,21,21,21
1,1,380100,14,14,14,14,14,14,14,14,14,14
1,1,380101,12,12,12,12,12,12,12,12,12,12
0,1,390001,31,31,31,31,31,31,31,31,31,31
1,1,390001,0,0,0,0,0,0,0,0,0,0
1,1,390002,32,32,32,32,32,32,32,32,32,32
1,1,390003,14,14,14,14,14,14,14,14,14,14
0,1,390004,34,34,34,34,34,34,34,34,34,34
1,1,390004,19,19,19,19,19,19,19,19,19,19
1,1,390005,0,0,0,0,0,0,0,0,0,0
2,1,390005,0,0,0,0,0,0,0,0,0,0
0,1,390006,0,0,0,0,0,0,0,0,0,0
1,1,390006,0,0,0,0,0,0,0,0,0,0
1,1,390007,0,0,0,0,0,0,0,0,0,0
1,1,390008,23,23,23,23,23,23,23,23,23,23
1,1,390009,11,11,11,11,11,11,11,11,11,11
1,1,390010,2,2,2,2,2,2,2,2,2,2
1,1,390011,0,0,0,0,0,0,0,0,0,0
2,1,390011,0,0,0,0,0,0,0,0,0,0
1,1,390012,0,0,0,0,0,0,0,0,0,0
2,1,390012,0,0,0,0,0,0,0,0,0,0
1,1,390013,0,0,0,0,0,0,0,0,0,0
1,1,390014,0,14,0,0,0,0,0,0,0,0
2,1,390014,22,22,22,22,22,22,22,22,22,22
1,1,390015,0,0,0,0,0,0,0,0,0,0
2,1,390015,0,0,0,0,0,0,0,0,0,0
3,1,390015,0,0,0,0,0,0,0,0,0,0
1,1,390016,15,28,1,11,16,21,13,15,4,11
1,1,390017,0,0,0,10,0,0,0,0,0,0
2,1,390017,0,22,0,0,0,0,0,0,0,0
1,1,390018,0,0,0,0,0,0,0,0,0,0
1,1,390019,0,0,0,0,0,0,0,0,0,0
2,1,390019,0,0,0,0,0,0,0,0,0,0
1,1,390020,0,0,0,0,0,0,0,0,0,0
1,1,390021,19,19,19,19,19,19,19,19,19,19
1,1,390022,0,0,0,0,0,0,0,0,0,0
2,1,390022,0,0,0,0,0,0,0,0,0,0
1,1,390023,0,0,0,0,0,0,0,0,0,0
2,1,390023,0,0,0,0,0,0,0,0,0,0
1,1,390024,20,20,20,20,20,20,20,20,20,20
1,1,390025,0,0,0,0,0,0,0,0,0,0
2,1,390025,0,0,0,0,0,0,0,0,0,0
3,1,390025,0,0,0,0,0,0,0,0,0,0
0,1,390026,0,0,0,0,0,0,0,0,0,0
1,1,390026,0,0,0,0,0,0,0,0,0,0
0,1,390027,0,0,0,0,0,0,0,0,0,0
1,1,390027,0,0,0,0,0,0,0,0,0,0
1,1,390028,0,0,0,0,0,0,0,0,0,0
2,1,390028,0,16,19,0,19,0,0,0,0,16
1,1,390029,0,0,0,0,0,0,0,0,0,0
2,1,390029,0,0,0,0,0,0,0,0,0,0
1,1,390030,9,9,9,9,9,9,9,9,9,9
1,1,390031,0,0,0,0,0,0,0,0,0,0
1,1,390032,25,21,21,12,5,21,8,15,15,16
2,1,390032,13,13,13,13,13,13,13,13,13,13
1,1,390033,15,15,15,15,15,15,15,15,15,15
1,1,390034,32,32,32,32,32,32,32,32,32,32
2,1,390034,0,0,0,0,0,0,0,0,0,0
3,1,390034,0,0,0,0,0,0,0,0,0,0
1,1,390035,0,0,0,0,0,0,0,0,0,0
1,1,390036,0,0,0,0,0,0,0,0,0,0
2,1,390036,0,0,0,0,0,0,0,0,0,0
0,1,390037,0,0,0,0,0,0,0,0,0,0
1,1,390037,0,0,0,0,0,0,0,0,0,0
1,1,390038,0,0,7,0,19,8,0,0,0,0
1,1,390039,23,23,23,23,23,23,23,23,23,23
1,1,390040,0,0,0,0,0,0,0,0,0,0
1,1,390041,0,0,0,0,0,0,0,0,0,0
2,1,390041,0,0,0,0,0,0,0,0,0,0
0,1,390042,0,0,0,0,19,0,0,0,0,4
0,2,390042,0,0,0,0,0,0,0,0,0,0
1,1,390042,21,21,21,21,21,21,21,21,21,21
1,1,390043,4,4,4,4,4,4,4,4,4,4
1,1,390044,0,0,7,0,0,0,0,0,0,0
2,1,390044,0,0,0,0,0,0,0,0,0,0
1,1,390046,22,0,13,0,0,0,0,0,0,0
2,1,390046,0,0,0,0,0,0,0,0,0,0
1,1,390047,20,20,20,20,20,20,20,20,20,20
1,1,390048,13,13,13,13,13,13,13,13,13,13
1,1,390049,0,0,0,0,0,0,0,0,0,0
2,1,390049,0,0,0,0,0,0,0,0,0,0
1,1,390050,2,2,2,2,2,2,2,2,2,2
2,1,390050,0,0,0,0,0,0,0,0,0,0
3,1,390050,0,0,0,0,0,0,0,0,0,0
1,1,390051,0,0,0,0,0,0,0,0,0,0
0,1,390052,0,0,0,0,0,0,0,0,0,0
1,1,390052,0,0,0,0,0,0,0,0,0,0
1,1,390053,43,43,43,43,43,43,43,43,43,43
1,1,390054,24,24,24,24,24,24,24,24,24,24
1,1,390055,18,18,18,18,18,18,18,18,18,18
1,1,390056,0,0,0,0,0,0,0,0,0,0
1,1,390057,1,1,1,1,1,1,1,1,1,1
2,1,390057,0,0,0,0,0,0,0,0,0,0
1,1,390058,0,0,0,0,0,0,0,0,0,0
1,1,390059,0,0,0,0,0,0,0,0,0,0
1,1,390060,0,0,0,0,0,0,0,0,0,0
1,1,390061,0,0,0,0,0,0,0,0,0,0
2,1,390061,29,29,29,29,29,29,29,29,29,29
1,1,390062,0,0,0,0,0,0,0,0,0,0
2,1,390062,0,0,0,0,0,0,0,0,0,0
1,1,390063,10,10,10,10,10,10,10,10,10,10
1,1,390064,0,0,0,0,0,0,0,0,0,0
1,1,390065,0,0,0,0,0,0,0,0,0,0
1,1,390066,0,0,0,0,0,0,0,0,0,0
0,1,390067,0,0,0,0,0,0,0,0,0,0
1,1,390067,0,0,0,0,0,0,0,0,0,0
2,1,390067,0,0,0,0,0,0,0,0,0,0
1,1,390068,0,0,0,0,0,0,0,0,0,0
2,1,390068,0,0,0,0,0,0,0,0,0,0
1,1,390069,0,0,0,0,0,0,0,0,0,0
1,1,390070,0,0,0,0,0,0,0,0,0,0
2,1,390070,0,0,0,0,0,0,0,0,0,0
1,1,390071,21,21,21,21,21,21,21,21,21,21
1,1,390072,22,22,22,22,22,22,22,22,22,22
1,1,390073,0,0,0,0,0,0,0,0,0,0
1,1,390074,16,16,16,16,16,16,16,16,16,16
0,1,390075,15,15,15,15,15,15,15,15,15,15
1,1,390075,0,0,0,0,0,0,0,0,0,0
1,1,390076,18,18,18,18,18,18,18,18,18,18
1,1,390077,6,6,6,6,6,6,6,6,6,6
1,1,390078,0,0,0,0,0,0,0,0,0,0
2,1,390078,0,0,0,0,0,0,0,0,0,0
3,1,390078,0,0,0,0,0,0,0,0,0,0
1,1,390079,0,0,0,0,0,0,0,0,0,0
1,1,390080,0,0,0,0,0,0,0,0,0,0
1,1,390081,0,0,0,0,0,0,0,0,0,0
2,1,390081,0,0,0,0,0,0,0,0,0,0
1,2,390082,14,14,14,14,14,14,14,14,14,14
1,1,390083,0,0,0,0,26,0,18,0,8,0
1,1,390084,0,0,0,0,0,0,0,0,0,0
1,1,390085,0,0,0,0,0,0,0,0,0,0
1,1,390086,0,0,0,0,0,0,0,0,0,0
2,1,390086,0,0,0,0,0,0,0,0,0,0
1,1,390087,0,0,0,0,0,0,0,0,0,0
2,1,390087,28,28,28,28,28,28,28,28,28,28
1,1,390088,8,8,8,8,8,8,8,8,8,8
2,1,390088,18,18,18,18,18,18,18,18,18,18
1,1,390089,8,8,8,8,8,8,8,8,8,8
1,1,390090,22,22,22,22,22,22,22,22,22,22
1,1,390091,0,0,0,0,0,0,0,0,0,0
1,1,390092,0,0,0,0,0,0,0,0,0,0
1,1,390093,9,9,9,9,9,9,9,9,9,9
1,1,390094,0,0,0,0,0,0,0,0,0,0
2,1,390094,15,15,15,15,15,15,15,15,15,15
1,1,390095,0,0,0,0,0,0,0,0,0,0
2,1,390095,0,0,0,0,0,0,0,0,0,0
1,1,390096,18,18,18,18,18,18,18,18,18,18
2,1,390096,0,0,0,0,0,0,0,0,0,0
1,1,390097,0,0,0,0,0,0,0,0,0,0
2,1,390097,0,0,0,0,0,0,0,0,0,0
3,1,390097,0,0,0,0,0,0,0,13,0,0
1,1,390098,0,0,0,0,0,0,0,0,0,0
2,1,390098,0,0,0,0,0,0,0,0,0,0
3,1,390098,0,0,0,0,0,0,0,0,0,0
1,1,390099,0,0,0,0,0,0,0,0,0,0
2,1,390099,30,30,30,30,30,30,30,30,30,30
1,1,390100,0,0,0,0,0,0,0,0,0,0
2,1,390100,0,0,0,0,0,0,0,0,0,0
1,1,390101,0,0,0,0,0,0,0,0,0,0
2,1,390101,0,0,0,8,0,0,0,0,0,0
1,1,390102,0,0,0,0,0,0,0,0,0,0
2,1,390102,26,26,26,26,26,26,26,26,26,26
0,1,390103,26,26,26,26,26,26,26,26,26,26
1,1,390103,0,0,0,0,0,0,0,0,0,17
1,1,390104,0,0,0,0,0,0,0,0,0,0
2,1,390104,0,0,0,0,0,0,0,0,0,0
3,1,390104,0,0,0,17,0,0,0,0,0,0
1,1,390105,0,0,0,0,0,0,0,0,0,0
1,1,390106,0,0,0,0,0,0,0,0,0,0
2,1,390106,0,0,0,0,0,0,0,0,0,0
1,1,390107,13,13,13,13,13,13,13,13,13,13
1,1,390108,0,0,0,0,9,0,0,0,0,6
2,1,390108,0,0,0,0,0,0,0,0,0,0
1,1,390109,0,0,0,0,0,0,0,0,0,0
2,1,390109,2,2,2,2,2,2,2,2,2,2
1,1,390110,0,0,0,0,0,0,0,0,0,0
2,1,390110,0,0,0,0,0,0,0,0,0,0
1,1,390111,0,0,0,0,0,0,0,0,0,0
1,1,390112,0,0,0,0,0,0,0,0,0,0
1,1,390113,0,0,0,0,0,0,0,0,0,0
2,1,390113,0,0,0,0,0,0,0,0,0,0
0,1,390114,0,0,0,0,0,0,0,0,0,0
1,1,390114,0,0,0,0,0,0,0,0,0,0
1,1,390115,0,0,0,0,0,0,0,0,0,0
1,1,390116,20,20,20,20,20,20,20,20,20,20
1,1,390117,0,0,0,0,0,0,0,0,0,0
2,1,390117,0,0,0,0,12,0,0,0,0,0
1,1,390118,22,22,22,22,22,22,22,22,22,22
1,1,390119,0,0,0,0,0,0,0,0,0,0
2,1,390119,0,0,0,0,0,0,0,0,0,0
1,1,390120,0,0,0,0,0,0,0,0,0,0
1,1,390121,0,0,0,0,0,0,0,0,0,0
1,1,390122,0,0,0,0,0,4,0,0,0,0
2,1,390122,0,0,0,0,0,0,0,0,0,0
1,1,390123,0,0,0,0,0,0,0,0,0,0
2,1,390123,0,0,0,0,0,0,0,0,0,0
1,1,390124,0,0,0,0,0,0,0,0,0,0
2,1,390124,0,0,0,0,0,0,0,0,0,0
1,1,390125,0,0,17,0,0,0,0,0,0,0
2,1,390125,0,0,0,0,0,0,0,0,0,0
1,1,390126,0,0,0,0,0,0,0,0,0,0
1,1,390127,0,0,0,0,0,0,0,0,0,0
1,1,390128,22,22,22,22,22,22,22,22,22,22
0,1,390129,16,16,16,16,16,16,16,16,16,16
1,1,390129,0,0,0,6,0,0,0,0,0,0
2,1,390129,0,0,0,0,0,0,0,0,0,0
0,1,390130,0,0,0,0,0,0,0,0,0,0
1,1,390130,0,0,0,0,0,0,0,0,0,0
1,1,390131,10,10,10,10,10,10,10,10,10,10
1,1,390132,0,0,0,0,0,0,0,0,0,0
2,1,390132,0,0,0,0,0,0,0,0,0,0
1,1,390133,0,0,0,0,0,0,0,0,0,0
1,1,390134,0,0,0,0,0,0,0,0,0,0
2,1,390134,0,0,0,0,0,0,0,0,0,0
1,1,390135,0,0,0,0,0,0,0,0,0,0
2,1,390135,0,0,0,0,0,0,0,0,0,0
0,1,390136,18,18,18,18,18,18,18,18,18,18
1,1,390136,0,0,0,0,0,0,0,0,0,0
1,1,390137,16,16,16,16,16,16,16,16,16,16
0,1,390138,0,0,0,0,0,0,0,0,0,0
1,1,390138,0,0,0,0,0,0,0,0,0,0
1,1,390139,29,29,29,29,29,29,29,29,29,29
2,1,390139,0,0,0,0,0,0,0,0,0,0
1,1,390140,0,0,0,0,0,0,0,0,0,0
1,1,390141,0,0,0,0,0,0,0,0,11,0
2,1,390141,0,0,0,0,0,0,0,0,0,0
1,1,390142,0,0,0,0,0,0,0,0,0,0
2,1,390142,0,0,0,0,0,0,0,0,0,0
1,1,390143,0,0,0,0,0,0,0,0,0,0
2,1,390143,0,0,0,0,0,0,0,0,0,0
1,1,390144,0,0,0,0,0,0,0,0,0,0
1,1,390145,0,0,0,0,0,0,0,0,0,0
2,1,390145,0,0,0,0,0,0,0,0,0,0
1,1,390146,0,0,0,0,0,0,0,0,0,0
1,1,390147,30,30,30,30,30,30,30,30,30,30
1,1,390148,21,21,21,21,21,21,21,21,21,21
1,1,390149,23,23,23,23,23,23,23,23,23,23
2,1,390149,0,0,0,0,0,0,0,0,0,0
1,1,390150,20,20,20,20,20,20,20,20,20,20
1,1,390151,10,10,10,10,10,10,10,10,10,10
1,1,390152,0,0,0,0,0,0,0,0,0,0
1,1,390153,21,21,21,21,21,21,21,21,21,21
1,1,390154,0,0,0,0,0,0,0,0,0,0
0,1,390156,19,19,19,19,19,19,19,19,19,19
1,1,390156,0,0,0,18,0,0,0,0,0,0
1,1,390158,0,0,0,0,0,0,0,0,0,0