VEH_NO,PER_NO,ST_CASE,P1,P2,P3,P4,P5,P6,P7,P8,P9,P10
2,1,390158,0,0,0,0,0,0,0,0,0,0
1,1,390159,0,0,0,0,0,0,0,0,0,0
2,1,390159,0,0,0,0,0,0,0,0,0,0
3,1,390159,0,0,0,0,0,0,0,0,0,0
1,1,390160,0,0,0,0,0,0,0,0,0,0
2,1,390160,0,0,0,0,0,0,0,0,0,0
1,1,390161,0,0,0,0,0,0,0,0,0,0
1,1,390162,0,0,0,0,0,0,0,0,0,0
1,1,390163,15,15,15,15,15,15,15,15,15,15
1,1,390164,14,14,14,14,14,14,14,14,14,14
1,1,390165,14,14,14,14,14,14,14,14,14,14
2,1,390165,14,14,14,14,14,14,14,14,14,14
1,1,390166,13,13,13,13,13,13,13,13,13,13
1,1,390167,0,0,0,0,0,0,0,0,0,0
2,1,390167,0,0,0,0,0,0,0,0,0,0
3,1,390167,0,0,0,0,0,0,0,0,0,0
1,1,390168,0,0,0,0,0,0,0,3,0,0
2,1,390168,0,0,0,0,0,0,0,0,0,0
0,1,390169,23,23,23,23,23,23,23,23,23,23
1,1,390169,22,0,0,0,0,0,22,0,0,0
1,3,390170,13,29,15,0,18,26,0,20,7,0
1,1,390171,6,6,6,6,6,6,6,6,6,6
2,1,390171,0,0,0,0,0,0,0,0,0,0
1,1,390172,12,12,12,12,12,12,12,12,12,12
1,1,390173,0,0,0,0,0,0,0,0,0,0
1,1,390174,37,37,37,37,37,37,37,37,37,37
1,1,390175,0,0,0,0,0,0,0,0,0,0
2,1,390175,0,0,0,0,0,0,0,0,0,0
1,1,390176,28,28,28,28,28,28,28,28,28,28
1,1,390177,0,0,0,0,0,0,0,0,0,0
1,1,390178,0,0,0,0,0,0,0,0,0,0
2,1,390178,0,0,0,0,0,0,0,0,0,0
1,1,390179,0,0,0,0,0,0,0,0,0,0
1,1,390181,0,0,0,0,0,0,0,0,0,0
1,1,390182,0,0,0,0,0,0,0,0,0,0
1,1,390183,0,0,0,0,0,0,0,0,0,0
1,1,390184,0,0,11,0,0,0,0,0,0,0
2,1,390184,9,9,9,9,9,9,9,9,9,9
0,1,390185,11,11,11,11,11,11,11,11,11,11
2,1,390185,9,9,9,9,9,9,9,9,9,9
1,1,390186,0,0,0,0,0,0,0,0,0,0
2,1,390186,0,0,0,0,0,0,0,0,0,0
1,1,390187,0,0,0,0,0,0,0,0,0,0
1,1,390188,18,12,4,20,23,31,18,14,17,14
1,1,390190,0,0,0,0,0,0,0,0,0,0
2,1,390190,0,0,0,0,0,0,0,0,0,0
1,1,390191,22,22,22,22,22,22,22,22,22,22
1,1,390192,0,0,0,0,0,0,0,0,0,0
2,1,390192,0,0,0,0,0,0,0,0,0,0
1,1,390193,0,0,8,0,0,0,0,0,0,0
2,1,390193,0,0,0,0,0,0,0,0,0,0
1,1,390194,14,14,14,14,14,14,14,14,14,14
1,1,390195,0,0,0,0,0,0,0,0,0,0
2,1,390195,0,0,0,0,0,0,0,0,0,0
1,1,390196,13,13,13,13,13,13,13,13,13,13
1,1,390197,16,16,16,16,16,16,16,16,16,16
1,1,390198,11,0,0,0,0,0,10,0,0,0
1,1,390200,0,0,0,0,0,0,0,0,0,0
2,1,390200,0,0,0,0,0,0,0,0,0,0
3,1,390200,0,0,0,0,0,0,0,0,0,0
1,1,390201,0,0,0,0,0,0,0,0,0,0
2,1,390201,0,0,0,0,0,0,0,0,0,0
1,1,390202,26,26,26,26,26,26,26,26,26,26
1,1,390203,0,0,0,0,0,0,0,0,0,0
2,1,390203,0,0,0,0,0,0,0,0,0,0
3,1,390203,0,0,0,0,0,0,0,0,0,0
4,1,390203,0,0,0,0,0,0,0,0,0,0
1,1,390204,0,0,0,0,0,0,0,0,0,0
1,1,390205,24,24,24,24,24,24,24,24,24,24
1,1,390206,0,0,0,0,0,0,0,0,0,0
1,1,390207,0,0,0,0,0,0,0,0,0,0
1,1,390208,5,0,0,0,0,0,0,0,0,0
2,1,390208,0,0,0,0,0,0,0,0,0,0
1,1,390210,2,2,2,2,2,2,2,2,2,2
2,1,390210,0,0,0,0,0,0,0,0,0,0
1,1,390211,0,0,0,0,0,0,0,0,0,0
2,1,390211,0,0,0,0,0,0,0,0,0,0
0,1,390212,0,0,0,0,0,0,0,0,0,0
0,2,390212,0,0,0,0,0,0,0,0,0,0
1,1,390212,11,11,11,11,11,11,11,11,11,11
1,1,390213,0,0,0,0,0,0,0,0,0,0
1,1,390214,0,0,0,0,0,0,0,0,0,0
1,1,390215,0,0,0,0,0,0,0,0,0,0
1,1,390216,21,21,21,21,21,21,21,21,21,21
1,1,390217,0,0,0,0,0,0,0,0,0,0
2,1,390217,0,0,0,0,0,0,0,0,0,0
1,1,390218,0,0,0,0,0,0,0,0,0,0
2,1,390218,7,0,0,0,0,10,0,14,0,0
2,1,390219,0,0,0,11,0,0,0,0,0,0
1,1,390220,18,18,18,18,18,18,18,18,18,18
2,1,390220,40,24,9,12,17,34,6,22,5,21
1,1,390221,0,0,0,0,0,0,0,0,0,0
2,1,390221,0,0,0,0,0,0,0,0,0,0
1,1,390222,17,17,17,17,17,17,17,17,17,17
2,1,390222,0,0,0,0,0,0,0,0,0,0
1,1,390223,0,0,0,17,0,0,0,0,5,0
1,1,390224,0,0,0,0,0,0,0,0,0,0
2,1,390224,0,0,0,0,0,0,0,0,0,0
1,1,390225,4,4,4,4,4,4,4,4,4,4
2,1,390225,0,0,0,0,0,0,0,0,0,0
1,1,390226,1,1,1,1,1,1,1,1,1,1
1,1,390227,21,21,21,21,21,21,21,21,21,21
1,1,390228,0,13,0,0,0,0,0,0,0,0
2,1,390228,0,0,0,0,0,0,0,0,0,0
3,1,390228,0,0,0,0,0,0,0,0,0,0
1,1,390229,0,0,0,0,0,0,0,0,0,0
1,1,390230,9,9,9,9,9,9,9,9,9,9
2,1,390230,0,0,0,0,0,0,0,0,0,0
0,1,390232,0,0,0,0,0,0,0,0,0,0
1,1,390232,0,0,0,0,0,0,0,0,0,0
1,1,390233,0,0,0,0,0,0,0,0,0,0
1,1,390234,0,0,0,0,0,0,0,0,0,0
2,1,390234,0,0,0,0,0,0,0,0,0,0
1,1,390235,22,22,22,22,22,22,22,22,22,22
1,1,390236,0,0,0,0,0,0,0,0,0,0
1,1,390237,0,0,0,0,0,0,0,0,0,0
2,1,390237,0,0,0,0,24,0,0,0,0,0
1,1,390238,0,0,0,0,0,0,0,0,0,0
1,1,390239,30,30,30,30,30,30,30,30,30,30
2,1,390239,12,0,0,0,0,0,0,0,0,0
1,1,390240,0,0,0,0,0,0,0,0,0,0
2,1,390240,19,19,19,19,19,19,19,19,19,19
1,1,390241,1,1,1,1,1,1,1,1,1,1
2,1,390241,0,0,0,0,0,0,0,0,0,0
1,1,390242,0,0,0,0,0,0,0,0,0,0
1,1,390243,0,0,0,0,0,0,0,0,0,0
2,1,390243,0,0,0,0,0,0,0,0,0,0
1,1,390244,0,0,0,0,0,0,15,0,0,0
2,1,390244,0,0,0,0,0,0,0,0,0,0
1,1,390245,12,12,12,12,12,12,12,12,12,12
1,1,390246,20,20,20,20,20,20,20,20,20,20
1,1,390247,25,25,25,25,25,25,25,25,25,25
1,1,390248,0,0,0,0,0,0,0,0,0,0
2,1,390248,0,0,0,0,0,0,0,0,0,0
1,1,390249,0,0,0,0,0,0,0,0,0,0
2,1,390249,0,0,0,0,0,0,0,0,0,0
1,1,390250,0,0,0,0,0,0,0,0,0,0
1,1,390251,0,0,0,0,0,0,0,0,0,0
1,1,390252,0,0,0,0,0,0,0,0,0,0
1,1,390253,0,0,0,0,0,0,0,0,0,0
0,1,390254,23,23,23,23,23,23,23,23,23,23
1,1,390254,0,0,0,0,0,0,0,0,0,0
1,1,390255,0,0,0,0,0,0,0,0,0,0
2,1,390255,0,0,0,0,0,0,25,0,0,0
1,1,390256,21,21,21,21,21,21,21,21,21,21
1,1,390257,0,0,0,0,0,0,0,0,0,0
1,1,390258,0,0,0,0,0,11,0,0,0,0
2,1,390258,0,0,0,0,0,0,0,0,0,15
1,1,390259,0,0,0,0,0,0,0,0,0,0
2,1,390259,0,0,0,0,0,0,0,0,0,0
3,1,390259,15,15,15,15,15,15,15,15,15,15
1,1,390260,16,16,16,16,16,16,16,16,16,16
1,1,390261,19,19,19,19,19,19,19,19,19,19
1,1,390262,0,0,0,0,0,0,0,0,0,0
2,1,390262,0,0,0,0,0,0,0,0,0,0
0,1,390263,0,0,0,0,0,0,0,0,0,0
1,1,390263,0,0,0,0,0,0,0,0,0,0
1,1,390264,0,0,0,0,0,0,0,0,0,0
2,1,390264,0,0,0,0,0,0,0,0,0,0
1,1,390265,0,0,0,0,0,0,0,0,0,0
1,1,390266,0,0,0,0,0,0,0,0,0,0
2,1,390266,0,0,0,0,0,0,0,0,0,0
1,1,390267,0,0,0,0,0,0,0,0,0,0
2,1,390267,0,0,0,0,0,0,0,0,0,0
1,1,390269,1,1,1,1,1,1,1,1,1,1
2,1,390269,0,0,0,0,0,0,0,0,0,0
1,1,390270,0,0,0,0,0,0,0,0,0,0
2,1,390270,0,0,0,0,0,0,0,0,0,0
1,1,390272,0,0,0,0,0,0,0,0,0,0
2,1,390272,0,0,0,0,0,0,0,0,0,0
1,1,390273,24,24,24,24,24,24,24,24,24,24
2,1,390273,0,0,0,0,0,0,0,0,0,0
1,1,390274,25,25,25,25,25,25,25,25,25,25
1,1,390275,11,11,11,11,11,11,11,11,11,11
2,1,390275,17,17,17,17,17,17,17,17,17,17
1,1,390276,0,0,0,0,0,0,0,0,0,0
2,1,390276,0,0,0,0,0,0,0,0,0,0
3,1,390276,0,0,0,0,0,0,0,0,0,0
4,1,390276,0,0,0,0,0,0,0,0,0,0
1,1,390277,15,15,15,15,15,15,15,15,15,15
1,1,390278,0,0,0,0,0,0,0,0,0,0
1,1,390279,0,0,0,0,0,0,0,0,0,0
2,1,390279,11,11,11,11,11,11,11,11,11,11
1,1,390280,1,1,1,1,1,1,1,1,1,1
1,1,390281,0,0,0,0,0,0,0,0,0,0
1,1,390282,0,0,0,0,0,0,0,0,0,0
1,1,390283,24,24,24,24,24,24,24,24,24,24
2,1,390283,0,0,0,0,0,0,0,0,0,0
1,1,390284,0,0,0,0,0,0,0,0,0,0
2,1,390284,0,0,0,0,0,0,0,0,0,0
1,1,390285,0,0,0,0,0,0,0,0,0,0
2,1,390285,0,0,0,0,0,0,0,0,0,0
1,1,390286,0,0,0,0,0,0,0,0,0,0
2,1,390286,0,0,0,0,0,0,0,0,0,0
1,1,390287,0,0,0,0,0,0,0,0,0,0
1,1,390289,0,0,0,0,0,0,0,0,0,0
2,1,390289,0,0,0,0,0,0,0,0,17,0
1,1,390290,0,0,0,0,0,0,0,0,0,0
2,1,390290,5,5,5,5,5,5,5,5,5,5
3,1,390290,0,0,0,0,0,0,0,0,0,0
1,1,390291,0,0,0,0,0,0,0,0,0,0
1,1,390292,0,0,0,0,0,0,0,0,0,0
1,1,390293,0,0,0,0,0,0,0,0,0,0
2,1,390293,0,0,0,0,0,0,0,0,0,0
1,1,390294,0,0,0,0,0,0,4,0,0,0
1,1,390295,3,3,3,3,3,3,3,3,3,3
1,1,390296,0,0,0,0,0,0,0,0,0,0
1,1,390297,0,0,0,0,0,0,0,0,0,0
1,1,390298,17,17,17,17,17,17,17,17,17,17
0,1,390299,9,9,9,9,9,9,9,9,9,9
1,1,390299,9,12,0,16,0,13,0,30,0,23
2,1,390299,0,0,0,0,25,0,0,0,0,0
3,1,390299,27,0,0,10,0,5,0,21,0,24
1,1,390300,0,0,0,0,0,0,0,0,0,0
2,1,390300,0,0,0,0,0,0,0,0,0,0
1,1,390301,22,22,22,22,22,22,22,22,22,22
2,1,390301,31,31,31,31,31,31,31,31,31,31
1,1,390302,0,0,0,0,0,0,0,0,0,0
2,1,390302,0,25,0,0,0,0,0,0,5,0
0,1,390303,0,0,0,0,0,0,0,0,0,0
1,1,390303,0,0,0,0,0,0,0,0,0,0
1,1,390305,12,12,12,12,12,12,12,12,12,12
2,1,390305,0,0,0,0,0,0,0,0,0,0
0,1,390306,0,0,0,0,0,0,0,0,0,0
2,1,390306,0,0,0,0,0,0,0,0,0,0
3,1,390306,0,0,0,0,0,0,0,0,0,0
1,1,390307,0,0,0,0,0,0,0,0,0,0
2,1,390307,0,0,0,0,0,0,0,0,0,0
1,1,390308,20,20,20,20,20,20,20,20,20,20
1,1,390309,0,0,0,0,0,0,0,0,0,0
1,1,390310,0,0,0,0,0,0,0,0,0,0
2,1,390310,0,0,0,0,0,0,0,0,0,0
1,1,390311,0,0,0,0,0,0,0,0,0,0
1,1,390312,0,0,0,0,0,0,0,0,0,0
2,1,390312,0,0,0,0,0,0,0,10,0,0
3,1,390312,0,0,0,0,0,0,0,0,0,0
1,1,390313,0,0,0,0,0,0,0,0,0,0
2,1,390313,0,0,0,0,0,0,0,0,0,0
1,1,390314,0,0,0,0,0,0,0,0,0,0
1,1,390315,12,12,12,12,12,12,12,12,12,12
1,1,390316,0,0,0,0,0,0,0,0,0,0
0,1,390317,30,30,30,30,30,30,30,30,30,30
0,2,390317,0,0,11,0,0,0,0,0,0,0
1,1,390317,0,0,11,0,0,0,0,0,0,0
3,1,390317,14,14,14,14,14,14,14,14,14,14
1,1,390318,23,23,23,23,23,23,23,23,23,23
1,1,390319,2,2,2,2,2,2,2,2,2,2
1,1,390320,33,31,20,19,28,17,22,23,12,18
1,1,390321,0,0,0,0,0,0,0,0,0,0
1,1,390322,0,0,0,0,0,0,0,0,0,0
2,1,390322,0,0,0,0,0,0,0,0,0,0
1,1,390323,3,3,3,3,3,3,3,3,3,3
1,1,390324,0,0,0,0,0,0,0,0,0,0
2,1,390324,0,0,0,0,0,0,0,0,0,0
3,1,390324,0,0,0,0,0,0,0,0,0,0
4,1,390324,0,0,0,0,0,0,0,0,0,0
1,1,390325,0,0,0,0,0,0,0,0,0,0
2,1,390325,0,0,0,0,0,0,0,0,0,0
1,1,390326,0,0,0,0,0,0,0,0,0,0
2,1,390326,0,0,0,0,0,0,0,0,0,0
1,1,390327,3,0,0,0,0,23,0,0,13,0
1,1,390328,0,0,0,0,0,0,0,0,0,0
1,1,390329,0,0,0,0,0,0,0,0,0,0
2,1,390329,0,0,0,0,0,0,0,0,0,0
1,1,390330,0,0,0,0,0,0,0,0,0,0
2,1,390330,20,0,13,0,16,0,0,0,0,0
1,1,390331,0,7,0,0,0,0,0,15,0,0
2,1,390331,0,0,0,0,0,0,0,0,0,0
1,1,390332,0,0,0,0,0,0,0,0,0,0
1,1,390333,23,23,23,23,23,23,23,23,23,23
1,1,390334,0,0,0,0,0,0,0,0,0,0
1,1,390335,0,0,0,0,0,0,0,0,0,0
1,1,390336,14,14,14,14,14,14,14,14,14,14
0,1,390337,37,37,37,37,37,37,37,37,37,37
0,2,390337,19,19,19,19,19,19,19,19,19,19
1,1,390337,15,15,15,15,15,15,15,15,15,15
0,1,390338,14,14,14,14,14,14,14,14,14,14
1,1,390338,0,0,0,0,0,13,0,0,0,0
1,1,390339,15,15,15,15,15,15,15,15,15,15
1,1,390340,15,15,15,15,15,15,15,15,15,15
1,1,390341,15,15,15,15,15,15,15,15,15,15
1,1,390342,0,0,0,0,0,0,0,0,0,0
1,1,390343,0,0,0,0,0,0,0,0,0,0
1,1,390344,28,28,28,28,28,28,28,28,28,28
1,1,390345,12,12,12,12,12,12,12,12,12,12
1,1,390346,0,0,0,0,0,0,0,0,0,0
1,1,390347,0,0,0,0,0,0,0,0,0,0
2,1,390347,24,24,24,24,24,24,24,24,24,24
1,1,390348,0,0,0,0,0,0,0,0,0,0
2,1,390348,8,8,8,8,8,8,8,8,8,8
1,1,390349,0,0,0,0,0,0,0,0,0,0
1,1,390350,0,0,0,0,0,0,0,0,0,0
2,1,390350,0,0,0,0,0,0,0,0,0,0
1,1,390351,23,23,23,23,23,23,23,23,23,23
1,1,390352,16,16,16,16,16,16,16,16,16,16
1,1,390353,24,24,24,24,24,24,24,24,24,24
2,1,390353,0,0,0,0,0,0,0,0,0,0
2,1,390354,0,0,0,0,0,0,0,0,0,0
1,1,390355,0,0,0,0,0,0,0,0,0,0
2,1,390355,0,0,0,0,0,0,0,0,0,0
1,1,390356,0,27,0,0,0,0,0,0,0,0
2,1,390356,0,0,0,0,0,0,0,0,0,0
1,1,390357,0,0,0,0,0,0,0,17,0,0
2,1,390357,0,0,0,0,0,0,0,0,0,0
1,1,390358,24,24,24,24,24,24,24,24,24,24
1,1,390359,0,0,0,0,0,0,0,0,0,0
2,1,390359,0,0,0,0,0,0,0,0,0,0
1,1,390360,0,0,0,0,0,0,0,0,0,0
2,1,390360,0,0,0,0,0,0,0,0,0,0
1,1,390361,0,0,0,0,0,0,0,5,0,0
2,1,390361,0,0,0,0,0,0,0,0,0,0
3,1,390361,0,0,0,0,0,0,0,0,0,0
1,1,390362,0,0,0,0,0,0,0,0,0,0
2,1,390362,0,0,0,0,0,0,0,0,0,0
1,1,390363,0,0,0,0,0,0,0,0,0,6
2,1,390363,0,0,0,0,0,0,0,0,0,0
1,1,390364,18,18,18,18,18,18,18,18,18,18
1,1,390365,0,0,0,0,0,0,0,0,0,0
2,1,390365,0,0,0,0,0,0,0,0,0,0
3,1,390365,0,0,0,0,0,0,0,0,0,0
1,1,390366,0,0,0,0,0,0,0,0,0,0
2,1,390366,0,0,0,0,0,0,0,0,0,0
3,1,390366,0,0,0,0,0,0,0,0,0,0
1,1,390367,0,0,0,0,0,0,0,0,0,0
2,1,390367,0,0,0,0,0,0,0,0,0,0
1,1,390368,0,0,0,0,0,0,0,0,0,0
2,1,390368,0,0,0,0,0,0,0,0,0,0
1,1,390369,0,0,0,0,0,0,0,0,0,0
2,1,390369,0,0,0,0,0,0,0,0,0,0
1,1,390370,0,0,0,0,0,14,0,0,0,0
1,1,390371,21,21,21,21,21,21,21,21,21,21
1,1,390372,0,0,0,0,0,0,0,0,0,0
1,1,390373,17,17,17,17,17,17,17,17,17,17
2,1,390373,0,0,0,0,0,0,0,0,0,0
1,1,390374,19,19,19,19,19,19,19,19,19,19
1,1,390375,0,0,0,0,0,0,0,0,0,0
2,1,390375,0,0,0,0,0,0,0,0,0,0
1,1,390376,8,8,8,8,8,8,8,8,8,8
1,1,390378,0,0,0,0,0,0,0,0,0,0
2,1,390378,0,0,0,0,0,0,0,0,0,0
1,1,390379,18,0,0,6,0,18,9,7,12,26
1,1,390380,0,0,0,0,0,0,0,0,0,0
2,1,390380,0,0,0,0,0,0,0,0,0,0
1,1,390381,28,28,28,28,28,28,28,28,28,28
1,1,390382,0,0,0,0,0,0,0,0,0,0
1,1,390383,28,28,28,28,28,28,28,28,28,28
1,1,390384,0,0,0,0,0,0,0,0,0,0
1,1,390385,0,0,0,0,0,0,0,0,0,0
2,1,390385,2,2,2,2,2,2,2,2,2,2
1,1,390386,2,2,2,2,2,2,2,2,2,2
1,1,390387,0,0,0,0,0,0,0,0,0,0
2,1,390387,0,9,0,0,0,0,0,0,0,0
1,1,390388,19,19,19,19,19,19,19,19,19,19
1,1,390389,25,25,25,25,25,25,25,25,25,25
1,1,390390,0,0,0,0,0,0,0,0,0,0
2,1,390390,34,34,34,34,34,34,34,34,34,34
3,1,390390,0,0,0,0,0,0,0,0,0,0
1,1,390391,12,12,12,12,12,12,12,12,12,12
1,1,390392,0,0,0,0,0,0,0,0,0,0
1,1,390393,13,13,13,13,13,13,13,13,13,13
1,1,390394,20,20,20,20,20,20,20,20,20,20
1,1,390395,0,0,0,0,0,0,0,0,0,0
2,1,390395,0,0,0,0,0,0,0,0,0,0
0,1,390396,0,0,0,0,0,0,0,0,0,0
1,1,390396,0,0,0,19,11,22,0,4,0,0
0,1,390397,0,10,0,0,0,0,0,0,0,0
1,1,390397,0,0,0,0,0,0,0,0,0,0
1,1,390398,10,10,10,10,10,10,10,10,10,10
2,1,390398,0,0,0,0,0,0,0,0,0,0
1,1,390399,0,0,0,0,0,6,0,0,0,0
1,1,390400,0,0,0,0,0,0,0,0,0,0
1,1,390401,0,0,0,0,0,0,0,0,0,0
2,1,390401,9,9,9,9,9,9,9,9,9,9
1,1,390402,0,0,0,0,0,0,0,0,0,0
1,1,390403,0,0,0,0,0,0,0,0,0,0
2,1,390403,0,0,0,0,0,0,0,0,0,0
1,1,390404,27,15,10,33,20,12,27,0,0,18
1,1,390405,0,0,0,0,0,0,12,0,0,0
2,1,390405,0,0,0,0,0,0,0,0,0,0
1,1,390406,0,0,0,0,0,0,0,0,0,0
0,1,390407,0,0,0,0,0,0,0,0,0,0
1,1,390407,0,0,0,3,0,0,0,0,0,0
1,1,390408,28,28,28,28,28,28,28,28,28,28
2,1,390408,0,0,0,0,0,0,0,0,0,0
1,1,390409,0,0,0,0,0,0,0,0,0,0
1,1,390410,16,16,16,16,16,16,16,16,16,16
0,1,390411,0,0,0,0,0,0,0,0,0,0
1,1,390411,0,0,0,0,0,0,0,0,0,0
1,1,390412,0,0,0,0,0,0,0,0,0,0
0,1,390413,0,0,0,0,0,0,0,0,0,0
1,1,390413,0,0,0,0,0,0,0,0,0,0
1,1,390414,25,25,25,25,25,25,25,25,25,25
2,1,390414,0,0,0,0,0,0,0,0,0,0
3,1,390414,0,0,0,0,0,0,0,0,0,0
4,1,390414,0,0,0,6,0,0,0,0,0,0
1,1,390415,0,0,0,0,0,0,0,0,0,0
2,1,390415,0,0,0,0,0,0,0,21,0,10
3,1,390415,0,0,0,0,0,0,0,0,0,0
1,1,390416,0,0,0,0,0,0,0,0,0,0
2,1,390416,0,0,0,0,0,0,0,0,0,0
1,1,390417,0,0,15,0,0,0,0,22,0,6
1,1,390418,13,13,13,13,13,13,13,13,13,13
1,1,390419,0,0,0,0,0,0,0,0,0,0
1,1,390420,1,1,1,1,1,1,1,1,1,1
1,1,390421,0,0,0,0,0,0,0,0,0,0
1,1,390422,0,0,0,0,0,0,0,0,0,0
2,1,390422,21,21,21,21,21,21,21,21,21,21
1,1,390423,12,3,14,10,6,19,20,16,8,0
2,1,390423,0,0,0,0,0,0,0,0,0,0
3,1,390423,0,0,0,0,0,0,0,0,0,0
1,1,390424,0,0,0,0,0,0,0,0,0,0
1,1,390425,12,4,13,0,4,8,14,13,8,0
2,1,390425,0,0,0,0,0,0,0,0,0,0
1,1,390427,0,0,0,0,0,0,0,0,0,0
2,1,390427,0,0,0,0,0,0,0,0,0,0
1,1,390428,0,0,0,0,0,0,0,0,0,0
2,1,390428,0,0,0,0,0,0,0,0,0,0
1,1,390429,0,0,0,0,0,0,0,0,0,0
1,1,390430,0,0,0,0,0,0,0,0,0,0
0,1,390431,0,0,0,0,0,0,0,0,0,0
1,1,390431,0,0,0,0,0,0,0,0,0,0
2,1,390431,4,0,0,0,0,0,0,0,0,0
0,1,390432,0,0,0,0,0,0,0,0,0,0
1,1,390432,0,0,0,0,0,0,0,0,0,0
1,1,390433,5,5,5,5,5,5,5,5,5,5
2,1,390433,0,0,0,0,0,0,0,0,0,0
1,1,390434,18,18,18,18,18,18,18,18,18,18
0,1,390435,0,0,0,0,0,0,0,0,0,0
1,1,390435,0,0,0,0,0,0,0,0,0,0
1,1,390436,0,0,0,0,0,0,0,0,0,0
2,1,390436,0,0,0,0,0,0,0,0,0,0
0,1,390437,0,0,0,0,0,0,0,0,0,0
1,1,390437,0,0,0,0,0,0,0,0,0,0
1,1,390438,14,14,14,14,14,14,14,14,14,14
1,1,390439,0,0,0,0,0,0,0,0,0,0
2,1,390439,0,0,0,0,0,0,0,0,0,0
1,1,390440,0,0,0,0,0,0,0,0,0,0
1,1,390441,0,0,0,0,0,0,0,0,0,0
1,1,390442,0,0,0,0,0,0,0,0,0,0
2,1,390442,0,0,0,0,0,0,0,0,0,0
1,1,390443,0,0,0,0,0,0,0,0,0,0
1,1,390444,18,18,18,18,18,18,18,18,18,18
1,1,390445,0,0,0,0,0,0,0,0,0,0
2,1,390445,0,0,0,0,0,0,0,0,0,0
1,1,390446,11,11,11,11,11,11,11,11,11,11
1,1,390447,0,0,0,0,0,0,0,0,0,0
1,1,390448,0,0,0,0,0,0,0,0,0,0
1,1,390449,0,0,0,0,0,0,0,0,0,0
2,1,390449,0,0,0,0,0,0,0,0,0,0
1,1,390450,0,0,0,0,0,0,0,0,0,0
2,1,390450,7,7,7,7,7,7,7,7,7,7
1,1,390451,27,27,27,27,27,27,27,27,27,27
1,1,390452,0,0,0,0,0,0,0,0,0,0
2,1,390452,0,0,0,0,0,0,0,0,0,0
1,1,390453,0,0,0,0,0,0,0,0,0,0
2,1,390453,0,0,0,0,0,0,0,0,0,0
1,1,390454,0,0,0,0,0,0,0,0,0,0
1,1,390455,0,0,0,0,0,0,0,0,0,0
2,1,390455,0,0,0,0,0,0,0,0,0,0
1,1,390456,0,0,0,0,0,0,0,0,0,0
2,1,390456,0,0,0,0,0,0,0,0,0,0
1,1,390457,0,0,0,0,0,0,0,0,0,0
1,1,390458,21,21,21,21,21,21,21,21,21,21
1,1,390459,0,0,0,0,0,0,0,0,0,0
0,1,390460,0,0,0,0,0,0,0,0,0,0
1,1,390460,0,0,0,0,0,0,0,0,0,0
1,1,390461,22,18,2,17,14,21,28,21,16,12
1,1,390462,14,14,14,14,14,14,14,14,14,14
1,1,390463,1,1,1,1,1,1,1,1,1,1
1,1,390464,0,0,0,0,0,0,0,0,0,0
2,1,390464,0,0,0,0,0,0,0,0,0,0
1,1,390465,0,0,10,0,0,0,0,0,22,0
2,1,390465,0,0,0,0,0,0,0,0,0,0
1,1,390466,5,10,26,8,8,20,7,15,21,21
1,1,390467,0,0,0,0,0,0,0,0,0,0
2,1,390467,21,21,21,21,21,21,21,21,21,21
1,1,390468,20,20,20,20,20,20,20,20,20,20
1,1,390469,29,29,29,29,29,29,29,29,29,29
0,1,390470,2,2,2,2,2,2,2,2,2,2
1,1,390470,17,14,0,19,19,13,0,15,16,19
2,1,390470,14,0,0,0,0,0,0,0,0,0
1,1,390471,0,0,0,0,0,0,0,0,0,0
2,1,390471,0,0,0,0,0,0,0,0,0,0
1,1,390472,0,0,0,0,0,0,0,0,0,0
2,1,390472,0,0,0,0,0,0,0,0,0,0
1,1,390473,0,0,0,0,0,0,0,0,0,0
2,1,390473,0,0,0,0,0,0,0,0,0,0
1,1,390474,0,0,0,0,0,0,0,0,0,0
2,1,390474,0,0,0,0,0,27,0,0,0,0
3,1,390474,0,0,0,0,0,0,0,0,0,0
0,1,390475,5,5,5,5,5,5,5,5,5,5
1,1,390475,0,0,0,0,0,0,0,0,0,0
1,1,390476,13,13,13,13,13,13,13,13,13,13
1,1,390477,20,20,20,20,20,20,20,20,20,20
0,1,390478,0,0,0,0,0,0,0,0,0,0
1,1,390478,0,0,0,0,0,0,0,0,0,0
1,1,390479,0,0,0,0,0,0,0,0,0,0
2,1,390479,0,0,0,0,0,0,0,0,0,0
1,1,390480,0,0,0,0,0,0,0,0,0,0
1,1,390481,0,0,0,0,0,0,0,0,0,0
1,1,390482,0,0,0,0,0,0,19,0,0,0
1,1,390483,0,0,0,0,0,0,0,0,0,0
2,1,390483,5,5,5,5,5,5,5,5,5,5
1,1,390484,0,0,0,0,0,0,0,0,0,0
1,1,390485,0,0,0,0,0,0,0,0,0,0
2,1,390485,0,0,0,0,0,0,0,0,0,0
3,1,390485,0,0,0,0,0,0,0,0,0,0
1,1,390486,0,0,0,0,0,0,0,0,0,0
2,1,390486,0,0,0,0,0,0,0,0,0,0
3,1,390486,4,0,0,0,0,0,0,0,0,0