VEH_NO,PER_NO,ST_CASE,P1,P2,P3,P4,P5,P6,P7,P8,P9,P10
1,1,390487,0,0,0,0,0,0,0,0,0,0
2,1,390487,0,0,0,0,0,0,0,0,16,0
1,1,390488,14,0,0,2,13,3,0,0,0,8
1,1,390489,0,0,0,0,0,0,0,0,0,0
2,1,390489,0,0,0,0,0,0,0,0,0,0
1,1,390490,18,20,0,0,0,10,13,0,0,0
1,1,390491,25,25,25,25,25,25,25,25,25,25
2,1,390491,0,0,0,0,13,0,0,0,0,0
3,1,390491,0,0,0,0,0,0,0,0,0,0
1,1,390492,0,0,0,0,0,0,0,0,0,0
2,1,390492,0,0,0,0,0,0,0,0,0,0
1,1,390493,0,0,0,0,0,0,0,0,0,0
1,1,390494,0,0,0,0,0,0,0,0,0,0
2,1,390494,0,0,0,0,0,0,0,0,0,0
1,1,390495,0,0,0,0,0,0,0,0,0,0
1,1,390496,0,0,0,0,0,0,0,0,0,0
2,1,390496,0,0,0,0,0,0,0,0,0,0
1,1,390497,17,17,17,17,17,17,17,17,17,17
1,1,390498,0,0,0,0,0,0,0,0,0,0
2,1,390498,0,0,0,0,0,0,0,0,0,15
1,1,390499,0,0,0,0,0,0,0,0,0,0
2,1,390500,0,26,0,0,16,8,15,0,0,23
1,1,390501,0,0,0,0,0,0,0,0,0,0
1,1,390502,20,20,20,20,20,20,20,20,20,20
2,1,390502,0,0,0,0,0,0,0,0,0,0
1,1,390503,24,24,24,24,24,24,24,24,24,24
2,1,390503,0,0,0,0,0,0,0,0,0,0
1,1,390504,10,0,0,0,0,0,0,0,0,0
2,1,390504,0,0,0,0,0,0,0,0,0,0
1,1,390505,13,13,13,13,13,13,13,13,13,13
2,1,390505,0,0,19,0,0,13,0,0,0,18
1,1,390506,0,0,0,0,0,0,0,0,0,0
2,1,390506,0,0,0,0,0,0,0,0,0,0
1,1,390507,0,0,0,0,0,0,0,0,0,0
2,1,390507,0,0,0,0,0,0,0,0,0,0
3,1,390507,0,0,0,0,0,0,0,0,0,0
1,1,390508,0,0,0,0,0,0,0,0,0,0
1,1,390509,0,0,0,0,0,0,0,0,0,0
1,1,390510,21,21,21,21,21,21,21,21,21,21
1,1,390511,0,0,0,0,0,0,0,0,0,0
1,1,390512,20,20,20,20,20,20,20,20,20,20
0,1,390513,24,24,24,24,24,24,24,24,24,24
1,1,390513,0,11,13,9,13,19,10,9,0,20
1,1,390514,0,0,0,0,0,0,0,0,0,0
2,1,390514,0,0,0,0,0,0,0,0,0,0
1,1,390515,0,0,0,0,0,0,0,0,0,0
2,1,390515,0,0,0,0,0,0,0,0,0,0
1,1,390516,12,12,12,12,12,12,12,12,12,12
1,1,390517,21,21,21,21,21,21,21,21,21,21
1,1,390518,0,0,0,0,0,0,0,0,0,0
2,1,390518,0,0,0,0,0,0,0,0,0,0
3,1,390518,0,0,0,0,0,0,0,0,0,0
1,1,390519,0,0,0,0,0,0,0,0,0,0
2,1,390519,10,10,10,10,10,10,10,10,10,10
1,1,390520,17,17,17,17,17,17,17,17,17,17
1,1,390521,0,0,0,0,0,0,0,0,0,0
2,1,390521,0,0,0,0,0,0,0,0,0,0
1,1,390522,14,14,14,14,14,14,14,14,14,14
1,1,390523,13,13,13,13,13,13,13,13,13,13
2,1,390523,0,0,0,5,0,0,0,0,0,0
1,1,390524,1,1,1,1,1,1,1,1,1,1
1,1,390525,0,0,0,0,0,0,0,0,0,0
1,1,390526,0,0,0,0,0,0,0,0,0,0
2,1,390526,5,11,16,17,18,18,22,8,10,11
1,1,390527,0,0,0,0,0,0,0,0,0,0
2,1,390527,22,16,15,7,27,10,30,17,13,2
1,1,390528,0,0,0,0,0,0,0,0,0,0
2,1,390528,0,0,0,0,0,0,0,0,0,0
3,1,390528,0,0,0,0,0,0,0,0,0,0
1,1,390529,0,0,0,0,0,0,0,0,0,0
2,1,390529,13,13,13,13,13,13,13,13,13,13
1,1,390530,27,27,27,27,27,27,27,27,27,27
1,1,390531,10,10,10,10,10,10,10,10,10,10
0,1,390532,0,0,0,0,0,0,0,0,0,0
1,1,390532,0,13,0,0,0,23,0,0,0,0
1,1,390533,0,0,0,0,0,0,0,0,0,0
2,1,390533,0,0,0,0,0,0,0,0,0,0
0,1,390534,11,11,11,11,11,11,11,11,11,11
1,1,390534,0,0,0,0,0,0,0,0,0,0
1,1,390535,0,0,0,0,0,0,0,0,0,0
2,1,390535,0,0,0,0,0,0,0,0,0,0
3,1,390535,0,0,0,0,0,0,0,0,0,0
1,1,390536,0,0,0,0,0,0,0,0,0,0
2,1,390536,0,0,0,0,0,0,0,0,0,0
0,1,390537,0,0,0,0,0,0,0,0,0,0
1,1,390537,0,0,0,0,0,0,0,0,0,0
1,1,390538,32,32,32,32,32,32,32,32,32,32
1,1,390539,26,26,26,26,26,26,26,26,26,26
1,1,390540,23,23,23,23,23,23,23,23,23,23
2,1,390540,0,0,0,0,0,0,0,0,0,0
1,1,390541,13,13,13,13,13,13,13,13,13,13
1,1,390542,22,22,22,22,22,22,22,22,22,22
1,1,390543,3,3,3,3,3,3,3,3,3,3
1,1,390544,0,0,0,0,0,0,0,0,0,0
2,1,390544,0,0,0,18,0,0,0,0,0,0
1,1,390545,1,1,1,1,1,1,1,1,1,1
1,1,390546,13,13,13,13,13,13,13,13,13,13
1,1,390547,21,21,21,21,21,21,21,21,21,21
1,1,390548,0,0,0,0,0,0,0,0,0,0
1,1,390549,0,0,0,0,0,0,0,0,0,0
2,1,390549,0,0,0,0,0,0,0,0,0,0
1,1,390550,11,11,11,11,11,11,11,11,11,11
1,1,390551,0,0,0,0,0,0,0,0,0,0
2,1,390551,0,0,0,0,0,0,0,0,0,0
3,1,390551,0,0,0,0,0,0,0,0,0,0
1,1,390552,0,0,0,0,0,0,0,0,0,0
1,1,390553,10,10,10,10,10,10,10,10,10,10
1,1,390554,18,18,18,18,18,18,18,18,18,18
0,1,390555,0,0,0,0,0,0,0,0,0,0
1,1,390555,0,0,9,0,0,0,0,0,0,0
1,1,390556,3,3,3,3,3,3,3,3,3,3
2,1,390556,14,14,14,14,14,14,14,14,14,14
1,1,390557,15,15,15,15,15,15,15,15,15,15
2,1,390557,0,0,0,0,0,0,0,0,0,0
1,1,390558,7,0,0,0,9,0,0,13,0,0
2,1,390558,17,0,0,0,0,0,0,0,0,0
0,1,390559,23,23,23,23,23,23,23,23,23,23
1,1,390559,0,0,0,0,24,0,0,9,10,0
1,1,390560,0,0,0,0,0,0,3,0,0,0
1,1,390561,0,0,0,0,0,0,0,0,0,0
2,1,390561,0,0,0,0,0,0,0,0,0,0
3,1,390561,0,0,0,0,10,0,0,0,0,0
4,1,390561,0,0,0,0,0,0,0,0,0,0
1,1,390562,0,0,0,0,0,0,0,0,0,0
1,1,390563,0,0,0,0,0,0,0,0,0,0
2,1,390563,0,0,0,0,0,0,0,0,0,0
1,1,390564,0,0,0,0,0,0,0,0,0,0
1,1,390565,2,2,2,2,2,2,2,2,2,2
1,1,390566,5,5,5,5,5,5,5,5,5,5
1,1,390567,0,0,0,0,0,0,0,0,0,0
1,1,390568,15,15,15,15,15,15,15,15,15,15
1,1,390569,0,0,0,0,0,0,0,0,0,0
1,1,390570,0,0,0,0,0,0,0,0,0,0
2,1,390570,0,0,0,0,0,0,0,0,0,0
1,1,390571,12,12,12,12,12,12,12,12,12,12
1,1,390572,29,29,29,29,29,29,29,29,29,29
1,1,390573,0,0,0,0,0,0,0,0,0,0
2,1,390573,0,0,0,0,0,0,0,0,0,0
1,1,390574,0,0,0,0,0,0,0,0,0,0
2,1,390574,0,0,0,0,0,0,0,0,0,0
1,1,390575,0,0,0,0,0,0,0,0,0,0
1,1,390576,0,0,0,0,0,0,0,0,0,0
1,1,390577,12,12,12,12,12,12,12,12,12,12
1,1,390578,0,0,0,0,0,0,0,0,0,0
2,1,390578,0,0,0,0,0,0,0,0,0,0
6,1,390578,0,8,0,0,0,0,0,0,25,0
1,1,390579,0,0,0,0,0,0,0,0,0,0
2,1,390579,0,0,0,0,0,0,0,0,0,0
2,1,390580,0,0,0,0,0,0,0,0,0,0
3,1,390580,0,0,0,0,0,0,0,0,0,0
1,1,390581,0,0,0,0,0,0,0,0,21,30
2,1,390581,7,0,0,0,4,1,0,0,0,0
1,1,390582,16,16,16,16,16,16,16,16,16,16
1,1,390583,0,0,0,0,0,0,0,0,0,0
1,1,390584,22,22,22,22,22,22,22,22,22,22
1,1,390585,0,0,0,0,0,0,0,0,0,0
2,1,390585,0,0,0,0,0,0,0,0,0,0
0,1,390586,0,0,0,0,0,0,0,0,0,0
0,2,390586,0,0,0,0,0,0,0,0,0,0
1,1,390586,0,0,0,0,0,0,0,0,0,0
2,1,390586,0,0,0,0,0,0,0,0,0,0
1,1,390587,21,21,21,21,21,21,21,21,21,21
1,1,390588,0,0,0,0,0,0,0,0,0,0
2,1,390588,27,27,27,27,27,27,27,27,27,27
1,1,390589,0,0,0,0,0,0,0,0,0,0
1,1,390590,0,0,0,0,0,0,0,0,0,0
1,1,390591,0,0,0,0,0,0,0,0,0,0
1,1,390592,0,0,0,0,0,0,0,0,0,0
2,1,390592,5,5,5,5,5,5,5,5,5,5
1,1,390593,0,0,0,0,0,0,0,0,0,0
2,1,390593,0,0,0,0,0,6,0,0,0,0
1,1,390594,0,0,0,0,0,0,0,0,0,0
2,1,390594,0,0,0,0,0,0,0,0,0,0
1,1,390595,0,0,0,0,0,0,0,0,0,0
1,1,390596,0,0,0,0,0,0,0,0,0,0
2,1,390596,0,0,0,0,0,0,0,0,0,0
0,1,390597,28,28,28,28,28,28,28,28,28,28
1,1,390597,0,0,0,0,0,0,13,0,0,0
1,1,390598,2,2,2,2,2,2,2,2,2,2
1,1,390599,0,0,0,0,0,0,0,0,0,0
2,1,390599,0,0,0,0,0,0,0,0,0,0
1,1,390600,0,0,0,0,0,0,0,0,0,0
2,1,390600,20,20,20,20,20,20,20,20,20,20
1,1,390601,16,16,16,16,16,16,16,16,16,16
2,1,390601,16,0,0,0,0,0,0,0,0,0
1,1,390602,13,0,0,0,0,13,0,0,0,0
2,1,390602,0,0,0,0,12,0,0,0,0,0
1,1,390603,24,24,24,24,24,24,24,24,24,24
1,1,390604,0,0,0,0,0,0,0,0,0,0
2,1,390604,0,0,0,0,0,0,0,0,0,0
1,1,390605,0,0,0,0,0,0,0,0,0,0
2,1,390605,0,0,0,0,0,0,0,0,0,0
1,1,390606,0,0,0,0,0,0,0,0,0,0
2,1,390606,0,0,0,0,0,0,0,0,0,0
1,1,390608,0,0,0,0,0,0,0,0,0,0
2,1,390608,0,0,0,0,0,0,0,0,0,0
1,1,390609,0,0,0,0,0,0,0,0,0,0
2,1,390609,0,0,0,0,0,0,0,0,0,0
1,1,390610,0,0,0,0,0,0,0,0,0,0
1,1,390611,0,0,0,0,0,0,0,0,0,0
2,1,390611,0,0,0,0,0,0,0,0,0,0
3,1,390611,0,0,0,0,0,0,0,0,0,0
1,1,390612,15,15,15,15,15,15,15,15,15,15
1,1,390613,0,0,0,0,0,0,0,0,0,0
2,1,390613,0,0,0,0,0,0,0,0,0,0
3,1,390613,0,0,0,0,0,0,0,0,0,0
1,1,390614,1,1,1,1,1,1,1,1,1,1
1,1,390615,0,0,0,0,3,0,0,0,0,5
1,1,390616,0,0,0,0,0,0,0,0,0,0
1,1,390617,0,0,0,0,0,0,0,0,0,0
2,1,390617,0,0,0,0,0,0,0,0,0,0
1,1,390618,0,0,0,0,0,0,0,0,0,0
2,1,390618,0,0,0,0,0,0,0,0,0,0
1,1,390619,0,0,0,0,0,0,0,0,0,0
2,1,390619,0,0,0,0,0,0,0,0,0,0
1,1,390620,0,0,0,0,0,0,0,0,0,0
2,1,390620,0,0,0,12,0,0,0,0,0,0
1,1,390621,18,18,18,18,18,18,18,18,18,18
1,1,390622,0,0,0,0,0,0,0,0,0,11
2,1,390622,0,0,0,0,0,0,0,0,0,0
1,1,390623,2,2,2,2,2,2,2,2,2,2
2,1,390623,0,0,0,0,0,0,0,0,0,12
1,1,390624,0,0,0,0,0,0,0,0,0,0
2,1,390624,0,0,0,0,0,0,0,0,0,0
1,1,390625,0,11,0,0,0,0,18,0,0,0
2,1,390625,0,0,0,0,0,0,0,0,12,0
1,1,390627,0,0,0,0,0,0,0,0,0,0
1,1,390628,0,0,0,0,0,0,0,0,0,0
2,1,390628,0,0,0,0,0,0,0,0,0,0
1,1,390629,12,12,12,12,12,12,12,12,12,12
1,1,390630,19,19,19,19,19,19,19,19,19,19
1,1,390631,14,14,14,14,14,14,14,14,14,14
1,1,390632,19,19,19,19,19,19,19,19,19,19
1,1,390633,0,0,0,0,0,0,0,0,0,0
1,1,390634,17,8,17,15,9,12,8,16,19,16
1,1,390635,0,0,0,0,0,0,0,0,0,0
2,1,390635,0,0,0,0,0,0,0,0,0,0
1,1,390636,21,21,21,21,21,21,21,21,21,21
2,1,390636,0,0,0,0,0,0,0,0,0,0
1,1,390637,0,0,0,0,0,0,0,0,0,0
2,1,390637,0,0,0,0,0,0,0,0,0,0
3,1,390637,0,0,0,0,0,0,0,0,0,0
0,1,390639,22,22,22,22,22,22,22,22,22,22
1,1,390639,0,0,0,0,0,0,0,0,0,0
1,1,390640,20,20,20,20,20,20,20,20,20,20
1,1,390641,0,0,0,0,0,0,0,0,0,0
1,1,390642,0,0,0,0,0,0,0,0,0,0
2,1,390642,0,0,0,0,0,0,0,0,0,0
1,1,390643,0,0,0,0,0,0,0,0,0,0
1,1,390644,20,20,20,20,20,20,20,20,20,20
1,1,390645,0,0,0,0,0,0,0,0,0,0
2,1,390645,9,9,9,9,9,9,9,9,9,9
1,1,390646,20,20,20,20,20,20,20,20,20,20
1,1,390647,0,0,0,0,0,0,11,0,0,0
1,1,390648,14,14,14,14,14,14,14,14,14,14
1,1,390649,0,0,0,0,0,0,0,0,0,0
1,1,390650,0,0,0,0,0,0,0,0,0,0
2,1,390650,13,0,9,0,0,0,0,0,0,0
1,1,390651,0,0,0,0,0,0,0,0,0,0
2,1,390651,0,0,0,0,0,0,0,0,0,0
1,1,390652,14,14,14,14,14,14,14,14,14,14
1,1,390653,1,1,1,1,1,1,1,1,1,1
0,1,390654,0,0,0,0,0,0,0,0,0,0
0,2,390654,0,0,0,0,0,0,0,0,0,0
1,1,390654,0,0,0,0,0,0,0,0,0,0
1,1,390655,0,0,12,0,0,0,0,5,0,0
2,1,390655,0,0,0,0,0,10,0,9,0,0
1,1,390656,0,0,0,0,0,0,0,0,0,0
2,1,390656,0,0,0,0,0,0,0,0,0,0
0,1,390657,0,0,0,0,0,0,0,0,0,0
1,1,390657,0,0,0,0,7,0,22,0,0,19
1,1,390658,0,0,0,0,0,0,0,0,0,14
2,1,390658,0,0,0,0,0,0,0,0,0,0
3,1,390658,0,0,0,0,0,0,27,0,0,0
4,1,390658,0,0,0,0,0,0,0,0,0,0
1,1,390659,24,24,24,24,24,24,24,24,24,24
1,1,390660,22,22,22,22,22,22,22,22,22,22
1,1,390661,22,22,22,22,22,22,22,22,22,22
2,1,390661,0,0,0,13,0,0,24,0,0,0
1,1,390662,0,0,0,0,0,0,0,0,0,0
1,1,390663,13,13,13,13,13,13,13,13,13,13
2,1,390663,0,0,0,0,0,0,0,0,0,0
1,1,390664,11,11,11,11,11,11,11,11,11,11
1,1,390665,0,0,0,16,0,2,19,0,0,14
2,1,390665,0,0,10,0,0,0,0,4,20,0
3,1,390665,0,0,0,0,0,0,0,0,0,0
1,1,390666,6,6,6,6,6,6,6,6,6,6
1,1,390667,16,16,16,16,16,16,16,16,16,16
1,1,390668,0,0,0,18,0,0,0,0,0,0
1,1,390669,24,24,24,24,24,24,24,24,24,24
2,1,390669,0,0,0,0,0,0,0,0,0,0
1,1,390670,0,0,0,0,0,0,0,0,0,0
1,1,390671,0,0,0,0,0,0,0,0,0,0
2,1,390671,0,0,0,0,0,0,0,0,0,0
1,1,390672,0,0,0,0,0,0,0,0,0,0
2,1,390672,0,0,0,0,0,0,0,0,0,0
0,1,390673,13,13,13,13,13,13,13,13,13,13
1,1,390673,0,0,0,10,0,0,0,0,0,0
1,1,390674,20,20,20,20,20,20,20,20,20,20
1,1,390675,19,19,19,19,19,19,19,19,19,19
1,1,390676,35,35,35,35,35,35,35,35,35,35
1,1,390677,17,17,17,17,17,17,17,17,17,17
1,1,390678,13,13,13,13,13,13,13,13,13,13
2,1,390678,0,0,0,0,0,0,0,0,17,0
1,1,390679,0,0,0,0,0,0,0,0,0,0
1,1,390680,0,0,0,0,0,0,0,0,0,0
1,1,390681,0,0,0,0,0,0,0,0,0,0
2,1,390681,0,0,0,0,31,0,0,0,9,0
1,1,390682,0,0,0,0,0,0,0,0,0,0
0,1,390683,0,0,0,0,0,0,0,0,0,0
1,1,390683,0,0,0,0,0,0,0,0,0,0
1,1,390684,19,19,19,19,19,19,19,19,19,19
0,1,390685,0,0,0,0,0,0,0,0,0,0
1,1,390685,0,0,0,0,0,0,0,0,0,0
1,1,390686,0,0,0,0,0,0,0,0,0,0
2,1,390686,0,0,0,0,0,0,0,0,0,0
1,1,390687,0,0,0,0,0,0,0,0,0,0
1,1,390688,0,0,0,0,0,0,0,0,0,0
2,1,390688,1,1,1,1,1,1,1,1,1,1
1,1,390689,0,0,0,0,0,0,0,0,0,0
2,1,390689,0,5,0,0,3,0,0,0,0,0
3,1,390689,0,0,0,0,0,0,0,0,15,0
4,1,390689,0,0,0,0,0,0,0,0,0,0
5,1,390689,0,0,0,0,0,0,0,0,0,0
0,1,390690,0,0,0,0,0,0,0,0,0,0
1,1,390690,0,0,0,0,0,0,0,0,0,6
1,1,390691,0,0,0,0,0,0,0,0,0,0
2,1,390691,0,0,0,0,0,0,0,0,0,0
1,1,390692,0,0,0,0,0,0,0,0,0,0
2,1,390692,0,0,0,0,0,0,0,0,0,0
1,1,390693,0,0,0,0,0,0,0,0,0,0
2,1,390693,0,0,0,0,0,0,0,0,0,0
3,1,390693,0,0,0,0,0,0,0,0,0,0
0,1,390694,25,25,25,25,25,25,25,25,25,25
1,1,390694,20,8,0,0,0,6,0,0,0,0
1,1,390695,0,0,0,0,0,0,0,0,0,0
2,1,390695,0,0,0,0,0,0,0,0,0,0
1,1,390696,0,0,0,0,0,0,0,0,0,0
1,1,390697,0,0,0,0,0,0,0,0,0,0
1,1,390698,19,19,19,19,19,19,19,19,19,19
1,1,390699,0,0,0,0,0,0,0,0,0,0
2,1,390699,0,0,0,0,0,0,0,0,0,0
1,1,390700,0,0,0,0,0,0,0,0,0,0
2,1,390700,0,0,0,0,0,0,0,0,0,0
3,1,390700,0,0,0,0,0,0,0,0,0,0
1,1,390701,0,0,0,0,0,0,0,0,0,0
2,1,390701,0,0,0,0,0,0,0,0,0,0
0,1,390703,31,31,31,31,31,31,31,31,31,31
1,1,390703,0,0,0,0,5,0,0,0,0,0
1,1,390704,0,0,0,0,0,0,0,0,0,0
2,1,390704,0,0,0,0,0,0,0,0,0,0
3,1,390704,0,16,0,0,0,0,0,0,0,0
1,1,390705,0,0,0,0,0,0,0,0,0,0
2,1,390705,0,0,0,0,0,0,0,0,0,0
1,1,390706,17,17,17,17,17,17,17,17,17,17
1,1,390707,0,0,0,0,0,0,0,0,0,0
1,1,390708,23,21,21,41,25,18,4,17,7,24
1,1,390709,0,0,14,10,12,0,0,10,13,7
1,1,390710,0,0,0,0,0,0,0,0,0,0
2,1,390710,0,0,0,0,0,0,0,0,0,0
1,1,390711,0,0,0,0,0,0,0,0,0,0
3,1,390711,0,0,21,0,0,0,0,0,16,0
1,1,390712,0,0,0,0,0,0,0,0,0,0
2,1,390712,0,0,0,0,0,0,0,0,0,0
1,1,390713,13,13,13,13,13,13,13,13,13,13
1,1,390714,0,0,0,10,0,0,0,0,0,0
1,1,390715,0,0,0,0,0,0,0,0,0,0
1,1,390716,21,21,21,21,21,21,21,21,21,21
1,1,390717,13,13,13,13,13,13,13,13,13,13
1,1,390718,13,13,13,13,13,13,13,13,13,13
1,1,390719,1,1,1,1,1,1,1,1,1,1
0,1,390720,0,0,0,0,0,0,0,0,0,0
1,1,390720,0,0,0,0,0,0,0,0,0,0
1,1,390721,0,0,0,0,0,0,0,0,0,0
2,1,390721,0,0,0,0,0,0,0,0,0,0
3,1,390721,0,0,0,0,0,0,0,0,0,0
1,1,390722,10,10,10,10,10,10,10,10,10,10
1,1,390723,0,0,0,0,0,0,0,0,0,0
1,1,390724,0,0,0,0,0,0,0,0,0,0
2,1,390724,0,0,0,0,0,0,0,0,0,0
1,1,390725,0,0,0,0,0,0,0,0,0,0
2,1,390725,0,0,0,0,0,0,0,0,0,0
1,1,390726,0,0,0,0,0,0,0,0,0,0
1,1,390727,0,0,0,0,0,0,0,0,0,0
2,1,390727,0,0,0,0,0,0,0,0,0,0
1,1,390728,0,0,0,0,0,0,0,0,0,0
2,1,390728,0,0,0,0,0,0,0,0,0,0
1,1,390729,4,4,4,4,4,4,4,4,4,4
2,1,390729,0,0,0,0,0,0,0,0,0,0
1,1,390730,0,0,0,0,0,0,0,0,0,0
1,1,390731,14,14,14,14,14,14,14,14,14,14
1,1,390732,0,0,0,0,0,0,0,0,0,0
2,1,390732,25,25,25,25,25,25,25,25,25,25
1,1,390733,3,3,3,3,3,3,3,3,3,3
1,1,390734,0,0,0,0,0,0,0,0,0,0
2,1,390734,0,0,0,0,0,0,0,0,0,0
0,1,390735,18,18,18,18,18,18,18,18,18,18
1,1,390735,0,0,0,0,0,0,0,0,0,0
1,1,390736,0,0,0,0,0,0,0,0,0,0
2,1,390736,0,0,0,0,0,0,0,0,0,0
1,1,390737,0,0,0,0,0,0,0,0,0,0
2,1,390737,0,0,0,0,0,0,0,0,0,0
1,1,390738,0,0,0,0,0,0,0,0,0,0
1,1,390739,0,0,0,0,0,0,0,0,0,0
2,1,390739,0,0,0,0,0,0,0,0,0,0
3,1,390739,0,0,0,0,0,0,0,0,0,0
1,1,390740,0,0,0,0,0,0,0,0,0,0
1,1,390741,0,0,0,0,0,0,0,0,0,0
1,1,390742,15,15,15,15,15,15,15,15,15,15
2,1,390742,0,0,0,0,0,0,0,0,0,0
0,1,390743,0,0,0,0,0,0,0,0,0,0
1,1,390743,0,0,0,0,0,0,0,0,0,0
1,1,390744,0,0,0,0,0,0,0,0,0,0
0,1,390745,0,0,0,0,0,0,0,0,0,0
1,1,390745,0,0,0,9,8,0,0,0,0,0
1,1,390746,0,4,0,0,0,0,0,10,0,0
2,1,390746,0,0,0,0,0,0,0,0,0,0
1,1,390747,0,0,0,0,0,0,0,0,0,0
1,1,390748,14,14,14,14,14,14,14,14,14,14
1,1,390749,15,0,0,0,10,0,7,0,0,0
1,1,390750,0,0,0,0,0,0,0,0,0,0
2,1,390750,0,0,0,0,0,0,0,0,0,0
1,1,390751,0,0,9,0,0,0,0,0,0,0
1,1,390752,0,0,0,0,0,0,0,0,0,0
2,1,390752,0,0,0,0,0,0,0,0,0,0
1,1,390754,18,18,18,18,18,18,18,18,18,18
2,1,390754,29,0,0,0,0,0,0,0,0,0
1,1,390755,2,2,2,2,2,2,2,2,2,2
1,1,390757,1,1,1,1,1,1,1,1,1,1
1,1,390758,0,0,0,0,0,0,0,0,0,0
1,1,390759,0,0,0,0,0,0,0,0,0,0
1,1,390760,0,0,0,0,0,0,0,0,0,0
1,1,390761,13,34,19,28,36,24,11,25,13,21
1,1,390762,0,0,0,0,0,0,0,0,0,0
1,1,390763,16,16,16,16,16,16,16,16,16,16
1,1,390764,0,0,0,0,0,0,0,0,0,0
2,1,390764,0,0,0,0,0,0,0,0,0,0
1,1,390765,0,0,0,0,0,0,0,0,0,0
0,1,390766,0,0,0,0,0,0,0,0,0,0
1,1,390766,16,16,16,16,16,16,16,16,16,16
0,1,390767,0,0,0,0,0,0,0,0,0,0
1,1,390767,0,0,0,0,0,0,0,0,0,0
1,1,390768,0,0,0,0,0,0,0,0,0,0
2,1,390768,0,0,0,0,0,0,0,0,0,0
0,1,390770,19,0,19,16,25,14,0,0,12,0
1,1,390770,0,0,0,0,0,0,0,0,0,0
1,1,390771,6,6,6,6,6,6,6,6,6,6
2,1,390771,0,20,0,9,0,25,0,0,0,0
1,1,390772,36,30,29,21,20,29,36,0,20,0
1,1,390773,0,0,0,0,0,0,0,0,0,0
1,1,390774,0,0,0,0,0,0,0,0,0,0
2,1,390774,0,0,0,0,0,0,0,0,0,0
1,1,390775,0,0,0,0,0,0,0,0,0,0
1,1,390776,9,9,9,9,9,9,9,9,9,9
2,1,390776,1,1,1,1,1,1,1,1,1,1
1,1,390777,0,0,0,0,0,0,0,0,0,0
2,1,390777,0,0,0,0,0,0,0,0,0,0
1,1,390778,0,0,0,0,0,0,0,0,0,0
2,1,390778,0,0,0,0,0,0,0,0,0,0
1,1,390779,0,0,0,0,0,0,0,0,0,0
2,1,390779,3,3,3,3,3,3,3,3,3,3
1,1,390780,0,0,0,0,0,0,0,0,0,0
2,1,390780,0,0,0,0,0,0,0,0,0,0
1,1,390781,21,21,21,21,21,21,21,21,21,21
2,1,390781,0,0,0,0,10,0,0,0,0,0
1,1,390782,0,0,0,0,0,0,0,0,0,0
2,1,390782,0,10,0,0,0,0,0,0,0,0
1,1,390783,14,14,14,14,14,14,14,14,14,14
1,1,390784,18,18,18,18,18,18,18,18,18,18
2,1,390784,0,0,0,0,0,0,0,0,0,0
1,1,390785,0,0,0,0,0,0,0,0,0,0
2,1,390785,26,26,26,26,26,26,26,26,26,26
1,1,390786,0,0,0,0,0,0,0,0,0,0
2,1,390786,0,0,0,0,0,0,0,0,0,0
1,1,390787,0,0,0,0,0,0,0,0,0,0
1,1,390788,0,0,0,0,0,0,0,0,0,0
1,1,390789,22,22,22,22,22,22,22,22,22,22
2,1,390789,0,0,0,0,0,0,0,0,10,0
1,1,390790,0,0,0,4,0,0,0,0,0,0
2,1,390790,0,0,0,0,0,0,0,0,0,0
2,1,390791,0,0,0,0,0,0,0,0,0,0
1,1,390792,0,0,0,0,0,0,0,0,0,0
2,1,390792,0,0,0,0,0,0,0,0,0,0
1,1,390793,10,10,10,10,10,10,10,10,10,10
1,1,390794,0,0,0,0,0,0,0,0,0,0
2,1,390794,0,0,0,0,0,0,0,0,0,0
1,1,390795,0,0,0,0,0,0,0,0,0,0
2,1,390795,0,0,0,0,0,0,0,0,0,0
1,1,390797,0,0,0,0,0,10,0,0,0,0
2,1,390798,0,0,0,0,0,0,0,0,0,0
1,1,390799,0,0,0,0,0,0,0,0,0,0
2,1,390799,0,0,0,0,0,0,0,0,0,0
1,1,390800,6,0,0,0,15,0,0,0,0,0
1,1,390801,20,20,20,20,20,20,20,20,20,20
1,1,390802,13,13,13,13,13,13,13,13,13,13
1,1,390803,0,0,0,0,0,0,0,0,0,0
1,1,390804,0,0,0,0,0,0,0,0,0,0
2,1,390804,8,8,8,8,8,8,8,8,8,8
1,1,390805,0,0,0,0,0,0,0,0,0,0
1,1,390806,0,0,0,0,0,0,0,0,0,0
2,1,390806,1,1,1,1,1,1,1,1,1,1
1,1,390807,0,0,0,0,0,0,0,0,0,0
2,1,390807,0,0,0,0,0,0,0,0,0,0
1,1,390808,0,0,0,0,0,0,0,0,0,0
2,1,390808,0,0,0,0,0,0,0,0,0,0
1,1,390809,0,0,0,0,0,0,0,0,0,0
1,1,390810,0,0,0,0,0,0,0,0,0,0
1,1,390811,0,0,0,0,0,0,0,0,0,0
2,1,390811,0,0,0,0,0,0,0,0,0,0
1,1,390812,0,14,0,0,31,0,0,0,0,0