VEH_NO,PER_NO,ST_CASE,P1,P2,P3,P4,P5,P6,P7,P8,P9,P10
1,1,391126,22,22,22,22,22,22,22,22,22,22
2,1,391126,4,4,4,4,4,4,4,4,4,4
1,1,391127,0,0,0,0,0,0,0,0,0,0
2,1,391127,1,1,1,1,1,1,1,1,1,1
1,1,391128,0,0,0,0,0,0,0,0,8,0
2,1,391128,0,0,0,0,0,0,0,0,0,0
1,1,391129,16,16,16,16,16,16,16,16,16,16
1,1,391130,0,0,0,0,0,0,0,0,0,0
1,1,391131,0,0,0,0,0,0,0,0,0,0
1,1,391132,0,0,0,0,0,0,0,0,0,0
0,1,391133,0,0,0,0,0,0,0,0,0,0
1,1,391133,0,0,0,0,0,0,0,0,0,0
0,1,391134,0,0,0,0,0,0,0,0,0,0
1,1,391134,0,12,0,0,0,0,0,0,0,0
1,1,391135,0,0,0,0,0,0,0,0,0,0
2,1,391135,0,0,0,0,0,0,0,0,0,0
1,1,391136,0,0,0,0,0,0,0,0,0,0
2,1,391136,0,0,0,0,0,0,0,0,0,0
1,1,391137,0,20,0,10,0,0,0,0,0,0
2,1,391137,15,15,15,15,15,15,15,15,15,15
1,1,391139,0,0,0,0,0,0,0,0,18,0
2,1,391139,0,0,0,0,0,0,0,0,0,0
3,1,391139,10,0,0,0,0,0,0,0,0,0
1,1,391140,0,0,0,0,0,0,0,0,0,0
2,1,391140,0,0,0,0,0,0,0,0,0,0
0,1,391141,0,0,0,0,0,0,0,0,0,0
1,1,391141,0,24,0,0,0,0,0,0,0,0
1,1,391142,10,10,10,10,10,10,10,10,10,10
1,1,391143,0,0,0,0,0,0,0,0,0,0
2,1,391143,26,26,26,26,26,26,26,26,26,26
1,1,391144,0,0,0,0,0,0,0,0,0,0
2,1,391144,0,0,0,0,0,0,0,0,0,0
1,1,391145,0,0,0,0,0,0,0,0,0,0
2,1,391145,0,0,0,0,0,0,0,22,0,0
3,1,391145,0,0,0,0,0,0,0,0,0,0
1,1,391146,0,0,0,0,0,0,0,0,0,0
2,1,391146,0,0,0,0,0,0,0,0,0,0
1,1,391147,0,0,0,0,0,0,0,18,0,0
1,1,391148,0,0,0,0,0,0,0,0,0,0
2,1,391148,0,0,0,0,0,0,0,0,0,0
3,1,391148,4,0,0,0,0,0,0,0,0,0
0,1,391149,0,0,0,0,0,0,0,0,0,0
1,1,391149,0,0,0,0,0,0,0,0,0,0
1,1,391150,34,34,34,34,34,34,34,34,34,34
1,1,391151,0,0,0,0,0,0,0,0,0,0
2,1,391151,0,0,0,0,0,0,0,0,0,0
1,1,391152,0,0,0,0,0,0,0,0,0,0
2,1,391152,12,12,12,12,12,12,12,12,12,12
1,1,391153,0,0,0,0,0,0,0,0,0,0
1,1,391154,22,22,22,22,22,22,22,22,22,22
1,1,391155,10,10,10,10,10,10,10,10,10,10
1,1,391156,2,2,2,2,2,2,2,2,2,2
2,1,391156,0,0,0,0,6,0,0,0,0,0
0,1,391157,31,31,31,31,31,31,31,31,31,31
1,1,391157,0,0,0,0,0,0,0,0,0,0
2,1,391157,0,0,0,0,0,0,0,0,0,0
1,1,391158,3,3,3,3,3,3,3,3,3,3
2,1,391158,0,0,0,0,0,0,0,0,0,0
1,1,391159,0,0,0,0,0,0,0,0,0,0
2,1,391159,0,0,0,0,0,0,0,0,0,0
3,1,391159,0,0,0,0,0,0,0,0,0,0
4,1,391159,0,0,0,0,0,0,0,0,0,0
5,1,391159,0,0,0,0,0,0,0,0,0,0
1,1,391160,0,0,0,10,0,0,0,0,0,8
2,1,391160,0,0,0,0,0,0,0,0,0,0
1,1,391161,0,0,0,0,0,0,0,0,0,0
1,1,391162,0,0,0,0,0,0,0,0,0,0
2,1,391162,0,18,0,0,0,0,0,0,0,0
0,1,391163,0,0,0,0,0,0,0,0,0,0
1,1,391163,0,8,0,0,0,0,0,0,0,0
1,1,391164,0,6,0,0,0,0,0,0,13,0
2,1,391164,28,28,28,28,28,28,28,28,28,28
1,1,391165,0,0,0,0,0,0,0,0,0,0
2,1,391166,0,5,0,0,0,0,0,0,10,0
1,1,391167,0,0,0,0,0,0,0,0,0,0
2,1,391167,0,0,0,0,0,0,0,0,0,0
1,1,391168,10,10,10,10,10,10,10,10,10,10
1,1,391169,25,25,25,25,25,25,25,25,25,25
1,1,391170,0,0,0,0,0,0,0,0,0,0
1,1,391171,28,28,28,28,28,28,28,28,28,28
2,1,391171,15,0,0,0,0,20,0,15,0,0
1,1,400001,0,0,0,0,0,0,0,0,0,0
1,1,400003,16,16,16,16,16,16,16,16,16,16
1,1,400004,9,9,9,9,9,9,9,9,9,9
1,1,400005,0,0,0,0,0,0,0,0,0,0
2,1,400005,0,0,0,0,0,0,0,0,0,0
1,1,400006,32,32,32,32,32,32,32,32,32,32
2,1,400006,0,0,0,0,0,0,0,0,0,0
1,1,400007,0,0,0,0,0,0,0,0,0,0
1,1,400008,17,17,17,17,17,17,17,17,17,17
0,1,400009,36,36,36,36,36,36,36,36,36,36
1,1,400009,0,0,0,0,0,0,0,0,0,0
1,1,400010,0,0,0,0,0,0,0,0,0,0
2,1,400010,0,0,0,0,0,0,0,0,0,0
1,1,400011,15,15,15,15,15,15,15,15,15,15
1,1,400012,19,19,19,19,19,19,19,19,19,19
1,1,400013,0,0,0,0,0,0,0,0,0,0
1,1,400014,0,0,0,0,0,0,0,0,0,0
1,1,400015,0,0,0,0,0,0,0,0,0,0
2,1,400015,0,0,0,0,0,0,0,0,0,0
3,1,400015,0,0,0,0,0,0,0,0,0,0
1,1,400016,0,0,0,0,0,0,0,0,0,0
2,1,400016,0,0,0,0,0,0,0,0,0,0
1,1,400017,17,17,17,17,17,17,17,17,17,17
1,1,400018,0,0,0,0,0,0,0,0,0,0
1,1,400019,30,30,30,30,30,30,30,30,30,30
1,1,400020,13,0,0,0,0,13,0,8,0,0
1,1,400021,0,0,0,0,0,0,0,0,0,0
2,1,400021,0,0,0,0,0,0,0,0,0,0
1,1,400022,4,4,4,4,4,4,4,4,4,4
2,1,400022,0,0,0,0,0,0,0,0,0,0
0,1,400023,0,0,0,0,0,0,0,0,0,0
1,1,400023,0,0,0,0,0,0,0,0,0,0
1,1,400024,0,0,0,0,11,0,0,11,0,0
2,1,400024,0,0,0,0,0,0,0,0,0,0
1,1,400025,0,0,0,0,0,0,0,0,0,0
2,1,400025,0,0,0,0,0,0,0,0,0,0
1,1,400026,16,16,16,16,16,16,16,16,16,16
1,1,400027,2,2,2,2,2,2,2,2,2,2
2,1,400027,0,0,0,0,0,0,0,0,0,0
1,1,400028,17,17,17,17,17,17,17,17,17,17
1,1,400029,0,0,0,27,0,0,0,0,0,9
1,1,400030,10,10,10,10,10,10,10,10,10,10
1,1,400031,0,0,0,0,0,0,0,0,0,0
1,1,400032,32,32,32,32,32,32,32,32,32,32
0,1,400033,0,0,0,0,0,0,0,0,0,0
1,1,400033,0,0,0,0,0,0,0,8,0,0
1,1,400034,0,0,0,0,0,0,0,0,0,0
1,1,400035,0,0,0,0,0,0,0,0,0,0
1,1,400036,0,0,0,0,0,0,0,0,0,0
1,1,400037,20,20,20,20,20,20,20,20,20,20
2,1,400037,0,0,0,0,0,0,0,0,0,0
1,1,400039,0,0,0,0,0,0,0,0,0,0
2,1,400039,4,4,4,4,4,4,4,4,4,4
1,1,400040,11,11,11,11,11,11,11,11,11,11
1,1,400041,0,0,0,0,0,0,0,0,0,0
2,1,400041,0,0,0,0,0,0,0,0,0,0
1,1,400042,0,0,0,0,0,0,0,0,0,0
2,1,400042,0,0,0,0,0,0,0,0,0,0
0,1,400043,0,0,0,0,0,0,0,0,0,0
2,1,400043,0,0,0,0,0,0,0,0,0,0
1,1,400044,0,0,0,0,0,0,0,0,0,0
1,1,400045,0,0,0,0,0,0,0,0,0,0
2,1,400045,0,0,0,0,0,0,0,0,4,0
1,1,400046,0,0,0,0,0,0,0,0,0,0
1,1,400047,0,0,0,0,0,0,0,0,0,0
2,1,400047,0,0,0,0,0,0,0,0,0,0
1,1,400048,0,0,0,0,0,0,0,0,0,0
2,1,400048,0,0,0,0,0,0,0,0,0,0
1,1,400049,0,0,0,0,0,0,0,0,0,0
1,1,400050,21,21,21,21,21,21,21,21,21,21
1,1,400051,0,0,15,0,0,0,0,12,0,0
2,1,400051,0,0,0,0,0,0,0,0,0,0
1,1,400052,22,22,22,22,22,22,22,22,22,22
1,1,400053,0,0,0,0,0,0,0,0,0,0
2,1,400053,0,0,0,0,0,0,0,0,0,0
1,1,400054,0,0,0,0,0,0,0,0,0,0
2,1,400054,0,0,0,0,0,0,0,0,0,0
1,1,400055,0,0,0,0,0,0,0,0,0,0
1,1,400056,8,8,8,8,8,8,8,8,8,8
2,1,400056,0,0,0,0,0,0,0,0,0,0
1,1,400057,0,0,0,0,0,0,0,0,0,0
2,1,400057,0,0,0,0,0,0,0,0,0,0
1,1,400058,0,0,0,0,0,0,0,0,0,0
2,1,400058,0,0,0,0,0,0,0,0,0,0
1,1,400059,25,25,25,25,25,25,25,25,25,25
2,1,400059,0,0,0,0,0,0,0,0,0,0
1,1,400060,32,32,32,32,32,32,32,32,32,32
1,1,400061,0,0,0,0,0,0,0,0,0,0
2,1,400061,0,0,0,0,0,0,0,0,0,0
1,1,400062,0,0,0,9,0,0,0,0,0,0
1,1,400063,18,18,18,18,18,18,18,18,18,18
2,1,400063,0,0,0,0,0,0,0,0,0,0
1,1,400064,12,12,12,12,12,12,12,12,12,12
1,1,400065,21,21,21,21,21,21,21,21,21,21
1,1,400066,20,20,20,20,20,20,20,20,20,20
1,1,400067,0,0,0,0,0,0,0,0,0,0
1,1,400068,0,0,0,0,0,0,0,0,0,0
2,1,400068,0,0,0,0,0,0,0,0,0,0
1,1,400069,0,0,0,0,0,0,0,0,0,0
2,1,400069,0,0,0,0,0,0,0,0,0,0
1,1,400070,0,0,0,0,0,0,0,0,0,0
1,1,400071,0,0,0,0,0,0,0,0,0,0
1,1,400072,0,0,0,0,0,0,0,0,0,0
1,1,400073,0,7,0,0,14,0,0,0,0,0
1,1,400074,4,4,4,4,4,4,4,4,4,4
1,1,400075,5,5,5,5,5,5,5,5,5,5
1,1,400076,0,0,0,0,0,0,0,0,0,0
2,1,400076,0,0,0,0,0,0,0,0,0,0
1,1,400077,0,0,0,0,0,0,0,0,0,0
1,1,400078,0,0,0,0,0,0,0,0,0,0
1,1,400079,22,22,22,22,22,22,22,22,22,22
2,1,400079,0,0,0,0,0,0,0,0,0,0
3,1,400079,0,0,0,0,0,0,0,0,0,0
1,1,400080,0,0,0,0,0,0,0,0,0,0
1,1,400081,8,8,8,8,8,8,8,8,8,8
2,1,400081,13,0,0,0,0,0,0,0,0,0
0,1,400082,0,23,14,22,12,0,8,14,23,0
0,2,400082,0,31,23,0,21,14,0,0,23,0
0,3,400082,0,17,0,0,0,0,0,18,0,0
0,4,400082,25,0,0,0,22,0,7,0,16,12
1,1,400082,0,0,0,0,0,0,0,0,0,0
1,1,400083,17,17,17,17,17,17,17,17,17,17
1,1,400084,0,0,0,0,0,0,0,0,0,0
2,1,400084,0,0,0,0,0,0,0,0,0,0
3,1,400084,0,0,0,0,0,0,0,0,0,0
1,1,400085,3,3,3,3,3,3,3,3,3,3
1,1,400086,0,0,0,0,0,0,0,0,0,0
2,1,400086,0,0,0,0,0,0,0,0,0,0
1,1,400087,19,19,19,19,19,19,19,19,19,19
1,1,400088,0,0,0,0,0,0,0,0,0,0
1,1,400089,0,0,0,0,0,0,0,0,0,0
1,1,400090,0,0,0,0,0,0,0,0,0,0
1,1,400091,20,20,20,20,20,20,20,20,20,20
1,1,400092,17,17,17,17,17,17,17,17,17,17
1,1,400093,11,14,0,11,15,15,0,12,0,0
1,1,400094,13,13,13,13,13,13,13,13,13,13
1,1,400095,20,0,0,0,0,0,0,0,0,0
2,1,400095,0,0,0,0,0,0,0,0,0,0
1,1,400096,0,0,0,0,0,0,0,0,0,0
3,1,400096,0,0,0,0,0,0,0,0,0,0
4,1,400096,0,0,0,0,0,0,0,0,0,0
5,1,400096,0,0,0,0,0,0,0,0,0,0
6,1,400096,23,0,0,0,0,16,0,0,0,0
1,1,400097,0,0,0,0,0,0,0,0,0,0
2,1,400097,0,0,0,0,0,0,0,0,0,0
1,1,400098,0,0,0,0,0,0,0,0,0,0
2,1,400098,0,0,0,0,6,0,0,0,0,0
3,1,400098,0,0,0,0,0,0,0,0,0,0
1,1,400099,0,0,0,0,0,0,0,0,0,0
2,1,400099,18,18,18,18,18,18,18,18,18,18
1,1,400100,0,0,0,0,0,0,0,0,0,0
1,1,400101,0,0,0,0,0,0,0,0,0,0
1,1,400102,16,16,16,16,16,16,16,16,16,16
2,1,400102,0,0,0,0,0,11,0,0,0,18
1,1,400103,0,0,0,0,0,0,0,0,0,0
2,1,400103,0,0,0,0,0,0,0,0,0,0
1,1,400104,0,0,0,0,0,0,0,0,0,0
2,1,400104,0,0,0,0,0,0,0,0,0,0
1,1,400105,22,22,22,22,22,22,22,22,22,22
2,1,400105,0,0,0,0,0,0,0,0,0,0
3,1,400105,0,0,0,0,0,0,0,0,0,0
1,1,400106,0,0,0,0,0,0,0,0,0,0
2,1,400106,0,0,0,0,0,0,0,0,0,0
3,1,400106,0,0,0,0,0,0,0,0,0,0
1,1,400107,17,17,17,17,17,17,17,17,17,17
1,1,400108,0,0,0,0,0,0,0,0,0,0
1,1,400109,4,4,4,4,4,4,4,4,4,4
1,1,400110,0,0,0,0,0,0,0,0,0,0
2,1,400110,0,0,10,12,0,7,10,0,0,9
3,1,400110,0,0,0,0,0,0,0,0,0,0
1,1,400111,0,0,0,0,0,0,0,0,0,0
1,1,400112,19,19,19,19,19,19,19,19,19,19
2,1,400112,0,0,0,0,0,0,0,0,0,0
1,1,400113,0,0,0,0,0,0,0,0,0,0
1,1,400114,0,0,0,0,0,0,0,0,0,0
1,1,400115,0,0,0,0,0,0,0,0,0,0
1,1,400116,0,0,0,0,0,0,0,0,0,0
1,1,400117,0,0,0,0,0,0,0,0,0,0
1,1,400118,0,0,0,0,0,0,0,0,0,0
1,1,400119,0,0,0,0,0,0,0,0,0,0
1,1,400120,0,0,0,0,0,0,0,0,0,0
0,1,400121,24,24,24,24,24,24,24,24,24,24
0,2,400121,0,7,0,0,27,15,22,0,7,25
1,1,400121,0,0,4,0,0,2,0,0,0,0
1,1,400122,20,20,20,20,20,20,20,20,20,20
2,1,400122,0,0,0,0,0,0,0,0,0,0
1,1,400123,21,21,21,21,21,21,21,21,21,21
1,1,400124,0,0,0,0,0,0,0,0,0,0
1,1,400125,0,0,0,0,0,0,0,0,0,0
1,1,400126,0,0,0,0,0,0,0,0,0,0
2,1,400126,0,0,0,0,0,0,0,0,0,0
1,1,400127,0,0,0,0,0,0,0,0,0,0
2,1,400127,0,0,0,0,0,0,0,0,0,0
1,1,400128,7,7,7,7,7,7,7,7,7,7
1,1,400129,0,0,0,0,0,0,0,0,0,0
2,1,400129,0,0,0,0,0,0,0,0,0,0
3,1,400129,0,0,0,0,0,0,0,0,0,0
0,1,400130,23,23,23,23,23,23,23,23,23,23
1,1,400130,0,0,0,0,0,0,0,0,0,0
1,1,400131,9,9,9,9,9,9,9,9,9,9
2,1,400131,0,0,0,0,0,0,0,0,0,0
3,1,400131,0,0,0,0,0,0,0,0,0,0
0,1,400132,27,0,0,0,0,0,0,0,0,0
1,1,400132,0,0,0,0,0,0,15,0,0,2
2,1,400132,0,0,0,0,0,0,0,8,0,0
1,1,400133,0,0,0,0,0,0,0,0,0,0
2,1,400133,0,0,0,0,0,0,0,0,0,0
0,1,400134,25,25,25,25,25,25,25,25,25,25
1,1,400134,0,0,0,0,0,0,0,0,0,0
1,1,400135,0,0,0,0,0,0,0,0,0,0
2,1,400135,0,0,0,0,0,0,0,0,0,0
1,1,400136,8,8,8,8,8,8,8,8,8,8
1,1,400137,0,0,28,0,0,22,20,32,0,0
2,1,400137,0,0,0,0,0,0,0,0,0,0
1,1,400138,0,0,0,0,14,0,0,0,0,0
2,1,400138,0,0,0,0,0,0,0,0,0,0
3,1,400138,0,0,0,0,0,0,0,0,0,0
1,1,400139,0,0,0,0,0,0,0,0,0,0
1,1,400140,11,11,11,11,11,11,11,11,11,11
1,1,400141,19,19,19,19,19,19,19,19,19,19
1,1,400142,0,0,0,0,0,0,0,0,0,0
0,1,400143,26,26,26,26,26,26,26,26,26,26
1,1,400143,0,0,25,0,0,0,0,0,0,26
1,1,400144,0,0,0,0,0,0,0,0,0,0
2,1,400144,0,0,0,0,0,0,0,0,0,0
0,1,400145,0,0,0,0,0,0,24,0,0,0
1,1,400145,11,11,11,11,11,11,11,11,11,11
1,1,400146,29,29,29,29,29,29,29,29,29,29
2,1,400146,0,0,0,0,0,0,0,0,0,0
3,1,400146,30,22,0,0,0,0,0,0,0,0
4,1,400146,0,0,0,0,0,0,0,0,0,0
1,1,400147,0,0,0,0,0,0,0,0,0,0
2,1,400147,0,0,0,0,0,0,0,0,0,0
3,1,400147,0,0,0,0,0,0,0,0,0,0
4,1,400147,0,0,0,0,0,0,0,0,0,0
5,1,400147,0,0,0,0,0,0,0,0,0,0
6,1,400147,0,0,0,0,0,0,0,0,0,0
1,1,400148,0,0,0,0,0,0,0,0,0,0
1,1,400149,0,0,0,0,0,0,0,0,0,0
1,1,400151,0,0,0,0,0,0,0,0,0,0
2,1,400151,0,0,0,0,0,0,0,0,0,0
1,1,400152,0,0,0,0,0,0,0,0,0,0
2,1,400152,0,0,0,0,0,0,0,0,0,0
1,1,400153,19,19,19,19,19,19,19,19,19,19
1,1,400154,0,0,0,0,0,0,0,0,0,10
2,1,400154,0,0,0,0,0,0,0,0,0,0
1,1,400155,0,0,28,0,19,12,0,0,0,0
1,1,400156,21,0,15,0,0,0,0,5,0,0
1,1,400157,0,0,0,0,0,0,0,12,0,0
1,1,400158,0,0,0,0,0,0,0,0,0,0
2,1,400158,0,0,0,0,0,0,0,0,0,0
1,1,400159,0,0,0,0,0,0,0,0,0,0
1,1,400160,23,23,23,23,23,23,23,23,23,23
1,1,400161,18,18,18,18,18,18,18,18,18,18
1,1,400162,0,0,0,0,0,0,0,0,0,0
2,1,400162,0,0,0,0,0,0,0,0,0,0
1,1,400163,0,0,0,0,0,0,0,0,0,0
2,1,400163,0,0,0,0,0,0,0,0,0,0
1,1,400164,0,0,0,0,0,0,0,0,0,0
1,1,400165,0,0,0,0,0,0,0,0,0,0
2,1,400165,0,0,0,0,0,0,0,0,0,0
1,1,400166,32,32,32,32,32,32,32,32,32,32
1,1,400167,0,0,0,0,0,0,0,0,0,0
1,1,400168,0,0,0,0,0,0,0,0,0,0
1,1,400169,0,0,0,0,0,0,0,0,0,0
2,1,400169,0,0,4,0,0,14,0,0,0,0
1,1,400170,0,0,0,0,0,0,0,0,0,0
2,1,400170,0,0,0,0,0,0,0,0,0,0
1,1,400171,0,0,0,0,0,4,0,0,0,31
2,1,400171,0,15,0,0,0,0,0,0,0,11
1,1,400172,0,0,0,0,0,0,0,0,0,0
2,1,400172,0,0,0,0,0,0,0,0,0,0
0,1,400173,0,0,0,0,16,8,22,0,12,24
1,1,400173,0,0,0,10,0,0,0,0,0,0
1,1,400174,0,0,0,0,0,0,0,0,0,0
2,1,400174,0,0,0,0,0,0,0,0,0,0
1,1,400175,3,3,3,3,3,3,3,3,3,3
2,1,400175,0,0,0,0,0,0,0,0,0,0
1,1,400176,0,0,0,0,0,0,0,0,0,0
2,1,400176,0,0,0,0,0,0,0,0,0,0
1,1,400177,0,0,0,0,0,0,0,0,0,0
1,1,400178,0,0,0,0,0,12,0,0,0,9
1,1,400179,0,0,0,0,0,0,0,0,0,0
1,1,400180,0,0,0,0,0,0,0,0,0,0
1,1,400181,0,0,0,0,0,0,0,0,0,0
1,1,400182,0,2,0,0,5,13,22,7,0,9
0,1,400183,0,0,0,0,0,0,0,0,0,0
0,2,400183,8,8,8,8,8,8,8,8,8,8
1,1,400183,0,0,0,0,0,0,0,4,0,0
2,1,400184,0,0,0,0,0,0,0,0,0,0
3,1,400184,0,0,0,0,0,25,0,0,0,0
1,1,400185,0,0,0,0,0,14,0,0,0,0
1,1,400186,0,0,0,0,0,0,0,0,0,0
2,1,400186,0,0,0,0,0,0,0,0,0,0
1,1,400187,0,0,11,0,9,0,0,0,0,0
1,1,400188,13,13,13,13,13,13,13,13,13,13
2,1,400188,0,0,0,0,0,0,0,4,0,0
1,1,400189,0,0,0,0,0,0,0,0,0,0
2,1,400189,0,0,14,0,0,0,0,11,0,0
1,1,400190,0,0,0,0,14,0,0,0,0,0
1,1,400191,0,0,0,0,0,0,0,0,0,0
2,1,400191,0,0,0,19,0,0,0,0,0,0
1,1,400192,0,0,8,19,0,0,0,0,0,9
1,1,400193,0,0,6,15,0,0,0,0,0,0
2,1,400193,0,0,0,0,0,0,0,0,0,0
3,1,400193,0,0,0,0,0,0,0,0,0,0
1,1,400194,30,30,30,30,30,30,30,30,30,30
1,1,400195,16,16,16,16,16,16,16,16,16,16
1,1,400196,21,21,21,21,21,21,21,21,21,21
1,1,400197,0,0,0,0,0,0,0,0,0,0
1,1,400198,13,13,13,13,13,13,13,13,13,13
1,1,400199,22,22,22,22,22,22,22,22,22,22
1,1,400200,0,0,0,0,0,0,0,0,0,0
2,1,400200,0,0,0,0,25,0,0,0,0,0
1,1,400201,0,0,0,0,0,0,0,0,0,0
2,1,400201,0,0,0,0,0,0,0,0,0,0
1,1,400202,11,11,11,11,11,11,11,11,11,11
1,1,400203,8,8,8,8,8,8,8,8,8,8
2,1,400203,0,0,0,0,0,0,0,0,0,0
1,1,400204,0,0,0,25,0,0,0,0,0,0
2,1,400204,0,0,0,36,0,0,0,0,0,0
1,1,400205,0,0,0,0,0,0,0,0,0,0
2,1,400205,0,0,0,0,0,0,0,0,0,0
1,1,400206,0,0,0,0,0,0,0,0,0,0
2,1,400206,0,0,0,0,0,0,0,0,0,0
1,1,400207,18,18,18,18,18,18,18,18,18,18
1,1,400208,12,12,12,12,12,12,12,12,12,12
0,1,400209,22,22,22,22,22,22,22,22,22,22
1,1,400209,0,0,0,0,0,0,0,0,0,0
2,1,400209,0,0,0,0,0,0,0,6,0,0
1,1,400210,0,0,0,0,0,0,0,0,0,0
2,1,400210,0,0,0,0,0,0,0,9,0,0
1,1,400211,0,0,0,0,0,0,0,12,0,0
2,1,400211,0,0,0,0,0,0,0,0,0,0
1,1,400212,30,30,30,30,30,30,30,30,30,30
1,1,400213,0,0,0,0,0,16,0,0,0,0
2,1,400213,0,0,0,0,0,0,0,0,0,0
1,1,400214,0,0,0,0,0,0,0,0,0,0
1,1,400215,0,0,0,0,0,0,0,0,0,0
2,1,400215,0,0,0,0,0,0,0,0,0,0
1,1,400216,7,7,7,7,7,7,7,7,7,7
1,1,400217,16,16,16,16,16,16,16,16,16,16
0,1,400218,0,0,0,0,0,0,0,0,0,0
1,1,400218,0,0,0,0,0,0,0,0,0,0
1,1,400219,0,0,0,0,0,0,0,0,0,0
2,1,400219,0,0,0,0,0,0,0,0,0,0
1,1,400220,0,0,0,0,0,0,0,0,0,0
1,1,400221,0,0,0,0,0,0,0,0,0,0
2,1,400221,0,0,0,0,0,0,0,0,0,0
1,1,400222,0,0,0,0,0,0,0,0,0,0
1,1,400223,23,0,0,17,0,17,0,0,0,0
1,1,400224,0,0,0,0,0,0,0,0,0,0
2,1,400224,0,0,0,0,0,0,0,0,0,0
1,1,400225,0,0,0,0,0,0,0,0,0,0
1,1,400226,0,0,0,0,0,0,3,0,0,0
2,1,400226,0,0,0,0,0,0,0,0,0,0
1,1,400227,0,0,0,0,0,0,0,0,0,6
2,1,400227,0,0,0,0,0,0,0,0,0,0
1,1,400228,0,0,0,0,0,0,0,0,0,0
2,1,400228,0,0,0,0,0,0,0,0,0,0
1,1,400229,15,15,15,15,15,15,15,15,15,15
1,1,400230,17,17,17,17,17,17,17,17,17,17
1,1,400231,0,0,0,0,0,0,0,0,0,0
2,1,400231,0,0,0,0,0,0,0,0,0,0
1,1,400232,0,0,0,0,0,0,0,0,0,0
1,1,400233,30,30,30,30,30,30,30,30,30,30
1,1,400234,11,11,11,11,11,11,11,11,11,11
1,1,400235,21,21,21,21,21,21,21,21,21,21
1,1,400236,0,0,0,0,0,0,0,0,0,0
1,1,400237,4,4,4,4,4,4,4,4,4,4
2,1,400237,0,0,0,0,0,0,0,0,0,0
3,1,400237,0,0,0,0,0,0,0,0,0,0
4,1,400237,0,0,0,0,0,0,0,0,0,0
1,1,400238,0,0,0,0,0,0,0,0,0,0
1,1,400239,0,0,0,0,0,0,0,15,0,0
2,1,400239,0,0,0,0,0,0,0,0,0,0
2,1,400240,0,0,0,0,0,0,0,0,0,0
1,1,400241,0,0,0,0,0,0,0,0,0,0
2,1,400241,0,0,0,0,0,0,0,0,0,0
1,1,400242,0,0,0,0,0,0,0,0,0,0
2,1,400242,0,0,0,0,0,0,0,0,0,0
1,1,400243,0,0,0,0,0,0,0,0,0,0
2,1,400243,0,0,0,0,0,0,0,0,0,0
3,1,400243,0,0,0,0,0,0,0,0,0,0
1,1,400244,0,0,0,0,0,0,0,0,0,0
2,1,400244,0,0,0,0,0,0,0,0,0,0
1,1,400245,0,0,0,0,0,0,0,0,0,0
0,1,400246,8,8,8,8,8,8,8,8,8,8
1,1,400246,0,0,0,0,0,0,0,0,0,0
1,1,400247,0,0,0,0,0,0,0,0,0,0
1,1,400248,16,16,16,16,16,16,16,16,16,16
1,1,400249,0,0,0,0,0,0,0,0,0,0
1,1,400250,19,26,32,7,20,13,40,18,12,11
2,1,400250,0,0,0,0,18,0,0,0,0,0
1,1,400251,6,6,6,6,6,6,6,6,6,6
0,1,400252,18,18,18,18,18,18,18,18,18,18
1,1,400252,0,0,0,0,0,0,0,0,0,0
1,1,400253,25,25,25,25,25,25,25,25,25,25
1,1,400254,23,23,23,23,23,23,23,23,23,23
1,1,400255,0,0,0,0,0,0,0,0,0,0
2,1,400255,0,0,0,0,0,0,0,0,0,0
1,1,400256,0,0,0,0,0,0,0,0,0,0
1,1,400257,0,0,0,0,0,0,0,0,0,0
1,1,400258,0,0,0,0,0,0,0,0,0,0
1,1,400259,0,0,0,0,0,0,0,0,0,0
2,1,400259,0,0,0,0,0,0,0,0,0,0
1,1,400260,0,0,0,0,0,0,0,0,0,0
2,1,400260,0,0,0,0,0,0,0,0,0,0
1,1,400261,0,0,0,0,0,0,0,0,0,0
2,1,400261,0,0,0,0,0,0,0,0,0,0
1,1,400262,15,15,15,15,15,15,15,15,15,15
0,1,400263,0,0,0,0,0,0,0,0,0,0
1,1,400263,0,0,0,0,0,0,0,0,0,0
0,1,400264,24,24,24,24,24,24,24,24,24,24
1,1,400264,0,0,0,13,0,0,0,0,0,0
1,1,400265,27,27,27,27,27,27,27,27,27,27
2,1,400265,0,0,0,0,0,0,0,0,0,0
1,1,400266,11,11,11,11,11,11,11,11,11,11
1,1,400267,0,0,0,0,0,0,0,0,0,0
2,1,400267,0,0,0,0,0,0,0,0,0,0
1,1,400268,0,0,17,24,0,0,15,15,0,0
1,1,400269,0,0,0,0,0,0,0,0,0,0
1,1,400270,0,0,0,0,0,0,0,0,0,0
1,1,400271,0,0,0,0,0,0,0,0,0,0
2,1,400271,0,0,0,0,0,0,0,0,0,0
1,1,400272,0,0,0,0,0,0,0,0,8,0
1,1,400273,0,0,0,0,0,0,0,0,0,0
2,1,400273,0,0,0,0,0,0,0,0,0,0
1,1,400274,22,22,22,22,22,22,22,22,22,22
1,1,400275,0,0,0,0,0,0,0,0,0,0
1,1,400276,0,0,0,0,0,0,0,0,0,0
2,1,400276,0,0,0,0,0,0,0,0,0,0