VEH_NO,PER_NO,ST_CASE,P1,P2,P3,P4,P5,P6,P7,P8,P9,P10
1,1,400277,0,0,0,0,0,0,0,0,0,0
2,1,400277,0,0,0,0,0,0,0,0,0,0
3,1,400277,0,0,0,0,0,0,0,0,0,0
1,1,400278,0,0,0,0,0,0,0,0,0,0
2,1,400278,0,0,0,0,0,0,0,0,0,0
3,1,400278,0,0,0,0,0,0,0,0,0,0
1,1,400279,0,0,0,0,0,0,0,0,0,0
2,1,400279,0,0,0,0,0,0,0,0,0,0
1,1,400280,0,0,0,0,0,0,0,0,0,0
1,1,400281,0,0,0,0,0,0,0,0,0,0
1,1,400282,0,0,0,0,0,0,0,0,0,0
1,1,400283,25,25,25,25,25,25,25,25,25,25
1,1,400284,0,0,0,0,0,0,0,0,0,0
2,1,400284,0,0,0,0,0,0,0,0,0,0
1,1,400285,11,11,11,11,11,11,11,11,11,11
1,1,400286,10,10,10,10,10,10,10,10,10,10
1,1,400287,0,0,0,0,0,0,0,1,0,0
2,1,400287,0,0,0,0,0,0,0,0,0,0
3,1,400287,0,0,0,0,0,0,0,0,0,0
1,1,400288,0,0,0,0,0,0,0,0,0,0
1,1,400289,0,0,0,0,0,0,0,0,0,0
2,1,400289,0,0,0,0,0,0,0,0,0,0
1,1,400290,11,11,11,11,11,11,11,11,11,11
1,1,400291,26,26,26,26,26,26,26,26,26,26
0,1,400292,0,0,0,0,0,0,0,0,0,0
1,1,400292,0,0,0,0,0,0,0,0,0,0
1,1,400293,0,0,0,0,0,0,0,0,0,0
0,1,400294,0,0,0,0,0,0,0,0,0,0
1,1,400294,0,0,0,0,0,23,0,0,0,0
1,1,400295,0,0,0,0,0,0,0,0,0,0
2,1,400295,0,0,0,0,0,0,0,0,0,0
3,1,400295,0,0,0,0,0,0,0,0,0,0
1,1,400296,0,0,0,0,0,0,0,0,0,0
2,1,400296,0,0,0,0,0,0,0,0,0,0
1,1,400297,0,0,0,0,0,0,0,0,0,0
2,1,400297,0,0,0,0,0,0,0,0,0,0
1,1,400298,0,0,0,0,0,0,0,0,0,0
1,1,400300,22,22,22,22,22,22,22,22,22,22
1,1,400301,18,18,18,18,18,18,18,18,18,18
1,1,400302,0,0,0,0,16,0,0,0,0,0
2,1,400302,0,0,0,0,0,0,0,0,0,0
1,1,400303,0,0,0,0,0,0,0,0,0,0
2,1,400303,0,0,0,0,0,0,0,0,0,0
3,1,400303,0,0,0,0,0,0,0,0,0,0
1,1,400304,18,18,18,18,18,18,18,18,18,18
2,1,400304,0,0,0,0,0,0,0,0,0,0
3,1,400304,0,0,0,0,0,0,0,0,0,0
1,1,400306,5,12,9,11,32,38,15,35,17,16
1,1,400307,12,12,12,12,12,12,12,12,12,12
0,1,400308,0,0,0,0,0,0,0,0,0,0
1,1,400308,0,0,10,0,0,0,0,20,0,15
1,1,400309,6,6,6,6,6,6,6,6,6,6
2,1,400309,0,2,0,0,0,0,0,0,0,0
3,1,400309,0,0,0,0,0,0,0,0,0,0
1,1,400310,0,0,0,0,0,0,0,0,0,0
1,1,400311,0,0,0,0,0,0,0,0,0,14
2,1,400311,0,0,0,0,0,0,0,0,0,0
1,1,400312,0,0,0,0,0,0,0,0,0,0
2,1,400312,0,0,0,0,0,0,0,0,0,0
1,1,400313,5,6,0,0,0,3,6,0,0,0
1,1,400314,0,0,0,0,0,0,0,0,0,0
2,1,400314,4,4,4,4,4,4,4,4,4,4
3,1,400314,0,0,10,0,0,0,0,0,0,0
1,1,400315,27,27,27,27,27,27,27,27,27,27
0,1,400316,0,0,0,0,0,0,0,0,0,0
1,1,400316,0,0,0,0,0,0,0,0,0,0
1,1,400317,0,0,0,0,0,0,0,0,0,0
1,1,400318,18,18,18,18,18,18,18,18,18,18
1,1,400319,0,0,0,0,0,0,0,0,0,0
2,1,400319,0,0,0,10,0,0,0,0,0,0
1,1,400320,0,0,0,0,0,0,0,0,0,0
1,1,400321,0,0,0,0,0,0,0,0,0,0
2,1,400321,0,0,0,0,0,0,0,0,0,0
2,1,400322,0,0,0,0,0,0,0,0,0,0
1,1,400323,0,0,0,0,0,0,0,0,0,0
2,1,400323,0,0,0,0,0,0,0,0,0,0
3,1,400323,0,0,0,15,0,0,0,0,0,0
1,1,400324,22,22,22,22,22,22,22,22,22,22
0,1,400325,17,17,17,17,17,17,17,17,17,17
1,1,400325,0,0,0,15,0,0,0,0,0,0
1,1,400326,11,0,9,19,0,0,0,0,0,0
1,1,400327,0,0,0,0,0,0,0,0,0,0
2,1,400327,0,0,0,0,0,0,0,0,0,0
1,1,400328,6,6,6,6,6,6,6,6,6,6
0,1,400329,18,18,18,18,18,18,18,18,18,18
1,1,400329,0,0,0,0,0,0,0,0,0,0
2,1,400329,0,0,0,0,0,0,0,0,0,0
1,1,400330,0,0,0,0,0,0,0,0,0,0
1,1,400331,22,22,22,22,22,22,22,22,22,22
2,1,400331,0,0,0,0,0,0,0,0,0,0
1,1,400332,28,28,28,28,28,28,28,28,28,28
1,1,400333,0,0,0,0,0,0,0,0,0,0
1,1,400334,0,0,0,0,0,0,0,0,0,25
1,1,400335,0,0,0,0,0,0,0,0,0,0
2,1,400335,0,0,0,0,0,0,0,0,0,0
1,1,400336,10,10,10,10,10,10,10,10,10,10
1,1,400337,0,0,0,0,0,0,0,0,0,0
2,1,400337,0,0,0,0,0,0,0,0,0,0
1,1,400338,11,31,44,18,25,20,14,6,16,7
1,1,400339,5,5,5,5,5,5,5,5,5,5
2,1,400339,0,0,0,0,0,0,0,0,0,0
1,1,400340,17,17,17,17,17,17,17,17,17,17
1,1,400341,0,0,0,0,0,0,0,0,0,0
2,1,400341,0,0,0,0,0,0,0,0,0,0
1,1,400342,22,22,22,22,22,22,22,22,22,22
1,1,400343,0,0,0,0,0,0,0,0,0,0
1,1,400344,9,0,0,0,0,0,0,0,15,0
2,1,400344,0,0,0,0,0,0,0,0,0,0
1,1,400345,0,0,0,0,0,0,0,0,0,0
2,1,400345,0,0,0,0,0,0,0,0,0,0
1,1,400346,0,0,0,0,0,0,0,0,0,0
2,1,400346,0,0,0,0,0,0,8,0,0,0
1,1,400347,4,4,4,4,4,4,4,4,4,4
1,1,400348,0,12,0,0,0,0,0,5,0,0
1,1,400349,23,23,23,23,23,23,23,23,23,23
1,1,400350,19,19,19,19,19,19,19,19,19,19
1,1,400351,0,0,0,0,0,0,0,0,0,0
1,1,400352,0,0,0,0,0,0,0,0,0,0
2,1,400352,0,0,0,0,0,0,0,0,0,0
1,1,400353,3,3,3,3,3,3,3,3,3,3
1,1,400354,10,10,10,10,10,10,10,10,10,10
1,1,400355,9,0,0,0,0,0,0,0,0,0
1,1,400356,0,0,0,0,0,0,0,0,0,0
2,1,400356,0,0,0,0,0,0,0,0,0,0
1,1,400357,0,0,0,0,0,0,0,0,0,0
2,1,400357,0,0,0,0,0,0,0,0,0,0
1,1,400358,0,0,0,0,0,0,0,0,0,0
2,1,400358,0,0,0,0,0,0,0,0,0,13
1,1,400359,0,0,0,0,0,0,0,0,0,0
2,1,400359,0,0,0,0,0,0,0,0,0,0
1,1,400360,0,0,0,0,4,0,0,0,0,18
1,1,400361,14,14,14,14,14,14,14,14,14,14
1,1,400362,0,0,0,0,0,0,0,0,0,0
2,1,400362,0,0,0,0,0,0,0,0,0,0
1,1,400363,0,0,0,0,0,0,0,0,0,0
1,1,400364,0,0,0,0,0,0,0,0,0,0
2,1,400364,0,0,0,0,0,0,0,0,0,0
1,1,400365,0,0,0,0,0,0,0,0,0,0
2,1,400365,7,7,7,7,7,7,7,7,7,7
1,1,400366,0,0,0,0,0,0,0,0,0,0
2,1,400366,0,0,0,0,0,0,0,0,0,0
3,1,400366,0,0,0,0,0,0,0,0,0,0
1,1,400367,0,0,0,0,0,0,0,0,0,0
2,1,400367,0,0,6,0,0,0,0,0,0,0
1,1,400368,0,0,0,0,0,0,0,0,0,0
2,1,400368,0,0,0,0,0,0,0,0,0,0
0,1,400369,0,0,0,0,0,0,0,0,0,0
1,1,400369,0,0,0,0,0,0,0,0,0,0
1,1,400370,21,21,21,21,21,21,21,21,21,21
1,1,400371,22,22,22,22,22,22,22,22,22,22
1,1,400372,22,22,22,22,22,22,22,22,22,22
0,1,400373,0,0,0,0,0,26,0,35,0,0
0,2,400373,0,0,0,0,0,4,0,0,0,10
1,1,400373,0,0,0,0,0,0,0,0,0,0
2,1,400373,0,0,0,0,0,0,0,0,0,0
1,1,400374,25,25,25,25,25,25,25,25,25,25
1,1,400375,12,12,12,12,12,12,12,12,12,12
1,1,400376,0,0,0,0,0,0,0,0,0,0
1,1,400377,18,18,18,18,18,18,18,18,18,18
1,1,400378,0,0,0,0,0,0,0,0,0,0
2,1,400378,0,0,0,0,0,0,0,0,0,0
1,1,400379,0,0,0,0,0,0,0,0,0,0
1,1,400380,0,0,0,0,0,0,0,0,0,0
2,1,400380,0,0,0,0,0,0,0,0,0,0
1,1,400381,10,10,10,10,10,10,10,10,10,10
1,1,400382,2,2,2,2,2,2,2,2,2,2
1,1,400383,0,0,0,0,0,6,0,0,18,0
1,1,400384,0,0,0,0,0,0,0,0,0,0
2,1,400384,0,0,0,0,0,0,0,0,0,0
1,1,400385,0,0,0,0,0,0,0,0,0,0
2,1,400385,0,0,0,0,0,0,0,0,0,0
1,1,400386,17,17,17,17,17,17,17,17,17,17
1,1,400387,22,22,22,22,22,22,22,22,22,22
1,1,400388,0,0,0,0,0,0,0,0,0,0
2,1,400388,19,19,19,19,19,19,19,19,19,19
1,1,400389,22,22,22,22,22,22,22,22,22,22
1,1,400390,23,23,23,23,23,23,23,23,23,23
1,1,400391,0,0,0,0,0,0,0,0,0,0
1,1,400392,3,3,3,3,3,3,3,3,3,3
2,1,400392,0,0,0,0,0,0,0,0,0,0
1,1,400393,17,17,17,17,17,17,17,17,17,17
1,1,400394,0,0,0,0,0,0,0,0,0,0
2,1,400394,0,0,0,0,0,0,0,0,0,0
3,1,400394,0,0,0,0,0,0,0,0,0,0
4,1,400394,0,0,0,0,0,0,0,0,0,0
5,1,400394,0,0,0,0,0,0,0,0,0,0
6,1,400394,0,0,0,0,0,0,0,0,0,0
1,1,400395,0,0,0,0,0,0,0,0,0,0
1,1,400396,0,0,0,0,0,0,0,0,0,0
2,1,400396,0,0,0,0,0,0,0,0,0,0
3,1,400396,0,0,0,0,0,0,0,0,0,0
1,1,400397,0,0,0,0,0,0,0,0,0,0
2,1,400397,0,0,0,0,0,0,0,0,0,0
3,1,400397,0,0,0,0,0,0,0,0,0,0
4,1,400397,0,0,0,0,0,0,0,0,0,0
1,1,400398,0,0,0,0,0,0,0,0,0,0
2,1,400398,0,0,0,0,0,0,0,0,0,0
1,1,400399,0,0,0,0,0,0,0,0,0,0
2,1,400399,0,0,0,0,0,0,0,0,0,0
1,1,400400,18,16,0,0,0,0,0,0,0,0
1,1,400401,0,0,0,0,0,0,0,0,0,0
1,1,400402,21,21,21,21,21,21,21,21,21,21
1,1,400403,0,0,0,0,0,0,0,0,0,0
1,1,400404,0,0,0,0,0,0,0,0,0,0
1,1,400405,0,0,0,0,0,0,0,0,0,0
0,1,400406,0,0,0,0,0,0,0,0,0,0
1,1,400406,0,3,0,0,12,0,0,0,0,0
1,1,400407,19,19,19,19,19,19,19,19,19,19
1,1,400408,42,42,42,42,42,42,42,42,42,42
1,1,400409,30,25,8,0,25,0,21,16,15,19
2,1,400409,0,11,0,0,0,0,0,0,0,0
1,1,400410,15,15,15,15,15,15,15,15,15,15
1,1,400411,0,0,0,0,0,0,0,0,0,0
2,1,400411,0,0,0,0,0,0,0,0,0,0
1,1,400412,0,0,0,0,0,0,0,0,0,0
2,1,400412,0,0,0,0,0,0,0,0,0,0
1,1,400413,0,0,0,0,0,0,0,0,0,0
2,1,400413,0,0,0,0,0,0,0,0,0,0
1,1,400414,0,0,0,0,0,0,0,0,0,0
2,1,400414,0,0,0,0,0,0,0,0,0,0
1,1,400415,15,15,15,15,15,15,15,15,15,15
1,1,400416,0,0,0,0,0,0,0,0,0,0
1,1,400417,0,0,0,0,0,0,0,0,0,0
2,1,400417,0,0,0,0,0,0,0,0,0,0
0,1,400418,29,29,29,29,29,29,29,29,29,29
1,1,400418,0,0,0,0,0,0,0,0,0,0
1,1,400419,19,19,19,19,19,19,19,19,19,19
1,1,400420,0,18,0,15,0,0,3,0,0,0
2,1,400420,0,0,0,0,0,0,0,0,0,0
1,1,400421,0,0,0,0,0,0,0,0,0,0
2,1,400421,0,0,0,0,0,0,0,0,0,0
1,1,400422,0,0,0,0,0,0,0,0,0,0
2,1,400422,0,0,0,0,0,0,0,0,0,0
1,1,400423,12,12,12,12,12,12,12,12,12,12
1,1,400424,41,41,41,41,41,41,41,41,41,41
1,1,400425,0,0,0,0,0,0,0,0,0,0
2,1,400425,0,0,0,0,0,0,0,0,0,0
1,1,400426,0,0,0,0,0,0,0,0,0,0
2,1,400426,0,0,0,0,0,0,0,0,0,0
1,1,400427,0,0,0,0,0,0,0,0,0,0
2,1,400427,0,0,0,0,0,0,0,0,0,0
1,1,400428,0,0,0,0,0,0,0,0,0,0
2,1,400428,0,0,0,0,0,0,0,0,0,0
1,1,400429,0,0,0,0,0,0,0,0,0,0
2,1,400429,0,0,0,0,0,0,0,0,0,0
1,1,400430,31,31,31,31,31,31,31,31,31,31
1,1,400431,16,12,16,11,26,12,13,13,14,22
2,1,400431,0,0,0,0,0,0,0,0,0,0
1,1,400432,0,0,0,0,0,0,0,0,0,0
2,1,400432,0,0,0,0,0,0,0,0,0,0
3,1,400432,0,0,0,0,0,0,0,0,0,0
1,1,400433,0,0,0,0,0,0,0,0,0,0
2,1,400433,0,0,0,0,0,0,0,0,0,0
1,1,400434,0,0,0,0,0,0,0,0,0,0
1,1,400435,0,0,0,0,0,0,0,0,0,0
2,1,400435,0,0,0,0,0,0,0,0,0,0
1,1,400436,0,0,0,0,0,0,0,0,0,0
1,1,400438,0,0,0,0,0,0,0,0,0,0
2,1,400438,0,0,0,0,0,0,0,0,0,0
1,1,400439,0,0,0,0,0,0,0,0,0,0
2,1,400439,0,0,0,0,0,0,0,0,0,0
1,1,400440,0,0,0,0,0,0,0,0,0,0
1,1,400441,0,0,0,0,0,0,0,0,0,0
1,1,400442,0,0,0,0,0,0,0,0,0,0
2,1,400442,0,0,0,0,0,0,0,0,0,0
1,1,400443,0,0,0,0,0,0,0,0,0,3
2,1,400443,15,15,15,15,15,15,15,15,15,15
1,1,400444,25,25,25,25,25,25,25,25,25,25
0,1,400445,0,0,0,0,17,17,0,0,0,0
0,2,400445,0,0,0,0,0,0,0,0,0,0
1,1,400445,0,0,6,0,0,0,0,0,0,19
1,1,400446,0,0,0,0,0,0,0,0,0,0
2,1,400446,0,0,0,0,0,0,0,0,0,0
3,1,400446,0,0,0,0,0,0,0,0,0,0
1,1,400447,0,0,22,0,20,0,0,0,44,0
1,1,400448,5,5,5,5,5,5,5,5,5,5
2,1,400448,0,0,0,7,0,0,0,0,0,0
1,1,400449,19,19,19,19,19,19,19,19,19,19
1,1,400450,0,0,0,0,0,0,0,0,0,0
1,1,400451,0,0,0,0,0,0,0,0,0,0
2,1,400451,0,0,0,0,0,0,0,0,0,0
0,1,400452,0,0,0,0,0,0,0,0,0,0
1,1,400452,0,0,0,0,0,0,0,0,0,0
1,1,400453,28,28,28,28,28,28,28,28,28,28
1,1,400454,0,0,0,0,0,0,0,0,0,0
2,1,400454,0,0,0,0,13,0,0,0,0,0
1,1,400455,1,1,1,1,1,1,1,1,1,1
2,1,400455,0,0,0,0,0,0,0,0,0,0
0,1,400456,0,0,0,0,0,0,15,0,0,0
1,1,400456,0,0,0,0,0,0,0,0,0,0
2,1,400456,0,0,0,0,0,0,0,0,0,0
1,1,400457,0,0,0,0,0,0,0,0,0,0
2,1,400457,0,0,0,0,0,0,0,0,0,0
3,1,400457,0,0,9,0,0,0,0,0,0,0
1,1,400458,27,27,27,27,27,27,27,27,27,27
1,1,400459,0,0,0,0,0,0,0,0,0,0
1,1,400460,0,0,0,0,0,0,0,0,0,0
1,1,400461,0,0,0,0,0,0,0,0,0,0
1,1,400462,0,0,0,0,0,0,0,0,0,0
2,1,400462,0,0,0,0,0,0,0,0,0,0
1,1,400463,15,0,0,0,0,0,0,0,0,0
2,1,400463,0,0,0,0,0,0,0,0,0,0
3,1,400463,0,0,0,0,0,0,0,0,0,0
1,1,400464,0,0,0,0,0,17,0,0,0,0
0,1,400465,0,0,0,0,0,0,0,0,0,0
1,1,400465,0,0,0,0,0,0,0,0,0,0
1,1,400466,0,0,0,0,0,0,0,0,0,0
2,1,400466,0,0,3,0,0,0,0,0,0,4
0,1,400467,0,0,0,0,0,0,0,0,0,0
1,1,400467,0,0,0,0,0,0,0,0,0,0
1,1,400468,18,18,18,18,18,18,18,18,18,18
1,1,400469,0,0,0,0,0,0,0,0,0,0
0,1,400470,0,0,0,0,0,0,0,0,0,0
0,2,400470,0,0,0,4,0,0,0,0,0,0
1,1,400470,0,0,0,0,0,0,0,0,0,0
1,1,400471,0,0,0,0,0,0,0,0,0,0
2,1,400471,0,0,0,0,0,0,0,0,0,0
1,1,400472,0,0,0,0,0,0,0,0,0,0
2,1,400472,0,0,0,3,0,0,0,0,0,0
3,1,400472,0,0,0,0,0,0,0,0,0,0
1,1,400473,15,0,0,25,11,21,23,0,14,0
1,1,400474,0,0,0,0,0,0,0,0,0,0
1,1,400475,0,0,0,0,0,0,0,0,0,0
2,1,400475,0,0,0,0,0,0,0,0,0,0
1,1,400476,29,29,29,29,29,29,29,29,29,29
1,1,400477,25,25,25,25,25,25,25,25,25,25
1,1,400478,0,0,0,0,0,0,0,0,0,0
2,1,400478,0,0,0,0,0,0,0,0,0,0
1,1,400479,0,0,0,21,0,0,0,0,0,0
2,1,400479,0,0,0,0,0,0,6,0,0,0
1,1,400480,0,0,0,9,0,20,23,0,0,0
1,1,400481,0,0,0,0,0,0,0,0,0,0
1,1,400482,0,0,0,0,0,0,0,0,0,0
1,1,400483,0,0,0,0,0,0,0,0,0,0
2,1,400483,0,0,0,0,0,0,0,0,0,0
1,1,400484,0,0,0,0,0,0,0,0,0,0
1,1,400485,0,0,0,0,0,0,0,0,0,0
2,1,400485,0,0,0,0,0,0,0,0,0,0
1,1,400486,0,0,0,0,0,0,0,0,0,0
1,1,400487,0,0,0,0,15,0,0,0,28,0
2,1,400487,0,0,0,0,0,0,0,0,0,0
3,1,400487,0,0,0,0,0,0,0,0,0,0
1,1,400488,0,0,0,0,0,0,0,0,0,0
2,1,400488,15,15,15,15,15,15,15,15,15,15
1,1,400489,0,0,0,0,10,0,0,11,0,0
2,1,400489,0,0,0,0,0,0,19,0,0,0
1,1,400490,4,4,4,4,4,4,4,4,4,4
2,1,400490,0,0,0,0,0,0,0,39,0,0
1,1,400491,0,0,0,0,0,0,0,0,0,0
1,1,400492,14,14,14,14,14,14,14,14,14,14
1,1,400493,0,0,0,0,0,0,0,0,0,0
2,1,400493,0,0,0,0,0,0,0,0,24,0
0,1,400494,0,0,0,0,0,0,0,0,0,0
0,2,400494,8,0,0,0,0,18,13,0,0,0
1,1,400494,8,8,8,8,8,8,8,8,8,8
2,1,400494,0,0,18,0,0,0,0,0,0,0
1,1,400495,0,0,0,0,0,0,0,0,0,0
1,1,400496,11,5,12,14,8,23,9,23,18,22
1,1,400497,0,0,0,0,0,0,0,0,0,0
1,1,400498,0,0,26,0,0,0,0,0,4,0
1,1,400499,0,0,0,0,0,0,0,0,0,0
2,1,400499,0,0,0,0,0,0,0,0,0,0
1,1,400500,0,0,0,0,0,0,0,0,0,0
1,1,400501,0,0,0,0,0,0,0,0,0,0
1,1,400502,0,5,10,7,13,0,11,8,0,0
2,1,400502,0,0,0,0,0,0,0,0,0,0
3,1,400502,0,0,0,0,0,0,0,0,0,0
1,1,400503,0,0,0,0,0,0,0,0,0,0
2,1,400503,0,0,0,0,0,0,0,0,0,0
1,1,400504,0,0,0,0,0,0,0,0,0,0
0,1,400505,25,25,25,25,25,25,25,25,25,25
1,1,400505,25,25,25,25,25,25,25,25,25,25
1,1,400506,0,0,0,0,0,0,0,0,0,0
0,1,400507,0,0,0,0,0,0,0,0,0,0
1,1,400507,6,6,6,6,6,6,6,6,6,6
2,1,400507,0,0,0,0,0,0,8,0,0,0
1,1,400508,0,0,0,0,0,0,0,0,0,0
2,1,400508,0,0,0,0,0,0,0,0,0,0
1,1,400509,0,0,0,0,0,0,0,0,0,0
2,1,400509,0,0,0,0,0,0,0,0,0,0
1,1,400510,13,0,0,0,0,0,0,0,0,0
2,1,400510,0,0,0,0,0,0,0,0,0,0
1,1,400511,25,25,25,25,25,25,25,25,25,25
2,1,400511,7,0,0,0,0,0,0,0,0,0
1,1,400512,0,0,0,0,0,0,0,0,0,0
2,1,400512,0,0,0,0,0,0,0,0,0,0
1,1,400513,0,0,0,0,0,0,0,0,0,0
1,1,400514,0,0,0,0,0,0,0,0,0,0
2,1,400514,0,0,0,0,0,0,0,0,0,0
1,1,400515,0,0,0,0,0,0,0,0,0,0
2,1,400515,0,0,0,0,0,0,0,0,0,0
1,1,400516,0,0,0,0,0,0,0,0,0,0
1,1,400517,0,0,0,0,0,0,0,0,0,0
1,1,400518,0,0,0,0,0,0,0,0,0,0
1,1,400519,0,0,0,0,0,0,0,0,0,0
2,1,400519,0,0,0,0,0,0,0,0,0,0
1,1,400520,0,0,0,0,0,0,0,0,0,0
2,1,400520,0,0,11,0,0,0,0,0,0,0
1,1,400521,0,0,0,0,0,0,0,0,0,0
2,1,400521,0,0,0,0,0,0,0,0,0,0
1,1,400522,0,0,0,0,0,0,0,0,0,0
2,1,400522,0,17,0,0,10,0,0,0,0,0
1,1,400523,0,0,0,0,0,0,0,0,0,0
1,1,400524,21,21,21,21,21,21,21,21,21,21
1,1,400525,20,20,20,20,20,20,20,20,20,20
2,1,400525,0,0,0,0,0,0,0,0,0,0
1,1,400526,0,0,0,0,0,0,0,0,0,0
1,1,400527,0,0,0,0,0,0,0,0,0,0
1,1,400528,0,0,0,0,0,0,0,0,7,0
2,1,400528,0,0,0,0,0,0,0,0,0,0
1,1,400529,0,0,0,0,0,0,0,0,0,0
2,1,400529,0,0,0,0,0,0,0,0,0,0
1,1,400530,0,14,0,14,0,0,0,0,0,0
1,1,400531,27,27,27,27,27,27,27,27,27,27
1,1,400532,0,0,0,0,0,0,0,0,0,0
2,1,400532,0,0,0,0,0,0,0,0,0,0
1,1,400533,0,0,0,0,0,0,0,0,0,0
2,1,400533,0,0,0,0,0,0,0,0,0,0
1,1,400534,3,3,3,3,3,3,3,3,3,3
1,1,400535,0,0,0,0,0,0,0,0,0,0
1,1,400536,0,0,0,0,0,0,0,0,0,0
2,1,400536,0,0,0,0,0,0,0,0,0,0
1,1,400537,0,0,0,0,0,0,0,0,0,0
1,1,400538,30,30,30,30,30,30,30,30,30,30
1,1,400539,28,28,28,28,28,28,28,28,28,28
2,1,400539,0,0,0,0,0,0,0,0,0,0
1,1,400540,0,15,7,15,0,0,0,0,0,0
2,1,400540,0,0,0,9,0,0,0,25,0,0
1,1,400541,20,20,20,20,20,20,20,20,20,20
2,1,400541,0,0,0,0,0,0,0,0,0,0
0,1,400542,30,30,30,30,30,30,30,30,30,30
1,1,400542,0,18,15,20,18,14,15,11,7,16
1,1,400543,0,0,0,0,0,0,0,0,0,0
0,1,400544,8,8,8,8,8,8,8,8,8,8
1,1,400544,0,0,0,0,0,0,0,0,0,0
3,1,400544,0,0,0,0,0,0,0,0,0,0
1,1,400545,0,0,0,0,0,0,0,0,0,0
2,1,400545,0,0,0,0,0,0,0,0,0,0
3,1,400545,0,0,0,0,0,0,0,0,0,0
1,1,400546,0,0,0,0,0,0,0,0,0,0
2,1,400546,0,0,0,0,0,0,0,0,0,0
1,1,400547,17,14,15,11,7,9,15,8,31,16
2,1,400547,0,0,0,0,0,0,0,0,0,0
1,1,400548,0,0,0,0,0,0,0,0,0,0
0,1,400549,0,0,0,0,0,0,0,0,0,0
2,1,400549,0,0,0,0,0,0,0,0,0,0
1,1,400550,7,7,7,7,7,7,7,7,7,7
1,1,400552,0,0,0,0,0,0,0,0,0,0
2,1,400552,0,0,0,0,0,0,0,0,0,0
1,1,400553,10,10,10,10,10,10,10,10,10,10
1,1,400554,13,13,13,13,13,13,13,13,13,13
1,1,400555,0,0,0,0,0,0,0,0,0,0
1,1,400556,18,18,18,18,18,18,18,18,18,18
1,1,400557,25,25,25,25,25,25,25,25,25,25
1,1,400558,0,0,0,0,0,0,0,0,0,0
1,1,400559,0,0,0,0,0,0,0,0,0,0
1,1,400560,21,21,21,21,21,21,21,21,21,21
1,1,400561,0,0,0,0,0,0,0,0,0,0
2,1,400561,0,0,0,0,0,0,0,0,0,0
1,1,400562,0,0,0,0,0,0,0,0,0,0
0,1,400563,2,2,2,2,2,2,2,2,2,2
1,1,400563,0,0,0,0,0,0,0,0,0,0
1,1,400564,0,0,0,0,0,0,0,0,0,0
1,1,400565,0,0,0,0,0,0,0,0,0,0
1,1,400566,18,18,18,18,18,18,18,18,18,18
0,1,400567,0,0,0,0,0,0,0,0,0,0
0,2,400567,15,0,0,0,0,0,0,0,0,0
1,1,400567,0,0,0,0,0,0,0,0,0,0
1,1,400568,0,0,0,0,0,0,0,0,0,0
2,1,400568,0,0,0,0,0,0,0,0,0,0
3,1,400568,0,0,0,0,0,0,0,0,0,0
4,1,400568,0,0,0,0,0,0,0,0,0,0
1,1,400569,0,0,0,0,0,0,0,0,0,0
1,1,400570,33,33,33,33,33,33,33,33,33,33
1,1,400571,0,0,0,0,0,0,0,0,0,0
1,1,400572,21,21,21,21,21,21,21,21,21,21
1,1,400573,0,0,0,0,0,0,0,0,0,0
2,1,400573,0,0,0,0,0,0,0,0,0,0
1,1,400574,0,0,0,0,0,0,0,0,0,0
1,1,400575,0,0,0,32,0,0,0,0,0,0
2,1,400575,0,0,0,0,0,0,0,0,0,0
1,1,400576,9,9,9,9,9,9,9,9,9,9
1,1,400577,0,0,0,0,0,0,0,0,0,0
1,1,400578,0,0,0,0,0,0,0,0,0,0
1,1,400579,0,0,0,0,0,0,0,0,0,0
2,1,400579,0,0,0,0,0,0,0,0,0,6
1,1,400580,0,26,0,0,0,0,0,17,0,0
1,1,400581,0,0,0,0,0,0,0,0,0,0
2,1,400581,0,0,0,0,0,0,0,0,0,0
1,1,400582,0,0,0,0,0,0,0,0,0,0
2,1,400582,0,0,0,0,0,0,0,0,0,0
1,1,400583,0,0,0,0,0,0,0,0,0,0
2,1,400583,0,0,9,0,0,0,0,0,0,0
1,1,400584,0,0,0,0,0,0,0,0,0,0
1,1,400585,0,0,0,0,0,0,0,0,0,0
2,1,400585,0,0,0,0,0,0,0,0,0,0
1,1,400586,0,0,0,0,0,0,0,0,0,0
2,1,400586,0,0,0,0,0,0,0,0,0,0
0,1,400587,37,37,37,37,37,37,37,37,37,37
1,1,400587,28,0,0,0,0,0,0,0,0,14
1,1,400588,23,23,23,23,23,23,23,23,23,23
1,1,400589,28,28,28,28,28,28,28,28,28,28
1,1,400590,4,4,4,4,4,4,4,4,4,4
2,1,400590,0,0,0,0,0,0,0,0,0,0
1,1,400591,0,0,0,0,0,0,0,0,0,0
1,1,400592,0,0,0,0,0,0,0,0,0,0
2,1,400592,0,9,0,0,0,0,0,0,0,0
3,1,400592,0,0,0,0,0,0,0,0,0,0
1,1,400593,0,0,0,0,0,0,0,0,0,0
2,1,400593,0,0,0,0,0,0,0,0,0,0
3,1,400593,0,0,0,0,0,0,0,0,0,0
1,1,400594,0,0,0,0,0,0,0,0,0,0
1,1,400595,7,7,7,7,7,7,7,7,7,7
1,1,400596,16,16,16,16,16,16,16,16,16,16
1,1,400597,0,0,0,0,0,0,0,0,0,0