VEH_NO,PER_NO,ST_CASE,P1,P2,P3,P4,P5,P6,P7,P8,P9,P10
1,1,400598,18,13,10,28,0,21,18,10,15,12
2,1,400598,0,0,0,0,0,0,0,0,0,0
0,1,400599,38,38,38,38,38,38,38,38,38,38
1,1,400599,0,0,0,0,0,0,10,12,0,0
0,1,400600,0,0,0,0,0,0,0,0,0,0
1,1,400600,0,0,0,0,0,0,0,0,0,0
1,1,400601,5,5,5,5,5,5,5,5,5,5
2,1,400601,4,4,4,4,4,4,4,4,4,4
3,1,400601,0,0,0,0,0,0,0,19,0,0
1,1,400602,0,0,0,0,0,0,0,0,0,0
1,1,400603,0,0,0,0,0,0,0,0,0,0
0,1,400604,0,0,0,0,0,0,0,0,0,0
1,1,400604,0,0,0,0,0,0,0,0,0,0
1,1,400605,35,35,35,35,35,35,35,35,35,35
1,1,400606,0,0,0,0,0,0,0,0,0,0
2,1,400606,0,0,0,0,0,0,0,0,3,0
1,1,400607,27,27,27,27,27,27,27,27,27,27
2,1,400607,0,0,0,0,0,0,0,0,0,0
1,1,400608,0,0,0,0,0,0,0,0,0,0
2,1,400608,0,0,0,0,0,0,0,0,0,0
1,1,400609,10,4,0,0,0,0,0,0,0,0
2,1,400609,0,0,0,0,0,0,0,0,0,0
1,1,400610,0,0,0,0,0,0,0,0,0,0
2,1,400610,0,0,0,0,0,0,0,0,0,0
1,1,400611,14,14,14,14,14,14,14,14,14,14
1,1,400612,20,20,20,20,20,20,20,20,20,20
1,1,400613,21,21,21,21,21,21,21,21,21,21
1,1,400614,0,0,0,0,0,0,0,0,0,0
1,1,400615,0,0,0,0,0,0,0,0,0,0
2,1,400615,0,0,0,0,0,0,0,0,0,0
1,1,400616,12,12,12,12,12,12,12,12,12,12
1,1,400617,18,18,18,18,18,18,18,18,18,18
2,1,400617,6,0,0,0,0,0,0,0,8,0
1,1,400618,0,9,0,0,0,0,0,19,0,12
1,1,400619,21,21,21,21,21,21,21,21,21,21
0,1,400620,0,0,0,0,0,0,0,0,0,0
1,1,400620,0,0,0,0,0,0,0,0,0,0
1,1,400621,0,0,0,0,0,0,0,0,0,0
1,1,400622,0,0,0,0,0,0,0,0,0,0
1,1,400623,29,29,29,29,29,29,29,29,29,29
2,1,400623,0,0,0,0,0,0,0,0,0,0
1,1,400624,0,0,0,0,0,0,0,0,0,0
2,1,400624,0,0,0,0,0,0,0,0,0,0
1,1,400625,0,0,0,0,0,0,0,0,0,0
2,1,400625,0,0,0,0,0,0,0,0,0,0
1,1,400626,0,0,0,0,0,0,0,0,0,0
2,1,400626,0,0,0,0,0,0,0,0,0,0
1,1,400627,0,5,0,0,0,0,0,0,0,0
0,1,400628,0,0,0,0,0,0,0,0,0,0
1,1,400628,0,10,0,0,0,0,0,0,0,0
1,1,400629,0,0,0,0,0,0,0,0,0,0
2,1,400629,0,0,0,0,0,0,0,0,0,0
1,1,400630,0,0,0,0,0,0,0,0,0,0
2,1,400630,0,0,0,0,0,19,0,0,0,0
3,1,400630,0,0,0,0,0,0,0,0,0,0
1,1,400631,0,0,0,0,0,0,0,0,0,0
1,1,400632,0,0,0,0,0,0,0,0,0,0
2,1,400632,0,0,0,0,0,0,0,0,0,0
1,1,400633,0,0,0,0,0,0,0,0,0,0
2,1,400633,0,0,0,0,0,0,0,0,0,0
1,1,400634,0,0,0,0,0,0,0,0,0,0
1,1,400635,0,0,0,0,0,0,0,0,0,0
1,1,400636,9,9,9,9,9,9,9,9,9,9
1,1,400637,0,22,6,0,0,12,0,13,0,0
2,1,400637,0,0,0,0,0,0,0,0,0,0
1,1,400639,0,0,0,0,0,0,0,0,0,0
2,1,400639,0,0,0,0,0,0,0,0,0,0
1,1,400640,18,0,0,0,0,0,0,0,0,0
2,1,400640,0,0,0,0,0,0,0,0,0,0
1,1,400641,0,0,0,0,0,0,0,0,0,0
1,1,400642,0,0,0,0,0,0,0,0,0,0
2,1,400642,0,0,0,0,0,0,0,0,0,0
0,1,400643,0,0,0,0,0,0,0,0,0,0
1,1,400643,0,0,0,0,0,0,0,0,0,0
1,1,400644,0,0,0,0,0,0,0,0,0,0
2,1,400644,0,21,0,0,0,0,0,0,0,0
1,1,400645,0,0,0,0,0,0,0,0,0,0
3,1,400645,0,0,0,0,0,0,0,0,0,0
1,1,400646,0,0,0,0,0,0,0,0,0,0
2,1,400646,0,0,0,0,0,0,0,0,0,0
1,1,400647,0,0,0,0,0,0,0,0,0,0
1,1,400648,31,31,31,31,31,31,31,31,31,31
1,1,400649,0,0,0,0,0,0,0,0,0,0
1,1,400650,0,0,0,0,0,0,0,0,0,0
1,1,400651,14,14,14,14,14,14,14,14,14,14
2,1,400651,0,0,0,0,0,0,0,0,0,0
1,1,400652,0,0,0,0,0,0,0,0,0,0
2,1,400652,0,0,0,0,0,0,0,0,0,0
1,1,400653,0,0,0,0,0,0,0,0,0,0
2,1,400653,0,0,0,0,0,0,0,0,0,0
0,1,400654,0,0,0,0,0,0,0,0,0,0
1,1,400654,8,8,8,8,8,8,8,8,8,8
0,1,400655,3,3,3,3,3,3,3,3,3,3
1,1,400655,0,0,14,0,0,20,0,0,0,0
1,1,400656,27,27,27,27,27,27,27,27,27,27
2,1,400656,0,0,0,0,0,0,23,0,0,0
1,1,400657,15,15,15,15,15,15,15,15,15,15
1,1,400658,0,6,18,0,0,0,0,0,0,0
2,1,400658,0,0,0,0,0,0,0,0,0,0
1,1,400659,0,0,0,0,0,0,0,0,0,0
2,1,400659,0,0,0,0,0,0,0,0,0,0
1,1,400660,0,0,0,0,0,0,0,0,0,0
1,1,400661,0,0,0,0,0,0,0,0,0,0
1,1,400662,19,19,19,19,19,19,19,19,19,19
0,1,400663,0,0,0,0,0,0,0,0,0,0
1,1,400663,0,0,0,0,0,0,0,0,0,0
1,1,400664,17,17,17,17,17,17,17,17,17,17
1,1,400665,0,0,0,0,0,0,0,0,0,0
2,1,400665,0,0,0,0,0,0,0,0,0,0
1,1,400666,0,0,0,0,0,0,0,0,0,0
2,1,400666,0,0,0,0,0,0,0,0,0,0
1,1,400667,0,0,0,0,0,0,0,0,0,0
2,1,400667,5,5,5,5,5,5,5,5,5,5
1,1,400668,0,0,0,0,0,0,0,0,0,0
1,1,400670,0,0,0,0,0,0,0,0,0,0
2,1,400670,0,0,0,0,0,0,0,0,0,0
1,1,400671,0,0,0,0,0,0,0,0,0,0
0,1,400672,0,0,0,0,0,0,0,0,0,0
1,1,400672,0,0,0,0,4,0,0,0,0,0
1,1,400673,4,4,4,4,4,4,4,4,4,4
2,1,400673,0,0,0,0,0,0,0,0,0,0
1,1,400674,0,0,0,0,0,0,0,0,0,0
2,1,400674,0,0,0,0,0,0,0,0,0,0
3,1,400674,0,0,0,0,0,0,0,0,0,0
1,1,400675,0,0,0,0,12,0,0,0,0,0
2,1,400675,0,0,0,0,0,0,0,0,0,0
1,1,400676,0,0,0,0,0,0,0,0,0,0
2,1,400676,0,0,0,0,0,0,0,0,0,0
1,1,400677,0,0,0,0,0,10,0,0,0,0
0,1,400678,0,0,0,0,0,0,0,0,0,0
1,1,400678,0,0,0,0,0,0,0,0,0,0
1,1,410001,0,0,0,0,0,0,0,12,0,0
1,1,410002,18,18,18,18,18,18,18,18,18,18
0,1,410003,0,0,0,0,0,0,0,0,0,0
1,1,410003,27,0,22,0,0,2,0,0,0,0
2,1,410003,0,0,0,0,0,0,0,0,0,0
1,1,410004,0,0,0,0,0,0,0,0,0,0
1,1,410005,0,0,0,0,0,0,0,0,0,0
2,1,410005,0,0,0,0,0,0,0,0,0,0
1,1,410006,14,14,14,14,14,14,14,14,14,14
1,1,410007,0,0,0,0,0,0,0,0,0,0
2,1,410007,0,0,0,0,0,0,0,6,0,0
3,1,410007,0,0,0,0,0,0,0,0,0,0
1,1,410008,0,0,0,23,0,0,0,0,0,0
0,1,410009,0,0,0,0,0,0,0,0,0,0
1,1,410009,0,0,0,0,0,0,0,0,0,0
1,1,410010,0,0,0,0,0,0,0,0,0,0
2,1,410010,0,0,0,0,26,0,0,0,0,0
1,1,410011,0,0,0,0,0,0,0,0,0,0
2,1,410011,0,0,0,0,0,0,0,0,0,0
1,1,410012,0,0,16,22,0,0,0,0,0,0
1,1,410013,8,8,8,8,8,8,8,8,8,8
1,1,410014,19,19,19,19,19,19,19,19,19,19
1,1,410015,20,20,20,20,20,20,20,20,20,20
1,1,410016,0,0,0,0,0,0,0,0,0,0
1,1,410017,16,16,16,16,16,16,16,16,16,16
1,1,410018,0,0,0,0,0,0,0,0,0,0
1,1,410019,0,0,0,0,0,0,0,0,0,0
1,1,410020,0,0,0,0,0,0,0,0,0,0
2,1,410020,0,0,0,0,0,0,0,0,0,0
1,1,410021,0,0,0,0,0,0,0,0,0,0
2,1,410021,0,0,0,0,0,0,0,0,0,0
1,1,410022,7,0,0,0,13,32,0,12,0,15
1,1,410023,0,0,0,12,0,0,6,0,0,0
1,1,410024,0,0,0,0,0,0,0,0,0,0
2,1,410024,0,0,0,0,0,0,0,0,0,0
1,1,410025,16,16,16,16,16,16,16,16,16,16
1,1,410026,21,21,21,21,21,21,21,21,21,21
1,1,410027,0,0,0,0,0,0,0,0,0,0
2,1,410027,2,2,2,2,2,2,2,2,2,2
0,1,410028,0,0,0,0,0,0,0,0,0,0
1,1,410028,0,0,4,0,0,0,0,0,11,0
1,1,410029,26,26,26,26,26,26,26,26,26,26
0,1,410030,0,0,0,0,12,0,0,0,0,6
0,2,410030,0,0,0,7,24,0,0,0,0,0
1,1,410030,0,0,0,0,0,0,0,0,0,0
1,1,410031,0,0,0,0,0,0,0,0,0,0
1,1,410032,0,0,0,0,0,0,0,0,0,0
2,1,410032,0,0,0,0,0,0,0,0,0,0
1,1,410033,0,0,0,0,0,0,0,0,0,0
2,1,410033,0,0,0,0,0,0,0,0,0,0
3,1,410033,16,0,0,0,0,0,0,14,0,0
1,1,410034,18,18,18,18,18,18,18,18,18,18
0,1,410035,0,0,0,0,0,0,0,0,0,0
1,1,410035,0,0,0,0,0,0,0,0,0,0
0,1,410036,27,27,27,27,27,27,27,27,27,27
1,1,410036,0,0,0,0,0,0,0,0,0,0
1,1,410037,0,0,0,0,0,0,0,0,0,0
3,1,410037,0,0,0,0,0,0,0,0,0,0
1,1,410038,0,0,0,0,0,0,0,0,0,0
2,1,410038,0,0,0,0,0,0,15,0,0,12
0,1,410039,0,0,0,0,0,0,0,0,0,0
1,1,410039,0,0,0,0,0,0,0,0,0,0
1,1,410042,0,0,0,0,0,0,0,0,0,0
2,1,410042,0,0,0,0,0,0,0,0,0,0
1,1,410043,11,11,11,11,11,11,11,11,11,11
2,1,410043,11,0,20,0,10,3,0,0,26,0
1,1,410044,0,0,0,0,0,0,0,0,0,0
2,1,410044,0,0,0,0,0,0,0,0,0,0
1,1,410045,1,1,1,1,1,1,1,1,1,1
1,1,410047,0,0,0,0,0,0,0,0,0,0
1,1,410048,1,1,1,1,1,1,1,1,1,1
1,1,410049,0,0,0,0,0,0,0,0,0,0
2,1,410049,0,0,0,0,0,0,0,0,0,11
1,1,410050,0,0,0,0,0,0,0,0,0,0
0,1,410051,8,0,0,0,0,0,0,16,0,0
1,1,410051,0,0,0,0,0,0,0,0,0,0
1,1,410052,0,0,0,0,0,0,0,0,0,0
2,1,410052,0,0,0,0,0,0,0,0,0,0
0,1,410053,28,28,28,28,28,28,28,28,28,28
1,1,410053,0,0,0,0,0,0,0,0,0,0
1,1,410054,24,24,24,24,24,24,24,24,24,24
2,1,410054,0,0,0,0,0,0,0,0,0,0
1,1,410055,0,0,0,0,0,0,0,0,0,0
2,1,410055,0,0,0,0,0,0,0,0,0,0
1,1,410056,0,0,0,0,0,0,0,0,0,0
0,1,410057,0,0,0,0,0,0,0,0,0,0
1,1,410057,0,0,0,0,0,0,0,0,0,0
0,1,410058,0,0,0,0,0,0,0,0,0,0
1,1,410058,0,0,0,0,0,0,0,0,0,0
1,1,410059,0,0,0,0,0,0,0,0,0,0
2,1,410059,0,0,0,0,0,0,0,0,0,0
1,1,410060,15,15,15,15,15,15,15,15,15,15
2,1,410060,4,4,4,4,4,4,4,4,4,4
1,1,410061,0,0,0,0,0,0,0,0,0,0
1,1,410062,0,0,0,0,0,0,0,0,0,0
1,1,410063,18,18,18,18,18,18,18,18,18,18
1,1,410064,18,0,0,10,0,21,0,0,0,0
2,1,410064,0,0,0,0,0,0,0,0,0,0
0,1,410065,0,0,0,0,0,0,16,0,0,0
1,1,410065,9,9,9,9,9,9,9,9,9,9
2,1,410065,0,0,0,0,0,0,0,0,0,0
1,1,410066,10,12,13,0,12,10,0,0,0,0
2,1,410066,0,0,0,0,0,0,0,0,0,0
1,1,410067,16,16,16,16,16,16,16,16,16,16
1,1,410068,10,10,10,10,10,10,10,10,10,10
1,1,410069,0,0,0,0,0,0,0,0,0,0
1,1,410070,19,19,19,19,19,19,19,19,19,19
2,1,410070,0,0,0,0,0,0,0,0,0,0
1,1,410071,20,20,20,20,20,20,20,20,20,20
0,1,410072,0,0,0,0,0,0,0,0,0,0
1,1,410072,0,20,0,0,0,0,0,0,0,0
1,1,410073,7,7,7,7,7,7,7,7,7,7
2,1,410073,0,0,0,0,11,0,27,0,0,0
1,1,410074,0,0,0,0,0,0,0,0,0,0
1,1,410075,0,0,0,0,0,0,0,0,0,0
1,1,410076,15,15,15,15,15,15,15,15,15,15
1,1,410077,0,0,0,0,0,0,0,0,0,0
2,1,410077,0,0,0,0,25,0,0,23,0,12
1,1,410078,17,17,17,17,17,17,17,17,17,17
2,1,410078,0,0,0,0,0,0,0,0,0,0
1,1,410079,17,17,17,17,17,17,17,17,17,17
0,1,410080,10,10,10,10,10,10,10,10,10,10
1,1,410080,25,0,0,0,24,0,7,0,14,0
1,1,410081,0,0,0,0,0,0,0,0,0,0
1,1,410082,16,16,16,16,16,16,16,16,16,16
2,1,410082,0,0,0,0,0,0,0,0,0,0
3,1,410082,0,0,0,0,0,0,0,0,0,0
1,1,410083,0,0,0,0,0,0,0,0,0,0
1,1,410084,4,4,4,4,4,4,4,4,4,4
1,1,410085,1,1,1,1,1,1,1,1,1,1
1,1,410086,21,21,21,21,21,21,21,21,21,21
1,1,410087,0,0,0,0,0,0,0,0,0,0
2,1,410087,0,0,0,0,0,0,0,0,0,0
1,1,410088,0,0,0,0,0,0,0,0,0,0
2,1,410088,0,0,0,0,0,0,0,0,0,0
1,1,410089,0,0,0,0,0,0,0,0,0,0
2,1,410089,7,0,0,23,0,0,0,0,0,0
1,1,410090,19,19,19,19,19,19,19,19,19,19
2,1,410090,0,0,0,13,0,0,0,0,0,0
1,1,410091,0,0,0,0,0,0,0,0,0,0
2,1,410091,0,0,0,0,0,0,0,0,0,0
0,1,410092,12,12,12,12,12,12,12,12,12,12
1,1,410092,0,0,12,13,0,16,0,22,0,0
0,1,410093,0,0,0,0,0,0,0,0,0,0
1,1,410093,0,0,0,0,0,0,0,0,0,0
1,1,410094,0,0,0,0,0,0,0,0,0,0
1,1,410095,0,0,0,0,0,0,0,0,0,0
2,1,410095,0,0,0,0,0,0,0,0,0,0
1,1,410096,0,7,0,0,0,0,0,12,0,0
1,1,410097,5,12,17,10,7,5,7,32,21,19
1,1,410098,16,16,16,16,16,16,16,16,16,16
1,1,410099,13,13,13,13,13,13,13,13,13,13
1,1,410100,0,0,0,0,0,0,0,0,0,0
1,1,410101,2,2,2,2,2,2,2,2,2,2
2,1,410101,0,0,0,0,0,0,0,0,0,0
1,1,410102,0,0,0,0,0,0,0,0,0,0
2,1,410102,0,0,0,0,0,0,0,0,0,0
3,1,410102,0,0,0,0,0,0,0,0,0,0
1,1,410103,0,0,0,0,0,0,0,0,0,0
1,1,410104,0,0,0,0,0,0,0,0,0,0
1,1,410105,0,0,0,0,0,0,0,0,0,0
2,1,410105,0,0,0,0,0,0,0,0,0,0
0,1,410106,19,19,19,19,19,19,19,19,19,19
1,1,410106,0,0,0,0,0,0,0,0,0,0
2,1,410106,0,0,0,0,0,0,0,0,0,0
1,1,410107,0,0,0,0,0,0,0,0,0,0
2,1,410107,0,0,0,0,0,0,0,0,0,0
1,1,410109,25,25,25,25,25,25,25,25,25,25
2,1,410109,0,0,0,0,0,0,0,0,0,0
3,1,410109,0,0,0,0,0,0,0,0,0,0
1,1,410110,0,0,0,0,0,0,0,0,0,0
1,1,410111,0,0,0,0,0,0,0,0,0,0
2,1,410111,16,6,0,0,0,0,2,0,0,0
3,1,410111,0,0,0,0,0,0,0,0,0,0
4,1,410111,0,0,0,0,0,0,0,0,0,0
5,1,410111,0,0,0,0,0,0,0,0,0,31
6,1,410111,0,0,0,0,0,0,0,0,0,9
1,1,410112,0,0,0,0,0,0,0,0,0,0
2,1,410112,0,0,0,0,0,0,0,0,0,0
1,1,410113,0,0,0,0,0,0,9,0,0,0
2,1,410113,0,0,0,0,0,0,0,0,0,0
1,1,410114,0,0,0,0,0,0,0,0,0,0
1,1,410115,0,0,0,0,0,0,0,0,0,0
2,1,410115,0,0,0,0,0,0,0,0,0,0
1,1,410116,0,0,7,0,0,0,0,0,0,0
2,1,410116,0,0,0,0,0,0,0,0,0,0
1,1,410117,10,10,10,10,10,10,10,10,10,10
2,1,410117,0,0,0,0,0,0,0,0,0,0
1,1,410118,0,0,20,14,28,13,0,17,13,17
1,1,410119,0,0,0,0,0,0,0,0,0,0
1,1,410120,0,0,0,0,0,0,0,0,0,0
2,1,410120,0,0,0,0,0,0,0,0,0,0
3,1,410120,0,0,0,0,0,0,0,0,0,0
1,1,410121,0,0,0,0,0,0,0,0,0,0
1,1,410122,0,0,0,0,0,0,0,0,0,0
2,1,410122,0,0,0,0,0,0,28,0,0,18
3,1,410122,13,0,0,0,6,0,0,0,0,0
1,1,410123,0,0,0,0,0,0,0,0,0,0
2,1,410123,0,0,0,0,0,0,0,0,0,0
1,1,410124,15,15,15,15,15,15,15,15,15,15
1,1,410125,0,0,0,0,0,0,0,0,0,0
2,1,410125,32,20,0,0,0,5,0,0,15,0
1,1,410126,0,0,0,0,0,0,0,0,0,0
1,1,410128,26,26,26,26,26,26,26,26,26,26
1,1,410129,21,21,21,21,21,21,21,21,21,21
0,1,410130,0,0,0,0,0,0,0,0,0,0
0,2,410130,0,0,0,0,0,0,0,0,0,0
1,1,410130,0,0,0,0,0,0,0,0,0,0
0,1,410131,0,0,0,0,0,0,0,0,0,0
1,1,410131,0,0,0,0,0,0,0,0,0,0
0,1,410132,0,0,0,0,0,0,0,0,0,0
1,1,410132,0,0,0,0,0,0,0,0,0,0
1,1,410133,0,0,0,0,0,0,0,0,0,0
2,1,410133,0,0,0,0,0,0,0,0,0,0
1,1,410134,0,0,0,0,0,0,0,0,0,0
2,1,410134,0,0,0,0,0,0,0,0,0,0
0,1,410135,0,0,0,0,0,0,0,0,0,0
1,1,410135,0,0,0,0,0,0,0,0,0,0
1,1,410136,0,0,0,0,0,0,0,0,0,0
2,1,410136,0,0,0,0,0,0,0,0,0,0
3,1,410136,0,0,0,0,0,0,0,0,0,0
1,1,410137,0,0,0,0,0,0,0,0,0,0
2,1,410137,0,0,0,0,0,0,0,0,0,0
0,1,410138,8,8,8,8,8,8,8,8,8,8
1,1,410138,0,0,0,0,0,0,0,0,0,0
1,1,410139,0,0,0,0,0,0,0,0,0,0
1,1,410140,0,0,0,0,0,0,0,0,0,0
1,1,410141,4,4,4,4,4,4,4,4,4,4
1,1,410142,0,0,0,0,0,0,0,0,0,0
1,1,410143,0,0,0,0,0,0,0,0,0,0
2,1,410143,0,0,0,0,0,0,0,0,0,0
1,1,410144,0,0,0,0,0,0,0,0,0,0
1,1,410145,24,24,24,24,24,24,24,24,24,24
1,1,410146,0,0,0,0,0,0,0,0,0,0
2,1,410146,0,0,0,0,0,0,0,0,0,0
1,1,410147,0,0,0,0,0,0,0,0,0,0
2,1,410147,0,0,0,0,0,0,0,0,0,0
1,1,410148,0,0,23,0,11,20,0,24,0,0
1,1,410149,0,0,0,0,0,0,0,0,0,0
2,1,410149,0,0,0,0,0,0,0,0,0,0
1,1,410150,25,25,25,25,25,25,25,25,25,25
1,1,410151,9,0,0,0,0,0,0,0,0,9
2,1,410151,0,0,20,0,0,0,0,0,0,0
1,1,410152,0,0,0,0,0,0,0,0,0,0
2,1,410152,0,0,0,0,0,0,0,0,0,0
3,1,410152,0,0,0,0,0,0,0,0,0,0
4,1,410152,0,0,0,0,0,0,0,0,0,0
1,1,410153,15,15,15,15,15,15,15,15,15,15
2,1,410153,0,0,0,0,0,0,0,0,0,0
3,1,410153,5,0,0,0,0,0,0,0,0,0
1,1,410154,0,0,0,0,0,0,0,0,0,0
1,1,410155,0,0,0,0,0,0,0,0,0,0
2,1,410155,0,0,0,0,0,0,0,0,0,0
1,1,410156,17,17,17,17,17,17,17,17,17,17
1,1,410157,31,31,31,31,31,31,31,31,31,31
1,1,410158,28,28,28,28,28,28,28,28,28,28
2,1,410158,0,0,0,0,0,0,0,0,0,0
0,1,410159,7,7,7,7,7,7,7,7,7,7
1,1,410159,0,0,0,0,0,0,0,0,0,0
1,1,410160,0,0,0,0,0,0,0,0,0,0
2,1,410160,0,0,0,0,0,0,0,0,0,0
1,1,410161,0,0,0,0,0,0,0,0,0,0
1,1,410162,13,0,0,0,0,0,0,0,0,0
2,1,410162,0,0,0,0,0,0,0,0,0,0
0,1,410163,26,26,26,26,26,26,26,26,26,26
1,1,410163,0,0,7,0,0,0,0,0,0,4
1,1,410164,21,21,21,21,21,21,21,21,21,21
1,1,410165,0,0,0,0,9,0,0,0,0,0
1,1,410166,0,0,0,0,0,0,0,0,0,0
2,1,410166,0,0,0,0,0,0,0,0,0,0
1,1,410167,0,0,0,0,0,0,0,0,0,0
2,1,410167,0,0,0,0,0,0,0,0,0,0
0,1,410168,4,4,4,4,4,4,4,4,4,4
1,1,410168,0,7,0,0,4,0,13,11,0,18
1,1,410169,21,21,21,21,21,21,21,21,21,21
1,1,410170,12,12,12,12,12,12,12,12,12,12
1,1,410171,8,8,8,8,8,8,8,8,8,8
1,1,410172,0,0,0,0,0,0,0,0,0,0
2,1,410172,0,0,0,8,0,0,0,0,0,0
1,1,410173,0,0,0,0,0,0,0,0,0,0
0,1,410174,24,24,24,24,24,24,24,24,24,24
1,1,410174,1,1,1,1,1,1,1,1,1,1
1,1,410175,0,0,0,0,0,0,0,0,0,0
1,1,410176,22,22,22,22,22,22,22,22,22,22
2,1,410176,0,0,0,0,0,0,0,0,0,0
1,1,410177,0,0,0,0,0,0,0,0,0,0
1,1,410178,0,0,0,0,0,0,0,0,0,0
2,1,410178,12,12,12,12,12,12,12,12,12,12
1,1,410179,0,0,0,0,0,0,0,0,0,0
2,1,410179,0,0,0,0,9,0,10,4,0,0
1,1,410180,0,0,0,0,0,0,0,0,0,0
1,1,410181,0,0,0,0,0,0,0,0,0,0
1,1,410182,0,0,0,0,0,0,0,0,0,0
2,1,410182,0,0,0,0,0,0,0,0,0,0
1,1,410183,0,0,0,0,0,0,0,0,0,0
1,1,410184,30,30,30,30,30,30,30,30,30,30
1,1,410185,27,27,27,27,27,27,27,27,27,27
1,1,410186,0,0,0,0,0,0,0,0,0,0
2,1,410186,0,0,9,0,0,0,0,0,8,14
1,1,410187,20,20,20,20,20,20,20,20,20,20
1,1,410188,0,0,0,0,0,0,0,0,0,0
1,1,410189,17,17,17,17,17,17,17,17,17,17
1,1,410190,20,20,20,20,20,20,20,20,20,20
0,1,410191,36,36,36,36,36,36,36,36,36,36
1,1,410191,0,0,0,0,0,0,0,0,0,0
1,1,410192,16,16,16,16,16,16,16,16,16,16
1,1,410193,18,18,18,18,18,18,18,18,18,18
2,1,410193,0,0,0,0,12,0,0,0,0,16
3,1,410193,10,19,0,0,0,0,0,0,0,8
1,1,410194,13,13,13,13,13,13,13,13,13,13
1,1,410195,15,15,15,15,15,15,15,15,15,15
1,1,410196,0,0,0,0,0,0,0,0,0,0
1,1,410197,21,21,21,21,21,21,21,21,21,21
1,1,410198,0,0,0,0,0,0,0,0,0,0
2,1,410198,0,0,0,0,0,0,0,0,0,0
1,1,410199,20,0,21,15,20,26,9,0,35,13
1,1,410200,20,20,20,20,20,20,20,20,20,20
2,1,410200,0,0,0,0,0,0,0,0,0,0
0,1,410201,1,1,1,1,1,1,1,1,1,1
1,1,410201,0,0,0,0,0,0,0,0,0,0
1,1,410202,0,0,0,0,0,0,0,0,0,0
1,1,410203,0,0,0,0,0,0,0,0,0,0
1,1,410204,0,0,0,0,0,0,0,0,0,0
1,1,410205,0,0,0,0,0,0,0,0,0,0
1,1,410206,2,2,2,2,2,2,2,2,2,2
2,1,410206,19,3,4,0,9,0,8,21,18,8
1,1,410207,23,23,23,23,23,23,23,23,23,23
2,1,410207,0,0,0,0,0,0,0,0,0,0
1,1,410208,11,11,11,11,11,11,11,11,11,11
1,1,410209,0,0,0,0,0,0,0,0,0,0
1,1,410210,35,35,35,35,35,35,35,35,35,35
0,1,410211,30,30,30,30,30,30,30,30,30,30
1,1,410211,0,0,0,0,0,0,0,0,0,0
1,1,410212,6,6,6,6,6,6,6,6,6,6
1,1,410213,0,0,0,0,0,0,0,0,0,0
2,1,410213,0,0,0,0,14,0,0,0,0,0
1,1,410214,19,19,19,19,19,19,19,19,19,19
1,1,410215,23,23,23,23,23,23,23,23,23,23
1,1,410216,0,0,0,0,0,0,0,0,0,0
1,1,410217,34,34,34,34,34,34,34,34,34,34
1,1,410218,0,0,14,0,0,0,18,0,0,0
1,1,410219,0,0,0,0,0,0,0,0,0,0
2,1,410219,0,0,0,0,0,0,0,0,0,0
3,1,410219,0,0,0,0,0,0,0,0,0,0
1,1,410220,0,0,0,0,0,0,0,0,0,0
2,1,410220,0,0,0,0,0,0,0,0,0,0
0,1,410221,0,0,0,0,0,0,0,0,0,0
1,1,410221,0,0,20,0,7,0,14,0,0,0
1,1,410222,0,0,0,0,0,0,0,0,0,0
1,1,410223,0,0,0,0,0,0,0,0,0,0
2,1,410223,0,0,0,0,0,0,0,0,0,0
1,1,410224,19,19,19,19,19,19,19,19,19,19
1,1,410225,20,20,20,20,20,20,20,20,20,20
1,1,410226,22,22,22,22,22,22,22,22,22,22
1,1,410227,7,7,7,7,7,7,7,7,7,7
1,1,410228,14,14,14,14,14,14,14,14,14,14
2,1,410228,0,0,0,0,0,0,0,0,0,0
1,1,410229,0,0,0,0,0,0,0,0,0,0
1,1,410230,0,0,0,18,0,0,13,23,20,0
1,1,410231,0,0,0,0,0,0,0,0,0,0
1,1,410232,0,20,0,0,0,0,20,0,0,0
1,1,410233,0,0,0,0,0,0,0,0,0,0
1,1,410234,0,0,0,0,0,0,0,0,0,0
1,1,410235,6,6,6,6,6,6,6,6,6,6
1,1,410236,17,17,17,17,17,17,17,17,17,17
1,1,410237,31,31,31,31,31,31,31,31,31,31
1,1,410238,17,17,17,17,17,17,17,17,17,17
2,1,410238,0,0,0,0,0,0,0,0,0,0
1,1,410239,0,0,0,8,0,0,0,8,0,0
0,1,410240,0,0,0,0,0,0,0,0,0,0
1,1,410240,10,10,10,10,10,10,10,10,10,10
1,1,410241,36,36,36,36,36,36,36,36,36,36
1,1,410242,0,0,0,0,0,0,0,0,0,0
1,1,410243,10,10,10,10,10,10,10,10,10,10
1,1,410244,8,8,8,8,8,8,8,8,8,8
2,1,410244,0,0,0,0,0,0,0,0,0,0
1,1,410245,0,0,0,0,0,0,0,0,0,0
2,1,410245,0,0,0,0,0,0,0,0,0,0
3,1,410245,0,0,0,0,0,0,0,0,0,0