VEH_NO,PER_NO,ST_CASE,P1,P2,P3,P4,P5,P6,P7,P8,P9,P10
1,1,410246,14,14,14,14,14,14,14,14,14,14
1,1,410247,0,0,0,0,0,0,0,0,0,0
1,1,410248,0,0,0,0,0,0,0,0,0,0
1,1,410249,0,0,0,0,0,0,0,0,0,0
2,1,410249,0,0,8,0,0,0,0,0,0,0
1,1,410250,23,23,23,23,23,23,23,23,23,23
1,1,410251,0,0,0,0,0,0,0,0,0,0
0,1,410252,0,0,0,0,0,0,0,0,0,0
1,1,410252,7,7,7,7,7,7,7,7,7,7
1,1,410253,0,0,0,0,0,0,0,0,0,0
2,1,410253,0,0,0,0,0,0,0,0,0,0
1,1,410254,0,0,0,0,0,0,0,0,0,0
2,1,410254,0,0,0,0,0,0,0,0,0,0
3,1,410254,0,0,0,0,0,0,0,0,0,0
4,1,410254,0,0,0,0,0,0,0,0,0,0
1,1,410255,23,23,23,23,23,23,23,23,23,23
2,1,410255,14,22,0,10,0,0,0,0,25,8
1,1,410256,0,0,0,0,0,0,0,0,0,0
2,1,410256,0,0,0,0,0,0,0,0,0,0
0,1,410257,0,0,0,0,0,0,0,8,0,0
1,1,410257,0,0,0,0,0,0,0,0,0,0
1,1,410258,34,34,34,34,34,34,34,34,34,34
1,1,410259,0,0,0,0,0,0,0,0,0,0
1,1,410260,1,1,1,1,1,1,1,1,1,1
2,1,410260,0,0,0,0,0,0,0,0,0,0
0,1,410261,0,0,0,0,0,0,0,0,0,0
1,1,410261,3,3,3,3,3,3,3,3,3,3
1,1,410262,11,11,11,11,11,11,11,11,11,11
0,1,410263,0,0,0,0,0,0,0,0,0,0
1,1,410263,0,0,0,0,0,0,0,0,0,0
1,1,410264,10,10,10,10,10,10,10,10,10,10
1,1,410265,4,4,4,4,4,4,4,4,4,4
0,1,410266,0,0,0,0,0,0,0,0,0,0
1,1,410266,0,0,0,0,0,0,0,0,0,0
1,1,410267,18,18,18,18,18,18,18,18,18,18
0,1,410268,0,0,0,0,0,0,0,0,0,0
1,1,410268,0,0,0,0,0,0,0,0,0,0
1,1,410269,0,0,0,0,0,0,0,0,0,0
2,1,410269,0,0,0,0,0,0,0,0,0,0
1,1,410270,16,16,16,16,16,16,16,16,16,16
2,1,410270,0,0,0,0,0,0,0,0,0,0
1,1,410271,0,0,0,0,0,0,0,0,0,0
2,1,410271,0,0,0,0,0,0,0,0,0,0
1,1,410272,32,32,32,32,32,32,32,32,32,32
1,1,410273,0,0,0,0,0,0,0,0,0,0
2,1,410273,0,0,0,0,0,0,0,0,0,0
1,1,410274,0,0,0,0,0,0,0,0,0,0
1,1,410275,0,0,6,11,0,0,0,0,0,0
2,1,410275,0,0,0,0,0,0,0,0,0,0
1,1,410276,0,0,0,0,0,0,0,0,0,0
0,1,410277,23,23,23,23,23,23,23,23,23,23
1,1,410277,0,0,0,0,0,0,0,0,0,0
2,1,410277,0,0,0,10,0,0,0,0,0,0
0,1,410278,0,0,0,0,0,0,0,0,0,0
1,1,410278,0,0,0,0,0,0,0,0,0,0
1,1,410279,0,3,0,0,0,0,0,0,25,0
2,1,410279,0,0,0,0,0,0,0,0,0,0
1,1,410280,0,0,0,0,0,0,0,0,0,0
2,1,410280,0,0,0,0,0,0,0,0,0,0
1,1,410281,0,0,0,0,0,0,0,0,0,0
2,1,410281,0,0,0,0,0,0,0,0,0,0
1,1,410282,0,0,0,0,0,0,0,0,0,0
1,1,410283,0,0,0,0,0,0,0,0,0,0
0,1,410284,0,0,0,0,0,0,0,0,0,0
1,1,410284,10,10,10,10,10,10,10,10,10,10
0,1,410285,0,0,0,0,0,0,0,0,0,0
1,1,410285,0,0,0,0,0,0,0,0,0,0
1,1,410286,0,0,0,0,0,0,0,0,0,0
2,1,410286,0,0,0,0,0,0,0,0,0,0
1,1,410287,0,15,20,8,13,8,27,38,16,12
1,1,410288,0,14,0,0,28,0,0,7,0,16
2,1,410288,17,17,17,17,17,17,17,17,17,17
0,1,410289,0,0,0,0,0,0,0,0,0,0
1,1,410289,0,0,0,0,0,0,0,0,0,0
1,1,410290,15,15,15,15,15,15,15,15,15,15
1,1,410291,0,0,0,0,0,0,0,0,0,0
1,1,410292,0,0,0,0,0,0,0,0,0,0
2,1,410292,0,0,0,0,0,0,0,0,0,0
1,1,410293,22,22,22,22,22,22,22,22,22,22
1,1,410294,0,0,0,0,0,0,0,0,0,0
1,1,410295,0,0,0,0,0,0,0,0,0,0
1,1,410296,0,0,0,0,0,0,0,0,0,0
1,1,410297,0,0,0,0,0,0,0,0,0,0
1,1,410298,0,0,0,0,0,0,0,0,0,0
2,1,410298,0,0,0,0,0,0,12,0,0,0
3,1,410298,0,0,0,0,0,0,0,0,0,0
1,1,410299,25,25,25,25,25,25,25,25,25,25
1,1,410300,0,0,0,0,0,0,0,0,0,23
1,1,410301,8,8,8,8,8,8,8,8,8,8
1,1,410302,23,23,23,23,23,23,23,23,23,23
1,1,410303,15,15,15,15,15,15,15,15,15,15
2,1,410303,0,0,0,0,0,0,0,0,0,0
1,1,410304,0,0,0,0,0,0,11,23,0,0
1,1,410306,0,0,0,0,0,0,0,0,0,0
2,1,410306,0,0,0,0,0,0,0,0,0,0
1,1,410307,17,17,17,17,17,17,17,17,17,17
1,1,410308,0,0,0,0,0,0,0,0,0,0
1,1,410309,0,0,0,0,0,0,0,0,0,0
2,1,410309,0,0,0,0,0,0,0,0,0,0
1,1,410310,0,0,0,0,0,0,0,0,0,0
0,1,410311,4,4,4,4,4,4,4,4,4,4
1,1,410311,0,23,0,0,0,0,0,0,0,0
1,1,410312,0,0,0,0,0,0,0,0,0,0
2,1,410312,0,0,0,0,0,0,0,0,0,0
1,1,410313,0,0,0,0,0,0,0,0,6,0
2,1,410313,0,0,8,0,0,0,0,0,0,0
0,1,410314,0,0,0,0,0,0,0,0,0,0
1,1,410314,0,0,0,0,0,0,0,0,0,0
1,1,410315,0,0,0,0,0,0,0,0,0,0
1,1,410316,0,0,0,0,0,0,0,0,0,0
2,1,410316,0,0,0,0,0,0,0,0,0,0
1,1,410317,0,0,0,0,0,0,0,0,0,0
2,1,410317,0,0,0,0,0,0,0,0,0,0
3,1,410317,0,0,0,0,0,0,0,0,6,0
1,1,410318,0,0,0,0,0,0,0,2,0,0
2,1,410318,0,0,0,0,0,0,0,0,0,0
1,1,410319,0,0,0,0,0,0,0,0,0,0
2,1,410319,0,0,0,0,0,0,0,0,0,0
1,1,410320,0,0,0,0,0,0,0,0,0,0
2,1,410320,0,0,0,0,0,0,0,0,0,0
1,1,410321,22,22,22,22,22,22,22,22,22,22
1,1,410322,0,0,0,0,0,0,0,0,0,0
2,1,410322,0,0,0,0,0,0,0,0,0,0
1,1,410323,0,0,0,0,0,0,0,0,0,0
2,1,410323,0,0,0,0,0,0,0,0,0,0
1,1,410324,0,0,0,0,0,0,0,0,0,0
1,1,410325,0,0,0,0,0,0,0,0,0,0
0,1,410326,10,0,0,0,0,0,10,6,19,0
1,1,410326,0,0,0,0,0,0,0,0,0,0
1,1,410327,0,0,0,0,0,0,0,0,0,0
0,1,410328,0,0,0,0,0,0,0,0,0,0
1,1,410328,0,0,0,0,10,0,0,0,0,0
1,1,410329,0,0,0,0,0,0,0,0,0,0
1,1,410330,0,0,0,0,0,0,0,0,0,0
1,1,410331,0,0,0,0,0,0,0,0,0,0
1,1,410332,9,9,9,9,9,9,9,9,9,9
1,1,410333,18,18,18,18,18,18,18,18,18,18
1,1,410334,0,0,0,0,0,0,0,0,0,0
2,1,410334,0,0,0,0,0,0,0,0,0,0
1,1,410335,24,24,24,24,24,24,24,24,24,24
0,1,410336,0,0,0,0,0,0,0,0,13,0
1,1,410336,0,0,0,0,0,0,0,0,0,0
1,1,410337,0,0,0,0,0,0,0,0,0,0
2,1,410337,0,0,0,0,0,0,0,0,0,0
3,1,410337,0,0,0,0,0,0,0,0,0,0
1,1,410338,0,0,0,0,0,0,0,0,0,0
2,1,410338,0,0,0,0,0,0,0,0,0,0
1,1,410339,0,0,0,0,0,0,0,0,0,0
1,1,410340,0,0,0,0,0,0,0,0,0,0
1,1,410341,0,0,0,0,17,0,6,0,0,7
1,1,410342,0,0,0,0,0,0,0,0,0,0
2,1,410342,0,0,0,0,0,0,0,0,0,0
1,1,410343,0,0,0,0,0,0,0,0,0,0
2,1,410343,0,0,0,0,0,0,0,0,0,0
1,1,410344,0,0,0,0,0,0,0,0,0,0
2,1,410344,0,0,0,0,0,0,0,0,0,0
1,1,410345,0,0,0,0,0,0,0,0,0,0
2,1,410345,0,0,0,0,0,0,0,0,0,0
3,1,410345,0,0,0,0,0,0,0,0,0,0
1,1,410346,0,0,0,0,0,0,0,0,0,0
1,1,410347,0,0,0,0,0,0,0,0,0,0
1,1,410348,0,0,0,0,0,0,0,0,0,0
2,1,410348,0,0,0,0,0,0,0,0,0,0
3,1,410348,23,0,0,0,0,13,0,0,0,0
1,1,410349,14,14,14,14,14,14,14,14,14,14
1,1,410350,0,0,0,0,0,0,0,0,0,0
1,1,410351,0,0,0,12,15,16,0,21,0,18
1,1,410352,0,0,0,0,0,0,0,0,15,0
1,1,410353,0,0,0,0,0,0,0,0,0,0
2,1,410353,0,0,0,0,0,0,0,0,0,0
1,1,410354,19,19,19,19,19,19,19,19,19,19
1,1,410355,0,0,0,0,0,0,0,0,0,0
2,1,410355,0,0,0,0,7,0,7,0,0,0
1,1,410356,0,0,0,0,0,0,15,0,0,0
2,1,410356,0,0,0,0,0,0,0,0,0,0
1,1,410357,7,7,7,7,7,7,7,7,7,7
2,1,410357,0,0,0,0,0,0,0,0,0,0
1,1,410358,12,8,0,0,0,4,0,16,0,0
0,1,410359,0,0,0,0,0,0,0,0,0,0
1,1,410359,0,0,0,0,0,0,0,0,0,0
1,1,410360,16,16,16,16,16,16,16,16,16,16
1,1,410361,0,0,0,0,0,0,0,0,0,0
2,1,410361,0,0,0,0,0,0,0,0,0,0
1,1,410362,17,17,17,17,17,17,17,17,17,17
1,1,410363,10,10,10,10,10,10,10,10,10,10
0,1,410364,0,0,0,0,0,0,0,0,0,0
0,2,410364,0,0,0,0,0,0,0,0,0,0
1,1,410364,0,0,0,0,0,0,0,0,0,0
1,1,410365,8,8,8,8,8,8,8,8,8,8
2,1,410365,0,0,0,0,0,0,0,0,0,0
1,1,410366,0,0,0,0,0,0,0,0,0,0
2,1,410366,2,2,2,2,2,2,2,2,2,2
1,1,410367,0,0,0,0,0,0,0,0,0,0
1,1,410368,0,0,0,0,0,0,0,0,0,0
1,1,410369,0,0,0,0,0,0,0,0,0,0
1,1,410370,0,0,0,0,0,0,0,0,0,0
2,1,410370,0,0,0,0,0,0,0,0,0,6
1,1,410371,0,0,0,0,0,0,0,0,0,0
2,1,410371,0,0,0,0,0,0,0,0,0,0
1,1,410372,0,0,0,0,0,0,0,0,0,0
2,1,410372,0,0,0,0,0,0,0,0,0,0
0,1,410373,33,33,33,33,33,33,33,33,33,33
1,1,410373,0,0,0,0,0,0,0,0,0,0
1,1,410375,0,0,0,0,0,0,0,0,0,0
1,1,410376,0,0,0,0,0,0,0,0,0,0
1,1,410377,19,19,19,19,19,19,19,19,19,19
1,1,410378,23,23,23,23,23,23,23,23,23,23
1,1,410379,0,0,0,0,0,0,0,0,0,0
2,1,410379,0,0,0,0,0,0,0,0,0,0
3,1,410379,0,0,0,0,0,0,0,0,0,0
1,1,410380,0,0,0,0,0,0,0,0,0,0
2,1,410380,0,14,0,0,14,0,22,0,0,0
3,1,410380,0,4,0,0,0,0,0,0,0,0
1,1,410381,0,0,0,0,0,0,0,0,0,0
0,1,410382,0,0,0,0,0,0,0,0,0,0
1,1,410382,0,0,0,0,0,0,0,0,0,0
1,1,410383,19,19,19,19,19,19,19,19,19,19
1,1,410384,21,21,21,21,21,21,21,21,21,21
2,1,410384,0,0,22,0,0,0,0,0,0,0
0,1,410385,0,0,0,0,0,0,0,0,0,0
1,1,410385,0,0,0,0,0,0,0,0,0,0
1,1,410386,16,16,16,16,16,16,16,16,16,16
1,1,410387,16,16,16,16,16,16,16,16,16,16
1,1,410388,13,13,13,13,13,13,13,13,13,13
2,1,410388,0,0,0,0,0,0,0,0,0,0
0,1,410389,21,21,21,21,21,21,21,21,21,21
1,1,410389,12,12,12,12,12,12,12,12,12,12
1,1,410390,0,0,0,0,0,0,0,0,0,0
1,1,410391,0,0,0,0,0,0,0,0,0,17
1,1,410392,18,18,18,18,18,18,18,18,18,18
1,1,410393,0,0,0,0,0,0,0,0,0,0
1,1,410394,8,0,0,0,0,0,0,0,0,0
1,1,410395,24,24,24,24,24,24,24,24,24,24
1,1,410396,0,0,0,0,0,0,0,0,0,0
2,1,410396,0,0,0,0,21,0,0,0,0,0
0,1,410397,25,25,25,25,25,25,25,25,25,25
1,1,410397,0,0,0,0,0,15,8,0,16,0
0,1,410398,0,0,0,0,0,0,0,0,0,0
1,1,410398,0,0,0,0,0,0,0,0,0,0
1,1,410399,0,0,11,0,0,8,0,0,0,0
0,1,410400,28,28,28,28,28,28,28,28,28,28
1,1,410400,0,0,0,0,0,0,0,0,0,0
1,1,410401,10,10,10,10,10,10,10,10,10,10
1,1,410402,30,30,30,30,30,30,30,30,30,30
0,1,410403,0,0,0,0,0,0,0,0,0,0
1,1,410403,0,0,0,0,0,0,0,0,0,0
1,1,410404,0,0,0,0,0,0,0,0,0,0
2,1,410404,0,0,0,0,0,0,0,0,0,0
1,1,410405,0,0,0,0,0,0,0,0,0,0
2,1,410405,0,0,0,0,0,0,0,0,0,0
1,1,410406,0,0,0,0,0,0,0,0,0,0
2,1,410406,0,0,0,0,0,0,0,0,0,0
1,1,410407,9,9,9,9,9,9,9,9,9,9
1,1,410408,0,0,0,0,0,0,0,0,0,0
2,1,410408,1,1,1,1,1,1,1,1,1,1
1,1,410409,0,0,0,0,0,0,0,0,0,0
2,1,410409,0,0,0,0,0,0,0,0,0,0
3,1,410409,0,0,0,0,0,0,0,0,0,0
1,1,410410,0,0,0,0,0,0,0,0,0,0
2,1,410410,15,11,0,0,0,0,0,0,0,0
1,1,410411,0,0,0,0,0,0,0,0,0,0
0,1,410412,0,0,0,0,0,0,0,0,0,0
1,1,410412,0,0,0,0,0,0,0,0,0,0
1,1,410413,0,0,0,0,0,0,0,0,0,0
2,1,410413,0,0,0,0,0,0,0,0,0,0
1,1,410414,0,0,0,0,0,0,0,0,0,0
1,1,410415,11,11,11,11,11,11,11,11,11,11
2,1,410415,0,0,0,0,0,0,0,0,0,0
1,1,410416,19,14,14,4,7,8,18,12,13,10
1,1,410417,0,0,0,0,0,0,0,0,0,0
1,1,410418,0,0,19,14,24,0,0,0,14,18
0,1,410419,25,25,25,25,25,25,25,25,25,25
1,1,410419,0,0,0,0,0,0,0,0,0,0
0,1,410420,0,0,0,0,0,0,0,0,0,0
1,1,410420,0,0,0,0,0,0,0,0,0,0
0,1,410421,0,0,0,0,0,0,0,0,0,0
1,1,410421,2,2,2,2,2,2,2,2,2,2
0,1,410422,2,2,2,2,2,2,2,2,2,2
1,1,410422,10,0,0,0,0,0,0,0,0,11
1,1,410423,0,0,0,0,0,0,0,0,0,0
1,1,410424,0,0,0,0,0,0,0,0,0,0
2,1,410424,0,11,0,0,0,0,0,0,0,0
3,1,410424,0,0,0,0,0,0,2,0,0,0
1,1,410425,0,0,0,0,0,0,14,0,0,0
2,1,410425,0,0,0,0,0,0,0,0,0,0
3,1,410425,0,0,0,0,0,0,0,0,0,0
1,1,420001,0,0,0,0,0,0,0,0,0,0
1,1,420002,0,0,0,0,0,0,0,0,0,0
1,1,420003,0,0,0,0,0,0,0,0,0,0
1,1,420004,0,0,0,0,0,0,0,0,0,0
2,1,420004,0,0,0,0,0,0,0,0,0,0
1,1,420005,0,0,0,0,0,0,0,0,0,0
0,1,420006,23,23,0,0,0,0,6,0,0,0
1,1,420006,0,0,0,0,0,0,0,0,0,0
1,1,420007,0,0,0,0,0,0,0,0,0,0
2,1,420007,0,0,0,0,0,0,0,0,0,0
1,1,420008,0,0,0,0,0,0,0,0,0,0
2,1,420008,0,0,0,0,0,0,0,0,0,0
1,1,420009,24,24,24,24,24,24,24,24,24,24
2,1,420009,0,0,0,0,0,0,0,0,0,0
0,1,420010,0,0,0,0,0,0,0,0,0,0
1,1,420010,25,25,25,25,25,25,25,25,25,25
2,1,420010,0,0,20,0,0,0,0,0,0,0
1,1,420011,0,0,0,0,0,0,0,0,0,0
1,1,420012,0,0,0,0,0,0,0,0,0,0
2,1,420012,0,0,0,0,0,0,0,0,0,0
1,1,420013,19,0,0,0,0,0,0,0,0,0
1,1,420014,16,0,9,24,0,0,28,0,14,0
1,1,420015,7,7,7,7,7,7,7,7,7,7
2,1,420015,0,0,0,0,0,0,0,0,0,0
0,1,420016,0,0,0,0,0,0,0,0,0,0
1,1,420016,0,0,0,0,0,0,0,0,0,0
1,1,420017,0,0,0,0,0,0,0,0,0,0
1,1,420018,12,12,12,12,12,12,12,12,12,12
1,1,420019,10,10,10,10,10,10,10,10,10,10
1,1,420020,13,13,13,13,13,13,13,13,13,13
2,1,420020,0,0,0,0,0,0,0,0,0,0
1,1,420021,0,0,0,0,0,0,0,0,0,0
2,1,420021,0,0,0,3,0,6,0,0,0,0
1,1,420022,0,0,0,0,0,0,0,0,0,0
2,1,420022,0,0,0,0,0,0,0,0,0,0
3,1,420022,0,0,0,0,0,0,0,0,0,0
1,1,420023,7,7,7,7,7,7,7,7,7,7
1,1,420024,14,14,14,14,14,14,14,14,14,14
0,1,420025,5,5,5,5,5,5,5,5,5,5
1,1,420025,0,0,0,0,0,0,0,0,0,0
1,1,420026,0,0,0,0,0,0,0,0,0,0
2,1,420026,0,0,0,0,0,0,0,0,0,0
1,1,420027,11,0,0,0,0,0,0,0,0,0
1,1,420028,21,0,0,0,0,0,0,0,0,0
1,1,420029,11,11,11,11,11,11,11,11,11,11
2,1,420029,0,0,0,0,16,0,0,0,0,0
1,1,420030,25,25,25,25,25,25,25,25,25,25
1,1,420031,29,16,9,24,23,11,20,19,10,12
1,1,420032,0,0,0,0,0,0,0,0,0,0
1,1,420033,11,14,34,6,6,22,5,10,4,12
2,1,420033,0,0,0,0,0,0,0,0,0,0
1,1,420034,0,0,0,0,0,0,0,0,0,0
1,1,420035,18,18,18,18,18,18,18,18,18,18
1,1,420036,0,0,0,0,0,0,0,0,0,0
2,1,420036,0,20,0,0,0,0,0,0,0,0
1,1,420037,0,0,0,0,0,0,0,0,0,0
1,1,420038,24,24,24,24,24,24,24,24,24,24
1,1,420039,13,13,13,13,13,13,13,13,13,13
1,1,420040,20,20,20,20,20,20,20,20,20,20
1,1,420041,0,0,0,0,0,0,0,0,0,0
1,2,420042,26,37,14,23,20,8,27,0,22,23
0,1,420043,0,0,0,0,0,0,0,0,0,0
1,1,420043,0,0,0,0,0,0,0,0,0,0
1,1,420044,0,0,0,0,0,0,0,0,0,0
2,1,420044,0,0,0,0,0,0,0,0,0,0
3,1,420044,0,0,0,0,0,0,10,0,23,0
1,1,420045,0,0,0,0,0,0,0,0,0,0
2,1,420045,0,0,0,0,0,0,0,0,0,0
1,1,420046,17,17,17,17,17,17,17,17,17,17
1,1,420047,20,20,20,20,20,20,20,20,20,20
1,1,420048,0,0,0,0,0,0,0,0,0,0
1,1,420049,0,0,0,0,0,0,8,0,0,0
1,1,420050,0,0,0,0,0,0,0,0,0,0
0,1,420051,0,24,0,0,0,13,0,0,0,0
1,1,420051,0,0,0,0,0,0,0,0,12,0
0,1,420052,0,0,0,0,0,0,0,0,0,0
2,1,420052,20,0,6,11,0,0,0,0,0,0
1,1,420053,0,23,0,0,0,0,0,0,0,0
0,1,420054,0,0,0,0,0,0,0,0,0,0
1,1,420054,0,0,0,0,0,0,0,0,0,0
1,1,420055,1,1,1,1,1,1,1,1,1,1
2,1,420055,0,0,0,0,0,0,0,0,0,0
1,1,420056,0,0,0,0,0,0,0,0,0,0
0,1,420057,0,0,0,0,0,0,0,0,0,0
1,1,420057,0,0,0,0,0,0,0,0,0,0
1,1,420058,0,0,0,0,0,0,0,0,0,0
2,1,420058,0,0,0,0,0,22,0,0,0,0
1,1,420059,0,0,0,0,0,0,0,0,0,0
1,1,420060,19,19,19,19,19,19,19,19,19,19
1,1,420061,0,0,0,0,0,0,0,0,0,0
2,1,420061,0,0,0,0,0,0,0,0,0,0
1,1,420062,8,8,8,8,8,8,8,8,8,8
1,1,420063,0,0,0,6,0,0,0,0,0,0
1,1,420064,21,21,21,21,21,21,21,21,21,21
1,1,420065,0,0,0,0,0,0,0,0,0,0
2,1,420065,0,0,0,0,0,0,0,0,0,0
1,1,420066,0,0,0,0,0,0,0,0,0,0
2,1,420066,0,0,0,0,0,0,0,0,0,0
1,1,420067,0,0,0,0,0,0,0,0,0,0
2,1,420067,0,0,0,0,0,0,0,0,0,0
1,1,420068,0,0,0,0,0,0,0,0,0,0
1,1,420069,0,0,0,0,0,0,0,0,0,0
2,1,420069,0,0,0,0,0,0,0,0,0,0
3,1,420069,0,0,0,0,0,0,0,0,0,0
1,1,420070,28,28,28,28,28,28,28,28,28,28
1,1,420071,7,7,7,7,7,7,7,7,7,7
1,1,420072,0,0,0,0,0,0,0,0,0,0
2,1,420072,0,0,0,0,0,0,0,0,0,0
1,1,420073,0,0,0,0,0,0,0,0,0,0
1,1,420074,29,29,29,29,29,29,29,29,29,29
1,1,420075,18,18,18,18,18,18,18,18,18,18
1,1,420076,0,0,0,0,0,0,0,0,0,0
1,1,420077,0,0,0,0,0,0,0,0,0,0
1,1,420078,0,0,0,0,0,0,0,0,0,0
1,1,420079,0,0,0,0,0,0,0,0,0,0
1,1,420080,0,0,0,0,0,0,0,0,0,0
1,1,420081,0,16,31,0,0,0,0,0,0,2
0,1,420082,0,0,0,0,0,0,0,0,0,0
1,1,420082,0,0,0,0,0,0,0,0,0,0
1,1,420083,23,23,23,23,23,23,23,23,23,23
0,1,420084,0,0,0,0,0,0,0,0,0,0
1,1,420084,0,0,0,0,0,0,0,0,0,0
1,1,420085,19,19,19,19,19,19,19,19,19,19
0,1,420086,0,0,0,9,32,0,0,0,0,0
1,1,420086,0,0,0,0,0,0,0,0,0,0
1,1,420087,0,0,0,0,0,0,0,0,0,0
2,1,420087,0,0,0,0,0,0,0,0,0,0
0,1,420088,0,0,0,0,0,0,0,0,0,0
1,1,420088,0,0,0,0,0,0,0,0,0,0
1,1,420089,0,0,0,5,0,0,0,0,0,0
2,1,420089,0,0,0,0,0,0,0,0,0,0
1,1,420090,0,0,0,0,0,0,0,0,0,0
2,1,420090,0,0,0,0,0,0,0,0,0,0
1,1,420091,0,0,0,0,0,0,0,0,0,0
1,1,420092,0,0,0,0,0,0,0,0,0,0
2,1,420092,0,0,0,0,0,0,0,0,0,0
3,1,420092,0,0,0,0,0,0,0,0,0,0
4,1,420092,0,0,0,0,0,0,0,0,0,0
5,1,420092,0,0,0,0,0,0,0,0,0,0
6,1,420092,0,0,0,0,0,0,0,0,0,0
7,1,420092,0,0,0,0,0,0,0,0,0,0
1,1,420093,0,0,0,0,0,0,0,0,0,0
2,1,420093,0,0,0,0,0,0,0,0,0,0
1,1,420094,0,0,0,0,0,0,0,0,0,0
2,1,420094,0,0,0,0,0,0,0,0,0,0
1,1,420095,0,0,0,0,0,0,0,0,0,0
2,1,420095,0,0,0,0,0,0,0,0,0,0
3,1,420095,0,0,0,0,0,0,0,0,0,0
1,1,420096,26,26,26,26,26,26,26,26,26,26
2,1,420096,0,0,10,0,0,0,0,0,0,0
3,1,420096,0,8,0,0,0,0,0,19,0,5
1,1,420097,0,0,0,0,0,0,0,0,0,0
2,1,420097,0,0,0,0,0,0,0,0,0,0
1,1,420098,32,32,32,32,32,32,32,32,32,32
2,1,420098,0,0,0,0,0,0,0,0,0,0
1,1,420099,0,0,0,0,0,0,0,0,0,0
1,1,420100,0,0,0,0,0,0,0,0,0,0
1,1,420101,0,0,0,0,0,0,0,0,0,0
1,1,420102,0,0,0,0,0,0,0,0,0,0
2,1,420102,0,0,0,0,0,0,0,0,0,0
3,1,420102,0,0,0,0,0,0,0,0,0,0
1,1,420103,0,0,0,0,0,0,0,0,0,0
2,1,420103,0,0,0,0,0,0,0,0,0,0
1,1,420104,0,0,0,0,0,0,0,0,0,0
1,1,420105,26,26,26,26,26,26,26,26,26,26
1,1,420106,20,0,0,0,0,0,13,0,22,0
0,1,420107,0,0,0,0,0,0,0,0,0,0
1,1,420107,0,0,0,0,0,0,0,0,0,0
1,1,420108,31,24,17,8,32,9,20,18,7,10
1,1,420109,27,27,27,27,27,27,27,27,27,27
1,1,420110,7,7,7,7,7,7,7,7,7,7
1,1,420111,19,19,19,19,19,19,19,19,19,19
1,1,420112,0,0,0,0,0,0,0,0,0,0
2,1,420112,0,0,0,0,0,0,0,0,0,0
1,1,420113,26,26,26,26,26,26,26,26,26,26
1,1,420114,5,5,5,5,5,5,5,5,5,5
2,1,420114,0,0,0,0,0,17,0,0,0,0
1,1,420115,0,0,0,0,0,0,0,0,0,0
2,1,420115,0,0,0,0,0,0,0,0,0,0
1,1,420116,22,22,22,22,22,22,22,22,22,22
2,1,420116,0,0,0,0,0,0,0,0,0,0
1,1,420117,19,19,19,19,19,19,19,19,19,19
2,1,420117,19,19,19,19,19,19,19,19,19,19
1,1,420118,0,0,0,0,0,0,0,0,0,0
1,1,420119,0,0,0,0,0,0,0,0,0,0
1,1,420120,20,20,20,20,20,20,20,20,20,20
1,1,420121,0,0,0,0,0,0,0,0,0,0
0,1,420122,25,25,25,25,25,25,25,25,25,25
1,1,420122,6,7,0,0,8,0,0,0,0,0
0,1,420123,0,0,0,0,0,0,0,0,0,0
1,1,420123,0,0,0,0,0,0,0,0,0,0
1,1,420124,15,15,15,15,15,15,15,15,15,15
0,1,420125,0,20,12,0,0,0,0,25,0,0
0,2,420125,0,0,0,0,0,0,0,0,0,0
1,1,420125,0,0,0,0,0,0,0,0,0,0
1,1,420126,20,20,20,20,20,20,20,20,20,20
1,1,420127,0,0,0,0,0,0,0,0,0,0
2,1,420127,0,0,0,0,0,0,5,0,0,0
3,1,420127,0,0,0,0,0,0,0,0,0,0
2,1,420128,0,0,0,0,0,0,0,0,0,0
1,1,420129,0,0,0,0,0,0,0,0,0,0
2,1,420129,0,0,0,0,9,0,0,0,0,0
1,1,420130,23,23,23,23,23,23,23,23,23,23
1,1,420131,0,0,0,0,0,0,0,16,0,0
1,1,420132,0,0,0,0,0,0,0,0,0,0
2,1,420132,0,0,0,0,0,0,0,0,0,0
1,1,420133,0,0,0,0,0,0,0,0,0,0
2,1,420133,0,0,0,0,0,0,0,0,0,0
3,1,420133,0,0,0,0,0,0,0,0,0,0
1,1,420134,0,0,0,0,0,0,0,0,0,0
0,1,420135,0,0,0,0,0,0,0,0,0,0
1,1,420135,0,0,0,0,0,0,0,0,0,0
1,1,420136,0,0,0,0,0,0,0,0,0,0
2,1,420136,0,0,0,12,0,0,0,0,0,22
1,1,420137,0,0,0,7,0,0,0,9,0,0
2,1,420137,0,0,0,0,0,0,0,0,0,0
1,1,420138,0,0,0,0,0,0,0,0,0,0
1,1,420139,0,0,0,0,0,0,0,0,0,0
2,1,420139,0,0,0,0,0,0,0,0,0,0
1,1,420140,0,0,0,0,0,0,0,0,0,0
0,1,420141,0,0,0,0,0,0,0,0,0,0
1,1,420141,0,0,0,0,0,0,0,0,0,0
0,1,420142,0,0,0,0,0,0,0,0,0,0
1,1,420142,30,30,30,30,30,30,30,30,30,30
1,1,420143,19,19,19,19,19,19,19,19,19,19
1,1,420144,7,7,7,7,7,7,7,7,7,7
0,1,420145,0,0,0,0,0,0,0,0,0,0
1,1,420145,0,0,0,0,0,0,0,0,0,0
1,1,420146,14,14,14,14,14,14,14,14,14,14