VEH_NO,PER_NO,ST_CASE,P1,P2,P3,P4,P5,P6,P7,P8,P9,P10
1,1,420147,0,0,0,0,0,0,0,0,0,0
1,1,420148,0,0,0,0,0,0,0,0,0,0
2,1,420148,0,0,0,0,0,0,0,0,0,0
1,1,420149,25,6,18,23,22,19,15,9,32,14
0,1,420150,0,0,0,0,0,0,0,0,0,0
1,1,420150,19,19,19,19,19,19,19,19,19,19
1,1,420151,0,0,0,0,0,0,0,0,0,0
2,1,420151,0,0,0,0,0,0,0,0,0,0
1,1,420152,0,0,0,0,0,0,0,0,0,0
2,1,420152,0,0,0,0,0,0,0,0,0,0
1,1,420153,33,33,33,33,33,33,33,33,33,33
1,1,420154,9,9,9,9,9,9,9,9,9,9
2,1,420154,0,0,0,0,0,0,0,0,0,0
1,1,420155,4,4,4,4,4,4,4,4,4,4
1,1,420156,17,17,17,17,17,17,17,17,17,17
1,1,420157,22,22,22,22,22,22,22,22,22,22
2,1,420157,11,22,0,0,0,0,0,0,0,0
1,1,420158,0,0,0,0,0,0,0,0,0,0
2,1,420158,0,0,0,0,0,0,0,0,0,0
1,1,420159,20,20,20,20,20,20,20,20,20,20
1,1,420160,17,17,17,17,17,17,17,17,17,17
1,1,420161,0,0,0,0,0,0,0,0,0,0
2,1,420161,0,0,0,0,0,0,0,0,0,0
1,1,420162,0,0,0,0,0,0,0,0,0,0
1,1,420163,0,0,0,0,0,0,0,0,0,0
1,1,420164,0,0,0,0,0,0,0,0,0,0
1,1,420165,0,10,0,0,0,0,0,0,0,0
1,1,420166,0,0,0,0,12,0,0,0,0,0
2,1,420166,0,0,0,0,0,0,0,0,0,0
0,1,420167,0,0,0,0,0,0,2,0,0,0
1,1,420167,8,8,8,8,8,8,8,8,8,8
0,1,420168,0,0,0,0,0,0,0,12,0,0
1,1,420168,0,0,0,0,0,0,0,0,0,0
1,1,420169,12,4,23,13,14,19,0,0,10,0
2,1,420169,0,0,0,0,0,0,0,17,0,0
3,1,420169,0,0,0,0,0,0,0,0,0,0
1,1,420170,24,24,24,24,24,24,24,24,24,24
2,1,420170,0,0,0,0,0,0,0,0,0,0
1,1,420171,0,0,0,0,0,0,0,0,0,4
2,1,420171,0,0,0,0,0,0,0,0,0,0
1,1,420172,22,22,22,22,22,22,22,22,22,22
1,1,420173,0,0,0,0,0,7,12,12,0,15
2,1,420173,0,0,0,0,0,0,0,0,0,0
1,1,420174,0,0,0,8,17,0,0,0,0,0
2,1,420174,0,0,0,0,0,0,0,0,0,0
0,1,420175,25,25,25,25,25,25,25,25,25,25
1,1,420175,0,0,0,0,0,0,0,0,0,0
1,1,420176,11,11,11,11,11,11,11,11,11,11
1,2,420177,8,24,14,32,0,0,46,32,0,28
1,1,420178,14,14,14,14,14,14,14,14,14,14
1,1,420179,0,0,0,0,0,0,0,0,0,0
2,1,420179,0,0,0,0,0,0,0,0,0,0
3,1,420179,0,0,0,0,0,0,0,0,0,0
1,1,420180,0,0,0,0,0,0,0,0,0,0
1,1,420181,0,0,0,0,0,0,0,0,0,0
1,1,420182,0,0,0,0,0,0,0,0,0,0
2,1,420182,0,0,0,0,0,0,26,0,0,0
3,1,420182,0,0,0,0,0,0,0,0,0,0
1,1,420183,20,20,20,20,20,20,20,20,20,20
2,1,420183,0,0,0,0,0,0,0,0,0,0
0,1,420184,0,0,0,0,0,0,0,0,7,15
0,2,420184,0,0,0,0,0,0,0,0,0,0
0,3,420184,0,0,0,0,0,0,0,0,0,0
1,1,420184,0,0,0,0,0,0,0,0,0,0
0,1,420185,0,0,0,0,0,0,0,0,0,0
1,1,420185,24,0,13,0,0,0,0,0,0,0
1,1,420186,0,0,0,0,0,0,0,0,0,0
1,1,420187,24,24,24,24,24,24,24,24,24,24
1,1,420188,0,0,0,0,0,0,0,0,0,0
2,1,420188,13,0,0,0,0,0,0,0,0,0
1,1,420189,0,0,0,0,0,0,0,0,0,0
2,1,420189,0,0,0,0,0,0,0,0,0,0
1,1,420190,26,26,26,26,26,26,26,26,26,26
2,1,420190,0,0,0,0,0,0,0,0,0,0
3,1,420190,32,0,0,0,0,0,0,0,0,13
1,1,420191,9,9,9,9,9,9,9,9,9,9
1,1,420192,0,0,0,0,0,0,0,0,0,0
1,1,420193,0,0,0,0,0,0,0,0,0,0
1,1,420194,0,11,0,0,0,0,0,0,0,0
1,1,420195,0,0,0,0,0,0,0,0,0,0
1,1,420196,0,0,0,0,0,0,0,0,12,16
2,1,420196,0,0,0,0,0,0,0,9,0,0
0,1,420197,0,0,0,0,0,0,0,0,0,0
1,1,420197,0,0,0,0,0,0,0,0,0,0
1,1,420198,0,0,0,0,0,24,0,0,0,8
1,1,420199,0,0,0,0,0,0,0,0,0,0
2,1,420199,0,0,0,0,0,0,0,0,0,0
1,1,420200,0,0,0,0,0,0,0,0,0,0
2,1,420200,0,0,0,0,0,0,0,0,0,0
1,1,420201,0,0,0,0,0,0,0,0,0,0
2,1,420201,0,0,0,0,0,0,0,0,0,0
1,1,420202,0,0,0,0,0,0,0,0,0,0
1,1,420203,17,17,17,17,17,17,17,17,17,17
1,1,420204,15,15,15,15,15,15,15,15,15,15
1,1,420205,11,7,0,0,0,0,0,0,0,0
1,1,420206,0,0,0,0,0,0,0,0,0,0
1,1,420207,0,0,0,0,0,0,0,0,0,0
2,1,420207,0,0,0,0,0,0,0,0,0,0
1,1,420208,0,0,0,0,0,0,0,0,0,0
1,1,420209,0,0,0,0,0,0,0,0,0,0
2,1,420209,0,0,0,0,0,0,0,0,0,0
1,1,420210,0,0,0,0,0,0,0,0,0,0
2,1,420210,21,0,18,6,0,0,0,0,0,0
1,1,420211,31,31,31,31,31,31,31,31,31,31
1,1,420212,0,0,0,0,0,0,0,0,0,0
1,1,420213,0,0,0,0,0,0,0,0,0,0
1,1,420214,0,0,0,0,0,0,0,0,0,0
1,1,420215,18,18,18,18,18,18,18,18,18,18
1,1,420216,0,0,0,0,0,0,0,0,0,0
2,1,420216,0,0,0,0,0,0,0,0,0,0
3,1,420216,0,0,0,0,0,0,0,0,0,0
1,1,420217,23,23,23,23,23,23,23,23,23,23
2,1,420217,18,18,18,18,18,18,18,18,18,18
1,1,420218,0,0,0,0,0,0,0,0,0,0
1,1,420219,31,31,31,31,31,31,31,31,31,31
1,1,420220,28,28,28,28,28,28,28,28,28,28
1,1,420221,0,0,0,0,0,0,0,0,0,0
1,1,420222,0,0,0,0,0,0,0,0,0,0
1,1,420223,17,17,17,17,17,17,17,17,17,17
1,1,420224,0,0,0,0,0,0,0,0,0,0
1,1,420225,24,24,24,24,24,24,24,24,24,24
0,1,420226,0,0,0,0,0,0,0,0,0,0
1,1,420226,0,0,0,0,0,0,0,0,0,0
1,1,420227,0,0,0,0,0,0,0,0,0,0
1,1,420228,22,0,0,0,0,0,0,0,10,15
2,1,420228,0,0,0,0,0,0,0,0,0,0
3,1,420228,0,0,0,0,0,0,0,0,0,0
1,1,420229,0,0,0,0,0,0,0,0,0,0
1,1,420230,10,10,10,10,10,10,10,10,10,10
2,1,420230,0,0,0,0,0,0,0,0,0,0
1,1,420231,12,9,21,28,13,22,22,5,24,19
1,1,420232,9,9,9,9,9,9,9,9,9,9
2,1,420232,0,0,0,0,0,0,0,0,0,0
1,1,420233,33,18,4,4,0,18,28,8,17,30
0,1,420234,32,32,32,32,32,32,32,32,32,32
1,1,420234,1,1,1,1,1,1,1,1,1,1
1,1,420235,0,0,0,0,0,0,0,0,0,0
2,1,420235,22,0,9,15,0,0,0,13,0,0
1,1,420236,0,0,0,0,0,0,0,0,0,0
2,1,420236,0,0,0,0,0,0,0,0,0,0
1,1,420237,0,0,0,0,0,0,0,0,0,0
1,1,420238,21,21,21,21,21,21,21,21,21,21
1,1,420239,22,22,22,22,22,22,22,22,22,22
2,1,420239,0,0,0,0,0,0,0,0,0,0
1,1,420240,21,0,0,0,0,0,0,0,0,0
2,1,420240,0,0,0,0,0,0,0,0,0,0
1,1,420241,4,4,4,4,4,4,4,4,4,4
1,1,420242,17,17,17,17,17,17,17,17,17,17
1,1,420243,0,0,0,0,0,0,0,0,0,0
1,1,420244,0,0,0,0,0,0,0,0,0,0
1,1,420245,0,0,0,0,0,0,0,0,0,0
1,1,420247,15,15,15,15,15,15,15,15,15,15
1,1,420248,14,14,14,14,14,14,14,14,14,14
1,1,420249,24,24,24,24,24,24,24,24,24,24
1,1,420250,0,0,0,0,0,0,0,0,0,0
2,1,420250,0,0,0,0,0,0,0,0,0,0
1,1,420251,8,8,8,8,8,8,8,8,8,8
2,1,420251,0,0,0,0,0,0,0,0,0,0
1,1,420252,19,19,19,19,19,19,19,19,19,19
1,1,420253,0,0,0,0,0,0,0,17,0,0
1,1,420254,0,0,0,0,0,0,0,0,0,0
2,1,420254,0,0,0,0,0,0,0,0,0,0
1,1,420255,0,0,0,0,0,0,0,0,0,0
2,1,420255,0,0,0,0,0,0,0,0,0,0
1,1,420256,0,0,0,0,0,0,0,0,0,0
2,1,420256,0,0,0,0,19,0,14,14,0,13
1,1,420257,0,0,0,0,0,0,0,0,0,0
2,1,420257,0,0,0,0,0,0,0,0,0,0
1,1,420258,6,6,6,6,6,6,6,6,6,6
2,1,420258,0,0,0,0,0,0,0,0,0,0
1,1,420259,0,0,0,0,0,0,0,0,0,0
2,1,420259,0,0,0,0,0,0,0,0,0,0
1,1,420260,0,0,0,0,0,0,0,0,0,0
1,1,420261,16,16,16,16,16,16,16,16,16,16
1,1,420262,0,0,0,0,0,0,0,0,0,0
2,1,420262,0,0,0,0,0,0,0,0,0,0
3,1,420262,0,0,0,0,0,0,0,0,0,0
1,1,420263,0,0,0,0,0,0,0,0,0,0
2,1,420263,0,0,0,0,0,0,0,0,0,0
1,1,420264,13,13,13,13,13,13,13,13,13,13
1,1,420265,0,0,0,0,0,0,0,0,0,0
2,1,420265,0,0,0,0,0,0,0,0,0,0
3,1,420265,0,0,0,0,0,0,0,0,0,0
1,1,420266,0,0,0,0,0,0,0,0,0,0
2,1,420266,0,0,0,0,0,0,0,0,0,0
3,1,420266,0,0,0,0,0,0,0,0,0,0
1,1,420267,19,19,19,19,19,19,19,19,19,19
1,1,420268,20,20,20,20,20,20,20,20,20,20
1,1,420269,21,21,21,21,21,21,21,21,21,21
1,1,420270,21,21,21,21,21,21,21,21,21,21
1,1,420271,0,0,0,0,0,0,0,0,0,0
1,1,420272,0,0,0,0,0,0,0,0,0,0
2,1,420272,0,0,0,0,0,0,0,0,0,0
1,1,420273,0,0,0,0,0,0,0,0,0,0
2,1,420273,0,14,16,5,13,0,0,0,0,0
1,1,420274,0,0,0,0,0,0,0,0,0,0
2,1,420274,0,0,0,0,0,0,0,0,0,0
1,1,420275,0,0,0,0,0,0,0,0,0,0
2,1,420275,0,0,0,0,0,0,0,0,0,0
1,1,420276,0,0,0,0,0,0,0,0,0,0
1,1,420277,21,21,21,21,21,21,21,21,21,21
1,1,420278,16,16,16,16,16,16,16,16,16,16
1,1,420279,0,35,21,28,0,0,22,21,0,7
2,1,420279,0,0,0,0,0,0,0,0,0,0
1,1,420280,0,0,0,0,0,0,0,0,0,0
1,1,420281,15,0,20,31,0,0,0,0,0,0
1,1,420282,23,23,23,23,23,23,23,23,23,23
1,1,420283,0,0,0,0,0,0,0,0,0,0
2,1,420283,0,0,0,0,0,0,0,0,0,0
1,1,420284,17,17,17,17,17,17,17,17,17,17
2,1,420284,0,0,0,0,0,19,0,0,17,0
1,1,420285,28,28,28,28,28,28,28,28,28,28
1,1,420286,25,0,0,0,9,25,0,26,0,0
1,1,420287,0,0,0,0,0,0,0,0,0,0
2,1,420287,13,13,13,13,13,13,13,13,13,13
1,1,420288,5,0,0,0,0,8,0,0,0,0
2,1,420288,17,17,17,17,17,17,17,17,17,17
1,1,420289,21,21,21,21,21,21,21,21,21,21
1,1,420290,0,0,0,0,0,0,0,0,0,0
2,1,420290,0,0,0,0,0,0,0,0,0,0
1,1,420291,21,16,23,3,13,16,17,11,21,26
1,1,420292,0,14,0,13,0,0,0,11,0,12
2,1,420292,0,0,0,0,0,0,0,24,0,0
1,1,420293,0,0,0,0,0,0,0,0,0,0
1,1,420294,0,0,0,0,0,0,0,0,0,0
1,1,420295,0,0,0,0,0,0,0,0,0,0
1,1,420296,0,0,0,0,0,0,0,0,0,0
2,1,420296,0,0,0,0,0,0,0,0,0,0
3,1,420296,0,0,0,0,0,0,0,0,0,0
1,1,420297,0,0,0,0,0,0,0,0,0,0
1,1,420298,21,21,21,21,21,21,21,21,21,21
1,1,420299,0,0,0,0,0,0,0,0,0,0
2,1,420299,0,0,0,0,0,0,0,0,0,0
1,1,420300,0,0,0,0,0,0,0,0,0,0
1,1,420301,0,0,0,0,0,0,0,0,0,12
2,1,420301,13,0,0,0,0,0,0,0,0,0
0,1,420302,0,0,0,0,0,0,0,0,0,0
1,1,420302,0,0,0,0,0,0,0,0,0,0
1,1,420303,8,17,16,34,15,24,25,5,28,31
2,1,420303,0,0,14,0,0,0,0,0,0,0
3,1,420303,0,0,0,0,0,0,0,0,0,0
1,1,420304,0,0,0,0,0,0,0,0,0,0
1,1,420305,23,23,23,23,23,23,23,23,23,23
1,1,420306,18,0,9,0,17,0,0,0,0,24
1,1,420307,0,0,0,0,0,0,0,0,0,0
2,1,420307,0,0,0,0,0,0,0,0,0,0
1,1,420308,0,7,0,0,0,16,5,3,13,4
1,1,420309,0,0,0,0,0,0,0,0,0,0
1,1,420310,8,8,8,8,8,8,8,8,8,8
1,1,420311,0,0,0,0,0,0,0,0,0,0
1,1,420312,0,0,0,0,0,0,0,0,0,0
2,1,420312,0,0,0,0,0,0,0,0,0,0
3,1,420312,0,0,0,0,0,0,0,0,0,0
1,1,420313,0,0,0,0,0,0,0,0,0,0
1,1,420314,0,0,0,0,0,0,0,0,0,0
2,1,420314,0,0,0,0,0,0,0,0,0,0
3,1,420314,0,0,0,0,0,0,0,5,0,0
1,1,420315,30,30,30,30,30,30,30,30,30,30
1,1,420316,0,0,0,0,0,0,0,0,0,0
1,1,420317,0,11,0,13,0,0,0,0,0,0
2,1,420317,0,0,0,0,0,0,0,0,0,0
3,1,420317,0,0,0,0,0,0,0,0,0,0
1,1,420318,24,24,24,24,24,24,24,24,24,24
1,1,420319,0,0,0,0,0,0,0,0,0,0
2,1,420319,0,0,0,0,0,0,0,0,0,0
0,1,420320,0,0,0,0,0,0,0,0,0,0
1,1,420320,0,0,0,0,0,0,0,0,0,0
1,1,420321,10,10,10,10,10,10,10,10,10,10
0,1,420322,0,0,0,0,0,0,0,0,0,0
1,1,420322,0,0,0,0,0,0,0,0,0,0
1,1,420323,0,0,0,0,0,0,0,0,0,0
2,1,420323,0,0,0,0,0,0,0,8,0,0
1,1,420324,12,12,12,12,12,12,12,12,12,12
2,1,420324,0,0,0,0,0,0,0,0,0,23
1,1,420325,0,0,0,0,0,0,0,0,0,0
2,1,420325,0,0,0,0,0,0,0,15,0,0
1,1,420326,16,16,16,16,16,16,16,16,16,16
2,1,420326,0,0,0,0,0,0,0,0,0,0
1,1,420327,24,24,24,24,24,24,24,24,24,24
0,1,420328,0,0,0,0,0,0,0,0,0,0
1,1,420328,0,0,0,0,0,0,0,0,0,0
1,1,420329,10,10,10,10,10,10,10,10,10,10
1,1,420330,25,7,0,0,0,0,0,11,0,26
1,1,420331,0,0,0,0,0,0,0,0,0,0
2,1,420331,0,0,0,0,0,0,0,0,0,0
1,1,420332,0,0,0,0,0,11,0,0,0,0
2,1,420332,0,0,0,0,0,0,0,0,0,0
0,1,420333,0,0,0,0,0,0,0,0,0,0
1,1,420333,0,0,0,0,0,0,0,0,0,0
2,1,420333,0,0,0,0,0,0,0,0,0,0
3,1,420333,0,0,0,0,10,0,0,0,0,0
4,1,420333,0,0,0,7,0,0,0,0,0,0
1,1,420334,0,0,0,0,0,0,0,0,0,0
2,1,420334,0,0,0,0,0,0,0,0,0,0
1,1,420335,0,38,0,0,0,11,0,7,0,0
2,1,420335,0,0,0,0,0,0,0,0,0,0
1,1,420336,0,0,0,0,0,0,0,0,0,0
2,1,420336,0,0,0,0,0,0,0,0,0,0
1,1,420337,17,17,17,17,17,17,17,17,17,17
1,1,420338,0,0,0,0,0,0,0,0,0,0
1,1,420339,0,0,0,0,0,0,0,0,0,0
2,1,420339,0,0,0,0,0,0,0,0,0,0
1,1,420340,0,0,0,0,0,0,0,0,0,0
2,1,420340,0,0,0,29,30,18,0,0,0,0
0,1,420341,0,0,0,0,11,0,0,9,0,0
1,1,420341,0,0,0,0,0,0,0,0,0,0
1,1,420342,17,17,17,17,17,17,17,17,17,17
1,1,420343,14,14,14,14,14,14,14,14,14,14
0,1,420344,20,0,24,0,0,23,0,0,4,10
0,2,420344,0,0,0,0,0,0,0,0,0,0
1,1,420344,13,9,12,0,0,0,0,14,0,0
1,1,420345,0,0,0,0,0,0,0,0,0,0
2,1,420345,0,0,0,0,0,0,0,0,0,0
1,1,420346,0,0,0,0,0,0,0,0,0,0
2,1,420346,0,0,0,0,0,0,0,0,0,0
1,1,420347,0,0,0,0,0,0,0,0,0,0
2,1,420347,0,0,0,0,0,0,0,0,0,0
1,1,420348,21,21,21,21,21,21,21,21,21,21
1,1,420349,0,0,0,0,0,0,0,0,0,0
2,1,420349,3,3,3,3,3,3,3,3,3,3
1,1,420350,15,11,10,7,25,20,16,0,22,16
1,1,420351,0,0,0,0,0,0,0,0,0,0
1,1,420352,0,0,0,0,0,0,0,0,0,0
1,1,420353,0,0,0,0,0,0,0,0,0,0
2,1,420353,0,0,0,0,0,0,0,0,0,0
0,1,420354,0,0,0,0,0,0,0,0,0,0
0,2,420354,0,0,0,0,0,0,0,0,0,0
1,1,420354,0,0,0,0,0,0,0,22,0,0
1,1,420355,0,0,0,0,0,0,0,0,0,0
1,1,420356,12,12,12,12,12,12,12,12,12,12
1,1,420357,12,12,12,12,12,12,12,12,12,12
2,1,420357,0,0,0,0,0,0,0,0,0,0
1,1,420358,13,13,13,13,13,13,13,13,13,13
2,1,420358,0,0,0,0,0,0,0,0,0,0
0,1,420359,0,0,0,0,0,0,0,0,0,0
1,1,420359,0,0,0,0,0,0,0,0,0,0
1,1,420360,0,0,0,0,0,0,0,0,0,0
2,1,420360,0,0,0,0,0,0,0,0,0,0
1,1,420361,0,0,0,0,0,0,0,0,0,0
2,1,420361,0,0,0,0,0,0,0,0,0,0
1,1,420362,49,49,49,49,49,49,49,49,49,49
1,1,420363,12,12,12,12,12,12,12,12,12,12
1,1,420364,12,10,0,13,5,23,13,24,24,13
2,1,420364,0,0,0,0,0,0,0,0,0,0
1,1,420365,0,0,0,0,0,0,0,0,0,19
1,1,420366,19,19,19,19,19,19,19,19,19,19
1,1,420367,0,0,0,0,0,0,0,0,0,0
2,1,420367,0,0,0,0,0,0,0,8,0,0
1,1,420368,22,22,22,22,22,22,22,22,22,22
1,1,420369,0,0,0,0,0,0,0,0,0,0
2,1,420369,0,0,0,0,0,0,0,0,0,0
1,1,420370,20,20,20,20,20,20,20,20,20,20
1,1,420371,0,0,0,0,0,0,0,0,0,0
1,1,420372,0,0,0,0,0,0,0,18,0,0
2,1,420372,0,0,0,0,0,0,0,0,0,0
1,1,420373,25,25,25,25,25,25,25,25,25,25
2,1,420373,0,0,0,0,0,0,0,0,17,0
3,1,420373,0,0,0,18,0,0,0,0,0,0
1,1,420374,10,0,0,0,9,0,15,0,7,0
1,1,420375,0,0,0,0,0,0,0,0,0,0
2,1,420375,0,0,0,0,0,0,0,0,0,0
1,1,420376,0,0,0,0,0,0,0,0,0,0
1,1,420377,16,16,16,16,16,16,16,16,16,16
1,1,420378,0,0,0,0,0,0,0,0,0,0
1,1,420379,0,0,0,0,0,0,0,0,0,0
2,1,420379,0,0,0,0,28,0,0,0,0,0
1,1,420380,0,0,0,0,0,0,0,0,0,19
2,1,420380,0,0,0,0,0,0,0,0,0,0
1,1,420381,0,0,0,0,0,0,0,0,0,0
1,1,420382,23,23,23,23,23,23,23,23,23,23
1,1,420383,30,30,30,30,30,30,30,30,30,30
1,1,420384,0,0,0,0,0,0,0,0,0,0
2,1,420384,0,0,0,0,0,0,0,0,0,0
3,1,420384,0,0,0,0,0,0,0,0,0,0
1,1,420385,19,19,19,19,19,19,19,19,19,19
0,1,420386,0,0,0,0,0,0,0,0,0,0
1,1,420386,0,0,0,0,0,0,0,0,0,0
1,1,420387,0,0,0,0,0,0,0,0,0,0
1,1,420388,0,0,0,0,0,0,0,0,0,0
2,1,420388,0,0,0,0,0,0,0,0,0,0
1,1,420389,0,0,0,0,0,0,0,0,0,0
2,1,420389,0,0,0,0,0,0,0,0,0,0
3,1,420389,0,0,0,0,0,0,0,22,0,0
1,1,420390,0,0,0,0,0,0,0,0,0,0
2,1,420390,0,0,0,0,0,0,0,0,0,0
1,1,420391,0,0,0,0,0,0,0,0,0,0
2,1,420391,0,0,0,0,0,0,0,0,0,0
1,1,420392,5,5,5,5,5,5,5,5,5,5
2,1,420392,0,0,0,0,0,0,0,0,0,0
1,1,420393,5,5,5,5,5,5,5,5,5,5
1,1,420394,0,0,0,0,0,0,0,0,0,0
1,1,420395,13,13,13,13,13,13,13,13,13,13
1,1,420396,23,23,23,23,23,23,23,23,23,23
1,1,420397,25,25,25,25,25,25,25,25,25,25
1,1,420398,5,5,5,5,5,5,5,5,5,5
2,1,420398,0,0,0,0,0,0,0,0,0,0
1,1,420399,20,20,20,20,20,20,20,20,20,20
2,1,420399,0,0,0,0,0,0,0,0,0,0
1,1,420400,0,0,10,0,0,0,0,0,0,0
2,1,420400,0,0,0,0,0,0,0,0,0,0
1,1,420401,0,0,0,0,0,0,0,0,0,0
2,1,420401,0,0,0,0,0,0,0,0,0,0
1,1,420402,0,0,0,0,0,0,0,0,0,0
2,1,420402,0,0,0,0,0,0,0,0,0,0
1,1,420403,0,0,0,0,0,0,0,0,0,0
2,1,420403,0,0,0,0,0,0,0,0,0,0
1,1,420404,0,0,0,0,0,0,0,0,0,0
2,1,420404,0,0,0,0,0,0,0,0,0,0
3,1,420404,0,0,0,0,0,0,0,0,0,0
1,1,420405,0,0,0,0,0,0,0,0,0,0
1,1,420406,0,0,0,0,0,0,0,0,0,0
2,1,420406,0,0,0,0,0,0,0,0,0,0
1,1,420407,0,0,0,0,0,0,0,0,0,0
2,1,420407,15,0,4,0,0,0,0,0,0,22
1,1,420408,22,22,22,22,22,22,22,22,22,22
2,1,420408,22,22,22,22,22,22,22,22,22,22
1,1,420409,0,0,0,0,0,0,0,0,0,0
1,1,420410,0,0,0,0,0,0,0,0,0,0
0,1,420411,0,0,0,0,0,0,0,0,0,0
1,1,420411,27,27,11,10,18,11,8,12,7,25
1,1,420412,14,14,14,14,14,14,14,14,14,14
1,1,420413,0,0,0,0,0,0,0,0,0,0
0,1,420414,0,0,0,0,0,0,0,0,0,0
1,1,420414,0,0,0,0,0,0,0,0,0,0
1,1,420415,0,0,0,0,0,0,0,0,0,0
2,1,420415,0,0,0,0,0,0,0,0,0,0
1,1,420416,19,19,19,19,19,19,19,19,19,19
1,1,420417,14,14,14,14,14,14,14,14,14,14
0,1,420418,21,0,20,19,13,0,16,0,0,36
1,1,420418,0,0,16,0,0,0,4,0,0,0
1,1,420419,0,0,0,0,0,21,0,0,0,0
0,1,420420,0,0,0,0,0,0,0,0,0,0
1,1,420420,0,0,0,0,0,0,0,0,0,0
1,1,420421,0,0,0,0,0,0,0,0,0,0
2,1,420421,0,0,0,18,0,14,0,0,0,0
1,1,420422,0,0,0,0,0,0,0,0,0,0
1,1,420423,0,0,0,0,0,0,0,0,0,0
1,1,420424,0,0,13,13,0,0,0,15,0,0
1,1,420425,0,0,0,0,0,0,0,0,0,0
1,1,420426,0,0,0,0,0,0,0,0,0,0
2,1,420426,0,0,0,0,0,0,0,0,0,0
1,1,420427,13,13,13,13,13,13,13,13,13,13
1,1,420428,18,18,18,18,18,18,18,18,18,18
1,1,420429,0,0,0,0,0,0,0,0,0,0
2,1,420429,0,0,0,0,0,0,0,0,0,0
1,1,420430,0,0,0,0,0,0,0,0,0,0
2,1,420430,0,0,0,25,0,0,0,0,0,0
1,1,420431,0,0,0,0,0,0,0,0,0,0
2,1,420431,0,0,0,0,0,0,0,0,0,0
1,1,420432,0,0,0,0,0,4,0,2,0,0
2,1,420432,0,0,0,0,0,0,0,0,0,0
1,1,420433,1,1,1,1,1,1,1,1,1,1
2,1,420433,0,0,0,0,0,0,0,0,0,0
0,1,420434,27,27,27,27,27,27,27,27,27,27
1,1,420434,11,11,11,11,11,11,11,11,11,11
0,1,420435,0,0,0,0,0,0,0,0,0,0
1,1,420435,0,13,26,9,13,0,0,12,0,0
2,1,420435,0,2,0,0,0,0,0,0,0,0
1,1,420436,0,0,0,0,0,0,0,0,0,0
2,1,420436,0,0,0,0,0,0,0,0,0,0
1,1,420437,23,23,23,23,23,23,23,23,23,23
1,1,420438,0,0,6,0,0,0,0,0,0,0
2,1,420438,0,0,0,0,0,0,0,0,0,0
1,1,420439,10,10,10,10,10,10,10,10,10,10
0,1,420440,27,27,27,27,27,27,27,27,27,27
1,1,420440,26,26,26,26,26,26,26,26,26,26
1,1,420441,0,9,0,0,0,0,0,0,0,0
2,1,420441,0,0,0,0,0,0,0,0,0,15
1,1,420442,24,24,24,24,24,24,24,24,24,24
1,1,420443,4,4,4,4,4,4,4,4,4,4
1,1,420444,8,8,8,8,8,8,8,8,8,8
1,1,420445,0,0,0,0,0,0,0,0,0,0
2,1,420445,0,0,0,0,0,0,0,0,0,0
1,1,420446,14,27,25,19,11,36,14,11,10,9
1,1,420447,0,0,0,0,0,0,0,0,0,0
2,1,420447,0,0,0,0,0,0,0,0,0,0
1,1,420448,16,16,16,16,16,16,16,16,16,16
1,1,420449,21,21,21,21,21,21,21,21,21,21
1,1,420450,22,22,22,22,22,22,22,22,22,22
1,1,420451,0,0,0,0,0,0,0,0,0,0
2,1,420451,0,0,0,0,24,0,0,0,0,0
1,1,420452,0,0,0,0,0,0,0,0,0,0
1,1,420453,0,0,0,0,0,0,0,0,0,0
1,1,420454,0,0,0,0,0,0,0,0,0,0
2,1,420454,0,0,0,0,0,0,0,0,0,0
1,1,420455,0,0,0,0,0,0,15,0,5,0
1,1,420456,0,0,0,0,0,0,0,0,0,0
2,1,420456,0,0,0,0,0,0,0,0,0,0
0,1,420457,0,0,0,0,0,0,0,0,0,0
0,2,420457,0,0,0,0,0,0,0,0,0,0
1,1,420457,0,0,0,0,0,0,0,0,0,0
1,1,420458,0,0,8,0,0,0,0,0,0,0
2,1,420458,0,0,0,0,0,0,0,0,0,0
1,1,420459,0,0,0,0,0,0,0,0,0,0
1,1,420460,0,0,0,0,0,0,0,0,0,0
2,1,420460,0,0,0,0,0,0,0,0,0,19
3,1,420460,0,0,0,0,0,0,6,0,0,0
1,1,420461,0,0,0,0,0,0,0,0,0,0
2,1,420461,0,0,0,0,0,0,0,0,0,0
1,1,420462,14,14,14,14,14,14,14,14,14,14
1,1,420463,14,0,0,0,0,14,0,0,0,7
2,1,420463,0,0,0,0,0,0,0,0,0,0
1,1,420464,0,0,0,0,0,3,0,7,0,0
2,1,420464,0,0,0,0,0,0,0,0,0,13
1,1,420465,0,0,16,0,0,0,0,0,0,0
1,1,420466,0,0,18,0,0,0,22,0,27,0
1,1,420467,9,9,9,9,9,9,9,9,9,9