VEH_NO,PER_NO,ST_CASE,P1,P2,P3,P4,P5,P6,P7,P8,P9,P10
2,1,420467,0,0,0,0,0,0,0,0,0,0
1,1,420468,0,0,0,0,0,0,0,0,0,0
1,1,420469,0,0,0,0,0,0,0,0,0,0
2,1,420469,0,0,0,0,0,0,0,0,0,0
1,1,420470,0,0,0,0,0,0,0,0,0,0
1,1,420471,0,0,0,0,0,0,0,0,0,0
0,1,420472,0,0,0,0,0,0,0,0,0,0
1,1,420472,0,0,11,0,0,0,0,0,0,0
1,1,420473,0,0,0,0,0,0,0,0,0,0
2,1,420473,0,0,0,0,0,0,0,0,0,0
1,1,420474,0,0,0,0,0,0,0,0,13,0
2,1,420474,0,0,0,0,8,0,0,0,0,0
1,1,420475,0,0,0,0,0,0,0,0,0,0
2,1,420475,0,0,0,0,0,0,0,0,0,0
0,1,420476,0,0,0,0,0,0,0,0,0,0
1,1,420476,0,0,0,0,0,0,0,0,0,0
1,1,420477,12,12,12,12,12,12,12,12,12,12
1,1,420478,0,0,0,0,20,0,0,0,0,0
1,1,420479,0,0,0,0,0,0,0,0,0,0
2,1,420479,0,6,0,0,0,0,0,0,0,0
1,1,420480,0,0,0,0,0,0,0,0,0,0
0,1,420481,0,0,0,0,0,0,0,0,0,0
1,1,420481,0,8,0,0,0,0,0,0,0,0
0,1,420482,0,0,0,0,0,0,0,0,0,0
1,1,420482,0,0,0,0,0,0,0,0,0,0
1,1,420483,0,0,0,0,0,0,0,0,0,0
1,1,420484,0,0,0,0,0,0,0,0,0,0
1,1,420485,0,0,0,0,0,0,0,0,0,0
2,1,420485,0,0,0,0,10,0,0,0,0,0
1,1,420486,23,23,23,23,23,23,23,23,23,23
1,1,420487,0,0,0,0,0,0,0,0,0,0
1,1,420488,0,0,0,20,0,0,0,0,0,0
1,1,420489,0,0,0,0,0,0,0,0,0,0
2,1,420489,0,0,0,0,0,0,0,0,0,0
1,1,420490,0,0,0,0,0,0,0,0,0,0
1,1,420491,0,0,0,0,0,0,0,0,0,0
1,1,420492,18,18,18,18,18,18,18,18,18,18
1,1,420493,18,18,18,18,18,18,18,18,18,18
1,1,420494,0,0,0,0,0,0,0,0,0,0
2,1,420494,0,0,8,0,0,0,17,0,8,0
1,1,420495,28,28,28,28,28,28,28,28,28,28
1,1,420496,26,28,21,9,13,9,19,26,24,32
2,1,420496,0,0,0,0,28,0,0,18,0,0
1,1,420497,0,0,0,0,0,0,0,0,0,0
2,1,420497,0,0,0,0,0,0,0,0,0,12
1,1,420498,0,0,0,0,0,0,0,0,0,0
1,1,420499,16,16,16,16,16,16,16,16,16,16
0,1,420500,0,0,0,0,0,0,0,0,0,0
1,1,420500,0,0,0,0,0,0,0,0,0,0
1,1,420501,12,12,12,12,12,12,12,12,12,12
1,1,420502,22,22,22,22,22,22,22,22,22,22
1,1,420503,0,0,0,0,0,0,0,0,0,0
1,1,420504,16,16,16,16,16,16,16,16,16,16
2,1,420504,0,0,0,0,0,0,0,0,0,0
1,1,420505,0,0,0,0,0,0,0,0,0,0
2,1,420505,0,0,0,0,0,0,0,0,0,0
1,1,420506,0,0,0,0,0,0,0,0,0,0
0,1,420507,0,0,0,0,0,0,0,0,0,0
1,1,420507,0,0,0,0,0,0,0,0,0,0
1,1,420508,14,14,14,14,14,14,14,14,14,14
1,1,420509,0,0,0,9,4,0,3,0,5,19
0,1,420510,0,0,0,0,0,0,0,0,0,0
1,1,420510,0,0,0,0,0,0,0,0,0,0
1,1,420511,0,0,0,4,14,0,0,0,0,0
2,1,420511,0,0,0,0,0,0,0,0,0,0
1,1,420512,18,0,0,0,0,0,0,0,0,0
2,1,420512,18,0,0,0,0,0,15,0,0,0
1,1,420513,0,0,0,0,0,0,0,0,11,14
2,1,420513,0,0,0,0,0,0,0,33,0,0
3,1,420513,0,0,0,0,0,0,0,0,0,0
1,1,420514,12,12,12,12,12,12,12,12,12,12
1,1,420515,0,0,0,0,0,0,0,0,0,0
0,1,420516,22,7,12,23,11,0,15,0,0,10
1,1,420516,0,0,0,16,0,0,0,0,0,0
2,1,420516,0,0,0,8,0,0,0,0,0,0
1,1,420517,0,0,0,8,0,0,10,0,22,27
2,1,420517,0,0,0,0,0,0,0,0,0,0
1,1,420518,0,0,0,0,0,0,17,0,0,25
2,1,420518,0,0,0,0,0,0,0,0,0,0
1,1,420519,19,19,19,19,19,19,19,19,19,19
2,1,420519,0,7,11,0,25,8,0,0,0,0
1,1,420520,0,14,0,14,0,0,0,9,8,5
2,1,420520,0,0,0,0,0,0,0,0,0,0
1,1,420521,28,28,28,28,28,28,28,28,28,28
1,1,420522,0,0,0,0,0,0,0,0,0,0
2,1,420522,4,4,4,4,4,4,4,4,4,4
1,1,420523,0,0,0,0,12,0,0,0,0,0
0,1,420524,0,0,0,0,0,0,0,0,0,0
1,1,420524,1,1,1,1,1,1,1,1,1,1
1,1,420525,0,0,0,0,0,0,0,0,0,0
2,1,420525,14,14,14,14,14,14,14,14,14,14
1,1,420526,0,0,0,0,0,0,0,0,0,0
2,1,420526,0,0,0,0,0,0,0,0,0,0
1,1,420527,0,0,0,0,0,0,0,0,0,0
1,1,420528,0,0,0,0,0,0,0,0,0,0
1,1,420529,0,0,0,0,0,0,0,0,0,0
1,1,420530,0,0,0,0,0,0,0,0,0,0
2,1,420530,0,0,0,0,0,0,0,0,0,0
1,1,420531,22,22,22,22,22,22,22,22,22,22
2,1,420531,0,0,0,0,0,0,0,0,0,0
1,1,420532,15,15,15,15,15,15,15,15,15,15
1,1,420533,15,15,15,15,15,15,15,15,15,15
1,1,420534,0,0,0,0,0,0,0,0,0,0
2,1,420534,0,0,0,0,0,0,0,0,0,0
3,1,420534,0,0,0,0,0,0,0,0,0,0
1,1,420535,0,19,0,0,0,0,15,14,0,0
0,1,420536,0,0,0,0,0,0,0,0,0,0
1,1,420536,0,0,0,0,0,0,0,0,0,0
1,1,420537,0,0,0,0,0,0,0,0,0,0
2,1,420537,0,0,0,0,0,0,0,0,0,0
3,1,420537,0,0,0,25,0,0,0,0,0,0
1,1,420538,0,0,0,0,0,0,0,0,0,0
2,1,420538,0,0,0,0,0,0,0,0,0,0
1,1,420539,0,0,0,0,0,0,0,0,0,0
2,1,420539,0,0,0,0,0,0,0,0,0,0
0,1,420540,0,0,0,0,0,0,0,0,0,0
1,1,420540,0,0,0,0,0,0,0,0,0,0
0,1,420541,0,0,0,0,0,0,0,0,0,0
1,1,420541,0,0,0,0,25,0,0,0,3,0
1,1,420542,0,0,0,0,0,0,0,0,0,0
0,1,420543,0,0,0,0,0,0,0,0,0,0
1,1,420543,0,0,0,0,0,0,0,0,0,0
1,1,420544,0,0,0,0,0,0,0,0,0,0
2,1,420544,0,0,0,0,0,0,0,0,0,0
1,1,420545,14,14,28,8,21,26,21,13,30,5
0,1,420546,0,0,0,0,0,0,8,0,0,0
1,1,420546,0,0,0,0,0,18,0,0,0,0
1,1,420547,0,0,0,0,0,0,0,0,0,0
2,1,420547,0,0,0,0,0,0,0,0,0,0
1,1,420548,0,0,0,0,0,0,0,0,0,0
1,1,420549,0,0,0,0,0,0,0,0,0,0
1,1,420550,0,0,0,0,0,0,0,0,0,0
2,1,420550,0,0,0,0,0,0,0,0,0,0
1,1,420551,33,33,33,33,33,33,33,33,33,33
1,1,420552,9,9,9,9,9,9,9,9,9,9
1,1,420553,0,0,0,0,0,0,0,0,0,0
1,1,420554,32,32,32,32,32,32,32,32,32,32
0,1,420555,13,13,13,13,13,13,13,13,13,13
1,1,420555,0,0,0,0,0,0,11,0,0,0
1,1,420556,0,11,5,0,0,0,0,0,0,0
2,1,420556,0,0,0,0,0,0,0,0,0,0
1,1,420557,19,19,19,19,19,19,19,19,19,19
2,1,420557,0,17,0,0,27,0,0,0,0,0
1,1,420558,19,19,19,19,19,19,19,19,19,19
1,1,420559,0,0,0,0,0,0,0,0,0,0
2,1,420559,0,0,0,0,0,0,0,0,0,0
1,1,420560,0,0,0,0,0,0,0,0,0,0
2,1,420560,0,0,0,0,0,0,0,0,0,0
1,1,420561,26,26,26,26,26,26,26,26,26,26
1,1,420562,25,25,25,25,25,25,25,25,25,25
2,1,420562,0,0,0,0,0,0,0,0,0,0
1,2,420563,20,12,12,31,12,0,22,14,16,24
1,1,420564,0,0,0,0,0,0,0,0,0,0
1,1,420565,0,0,0,0,0,0,10,0,0,0
2,1,420565,0,0,0,0,0,0,0,0,0,0
1,1,420566,0,0,0,0,0,0,0,0,0,0
2,1,420566,0,0,0,0,0,0,0,0,0,0
1,1,420567,0,0,0,0,0,0,0,0,0,0
2,1,420567,0,0,0,0,0,0,0,0,0,0
1,1,420568,0,0,0,0,0,0,0,0,0,0
1,1,420569,0,0,0,0,0,0,0,0,0,0
2,1,420569,0,0,0,0,0,0,0,0,0,16
1,1,420570,18,18,18,18,18,18,18,18,18,18
1,1,420571,29,29,29,29,29,29,29,29,29,29
2,1,420571,0,0,0,0,0,0,0,0,7,0
3,1,420571,0,0,0,0,0,0,0,0,0,0
1,1,420572,1,1,1,1,1,1,1,1,1,1
0,1,420573,6,6,6,6,6,6,6,6,6,6
1,1,420573,22,22,22,22,22,22,22,22,22,22
0,1,420574,0,0,0,0,0,0,0,0,0,0
1,1,420574,0,0,0,0,0,0,14,0,0,0
1,1,420575,0,0,0,0,0,0,0,0,0,0
1,1,420576,0,0,0,0,0,0,0,0,0,0
2,1,420576,0,0,0,0,0,0,0,0,0,0
1,1,420577,0,0,0,0,0,0,0,0,0,0
2,1,420577,0,0,0,0,0,0,0,0,0,0
3,1,420577,0,0,0,0,0,0,0,0,0,0
4,1,420577,0,0,0,0,0,0,0,0,0,0
5,1,420577,0,0,0,0,0,0,0,0,0,0
1,1,420578,0,0,0,0,0,0,0,0,0,0
2,1,420578,0,0,0,0,0,0,0,0,0,0
1,1,420579,21,21,21,21,21,21,21,21,21,21
1,1,420580,0,0,0,0,0,0,0,0,0,0
2,1,420580,0,0,0,0,0,0,0,0,0,0
1,1,420581,0,0,0,0,0,0,0,0,0,0
2,1,420581,0,0,0,0,0,0,0,9,0,3
1,1,420582,13,13,13,13,13,13,13,13,13,13
2,1,420582,0,0,0,0,0,0,0,0,0,0
1,1,420583,0,0,0,0,0,0,0,0,0,0
1,1,420584,0,0,0,0,0,0,0,0,0,0
1,1,420585,14,21,24,4,31,17,19,4,28,17
1,1,420586,0,0,0,0,0,0,0,0,0,0
1,1,420587,0,0,0,0,0,0,0,0,0,28
2,1,420587,0,0,0,0,0,0,0,0,0,0
1,1,420588,0,0,0,0,0,0,0,0,0,0
2,1,420588,0,0,0,0,0,0,0,0,0,0
1,1,420589,0,0,0,0,0,0,0,0,0,0
2,1,420589,0,0,20,14,0,0,0,0,0,0
1,1,420590,28,28,28,28,28,28,28,28,28,28
2,1,420590,0,0,0,0,0,0,0,0,0,0
1,1,420591,0,0,0,0,0,0,0,0,0,0
1,1,420592,0,0,0,0,0,0,0,0,0,0
1,1,420593,26,26,26,26,26,26,26,26,26,26
1,1,420594,0,0,0,0,0,0,0,0,0,0
1,1,420595,30,30,30,30,30,30,30,30,30,30
1,1,420596,0,0,0,0,0,0,0,0,0,0
2,1,420596,0,0,0,0,0,0,0,0,0,0
1,1,420597,0,0,0,0,0,0,0,0,0,0
2,1,420597,0,0,0,0,0,0,0,7,0,0
1,1,420598,4,4,4,4,4,4,4,4,4,4
2,1,420598,0,0,0,0,0,0,0,0,0,0
3,1,420598,0,0,0,0,0,0,0,0,0,0
1,1,420599,0,0,0,0,0,0,0,0,0,0
1,1,420600,0,0,0,0,0,0,0,0,0,0
2,1,420600,0,0,0,0,0,0,0,0,0,0
1,1,420601,0,0,0,0,0,0,0,0,0,0
2,1,420601,0,0,0,0,0,0,0,0,0,0
3,1,420601,0,0,0,0,0,0,0,0,0,0
4,1,420601,0,0,0,0,0,0,16,0,0,0
5,1,420601,0,0,0,0,0,0,0,0,0,0
6,1,420601,0,0,0,0,0,0,0,0,0,0
7,1,420601,0,0,0,0,0,0,0,0,33,0
8,1,420601,0,0,0,0,0,0,0,0,0,0
1,1,420602,0,0,0,0,0,0,0,0,0,0
2,1,420602,0,0,0,0,0,0,0,0,0,0
0,1,420603,0,0,0,0,0,0,0,0,0,0
1,1,420603,0,0,0,0,0,0,0,0,0,0
1,1,420604,0,0,0,0,0,0,0,0,0,0
1,1,420605,27,0,0,12,30,28,15,0,0,13
1,1,420606,0,0,0,0,0,0,0,0,0,0
1,1,420607,0,0,0,0,0,0,0,0,0,0
1,1,420608,26,26,26,26,26,26,26,26,26,26
1,1,420609,0,0,0,0,0,0,0,0,0,0
2,1,420609,0,0,0,0,0,0,0,0,0,0
1,1,420610,0,0,0,0,0,0,0,0,0,0
1,1,420611,29,29,29,29,29,29,29,29,29,29
1,1,420612,0,0,0,0,0,0,0,0,0,0
1,1,420613,0,0,0,0,0,0,0,0,0,0
1,1,420614,0,0,0,0,0,0,0,0,0,0
2,1,420614,0,0,17,0,0,0,0,0,0,0
1,1,420615,0,0,0,0,0,0,0,0,0,0
2,1,420615,0,0,0,0,13,0,7,0,0,0
1,1,420616,0,0,0,0,0,0,0,0,0,0
2,1,420616,0,0,0,0,0,0,0,0,0,0
1,1,420617,0,0,0,0,0,0,0,0,0,0
2,1,420617,0,0,0,0,0,0,0,0,0,0
1,1,420618,20,20,20,20,20,20,20,20,20,20
0,1,420619,0,0,0,0,0,0,0,0,0,0
1,1,420619,0,0,0,0,0,0,0,0,0,0
1,1,420620,0,0,0,0,0,0,0,0,0,0
1,1,420621,0,0,0,0,0,0,0,0,0,0
1,1,420622,7,7,7,7,7,7,7,7,7,7
0,1,420623,0,0,0,0,0,0,0,0,0,0
1,1,420623,0,0,0,0,0,0,0,0,0,0
2,1,420623,0,0,0,0,0,0,0,0,0,0
1,1,420624,23,23,23,23,23,23,23,23,23,23
0,1,420625,2,2,2,2,2,2,2,2,2,2
1,1,420625,0,0,0,0,0,0,0,0,0,0
1,1,420626,28,28,28,28,28,28,28,28,28,28
2,1,420626,0,0,0,0,0,0,0,0,8,0
3,1,420626,0,0,0,0,0,0,0,0,0,0
1,1,420627,0,0,0,0,0,0,0,0,0,0
2,1,420627,0,0,0,0,0,0,0,0,0,0
3,1,420627,0,0,0,0,0,0,0,0,0,0
1,1,420628,23,23,23,23,23,23,23,23,23,23
1,1,420629,31,31,31,31,31,31,31,31,31,31
1,1,420630,26,26,26,26,26,26,26,26,26,26
0,1,420631,0,0,0,0,0,0,0,0,0,0
1,1,420631,17,28,25,46,18,12,3,16,20,36
1,1,420632,0,0,0,0,0,8,0,0,0,0
2,1,420632,0,0,0,0,0,0,0,0,0,0
1,1,420633,21,21,21,21,21,21,21,21,21,21
1,1,420634,0,0,0,0,0,0,0,0,0,0
1,1,420635,13,13,13,13,13,13,13,13,13,13
2,1,420635,0,0,0,0,0,0,0,0,0,0
1,1,420636,0,0,0,0,0,0,0,0,0,0
1,1,420637,16,22,11,17,8,32,6,16,25,28
1,1,420638,0,0,0,0,0,0,0,0,0,0
2,1,420638,0,0,0,0,0,0,0,0,0,0
1,1,420639,0,0,0,0,0,0,0,0,0,0
2,1,420639,0,0,0,0,0,0,0,0,0,0
1,1,420640,5,5,5,5,5,5,5,5,5,5
2,1,420640,0,0,0,0,0,0,0,0,0,0
1,1,420641,6,6,6,6,6,6,6,6,6,6
2,1,420641,0,0,0,0,0,0,0,0,0,0
0,1,420642,20,20,20,20,20,20,20,20,20,20
1,1,420642,0,0,0,0,0,0,0,0,0,0
2,1,420642,9,0,20,0,0,19,0,0,0,13
1,1,420643,26,26,26,26,26,26,26,26,26,26
1,1,420644,0,0,0,0,0,0,12,0,0,0
2,1,420644,0,0,0,0,0,0,0,0,0,0
1,1,420645,0,0,0,0,0,0,0,0,0,0
2,1,420645,0,21,0,0,0,0,0,0,0,0
1,1,420646,0,0,0,0,0,17,0,0,0,0
2,1,420646,0,0,0,0,0,0,0,0,0,0
1,1,420647,12,12,12,12,12,12,12,12,12,12
1,1,420648,0,0,0,0,0,0,0,0,0,0
1,1,420649,0,0,0,0,0,0,0,0,0,0
2,1,420649,0,0,0,0,0,0,0,0,0,0
1,1,420650,18,18,18,18,18,18,18,18,18,18
1,1,420651,0,0,0,0,0,0,0,0,0,0
2,1,420651,0,0,0,0,0,0,0,0,0,0
1,1,420652,0,0,0,0,0,0,0,0,0,0
2,1,420652,0,0,0,0,0,0,0,0,0,0
1,1,420653,0,0,0,0,0,0,0,0,0,0
1,1,420654,16,16,16,16,16,16,16,16,16,16
1,1,420655,0,0,0,0,0,0,0,0,0,0
2,1,420655,0,0,0,0,0,0,0,0,0,0
1,1,420656,20,20,20,20,20,20,20,20,20,20
1,1,420657,0,0,0,0,0,0,0,0,0,0
2,1,420657,0,0,0,0,0,0,0,0,0,0
3,1,420657,0,0,0,0,0,0,0,0,0,0
1,1,420658,0,0,0,0,0,0,0,0,0,0
2,1,420658,0,0,0,0,0,0,0,0,0,0
1,1,420659,3,0,3,0,0,0,0,0,0,0
2,1,420659,0,0,0,0,0,0,0,0,0,0
3,1,420659,0,0,0,0,0,0,0,0,0,0
1,1,420660,0,0,0,0,0,0,0,0,0,0
2,1,420660,0,0,0,0,0,0,0,0,0,0
1,1,420661,0,0,0,0,0,0,0,0,0,0
2,1,420661,0,0,0,0,0,0,0,19,0,0
3,1,420661,0,0,0,0,0,0,0,0,0,0
1,1,420662,0,0,0,0,0,0,0,0,0,0
1,1,420663,0,0,0,0,0,0,0,0,0,0
2,1,420663,0,0,0,0,0,0,0,0,0,0
1,1,420664,0,0,0,0,0,0,0,0,0,0
2,1,420664,0,0,0,0,0,0,0,0,0,0
3,1,420664,0,0,0,0,0,0,0,0,0,0
4,1,420664,0,0,0,0,0,0,0,0,0,0
1,1,420665,0,0,0,0,0,0,0,0,0,0
1,1,420666,23,23,23,23,23,23,23,23,23,23
0,1,420667,0,0,0,0,0,0,0,0,0,0
1,1,420667,0,0,0,0,0,0,0,0,0,0
1,1,420668,0,0,0,0,0,0,0,0,0,0
2,1,420668,0,0,0,0,0,0,0,0,0,0
1,1,420669,0,0,0,0,0,0,0,0,0,0
1,1,420670,0,8,0,0,0,0,0,0,0,0
2,1,420670,0,0,0,0,0,0,0,0,0,0
3,1,420670,0,0,0,0,0,0,0,0,0,0
1,1,420671,0,0,0,0,0,0,0,0,0,0
1,1,420672,18,18,18,18,18,18,18,18,18,18
1,1,420673,0,0,0,0,0,0,0,0,0,0
2,1,420673,0,0,0,0,0,0,0,0,0,0
3,1,420673,0,0,0,0,0,0,0,0,0,0
4,1,420673,0,0,0,0,0,0,0,0,0,0
5,1,420673,0,0,0,0,0,0,0,0,0,0
1,1,420674,1,1,1,1,1,1,1,1,1,1
2,1,420674,0,0,0,0,0,0,0,0,0,0
1,1,420675,0,0,0,0,0,0,6,19,6,7
1,1,420676,0,0,0,0,0,0,0,0,0,0
1,1,420677,0,0,0,0,0,0,0,0,0,0
1,1,420678,0,0,0,0,0,0,0,0,0,0
2,1,420678,0,0,0,0,0,0,0,0,0,0
3,1,420678,0,0,0,0,0,0,0,0,0,0
1,1,420679,0,0,0,0,0,0,0,0,0,0
2,1,420679,0,0,0,0,0,0,0,0,0,0
1,1,420680,0,0,0,0,0,0,0,0,0,0
2,1,420680,0,0,0,0,0,0,0,0,0,0
1,1,420681,0,0,0,0,0,0,0,0,0,0
2,1,420681,0,0,0,0,0,0,0,0,0,0
1,1,420682,17,17,17,17,17,17,17,17,17,17
2,1,420682,0,0,0,0,0,0,0,0,0,0
1,1,420683,12,12,12,12,12,12,12,12,12,12
1,1,420684,0,0,17,0,0,0,0,0,0,0
1,1,420685,0,0,0,0,0,0,0,0,0,0
2,1,420685,0,0,0,0,0,0,0,0,0,0
1,1,420686,0,0,0,0,0,0,0,0,0,0
1,1,420687,12,12,12,12,12,12,12,12,12,12
1,1,420688,21,21,21,21,21,21,21,21,21,21
1,1,420689,0,0,0,0,0,0,0,0,0,0
1,1,420690,26,26,26,26,26,26,26,26,26,26
1,1,420691,14,14,14,14,14,14,14,14,14,14
0,1,420692,0,0,0,0,0,0,0,0,0,0
1,1,420692,0,0,0,0,0,0,0,0,0,3
1,1,420693,0,0,0,0,0,0,0,0,0,0
2,1,420693,0,0,0,0,0,0,5,0,0,0
3,1,420693,0,0,0,0,0,0,0,0,0,0
1,1,420694,0,0,0,0,0,0,0,0,0,16
2,1,420694,0,0,0,0,0,0,0,0,0,0
1,1,420695,17,17,17,17,17,17,17,17,17,17
1,1,420696,15,15,15,15,15,15,15,15,15,15
1,1,420697,29,29,29,29,29,29,29,29,29,29
1,1,420698,0,0,0,10,0,0,0,0,0,0
1,1,420699,0,0,0,0,0,0,0,0,0,0
1,1,420700,12,29,0,22,4,7,27,0,14,5
2,1,420700,0,0,0,0,0,0,0,0,0,0
3,1,420700,0,0,0,0,0,0,0,0,0,0
1,1,420701,12,12,12,12,12,12,12,12,12,12
1,1,420702,0,0,0,0,0,0,0,0,0,0
2,1,420702,0,0,0,0,0,0,0,0,0,0
1,1,420703,11,11,11,11,11,11,11,11,11,11
1,1,420704,7,29,24,12,28,2,15,12,16,14
2,1,420704,0,0,0,0,0,0,0,0,0,0
1,1,420705,0,0,0,0,0,0,0,0,0,0
1,1,420706,0,0,0,0,0,0,0,0,0,0
2,1,420706,0,0,0,0,11,0,0,0,0,0
1,1,420707,0,0,0,0,0,0,0,0,0,0
2,1,420707,0,0,0,0,0,0,0,0,0,0
1,1,420708,18,18,18,18,18,18,18,18,18,18
1,1,420709,0,0,0,0,0,0,0,0,0,0
2,1,420709,0,0,0,0,0,0,0,0,0,0
1,1,420710,26,10,29,16,21,16,19,36,21,37
2,1,420710,0,0,0,0,0,0,0,0,0,0
1,1,420711,24,24,24,24,24,24,24,24,24,24
1,1,420712,13,13,13,13,13,13,13,13,13,13
2,1,420712,0,0,0,0,0,0,0,0,0,0
1,1,420713,0,0,0,0,0,0,0,0,0,0
2,1,420713,0,0,0,0,0,0,0,0,0,0
1,1,420714,0,0,0,0,0,0,0,0,0,0
1,1,420715,6,6,6,6,6,6,6,6,6,6
1,1,420716,0,0,0,0,0,0,0,0,0,0
1,1,420717,0,0,0,0,0,0,0,14,0,0
2,1,420717,0,0,0,0,0,0,0,0,0,0
1,1,420718,0,6,0,0,0,0,0,0,0,0
2,1,420718,0,0,0,0,0,0,0,0,0,0
1,1,420719,26,26,26,26,26,26,26,26,26,26
1,1,420720,18,18,18,18,18,18,18,18,18,18
1,1,420721,0,0,0,0,0,0,0,0,0,0
1,1,420722,0,0,0,0,0,0,0,0,0,0
1,1,420723,0,0,0,0,0,0,0,0,0,0
2,1,420723,0,0,0,0,0,0,0,0,0,0
1,1,420724,0,0,0,0,0,0,0,0,0,0
2,1,420724,0,0,0,0,0,0,0,0,0,0
1,1,420725,22,22,22,22,22,22,22,22,22,22
1,1,420726,0,0,0,0,0,0,0,0,0,0
2,1,420726,0,0,0,0,0,0,0,0,0,0
0,1,420727,0,0,0,0,0,0,0,0,0,0
1,1,420727,0,0,0,0,0,0,0,0,0,0
1,1,420728,0,0,0,0,0,0,24,29,0,0
2,1,420728,0,0,0,0,0,0,0,22,9,0
1,1,420729,0,0,0,0,0,0,0,0,0,0
3,1,420729,0,0,0,0,0,0,0,0,0,0
4,1,420729,0,0,0,0,0,0,0,0,0,0
5,1,420729,0,0,0,0,0,0,0,0,0,0
1,1,420730,0,0,0,0,0,0,0,0,0,17
2,1,420730,0,0,0,0,0,0,0,0,0,0
1,1,420731,28,28,28,28,28,28,28,28,28,28
1,1,420732,7,7,7,7,7,7,7,7,7,7
2,1,420732,0,0,0,0,0,0,0,0,0,0
3,1,420732,0,0,0,0,0,0,0,0,0,0
4,1,420732,0,0,0,0,0,0,0,0,0,0
5,1,420732,0,0,0,0,0,0,0,0,0,0
1,1,420733,18,18,18,18,18,18,18,18,18,18
1,1,420734,0,0,0,0,0,0,0,0,0,0
1,1,420735,0,7,0,0,0,0,0,0,0,0
2,1,420735,26,26,26,26,26,26,26,26,26,26
1,1,420736,17,17,17,17,17,17,17,17,17,17
1,1,420737,0,0,0,0,13,0,7,0,0,0
1,1,420738,0,0,0,0,0,0,0,0,0,0
2,1,420738,0,0,0,0,0,0,0,0,0,0
1,1,420739,0,0,0,0,0,0,0,0,0,0
1,1,420740,16,16,16,16,16,16,16,16,16,16
0,1,420741,20,17,16,15,25,9,9,9,23,10
1,1,420741,0,0,0,0,0,0,0,0,0,5
1,1,420742,2,2,2,2,2,2,2,2,2,2
1,1,420743,0,0,0,0,0,0,0,0,7,0
2,1,420743,0,0,0,0,0,0,0,0,0,0
1,1,420744,0,0,0,0,0,0,0,0,0,0
2,1,420744,0,0,0,0,0,0,0,0,0,0
0,1,420745,0,0,0,0,0,0,0,0,0,0
1,1,420745,0,0,0,0,0,0,0,0,0,0
1,1,420746,0,0,0,0,0,0,0,0,0,0
2,1,420746,0,0,0,0,0,0,0,0,0,0
1,1,420747,0,0,0,0,0,0,0,0,0,0
1,1,420748,55,55,55,55,55,55,55,55,55,55
1,1,420749,0,0,0,0,0,0,0,0,0,0
2,1,420749,0,0,0,0,0,0,0,0,0,0
1,1,420750,26,26,26,26,26,26,26,26,26,26
1,1,420751,0,0,0,0,0,0,0,0,0,0
2,1,420751,0,0,0,0,0,0,0,0,0,0
1,1,420752,18,18,18,18,18,18,18,18,18,18
0,1,420753,0,0,0,0,0,0,0,0,0,0
1,1,420753,0,19,0,0,9,0,0,12,0,0
1,1,420754,18,18,18,18,18,18,18,18,18,18
1,1,420755,0,0,0,0,0,0,0,0,0,0
1,1,420756,0,0,0,0,0,0,0,0,0,0
2,1,420756,0,0,0,0,0,0,0,0,0,0
3,1,420756,33,0,0,0,0,0,0,0,0,0
1,1,420757,0,0,0,0,0,0,0,0,0,0
1,1,420758,19,19,19,19,19,19,19,19,19,19
1,1,420759,7,19,7,23,14,31,20,23,11,16
1,1,420760,11,9,0,10,0,0,0,0,0,0
1,1,420761,0,0,0,0,0,24,0,0,0,0
2,1,420761,0,0,0,0,0,0,0,0,0,0
1,1,420762,7,0,0,0,0,0,0,0,0,23
1,1,420763,0,0,0,0,0,0,0,12,0,9
1,1,420764,0,0,0,0,0,0,0,0,0,0
2,1,420764,0,0,0,0,0,0,0,0,0,0
1,1,420765,0,0,0,0,0,0,0,0,0,0
1,1,420766,0,0,0,0,0,0,0,0,0,0
0,1,420767,0,0,0,0,0,0,0,0,0,0
1,1,420767,0,0,0,0,0,0,0,0,0,0
1,1,420768,0,0,0,0,0,0,0,0,0,0
2,1,420768,0,0,0,0,0,0,0,0,0,0
3,1,420768,0,0,0,0,0,0,0,0,0,0
1,1,420769,0,0,0,0,0,0,0,0,0,0
1,2,420770,0,0,0,25,0,17,8,44,19,7
1,1,420771,0,0,0,0,0,0,0,0,0,0
2,1,420771,0,0,0,0,0,0,0,0,0,0
1,1,420772,0,0,0,0,0,0,0,0,0,0
2,1,420772,0,0,0,0,0,0,0,0,0,0
1,1,420773,12,12,12,12,12,12,12,12,12,12
1,1,420774,0,0,0,0,0,0,0,0,0,0
1,1,420775,0,0,0,0,0,0,0,0,0,0
2,1,420775,0,0,0,0,0,0,0,0,0,0
1,1,420776,22,5,0,0,0,22,0,0,0,0
1,1,420777,0,0,0,0,0,0,0,0,0,0
1,1,420778,0,0,0,0,0,0,0,0,8,0
2,1,420778,0,0,0,0,0,0,0,0,0,0
1,1,420779,0,0,0,0,0,0,0,0,0,0
1,1,420780,0,0,0,0,0,0,0,0,0,0
2,1,420780,0,0,0,0,0,0,0,0,0,0
1,1,420781,0,0,0,0,0,0,0,0,0,0