VEH_NO,PER_NO,ST_CASE,P1,P2,P3,P4,P5,P6,P7,P8,P9,P10
2,1,420781,0,0,0,0,0,0,0,0,0,0
1,1,420782,34,34,34,34,34,34,34,34,34,34
1,1,420783,15,15,15,15,15,15,15,15,15,15
2,1,420783,0,0,0,0,0,0,0,0,0,0
1,1,420784,0,0,0,0,0,0,0,0,0,0
2,1,420784,0,0,0,0,0,0,0,0,0,0
1,1,420785,0,0,0,0,0,0,0,0,0,0
2,1,420785,0,0,0,0,0,0,0,0,0,0
1,1,420786,16,0,0,0,0,0,0,0,0,0
2,1,420786,0,0,0,0,0,0,0,0,0,0
0,1,420787,0,0,0,0,0,0,0,0,0,0
1,1,420787,7,7,7,7,7,7,7,7,7,7
1,1,420788,27,27,27,27,27,27,27,27,27,27
1,1,420789,16,16,16,16,16,16,16,16,16,16
1,1,420790,15,15,15,15,15,15,15,15,15,15
1,1,420791,26,26,26,26,26,26,26,26,26,26
0,1,420792,13,13,13,13,13,13,13,13,13,13
1,1,420792,0,0,0,0,0,0,0,0,0,0
1,1,420793,0,0,0,0,0,0,0,0,0,0
2,1,420793,0,0,0,0,0,0,0,0,0,0
1,1,420794,23,23,23,23,23,23,23,23,23,23
1,1,420795,1,1,1,1,1,1,1,1,1,1
2,1,420795,7,0,0,0,16,0,0,0,0,0
1,1,420796,33,33,33,33,33,33,33,33,33,33
1,1,420797,0,0,0,0,0,0,0,0,0,0
0,1,420798,30,30,30,30,30,30,30,30,30,30
1,1,420798,6,3,0,0,0,0,0,0,0,0
1,1,420799,0,0,0,0,0,0,0,0,0,0
1,1,420800,0,0,0,0,0,0,0,0,0,0
2,1,420800,0,0,0,0,0,0,0,0,0,0
3,1,420800,0,0,0,0,0,0,0,0,0,0
4,1,420800,0,0,0,0,0,0,0,0,0,0
1,1,420801,21,21,21,21,21,21,21,21,21,21
1,1,420802,0,0,0,0,0,0,0,0,0,0
1,1,420803,6,6,6,6,6,6,6,6,6,6
1,1,420804,0,0,0,0,0,0,0,0,0,0
2,1,420804,0,0,0,0,0,0,0,0,0,0
0,1,420805,0,0,0,0,0,0,0,0,0,0
1,1,420805,0,0,0,0,0,0,0,0,0,0
1,1,420806,21,21,21,21,21,21,21,21,21,21
2,1,420806,0,0,0,0,0,0,0,0,0,0
0,1,420807,39,16,7,24,26,18,21,16,29,36
1,1,420807,0,0,0,0,0,0,0,0,0,0
1,1,420808,0,0,0,0,0,0,0,0,0,0
1,1,420809,0,0,0,0,0,0,0,0,0,0
2,1,420809,0,0,0,0,0,0,0,0,0,14
1,1,420810,0,0,0,0,0,0,0,0,0,0
2,1,420810,0,0,0,0,0,0,0,0,0,0
3,1,420810,0,0,0,0,0,0,0,0,0,0
1,1,420811,22,22,22,22,22,22,22,22,22,22
1,1,420812,0,0,0,0,0,0,0,0,0,0
2,1,420812,0,0,0,0,0,0,0,0,0,0
3,1,420812,0,0,0,0,0,0,0,0,0,0
4,1,420812,0,0,0,0,0,0,0,0,0,0
1,1,420813,28,28,28,28,28,28,28,28,28,28
1,1,420814,0,0,0,0,0,0,0,0,0,0
2,1,420814,0,0,0,0,0,0,0,0,0,0
3,1,420814,0,0,0,0,0,0,0,0,0,0
4,1,420814,0,0,0,0,0,0,0,0,0,0
5,1,420814,0,0,0,0,0,0,0,0,0,0
1,1,420815,0,0,0,0,0,0,0,0,0,0
1,1,420816,17,17,17,17,17,17,17,17,17,17
2,1,420816,4,4,4,4,4,4,4,4,4,4
1,1,420817,0,0,0,0,0,0,0,0,0,0
2,1,420817,0,0,0,0,0,0,0,0,0,0
3,1,420817,0,0,0,0,0,0,0,0,0,0
1,1,420818,0,0,0,0,0,0,0,0,0,0
2,1,420818,16,26,8,10,9,20,26,13,22,23
1,1,420819,0,0,0,0,0,0,0,0,0,0
1,1,420820,0,0,0,15,0,0,0,0,0,0
1,1,420821,0,0,0,0,0,0,0,0,0,0
2,1,420821,0,0,0,0,0,0,0,0,0,0
3,1,420821,0,0,0,0,0,0,0,0,0,0
1,1,420822,0,0,0,0,0,0,0,0,0,0
2,1,420822,0,0,0,0,0,0,0,0,0,0
1,1,420823,24,24,24,24,24,24,24,24,24,24
1,1,420824,16,0,12,3,13,4,0,18,0,0
1,1,420825,29,29,29,29,29,29,29,29,29,29
0,1,420826,0,0,0,0,0,0,0,0,0,0
1,1,420826,21,0,0,11,0,0,0,0,30,0
1,1,420827,14,14,14,14,14,14,14,14,14,14
1,1,420828,0,0,0,0,0,0,0,0,0,0
1,1,420829,0,0,0,0,0,0,0,0,0,0
1,1,420830,0,0,0,0,0,0,0,0,0,0
1,1,420831,29,29,29,29,29,29,29,29,29,29
1,1,420832,12,12,12,12,12,12,12,12,12,12
1,1,420833,9,9,9,9,9,9,9,9,9,9
1,1,420834,0,27,0,0,0,0,0,0,0,0
1,1,420835,13,13,13,13,13,13,13,13,13,13
1,1,420836,0,0,0,0,0,0,0,0,0,0
1,1,420837,0,0,0,0,0,0,0,0,0,0
1,1,420838,12,14,6,12,17,17,6,0,9,10
1,1,420839,0,0,0,0,0,0,0,0,0,0
2,1,420839,0,0,0,0,0,0,0,0,0,0
1,1,420840,15,15,15,15,15,15,15,15,15,15
1,1,420841,13,13,13,13,13,13,13,13,13,13
1,1,420842,0,0,0,0,0,0,0,0,0,0
0,1,420843,0,0,0,0,0,0,0,0,0,0
1,1,420843,0,0,0,0,0,0,0,11,0,0
1,1,420844,14,27,0,16,22,5,26,22,20,13
1,1,420845,0,0,0,0,0,0,34,0,0,0
1,1,420846,11,11,11,11,11,11,11,11,11,11
1,1,420847,10,10,10,10,10,10,10,10,10,10
2,1,420847,0,0,21,0,17,0,0,0,0,0
1,1,420848,0,0,0,0,0,0,0,0,0,0
1,1,420849,0,0,0,0,0,0,0,0,0,0
2,1,420849,0,0,0,0,0,0,0,0,0,0
1,1,420850,0,0,0,0,0,0,0,0,0,0
2,1,420850,0,0,0,0,8,0,0,0,0,0
1,1,420851,2,2,2,2,2,2,2,2,2,2
1,1,420852,0,0,0,0,0,0,0,0,0,0
2,1,420852,0,0,0,16,0,0,0,0,0,0
3,1,420852,0,0,0,0,0,0,0,0,0,0
1,1,420853,10,10,10,10,10,10,10,10,10,10
2,1,420853,0,0,0,0,0,0,0,0,0,0
1,1,420854,0,0,0,0,0,0,0,0,0,0
1,1,420855,0,0,0,0,0,0,0,0,0,0
1,1,420856,18,18,18,18,18,18,18,18,18,18
1,1,420857,0,0,0,0,0,0,0,0,0,0
2,1,420857,0,0,0,0,0,0,0,0,0,0
1,1,420858,18,18,18,18,18,18,18,18,18,18
1,1,420859,0,0,0,0,0,0,0,0,0,0
2,1,420859,2,2,2,2,2,2,2,2,2,2
1,1,420860,0,0,0,0,0,0,0,0,0,0
2,1,420860,0,0,0,0,0,0,0,0,0,0
1,1,420861,0,0,0,0,0,0,0,6,0,0
1,1,420862,0,0,0,0,0,0,0,0,0,0
2,1,420862,0,39,0,15,11,0,0,0,0,0
1,1,420863,0,0,0,0,0,0,0,0,0,0
2,1,420863,0,0,0,0,0,0,0,0,0,0
1,1,420864,0,0,0,0,0,0,0,0,0,0
2,1,420864,0,0,0,0,0,0,0,0,0,0
1,1,420865,11,11,11,11,11,11,11,11,11,11
1,1,420866,26,26,26,26,26,26,26,26,26,26
1,1,420867,0,0,0,12,0,0,0,0,11,0
2,1,420867,0,0,0,0,0,0,0,0,0,0
1,1,420868,14,14,14,14,14,14,14,14,14,14
1,1,420869,22,22,22,22,22,22,22,22,22,22
1,1,420870,17,17,17,17,17,17,17,17,17,17
2,1,420870,0,0,0,0,0,0,7,0,0,0
1,1,420871,13,16,8,4,50,16,16,9,21,15
1,1,420872,0,0,0,0,0,0,0,0,0,0
1,1,420873,0,0,0,0,0,0,0,0,0,0
0,1,420874,33,33,33,33,33,33,33,33,33,33
1,1,420874,0,0,0,0,0,0,0,0,0,18
1,1,420875,15,15,15,15,15,15,15,15,15,15
1,1,420876,0,0,0,0,0,0,0,0,0,0
2,1,420876,19,14,0,0,0,26,0,0,0,0
1,1,420877,0,0,0,0,0,0,0,0,5,0
2,1,420877,11,11,11,11,11,11,11,11,11,11
1,1,420878,10,10,10,10,10,10,10,10,10,10
1,1,420879,0,0,0,0,0,0,0,0,0,0
1,1,420880,0,0,0,0,0,0,0,0,0,0
2,1,420880,0,0,0,0,0,0,0,0,0,0
1,1,420881,0,0,0,0,0,0,0,0,0,0
2,1,420881,0,0,0,0,0,0,0,0,0,0
1,1,420882,3,3,3,3,3,3,3,3,3,3
2,1,420882,18,0,10,0,0,0,0,0,0,0
3,1,420882,0,0,0,0,0,0,0,0,0,0
1,1,420883,0,0,0,0,0,0,0,0,0,0
2,1,420883,0,0,0,0,0,0,0,6,0,0
3,1,420883,0,0,0,0,23,0,20,0,19,29
5,1,420883,32,0,0,0,0,0,0,0,0,17
1,1,420884,16,16,16,16,16,16,16,16,16,16
0,1,420885,0,0,0,0,0,0,0,0,0,0
1,1,420885,2,2,2,2,2,2,2,2,2,2
1,1,420886,0,0,0,0,0,0,0,0,0,0
2,1,420886,0,0,0,0,0,0,0,0,0,0
3,1,420886,0,0,0,0,0,0,0,0,0,0
1,1,420887,0,0,0,0,0,0,0,0,0,0
2,1,420887,0,0,0,0,0,0,0,0,0,0
1,1,420888,0,0,0,0,0,0,0,0,0,0
1,1,420889,19,19,19,19,19,19,19,19,19,19
1,1,420890,0,0,0,0,0,0,0,0,0,0
2,1,420890,0,0,0,0,0,0,0,0,0,0
3,1,420890,0,0,0,0,0,0,0,0,0,0
1,1,420891,0,0,0,0,0,0,0,0,0,0
2,1,420891,0,0,0,0,0,0,0,0,0,0
1,1,420892,0,0,0,0,0,0,0,0,0,0
1,1,420893,18,18,18,18,18,18,18,18,18,18
2,1,420893,0,0,0,9,0,0,0,0,0,0
1,1,420894,0,0,0,0,0,0,0,0,0,0
2,1,420894,22,15,0,0,0,0,0,0,0,20
1,1,420895,21,21,21,21,21,21,21,21,21,21
1,1,420896,16,16,16,16,16,16,16,16,16,16
0,1,420897,0,0,0,0,0,0,0,0,0,0
1,1,420897,0,0,0,0,0,0,0,0,0,0
0,1,420898,0,0,0,0,0,0,0,0,0,0
1,1,420898,0,0,5,0,0,0,0,0,0,0
2,1,420898,0,0,0,0,0,0,0,0,0,0
1,1,420899,0,0,0,0,0,0,0,0,0,0
2,1,420899,0,0,0,0,0,0,0,0,0,0
1,1,420900,0,0,0,0,0,0,0,0,0,0
2,1,420900,0,0,0,0,0,0,0,0,0,0
0,1,420901,0,0,0,0,0,14,0,17,0,0
1,1,420901,13,13,13,13,13,13,13,13,13,13
1,1,420902,20,20,20,20,20,20,20,20,20,20
2,1,420902,9,0,0,0,0,0,0,0,0,9
1,1,420903,0,7,17,15,0,0,0,0,0,25
1,1,420904,0,0,0,0,0,0,0,0,0,0
1,1,420905,0,0,0,0,0,0,0,0,0,0
2,1,420905,0,0,0,0,0,0,0,0,0,0
1,1,420906,0,0,0,0,0,0,0,0,0,0
1,1,420907,12,12,12,12,12,12,12,12,12,12
1,1,420908,0,0,0,0,15,16,5,0,0,8
1,1,420909,0,0,0,0,0,0,0,0,0,0
0,1,420910,0,0,0,0,0,0,0,0,0,0
1,1,420910,0,0,0,0,0,0,0,0,0,0
1,1,420911,24,24,24,24,24,24,24,24,24,24
1,1,420912,22,22,22,22,22,22,22,22,22,22
0,1,420913,20,20,20,20,20,20,20,20,20,20
1,1,420913,0,0,0,0,0,0,9,0,0,0
1,1,420914,0,0,8,0,0,0,0,0,0,0
2,1,420914,0,0,0,0,0,0,0,0,0,0
0,1,420915,24,24,24,24,24,24,24,24,24,24
1,1,420915,0,0,0,0,0,0,0,0,0,0
0,1,420916,15,15,15,15,15,15,15,15,15,15
1,1,420916,0,0,0,0,0,0,0,0,0,0
1,1,420917,0,0,0,0,0,0,0,0,0,0
2,1,420917,0,0,0,0,0,0,0,0,0,0
0,1,420918,44,0,30,12,0,19,16,26,0,15
1,1,420918,0,0,0,0,0,0,0,0,0,0
1,1,420919,0,0,0,0,0,0,0,0,0,0
0,1,420920,0,0,0,0,0,0,0,0,0,0
1,1,420920,0,0,0,0,0,0,0,0,0,0
1,1,420921,7,0,25,35,5,0,0,0,0,0
2,1,420921,0,0,0,0,0,13,0,0,0,0
1,1,420922,20,20,20,20,20,20,20,20,20,20
1,1,420923,20,24,15,30,25,21,12,35,16,23
1,1,420924,0,0,0,0,0,0,0,0,0,0
2,1,420924,0,0,0,0,0,0,0,0,0,0
0,1,420925,0,0,0,0,0,0,0,0,0,0
1,1,420925,0,0,0,0,0,0,0,0,0,0
1,1,420926,23,23,23,23,23,23,23,23,23,23
1,1,420927,0,0,0,0,0,0,0,0,0,0
1,1,420928,0,0,0,0,0,0,0,0,0,0
1,1,420929,11,11,11,11,11,11,11,11,11,11
1,1,420930,0,0,0,0,0,0,0,0,0,0
2,1,420930,0,0,0,0,0,0,0,0,0,0
1,1,420931,0,0,0,0,0,0,0,0,0,0
0,1,420932,0,0,0,0,0,0,0,0,0,0
1,1,420932,0,0,0,0,0,0,0,0,0,0
1,1,420933,17,34,20,24,31,27,7,15,3,12
1,1,420934,0,0,0,0,0,0,0,0,0,0
1,1,420935,25,25,25,25,25,25,25,25,25,25
1,1,420936,0,0,0,0,0,0,0,0,0,0
1,1,420937,0,0,0,0,0,0,0,0,0,0
2,1,420937,0,0,0,0,0,0,0,0,0,0
1,1,420938,0,0,0,0,0,0,0,0,0,0
2,1,420938,0,0,0,0,0,0,0,0,0,0
1,1,420939,0,0,0,0,0,0,0,0,0,0
2,1,420939,0,0,0,0,0,0,0,0,0,0
0,1,420940,0,0,0,0,0,0,0,0,0,0
1,1,420940,0,0,0,0,0,0,0,0,0,0
1,1,420941,14,14,14,14,14,14,14,14,14,14
1,1,420942,29,29,29,29,29,29,29,29,29,29
1,1,420943,0,0,0,0,0,9,0,0,0,0
2,1,420943,0,0,0,0,0,0,0,0,0,0
1,1,420944,3,3,3,3,3,3,3,3,3,3
1,1,420945,0,0,0,0,0,0,0,0,0,0
1,1,420946,12,12,12,12,12,12,12,12,12,12
2,1,420946,0,0,0,0,0,0,0,0,0,0
1,1,420947,0,0,0,0,0,0,0,0,0,0
0,1,420948,0,0,0,0,0,0,0,0,0,0
1,1,420948,0,0,0,0,0,0,21,0,17,0
1,1,420949,16,16,16,16,16,16,16,16,16,16
1,1,420950,21,8,9,5,38,21,19,9,17,28
1,1,420951,0,0,0,0,0,0,0,0,0,0
2,1,420951,0,0,0,0,0,0,0,0,0,0
3,1,420951,0,0,0,0,0,0,0,0,0,0
0,1,420952,0,24,0,21,0,7,0,0,16,26
1,1,420952,0,0,0,0,0,0,0,0,0,0
0,1,420953,0,0,0,0,0,0,0,0,0,0
1,1,420953,0,0,0,0,0,0,0,0,0,0
1,1,420954,15,15,15,15,15,15,15,15,15,15
1,1,420955,21,21,21,21,21,21,21,21,21,21
0,1,420956,28,28,28,28,28,28,28,28,28,28
1,1,420956,11,11,11,11,11,11,11,11,11,11
0,1,420957,19,0,0,11,8,0,17,14,0,16
1,1,420957,0,17,0,5,8,0,14,11,0,20
1,1,420958,5,5,5,5,5,5,5,5,5,5
1,1,420959,0,0,0,0,0,0,0,0,0,0
2,1,420959,0,0,0,0,0,0,0,0,0,0
1,1,420960,0,0,0,0,0,0,0,0,0,0
2,1,420960,0,0,0,0,0,0,0,0,0,0
1,1,420961,19,19,19,19,19,19,19,19,19,19
0,1,420962,0,0,0,0,0,0,0,0,0,0
1,1,420962,8,18,2,7,16,18,16,14,22,0
1,1,420963,0,0,0,0,0,0,0,0,0,0
2,1,420963,0,0,0,0,0,0,13,0,0,0
0,1,420964,0,0,0,0,0,0,0,0,0,0
1,1,420964,31,0,0,11,0,19,0,0,0,0
0,1,420965,0,0,0,0,0,0,0,0,0,0
1,1,420965,0,0,0,0,0,0,0,0,0,0
2,1,420965,0,0,0,0,0,0,0,0,0,0
1,1,420966,0,0,0,0,0,0,0,0,0,0
2,1,420966,0,0,0,0,0,0,0,0,0,13
1,1,420967,16,16,16,16,16,16,16,16,16,16
1,1,420968,0,0,0,0,0,0,0,0,0,0
1,1,420969,17,21,8,17,9,17,21,9,13,17
1,1,420970,0,0,0,0,0,0,0,0,0,0
2,1,420970,0,0,0,13,0,28,0,0,0,0
1,1,420971,0,0,0,0,0,0,0,0,0,0
1,1,420972,7,7,7,7,7,7,7,7,7,7
0,1,420973,18,18,18,18,18,18,18,18,18,18
1,1,420973,0,0,0,0,0,0,0,0,6,0
1,2,420974,4,0,0,0,0,0,0,0,0,0
1,1,420975,0,0,0,0,0,0,0,0,0,0
1,1,420976,17,17,17,17,17,17,17,17,17,17
2,1,420976,0,0,0,0,0,0,0,0,0,0
1,1,420977,20,20,20,20,20,20,20,20,20,20
2,1,420977,0,0,12,0,0,0,0,0,0,0
1,1,420978,0,0,0,0,0,0,0,0,0,0
2,1,420978,0,0,0,0,0,0,0,0,0,0
1,1,420979,0,0,0,7,15,13,22,26,0,10
1,1,420980,0,0,0,0,0,0,0,0,0,0
1,1,420981,0,0,0,0,0,0,0,0,0,14
2,1,420981,0,0,0,0,0,0,0,0,0,0
1,1,420982,0,0,0,0,0,0,0,0,0,0
2,1,420982,0,0,0,0,0,0,0,0,0,0
1,1,420983,0,0,0,0,0,0,0,0,0,0
2,1,420983,0,0,0,0,0,0,0,0,0,0
1,1,420984,28,28,28,28,28,28,28,28,28,28
2,1,420984,0,0,0,0,0,0,0,0,0,0
1,1,420985,29,29,0,25,24,17,32,13,6,27
1,1,420986,0,0,0,0,0,0,0,0,0,0
2,1,420986,0,0,0,0,0,0,0,0,0,0
1,1,420987,0,0,0,0,0,0,0,0,0,0
1,1,420988,19,19,19,19,19,19,19,19,19,19
1,1,420989,0,0,0,0,0,0,0,0,0,0
1,1,420990,26,26,26,26,26,26,26,26,26,26
1,1,420991,0,0,0,0,0,0,0,0,0,0
2,1,420991,0,0,0,19,6,0,0,13,0,0
1,1,420992,0,0,0,0,0,0,0,0,0,0
2,1,420992,0,9,0,0,0,0,0,0,0,0
3,1,420992,0,0,0,0,0,0,0,0,0,0
1,1,420993,0,0,0,0,0,0,0,0,0,0
2,1,420993,0,0,0,0,0,0,0,0,0,0
0,1,420994,0,0,0,0,0,0,0,0,0,0
1,1,420994,0,0,0,0,0,0,0,0,0,0
1,1,420995,0,0,0,0,0,0,0,0,0,0
2,1,420995,0,0,0,0,0,0,0,0,0,0
0,1,420996,0,0,0,0,0,0,0,0,0,0
1,1,420996,0,0,0,0,0,0,0,0,0,0
1,1,420997,0,0,0,0,0,0,0,0,0,0
2,1,420997,0,0,0,0,0,0,0,0,0,0
1,1,420998,0,0,0,0,0,0,0,0,0,0
2,1,420998,0,0,0,0,0,0,0,0,0,0
1,1,420999,6,6,6,6,6,6,6,6,6,6
2,1,420999,3,3,3,3,3,3,3,3,3,3
1,1,421000,23,23,23,23,23,23,23,23,23,23
1,1,421001,0,0,0,0,0,0,0,0,0,0
2,1,421001,0,0,0,0,0,0,0,0,0,0
1,1,421002,16,16,16,16,16,16,16,16,16,16
2,1,421002,0,9,0,0,0,0,12,0,0,0
1,1,421003,0,15,0,8,18,0,8,20,0,0
0,1,421004,0,0,0,0,0,0,0,0,0,0
1,1,421004,0,0,0,0,0,0,0,0,0,0
1,1,421005,2,0,0,0,0,0,0,0,0,0
1,1,421006,1,1,1,1,1,1,1,1,1,1
2,1,421006,0,0,0,0,0,0,0,0,0,0
0,1,421007,0,0,0,0,0,13,0,0,0,0
1,1,421007,0,0,0,0,0,0,0,0,0,0
1,1,421008,0,0,0,20,0,14,15,14,0,5
1,1,421009,21,21,21,21,21,21,21,21,21,21
1,1,421010,0,0,54,0,0,0,36,0,0,0
1,1,421011,23,23,23,23,23,23,23,23,23,23
1,1,421012,0,0,0,0,0,0,0,0,0,0
2,1,421012,0,0,0,0,0,0,0,0,0,13
1,1,421013,10,10,10,10,10,10,10,10,10,10
0,1,421014,24,24,24,24,24,24,24,24,24,24
1,1,421014,0,0,0,0,0,0,0,0,0,0
1,1,421015,0,0,0,0,0,0,0,0,0,0
1,1,421016,0,0,0,0,0,0,0,0,0,0
2,1,421016,0,0,0,0,0,0,0,0,0,0
1,1,421017,21,21,21,21,21,21,21,21,21,21
2,1,421017,0,0,0,0,0,0,0,0,0,0
4,1,421017,0,0,0,0,0,0,0,0,0,0
1,1,421018,0,0,0,0,0,0,0,0,0,0
1,1,421019,17,0,12,8,14,0,22,12,12,5
0,1,421020,0,0,0,0,0,0,0,0,0,0
0,2,421020,0,0,0,0,0,0,0,0,0,0
1,1,421020,0,0,0,0,0,0,0,0,0,0
2,1,421020,0,0,0,0,0,0,0,0,0,0
1,1,421021,0,0,0,0,0,0,0,0,0,0
0,1,421022,20,20,20,20,20,20,20,20,20,20
1,1,421022,11,11,11,11,11,11,11,11,11,11
1,1,421023,0,0,0,0,0,0,7,0,0,0
2,1,421023,0,0,0,0,0,0,0,0,0,0
1,1,421024,0,4,8,0,0,0,0,0,2,0
2,1,421024,0,0,0,0,0,0,0,0,0,0
1,1,421025,0,0,0,0,0,0,0,0,0,12
1,1,421026,20,20,20,20,20,20,20,20,20,20
0,1,421027,41,26,9,31,38,45,10,25,26,25
1,1,421027,9,0,0,0,0,0,16,0,21,17
2,1,421027,25,0,0,0,13,0,10,0,15,11
1,1,421028,0,0,0,0,0,0,0,0,0,0
0,1,421029,0,0,0,0,0,0,0,0,0,0
1,1,421029,0,0,0,0,0,0,0,0,0,0
1,1,421030,23,23,23,23,23,23,23,23,23,23
2,1,421030,0,0,0,0,0,0,0,0,0,0
1,1,421031,19,30,31,23,15,18,17,14,17,19
0,1,421032,0,16,31,0,24,0,15,0,4,0
1,1,421032,0,0,7,5,0,0,11,0,11,0
0,1,421033,0,0,0,0,0,0,0,0,0,0
1,1,421034,0,0,0,0,0,0,0,0,0,0
2,1,421034,0,0,0,0,0,0,0,0,0,0
1,1,421035,23,23,23,23,23,23,23,23,23,23
1,1,421036,0,0,0,0,0,0,0,0,0,0
1,1,421037,0,0,0,0,0,16,0,0,0,0
2,1,421037,0,0,0,0,0,0,0,0,0,0
3,1,421038,0,0,0,0,0,0,0,0,0,0
1,1,421039,0,0,0,0,0,0,0,0,0,0
1,1,421040,0,0,0,6,0,0,0,0,0,8
1,1,421041,0,0,0,0,0,0,0,0,0,0
2,1,421041,0,0,0,0,0,0,0,0,0,0
1,1,421042,0,0,0,0,0,0,0,0,0,0
2,1,421042,0,0,0,0,0,0,0,0,0,0
1,1,421043,0,8,0,5,0,0,4,0,0,0
1,1,421044,12,12,12,12,12,12,12,12,12,12
1,1,421045,21,21,21,21,21,21,21,21,21,21
1,1,421046,20,20,20,20,20,20,20,20,20,20
1,1,421047,0,0,0,0,0,0,0,0,0,0
2,1,421047,0,0,0,10,0,0,0,0,0,0
3,1,421047,0,0,0,0,0,0,0,0,0,0
0,1,421048,14,14,14,14,14,14,14,14,14,14
1,1,421048,0,7,18,5,22,24,13,18,29,0
0,1,421049,0,0,0,0,0,0,0,0,0,0
1,1,421049,14,0,0,0,0,0,0,0,0,13
1,1,421050,0,0,0,0,0,0,0,0,0,0
0,1,421051,12,12,12,12,12,12,12,12,12,12
0,2,421051,0,0,19,0,0,10,0,17,4,0
1,1,421051,24,24,24,24,24,24,24,24,24,24
1,1,421052,0,0,0,0,0,0,0,0,0,0
2,1,421052,0,0,0,0,0,0,0,0,0,0
1,1,421053,0,0,0,0,0,0,0,0,0,0
1,1,421054,10,10,10,10,10,10,10,10,10,10
0,1,421055,0,0,0,0,0,0,0,0,0,0
1,1,421055,0,0,0,0,0,0,0,0,0,0
1,1,421056,0,0,0,0,0,0,0,0,0,0
2,1,421056,6,0,0,0,0,0,0,0,0,12
1,1,421057,20,20,20,20,20,20,20,20,20,20
2,1,421057,0,0,0,0,0,0,0,0,0,0
0,1,421058,14,14,14,14,14,14,14,14,14,14
1,1,421058,0,0,0,0,0,0,0,0,0,0
1,1,421059,25,25,25,25,25,25,25,25,25,25
1,1,421060,0,0,0,0,0,0,0,0,0,0
2,1,421060,0,0,0,0,0,0,0,0,0,0
1,1,421061,0,0,0,0,0,0,0,0,0,0
0,1,421062,5,5,5,5,5,5,5,5,5,5
1,1,421062,0,0,0,0,0,0,0,0,0,0
0,1,421063,0,0,0,0,0,0,0,11,0,0
1,1,421063,0,0,0,0,0,0,0,0,0,0
1,1,421064,10,20,6,34,9,15,25,4,29,23
0,1,421065,0,19,0,0,0,0,0,0,0,0
1,1,421065,0,0,0,0,0,0,0,0,0,0
1,1,421066,0,0,0,0,0,0,0,21,0,0
2,1,421066,0,0,0,0,0,0,0,0,0,0
1,1,421067,0,0,0,0,0,0,0,0,0,0
2,1,421067,0,0,0,0,0,24,0,0,0,0
1,1,421068,0,0,0,0,0,0,0,0,0,0
2,1,421068,0,0,0,0,0,0,0,0,0,0
1,1,421069,0,0,0,0,0,0,0,0,4,0
2,1,421069,0,0,0,0,0,0,0,0,0,0
1,1,421070,0,0,0,0,0,0,0,0,0,0
1,1,421071,0,0,0,0,0,0,0,0,0,2
1,1,421072,0,0,0,0,0,0,0,0,0,0
2,1,421072,0,0,0,0,8,0,0,0,0,0
1,1,421073,0,0,0,0,0,0,0,0,0,0
2,1,421073,0,0,0,0,0,28,0,0,0,0
1,1,421074,0,0,0,0,0,0,0,0,0,0
2,1,421074,0,0,0,0,0,0,0,0,0,0
1,1,421075,0,0,0,0,0,0,0,0,0,0
1,1,421076,0,0,0,0,0,0,0,0,0,0
1,1,421077,0,0,0,0,0,0,0,0,0,0
2,1,421077,0,0,0,0,0,0,0,0,0,0
1,1,421078,0,0,0,0,0,0,0,0,0,0
1,1,421079,17,17,17,17,17,17,17,17,17,17
1,1,421080,0,0,10,0,0,0,0,19,0,0
1,1,421081,0,0,0,0,0,0,0,0,0,0
0,1,421082,0,0,0,0,0,0,0,0,0,0
1,1,421082,0,0,0,0,0,0,0,0,0,0
0,1,421083,22,22,22,22,22,22,22,22,22,22
1,1,421083,0,0,0,0,0,0,0,0,17,0
0,1,421084,0,27,0,0,0,0,0,0,0,0
1,1,421084,0,0,0,0,0,0,0,0,0,0
0,1,421085,13,13,13,13,13,13,13,13,13,13
1,1,421085,0,0,0,0,0,0,24,0,0,0
1,1,421086,0,0,0,0,0,14,0,0,0,0
2,1,421086,0,9,0,0,0,17,0,14,0,0
1,1,421087,0,0,0,0,0,0,0,0,0,0
2,1,421087,0,0,0,0,0,0,0,0,0,0
0,1,421088,0,0,0,0,0,0,0,0,0,0
1,1,421088,0,0,0,13,0,0,0,0,0,0
1,1,421089,14,14,14,14,14,14,14,14,14,14
2,1,421089,0,0,0,0,0,0,0,0,0,0
1,1,421090,0,0,0,0,0,0,0,0,0,0
0,1,421091,0,0,0,0,0,0,0,0,0,0
1,1,421091,0,23,0,0,0,0,0,0,0,0
1,1,421092,0,0,0,0,0,0,0,0,0,0
2,1,421092,5,3,0,0,0,0,0,0,0,0
1,1,421093,0,0,0,0,0,0,0,0,0,0
2,1,421093,0,0,0,0,0,0,0,0,0,0
1,1,421094,0,0,0,0,0,0,0,0,0,0
2,1,421094,0,0,0,0,0,0,0,0,0,0
1,1,421095,0,0,0,0,0,0,0,0,0,0