VEH_NO,PER_NO,ST_CASE,P1,P2,P3,P4,P5,P6,P7,P8,P9,P10
1,1,421096,0,0,0,0,0,0,0,0,0,0
0,1,421097,0,0,0,0,0,0,0,0,0,0
1,1,421097,0,0,0,0,0,0,0,0,0,0
1,1,421098,15,15,15,15,15,15,15,15,15,15
1,1,421099,33,19,15,0,14,17,14,10,14,26
2,1,421099,0,0,0,0,0,0,0,0,0,0
1,1,421100,0,0,0,0,0,0,0,0,0,0
2,1,421100,0,0,0,0,0,0,0,0,0,0
1,1,421101,0,0,0,0,0,0,0,0,0,0
2,1,421101,0,0,0,0,0,0,0,0,0,0
3,1,421101,0,0,0,0,0,0,0,0,0,0
4,1,421101,0,0,0,0,0,0,0,0,0,0
5,1,421101,0,0,0,0,0,0,0,0,0,0
1,1,421102,22,22,22,22,22,22,22,22,22,22
1,1,421103,0,0,0,0,0,0,0,0,0,0
1,1,421104,0,0,0,0,0,0,0,0,0,0
0,1,421105,0,0,0,0,0,0,0,0,0,0
0,2,421105,0,0,0,0,0,0,0,0,0,0
0,3,421105,0,0,0,0,0,0,0,0,0,0
1,1,421105,0,0,0,0,0,0,0,0,0,0
1,1,421106,0,0,0,0,0,0,0,0,0,0
1,1,421107,0,0,0,0,0,0,0,0,0,0
2,1,421107,0,0,0,0,0,0,0,9,0,0
1,1,421108,0,0,0,0,0,0,0,0,0,0
1,1,421109,0,0,10,18,0,0,0,0,0,9
1,1,421110,0,0,0,0,0,0,0,0,0,0
0,1,421111,0,0,0,0,0,0,0,0,0,0
1,1,421111,0,0,0,0,0,0,0,0,0,0
1,1,421112,23,23,23,23,23,23,23,23,23,23
1,1,421113,0,0,0,0,0,0,0,0,0,0
2,1,421113,0,0,0,0,0,0,0,0,0,0
3,1,421113,0,10,0,0,0,0,0,0,0,0
4,1,421113,0,0,0,0,0,0,0,0,0,0
0,1,421114,0,0,0,0,0,0,0,0,0,0
1,1,421114,0,0,0,0,0,0,0,0,0,0
1,1,421115,24,24,24,24,24,24,24,24,24,24
1,1,421116,0,0,0,0,0,0,0,0,0,0
1,1,421117,0,0,0,0,0,0,0,0,0,0
2,1,421117,0,0,0,0,0,0,0,0,0,0
1,1,421118,0,0,0,0,0,0,0,0,0,5
0,1,421119,0,0,0,7,0,0,0,0,0,0
1,1,421119,0,0,0,0,0,0,0,0,0,0
0,1,421120,25,13,21,28,21,22,38,31,18,14
1,1,421120,19,5,10,23,20,24,23,18,21,21
1,1,421121,0,0,0,0,0,0,0,0,0,0
2,1,421121,0,0,0,0,0,0,0,0,0,0
1,1,421122,0,0,0,0,0,0,0,0,0,0
2,1,421122,0,0,0,0,0,0,0,0,0,24
0,1,421123,23,23,23,23,23,23,23,23,23,23
1,1,421123,0,0,0,0,0,0,0,0,0,0
1,1,421124,27,27,27,27,27,27,27,27,27,27
1,1,421125,0,0,0,0,0,19,0,0,0,0
2,1,421125,0,0,0,0,0,0,0,0,0,0
1,1,421126,0,0,0,0,0,0,0,0,0,9
2,1,421126,0,0,0,0,0,0,0,0,0,0
1,1,421127,18,18,18,18,18,18,18,18,18,18
1,1,421128,0,0,0,0,0,0,0,21,0,0
1,1,421129,24,24,24,24,24,24,24,24,24,24
1,1,421130,0,0,0,0,0,0,0,0,0,0
2,1,421130,0,0,0,0,0,0,0,0,0,0
0,1,421131,0,19,42,0,20,0,14,0,32,24
1,1,421131,0,0,0,0,0,0,0,0,0,0
0,1,421132,0,5,0,20,0,0,0,0,16,0
1,1,421132,16,16,16,16,16,16,16,16,16,16
0,1,421133,0,0,0,0,0,13,0,0,0,0
1,1,421133,0,0,0,0,0,0,0,0,0,0
1,1,421134,0,0,0,0,0,0,0,0,0,0
1,1,421135,21,21,21,21,21,21,21,21,21,21
1,1,421136,0,0,0,0,0,0,0,0,0,0
1,1,421137,7,10,3,27,0,0,38,13,11,22
1,1,421138,21,21,21,21,21,21,21,21,21,21
1,1,421139,0,0,0,0,0,0,0,0,0,0
1,1,421140,0,0,0,0,0,0,0,0,0,0
2,1,421140,0,0,0,0,0,0,0,0,0,0
1,1,421141,0,0,0,0,0,0,0,0,0,0
2,1,421141,0,0,0,0,0,8,0,0,0,0
1,1,421142,12,12,12,12,12,12,12,12,12,12
1,1,421143,3,3,3,3,3,3,3,3,3,3
1,1,421144,31,31,31,31,31,31,31,31,31,31
1,1,421145,0,15,0,0,0,0,0,16,0,0
1,1,421146,0,0,0,0,0,0,0,0,0,0
1,1,421147,20,20,20,20,20,20,20,20,20,20
1,1,421148,0,0,0,0,0,0,0,0,0,0
1,1,421149,0,0,0,0,0,0,0,0,0,0
1,1,421150,18,18,18,18,18,18,18,18,18,18
1,1,421151,0,0,0,0,0,0,0,0,0,0
0,1,421152,0,0,10,6,0,0,0,0,0,0
1,1,421152,0,0,0,0,0,0,0,0,0,0
1,1,421153,19,19,19,19,19,19,19,19,19,19
1,1,421154,0,0,0,0,0,0,0,0,0,0
1,1,421155,16,16,16,16,16,16,16,16,16,16
2,1,421155,0,0,0,0,0,0,0,0,0,0
1,1,421156,20,20,20,20,20,20,20,20,20,20
1,1,421157,0,0,0,0,0,0,0,0,0,0
1,1,421158,35,35,35,35,35,35,35,35,35,35
1,1,421159,2,2,2,2,2,2,2,2,2,2
1,1,421160,1,1,1,1,1,1,1,1,1,1
1,1,421161,23,27,0,0,0,8,16,0,0,0
1,1,421162,0,0,0,0,0,0,0,0,0,0
2,1,421162,0,0,0,0,0,0,0,0,0,0
1,1,421163,0,0,0,0,0,0,0,0,0,0
1,1,421164,0,0,0,0,0,0,0,0,0,0
0,1,421165,10,10,10,10,10,10,10,10,10,10
1,1,421165,0,0,0,0,0,0,0,0,0,0
1,1,421166,24,24,24,24,24,24,24,24,24,24
0,1,421167,0,0,0,0,0,0,0,0,0,0
1,1,421167,0,0,0,0,0,0,0,0,0,0
0,1,421168,0,0,0,0,0,0,0,0,0,0
1,1,421168,0,0,0,0,0,0,0,0,0,0
1,1,421169,0,0,0,0,6,0,0,0,0,0
1,1,421170,0,0,0,0,0,0,0,0,0,0
1,1,421171,0,0,0,0,0,0,0,0,0,0
1,1,421172,25,25,25,25,25,25,25,25,25,25
1,1,421173,23,23,23,23,23,23,23,23,23,23
1,1,421174,30,9,18,6,13,15,12,20,35,15
1,1,421175,0,0,0,0,0,0,0,0,0,0
1,1,421176,24,24,24,24,24,24,24,24,24,24
1,1,421177,31,31,31,31,31,31,31,31,31,31
2,1,421177,0,13,0,0,0,0,0,0,0,0
1,1,421178,0,0,0,0,0,0,0,0,0,0
1,1,421179,0,0,0,0,0,0,0,0,0,0
1,1,421180,0,0,0,0,0,0,0,0,0,0
2,1,421180,0,0,0,17,0,8,0,0,0,0
3,1,421180,0,0,0,0,0,0,0,0,0,0
0,1,421181,9,9,9,9,9,9,9,9,9,9
1,1,421181,0,23,0,0,18,0,11,0,0,0
1,1,421182,0,0,0,0,0,0,7,0,0,0
1,1,421183,0,0,0,0,0,0,0,0,0,0
1,1,421184,0,0,0,0,0,0,0,0,0,0
1,1,421185,11,11,11,11,11,11,11,11,11,11
0,1,421186,27,27,27,27,27,27,27,27,27,27
1,1,421186,18,18,18,18,18,18,18,18,18,18
1,1,421187,3,3,3,3,3,3,3,3,3,3
1,1,421188,23,23,23,23,23,23,23,23,23,23
0,1,421189,29,29,29,29,29,29,29,29,29,29
1,1,421189,0,0,15,0,19,0,15,0,0,0
2,1,421189,0,0,0,0,0,0,0,0,0,0
1,1,421190,0,0,0,0,0,0,0,0,0,0
2,1,421190,0,0,0,0,0,0,0,0,0,0
1,1,421191,12,12,12,12,12,12,12,12,12,12
0,1,421192,0,0,0,0,0,0,0,0,0,0
1,1,421192,0,0,0,0,0,0,0,0,0,0
1,1,421193,0,0,0,0,0,0,0,0,0,0
2,1,421193,0,0,0,0,0,0,0,0,0,0
1,1,421194,9,0,0,0,18,0,0,0,0,0
1,1,421195,0,0,0,0,0,0,0,0,0,0
1,1,421196,0,0,0,0,0,0,0,0,0,0
1,1,421197,0,0,0,0,0,0,0,0,0,0
1,1,421198,0,0,0,0,0,0,0,0,0,0
1,1,421199,22,22,22,22,22,22,22,22,22,22
1,1,421200,0,0,0,0,0,0,0,0,0,0
1,1,421201,31,31,31,31,31,31,31,31,31,31
1,1,421202,29,8,26,20,30,15,23,33,19,15
1,1,421203,0,0,0,0,0,0,0,0,0,0
1,1,421204,7,0,0,0,0,2,0,0,0,0
1,1,421205,14,14,14,14,14,14,14,14,14,14
1,1,421206,28,28,28,28,28,28,28,28,28,28
1,1,421207,20,20,20,20,20,20,20,20,20,20
1,1,421208,0,0,0,0,0,0,0,0,0,0
0,1,421209,0,0,0,0,0,3,0,0,0,22
1,1,421209,0,0,11,0,0,0,0,0,0,0
1,1,421210,20,20,20,20,20,20,20,20,20,20
0,1,421211,0,0,0,0,0,0,0,0,0,0
1,1,421211,0,0,0,0,0,0,0,0,0,0
1,1,421212,0,0,0,0,0,0,0,0,0,0
2,1,421212,0,0,0,0,0,0,0,0,0,0
1,1,421213,15,15,15,15,15,15,15,15,15,15
3,1,421213,8,0,19,0,0,0,0,7,0,0
0,1,421214,0,0,0,0,0,0,0,0,0,0
1,1,421214,0,0,0,0,0,0,0,0,0,0
0,1,421215,0,0,0,0,0,0,0,0,0,0
1,1,421215,0,0,0,0,0,0,0,0,0,0
0,1,421216,10,10,10,10,10,10,10,10,10,10
1,1,421216,0,0,0,0,0,0,0,0,0,0
1,1,421217,0,0,0,0,0,0,0,0,0,0
2,1,421217,0,0,0,0,0,0,0,0,0,0
1,1,421218,18,18,18,18,18,18,18,18,18,18
2,1,421218,21,21,21,21,21,21,21,21,21,21
1,1,421219,13,13,13,13,13,13,13,13,13,13
1,1,421220,24,24,24,24,24,24,24,24,24,24
1,1,421221,11,11,0,28,0,21,0,23,9,0
0,1,421222,0,0,0,0,0,0,5,0,0,0
0,2,421222,0,0,38,0,7,29,0,0,0,0
1,1,421222,0,0,0,0,0,0,0,0,22,10
1,1,421223,0,0,0,0,0,0,12,0,0,0
2,1,421223,0,0,0,0,0,0,0,0,0,0
1,1,421224,34,11,24,11,7,14,21,29,13,11
1,1,421225,0,0,0,0,0,0,0,0,0,0
2,1,421225,0,0,0,0,0,0,0,6,0,0
1,1,421226,0,0,0,0,0,0,0,0,0,0
2,1,421226,0,0,0,0,0,0,0,0,0,0
1,1,421227,0,0,0,0,0,0,0,0,0,0
2,1,421227,0,0,0,0,0,0,0,0,0,0
1,1,421228,16,0,0,8,0,7,0,0,0,0
2,1,421228,0,0,0,22,0,0,0,0,0,0
3,1,421228,0,0,0,24,0,0,0,0,0,0
1,1,421229,0,0,0,0,0,0,0,0,0,0
2,1,421229,0,0,0,0,0,0,0,0,0,0
1,1,421230,0,0,0,0,0,0,0,0,0,0
2,1,421230,0,0,0,0,0,0,0,0,0,0
3,1,421230,0,0,0,0,13,0,0,0,0,0
4,1,421230,0,0,0,0,0,0,0,0,0,0
5,1,421230,0,0,0,0,0,0,0,0,0,0
1,1,421231,0,0,15,0,0,16,0,0,0,0
2,1,421231,0,0,0,0,0,0,0,0,0,0
1,1,421232,0,0,0,0,0,0,0,0,0,0
2,1,421232,0,0,0,0,0,0,0,0,0,0
1,1,421233,0,0,0,0,0,0,0,0,0,0
2,1,421233,0,0,0,0,0,0,0,0,0,0
1,1,421234,0,0,0,0,0,0,0,0,0,0
2,1,421234,4,4,4,4,4,4,4,4,4,4
1,1,421235,0,0,0,0,0,0,0,0,0,0
2,1,421235,0,0,0,0,0,0,0,0,0,0
1,1,421236,0,0,0,0,0,0,0,0,0,0
2,1,421236,0,0,0,0,0,0,0,0,0,0
3,1,421236,0,0,0,0,0,0,0,0,0,0
1,1,421237,0,0,0,0,0,0,0,0,0,0
1,1,421238,0,0,0,0,0,0,0,0,0,0
2,1,421238,0,0,0,0,0,0,0,0,0,0
3,1,421238,0,0,0,0,0,0,0,0,0,0
1,1,421239,0,0,0,0,12,0,11,0,0,0
1,1,421240,0,0,0,0,0,0,0,0,0,0
1,1,421241,0,0,0,0,0,0,0,0,0,0
2,1,421241,0,0,0,0,0,0,0,0,0,0
1,1,421242,43,6,11,0,0,21,14,0,0,13
1,1,421243,12,16,23,17,28,22,22,37,50,18
2,1,421243,0,0,0,0,5,0,18,0,0,0
1,1,421244,0,0,0,0,0,0,0,0,0,0
1,1,421245,0,0,0,0,0,0,0,0,0,0
1,1,421246,23,23,23,23,23,23,23,23,23,23
1,1,421247,22,22,22,22,22,22,22,22,22,22
2,1,421247,0,0,0,0,0,0,0,0,0,0
0,1,421248,30,30,30,30,30,30,30,30,30,30
1,1,421248,0,0,0,0,0,0,0,0,20,0
0,1,421249,0,0,0,0,0,0,0,0,0,0
1,1,421249,0,0,0,0,0,0,12,0,0,0
1,1,421250,11,13,19,24,21,35,21,15,16,21
1,1,421251,0,0,0,0,0,0,0,0,0,0
2,1,421251,0,0,0,0,0,0,0,0,0,0
0,1,421252,0,0,0,0,0,0,0,0,0,0
1,1,421252,0,0,0,0,0,0,0,0,0,0
0,1,421253,0,0,7,0,5,7,0,0,0,0
1,1,421253,15,15,7,18,0,13,17,14,7,8
1,1,421254,7,7,7,7,7,7,7,7,7,7
1,1,421255,17,17,17,17,17,17,17,17,17,17
1,1,421256,0,0,0,0,0,0,0,0,0,0
2,1,421256,0,0,0,0,0,0,0,0,0,0
1,1,421257,18,18,18,18,18,18,18,18,18,18
1,1,421258,0,0,0,0,0,0,0,0,0,0
2,1,421258,0,0,0,0,0,0,0,0,0,0
0,1,421259,12,0,13,0,0,0,18,13,31,12
1,1,421259,6,6,6,6,6,6,6,6,6,6
1,1,421260,12,12,12,12,12,12,12,12,12,12
2,1,421260,0,0,0,0,0,0,0,0,0,0
1,1,421261,20,20,20,20,20,20,20,20,20,20
2,1,421261,0,0,0,0,0,0,0,0,0,0
1,1,421262,25,25,25,25,25,25,25,25,25,25
2,1,421262,1,1,1,1,1,1,1,1,1,1
1,1,421263,0,0,0,0,0,0,0,0,0,0
2,1,421263,0,0,0,0,0,0,0,0,0,0
1,1,421264,0,0,0,0,0,0,0,0,0,0
2,1,421264,0,0,0,0,0,0,0,0,0,0
1,1,421265,0,0,0,0,0,0,0,0,0,0
2,1,421265,0,0,0,0,0,0,0,0,0,0
1,1,421266,0,0,0,0,0,0,0,0,0,0
2,1,421266,0,0,0,0,0,0,0,0,0,0
1,1,421267,0,0,0,0,0,0,0,0,0,0
2,1,421267,0,0,0,0,0,0,0,0,0,0
1,1,421268,0,0,0,0,0,0,0,0,0,0
2,1,421268,0,0,0,0,0,0,0,0,0,0
3,1,421268,0,0,0,0,0,0,0,0,0,20
1,1,421269,12,0,21,10,25,12,19,17,10,37
1,1,421270,15,15,15,15,15,15,15,15,15,15
1,1,421271,0,0,0,0,0,0,0,0,0,0
2,1,421271,0,0,0,0,0,0,0,0,0,0
3,1,421271,0,0,0,0,0,0,0,0,0,0
1,1,421272,0,0,0,0,0,0,0,0,0,0
2,1,421272,0,0,0,0,0,0,0,0,0,0
1,1,421273,19,19,19,19,19,19,19,19,19,19
2,1,421273,0,0,0,0,0,0,0,0,0,0
1,1,421274,0,0,0,0,0,0,0,0,0,0
2,1,421274,0,0,0,0,0,0,0,0,0,0
1,1,421275,22,22,22,22,22,22,22,22,22,22
1,1,421276,0,0,0,0,0,0,0,0,0,0
2,1,421276,0,0,0,0,0,0,0,0,0,0
1,1,421277,0,0,0,0,0,0,0,0,0,0
2,1,421277,0,0,0,0,0,0,0,0,0,0
1,1,421278,11,11,11,11,11,11,11,11,11,11
1,1,421279,0,0,0,0,0,0,0,0,0,0
2,1,421279,0,0,0,0,0,0,0,0,0,0
1,1,421280,0,0,0,0,0,0,0,0,0,0
0,1,421281,0,0,0,0,0,0,0,0,0,0
1,1,421281,0,0,0,0,0,0,0,0,0,9
1,1,421282,12,12,12,12,12,12,12,12,12,12
1,1,421283,0,0,0,0,0,0,0,0,0,0
2,1,421283,0,0,0,0,0,0,0,0,0,0
1,1,421284,0,0,0,0,0,0,0,0,0,0
2,1,421284,0,0,0,0,0,0,0,0,0,0
1,1,421285,12,0,22,0,0,30,0,0,0,15
1,1,421286,16,23,8,15,12,30,0,24,16,26
2,1,421286,0,0,0,0,0,0,0,0,0,0
1,1,421287,0,0,0,0,0,0,0,0,0,0
2,1,421287,0,0,0,0,0,0,0,0,0,0
1,1,421288,9,28,0,9,12,0,0,16,3,26
0,1,421289,0,0,0,0,0,0,0,0,0,0
1,1,421289,0,0,0,0,0,0,0,0,0,0
0,1,421290,22,22,22,22,22,22,22,22,22,22
1,1,421290,0,0,0,0,0,0,0,0,0,0
1,1,421291,21,21,21,21,21,21,21,21,21,21
2,1,421291,0,0,0,0,0,0,0,0,0,0
1,1,421292,16,16,16,16,16,16,16,16,16,16
2,1,421292,0,0,0,0,0,0,0,0,0,0
0,1,421293,0,0,0,0,30,0,0,0,0,0
1,1,421293,0,0,0,0,0,0,0,0,0,0
1,1,421294,0,0,0,0,0,0,0,0,0,5
0,1,421295,0,0,0,0,0,0,0,0,0,0
1,1,421295,0,0,0,0,0,0,0,0,0,0
1,1,421296,3,3,3,3,3,3,3,3,3,3
1,1,421297,28,28,17,10,18,17,8,3,20,0
2,1,421297,0,0,0,0,0,0,0,11,0,24
1,1,421298,6,6,6,6,6,6,6,6,6,6
0,1,421299,0,0,0,0,0,0,0,0,0,0
1,1,421299,16,11,10,16,17,26,20,4,0,19
1,1,421300,16,16,16,16,16,16,16,16,16,16
1,1,421301,0,0,0,0,0,0,0,0,0,0
2,1,421301,0,0,0,0,0,0,0,0,0,0
1,1,421302,0,0,0,0,0,0,0,0,0,0
2,1,421302,0,0,0,0,0,0,0,0,0,0
1,1,421303,0,0,10,0,0,41,0,16,0,0
2,1,421303,0,0,0,0,0,0,0,0,0,0
1,1,421304,0,0,0,0,0,0,0,0,0,0
0,1,421305,28,28,28,28,28,28,28,28,28,28
1,1,421305,0,0,0,0,0,16,0,0,0,0
1,1,421306,0,0,6,0,0,0,0,0,0,11
0,1,421307,33,33,33,33,33,33,33,33,33,33
1,1,421307,7,7,7,7,7,7,7,7,7,7
1,1,421308,0,0,0,0,0,0,0,0,6,0
2,1,421308,0,0,0,0,0,13,0,0,0,0
1,1,421309,0,0,0,18,13,0,0,0,16,0
1,1,421310,0,0,0,0,0,0,0,0,0,0
2,1,421310,0,0,0,0,0,0,0,0,0,0
3,1,421310,0,0,0,0,0,0,0,0,0,0
4,1,421310,0,0,0,0,0,0,0,0,0,0
0,1,421311,0,0,0,0,0,0,0,0,0,0
1,1,421311,0,0,0,0,0,0,0,0,0,0
1,1,421312,0,0,0,0,0,0,0,0,0,0
2,1,421312,0,0,0,0,0,0,0,0,0,0
0,1,421313,0,0,0,0,0,0,0,0,0,0
1,1,421313,0,0,0,0,0,0,0,0,0,0
1,1,421314,9,9,9,9,9,9,9,9,9,9
2,1,421314,2,2,2,2,2,2,2,2,2,2
1,1,421315,0,0,0,0,0,0,0,0,0,0
2,1,421315,0,0,0,0,0,0,0,0,0,0
1,1,421316,22,9,22,23,18,11,20,0,0,25
1,1,421317,28,28,28,28,28,28,28,28,28,28
1,1,421318,0,0,0,0,0,0,0,0,0,0
2,1,421318,14,0,0,0,24,0,0,0,0,0
1,1,421319,0,0,0,0,0,0,0,0,0,0
2,1,421319,0,12,0,0,0,0,0,0,0,0
1,1,421320,0,0,0,0,0,0,0,0,0,0
2,1,421320,0,0,0,0,0,0,0,0,0,0
1,1,421321,0,0,0,0,0,0,0,0,0,0
2,1,421321,0,0,0,0,0,0,0,0,0,0
1,1,421322,0,0,0,0,0,0,0,0,0,0
2,1,421322,0,0,0,13,0,0,0,0,0,0
3,1,421322,0,0,0,0,0,0,0,0,0,0
1,1,421323,0,0,0,0,0,0,0,0,0,0
1,1,421324,16,16,16,16,16,16,16,16,16,16
1,1,421325,0,0,0,0,0,0,0,0,0,0
2,1,421325,0,0,0,0,0,0,0,0,0,0
1,1,421326,6,0,0,4,0,4,18,14,3,8
0,1,421327,15,15,15,15,15,15,15,15,15,15
1,1,421327,0,0,0,0,0,0,0,0,0,0
1,1,421328,0,0,0,0,0,0,0,0,0,0
2,1,421328,0,0,0,0,0,0,0,0,0,0
0,1,421329,24,0,12,19,28,0,21,3,30,11
1,1,421329,0,0,0,0,0,0,0,0,0,0
1,1,421330,0,0,6,0,10,0,0,0,7,0
2,1,421330,20,0,0,0,28,0,0,17,0,0
1,1,421331,3,0,22,0,10,7,0,29,0,0
2,1,421331,3,3,3,3,3,3,3,3,3,3
3,1,421331,0,0,0,0,0,0,0,0,13,0
1,1,421332,0,0,0,0,0,0,0,0,0,0
1,1,421333,3,3,3,3,3,3,3,3,3,3
1,1,421334,20,20,20,20,20,20,20,20,20,20
1,1,421335,49,49,49,49,49,49,49,49,49,49
0,1,421336,0,0,0,0,0,0,0,0,0,0
1,1,421336,0,0,0,0,0,0,0,0,0,0
1,1,421337,0,0,0,0,0,0,0,0,0,0
2,1,421337,0,0,0,0,0,0,0,0,0,0
3,1,421337,0,4,0,0,0,0,0,0,0,0
1,1,421338,0,0,0,0,0,0,16,0,0,0
2,1,421338,0,0,0,0,0,0,0,0,0,0
1,1,421339,0,0,0,0,0,0,0,0,0,3
1,1,421340,0,0,0,0,0,4,0,0,0,0
2,1,421340,6,0,0,0,0,0,0,0,0,0
1,1,421341,18,18,18,18,18,18,18,18,18,18
2,1,421341,0,0,0,0,0,0,0,0,0,0
1,1,421342,0,0,0,0,0,0,0,0,0,0
1,1,421343,0,0,0,0,0,0,0,0,0,0
2,1,421343,0,0,0,0,0,0,0,0,0,0
1,1,421344,10,10,10,10,10,10,10,10,10,10
1,1,421345,17,0,3,0,13,12,0,0,0,0
2,1,421345,0,0,0,0,0,0,0,0,0,0
1,1,421346,0,0,0,0,0,0,0,0,0,0
2,1,421346,0,0,0,0,0,0,0,0,0,0
3,1,421346,0,0,0,0,0,0,0,0,0,0
1,1,421347,0,0,0,0,0,0,0,0,0,0
2,1,421347,0,0,0,0,0,0,0,0,0,0
1,1,421348,0,0,0,0,0,0,0,0,0,0
2,1,421348,0,0,0,0,0,0,0,0,0,0
0,1,421349,5,0,0,0,0,0,0,0,0,0
0,2,421349,0,0,0,10,2,0,0,0,0,0
0,3,421349,0,0,0,0,0,0,0,0,0,0
1,1,421349,0,0,0,0,0,0,0,0,0,0
1,1,421350,0,0,0,0,0,0,0,0,0,0
2,1,421350,0,0,0,0,0,0,0,0,0,0
1,1,421351,0,0,0,0,0,0,0,0,0,0
2,1,421351,0,0,0,0,0,0,0,0,0,0
3,1,421351,0,0,0,0,0,0,0,0,0,0
1,1,421352,29,9,9,40,17,23,17,26,13,24
1,1,421353,0,0,0,0,0,0,0,0,0,0
2,1,421353,0,0,0,0,0,0,0,0,0,0
1,1,421354,0,0,0,0,0,0,0,0,0,0
2,1,421354,0,0,0,0,0,0,0,0,0,0
1,1,421355,0,0,0,0,0,0,0,0,0,0
2,1,421355,0,0,0,0,0,0,0,0,0,0
1,1,421356,0,0,0,0,0,0,0,0,0,0
2,1,421356,0,0,0,0,0,0,0,0,0,0
1,1,421357,0,0,0,0,0,0,0,0,0,0
2,1,421357,0,0,0,0,0,7,0,0,0,0
4,1,421357,0,0,0,0,0,0,0,0,0,0
5,1,421357,0,0,0,0,0,0,0,0,0,0
1,1,421358,0,0,0,0,11,9,0,0,0,0
2,1,421358,0,0,0,0,0,0,0,0,0,23
3,1,421358,0,0,0,24,0,0,0,0,0,0
1,1,421359,9,12,0,0,14,11,0,5,16,0
1,1,421360,0,0,0,0,0,0,0,0,0,0
1,1,421361,0,0,0,0,0,0,0,0,0,0
2,1,421361,0,0,0,0,0,0,0,0,0,0
1,1,421362,0,0,0,0,0,0,0,0,0,0
1,1,421363,0,0,0,0,0,0,0,0,0,0
2,1,421363,0,0,0,0,0,0,0,0,0,0
1,1,421364,13,13,13,13,13,13,13,13,13,13
0,1,421365,17,17,17,17,17,17,17,17,17,17
1,1,421365,0,0,0,0,0,0,0,0,0,0
2,1,421365,0,0,0,0,0,0,0,0,0,0
1,1,421366,0,0,0,0,0,0,0,0,0,0
2,1,421366,0,0,0,0,0,0,0,0,0,0
1,1,421367,0,0,0,18,6,0,0,0,0,0
1,1,421368,28,28,28,28,28,28,28,28,28,28
2,1,421368,0,0,15,0,0,0,33,0,0,24
0,1,421369,0,0,0,0,0,0,5,0,0,9
1,1,421369,4,4,4,4,4,4,4,4,4,4
1,1,421370,0,0,0,0,0,0,0,0,0,0
2,1,421370,0,0,0,0,0,0,0,0,0,0
1,1,421371,19,19,19,19,19,19,19,19,19,19
2,1,421371,0,0,0,0,0,0,0,0,0,0
1,1,421372,10,24,12,20,20,9,10,16,22,11
1,1,421373,0,0,0,12,0,0,1,0,0,15
1,1,421374,0,0,0,0,0,0,0,0,0,0
1,1,421375,22,22,22,22,22,22,22,22,22,22
2,1,421375,0,0,0,0,0,17,0,17,0,0
1,1,421376,0,0,0,0,0,0,0,0,0,0
2,1,421376,0,0,0,0,0,0,0,0,0,0
1,1,421377,27,28,14,17,23,30,13,24,15,0
2,1,421377,6,6,6,6,6,6,6,6,6,6
3,1,421377,0,0,0,0,0,0,0,0,0,0
1,1,421378,0,12,0,0,0,0,0,0,0,0
1,1,421379,22,22,22,22,22,22,22,22,22,22
1,1,421380,10,10,10,10,10,10,10,10,10,10
1,1,421381,5,5,5,5,5,5,5,5,5,5
2,1,421381,0,0,0,0,0,0,0,0,0,0
1,1,421382,0,0,0,0,0,0,0,0,0,0
1,1,421383,3,11,0,0,0,0,0,0,6,0
1,1,421384,0,0,0,0,0,0,0,0,0,0
1,1,421385,0,0,0,0,0,0,0,0,0,0
2,1,421385,0,0,0,0,0,0,0,0,0,0
1,1,421386,18,18,18,18,18,18,18,18,18,18
1,1,421387,0,0,0,0,0,0,0,0,0,0
1,1,421388,0,0,0,0,0,0,0,0,0,0
2,1,421388,0,0,0,0,0,0,0,0,0,0
1,1,421389,0,0,0,0,0,0,0,0,0,0
1,1,421390,0,0,0,0,0,0,0,3,0,0
2,1,421390,0,0,0,0,0,0,0,0,0,0
1,1,421391,9,17,18,0,0,0,0,14,0,0
1,1,421392,21,29,43,9,26,14,29,15,30,22
1,1,421393,0,0,0,0,0,0,0,0,0,0
2,1,421393,0,0,0,0,0,0,0,0,0,0
0,1,421394,0,0,0,13,0,35,17,0,10,0
1,1,421394,0,0,0,0,0,0,0,0,0,0
1,1,421395,24,24,24,24,24,24,24,24,24,24
2,1,421395,0,0,0,0,0,0,0,0,0,0
1,1,421396,0,13,6,0,0,0,0,0,0,0
0,1,421397,0,0,0,0,0,0,0,0,0,0
0,2,421397,0,0,0,0,0,0,0,0,0,0
1,1,421397,0,0,0,0,0,0,0,0,0,0
2,1,421397,0,0,0,0,0,0,0,0,0,0
1,1,421398,16,16,16,16,16,16,16,16,16,16
1,1,421399,18,18,18,18,18,18,18,18,18,18
1,1,421400,10,22,16,21,13,10,14,14,20,18
0,1,421401,0,0,0,0,0,0,0,0,0,0
1,1,421401,0,0,0,0,0,0,0,0,0,0
1,1,421402,0,0,0,0,0,0,0,0,0,0
2,1,421402,0,0,0,0,0,0,0,0,0,0
1,1,421403,22,22,22,22,22,22,22,22,22,22
1,1,421404,9,9,9,9,9,9,9,9,9,9
2,1,421404,0,0,0,0,0,0,0,0,0,0
1,1,421405,0,0,0,0,0,0,0,0,0,0