VEH_NO,PER_NO,ST_CASE,P1,P2,P3,P4,P5,P6,P7,P8,P9,P10
2,1,421405,0,0,0,0,0,0,0,0,0,0
1,1,421406,0,0,0,0,0,0,0,0,0,0
2,1,421406,0,0,0,31,0,0,0,0,0,0
1,1,421407,0,14,0,0,44,0,0,0,0,0
2,1,421407,0,0,0,0,0,0,0,0,0,0
1,1,421408,0,0,3,0,6,11,0,0,0,0
0,1,421409,0,0,0,0,0,0,26,0,0,0
1,1,421409,0,0,0,13,0,0,0,0,0,0
1,1,421410,0,0,0,0,0,0,0,0,0,0
2,1,421410,0,0,0,0,0,0,0,0,0,0
1,1,440001,30,30,30,30,30,30,30,30,30,30
1,1,440002,0,0,0,0,0,0,0,0,0,0
2,1,440002,0,0,0,0,0,0,0,0,0,0
1,1,440003,6,6,6,6,6,6,6,6,6,6
1,1,440004,0,0,0,0,0,0,0,0,0,0
2,1,440004,0,0,0,0,0,0,0,0,0,0
1,2,440005,0,0,0,0,0,0,0,0,0,0
2,1,440005,0,0,0,0,0,0,0,0,0,0
1,1,440006,15,15,15,15,15,15,15,15,15,15
0,1,440007,31,31,31,31,31,31,31,31,31,31
1,1,440007,13,9,10,8,9,5,16,25,12,0
1,2,440008,20,13,9,12,8,9,10,9,12,8
1,1,440009,0,0,0,0,0,0,0,0,0,0
1,1,440010,0,0,0,0,0,0,0,0,0,0
1,1,440011,24,24,24,24,24,24,24,24,24,24
0,1,440012,4,4,4,4,4,4,4,4,4,4
1,1,440012,0,20,0,0,0,0,0,0,0,0
0,1,440013,19,19,19,19,19,19,19,19,19,19
0,2,440013,20,20,20,20,20,20,20,20,20,20
0,3,440013,5,24,17,0,0,0,0,0,0,0
0,4,440013,0,13,0,0,16,21,14,7,19,0
0,5,440013,0,0,0,6,9,28,0,18,22,0
1,1,440013,7,9,14,17,15,16,7,0,12,24
1,1,440014,22,3,0,0,29,0,0,0,0,6
2,1,440014,0,0,14,0,0,18,0,20,0,0
1,1,440015,0,0,0,0,0,0,0,0,0,0
2,1,440015,0,0,0,0,0,0,0,0,0,0
1,1,440016,13,13,13,13,13,13,13,13,13,13
1,3,440017,19,5,15,8,5,4,14,10,8,23
1,1,440018,2,2,2,2,2,2,2,2,2,2
2,1,440018,0,0,0,0,0,0,0,0,0,0
1,2,440019,0,9,0,0,0,0,0,0,0,0
2,1,440019,0,0,17,0,0,0,0,0,0,0
1,1,440020,0,0,0,0,0,0,0,0,0,0
0,1,440021,0,0,0,0,0,0,0,0,0,0
1,1,440021,0,0,0,0,0,0,0,0,0,0
1,1,440022,0,0,0,0,0,0,0,0,0,0
1,4,440023,3,12,0,12,0,0,4,0,0,0
1,1,440024,26,0,0,0,0,13,0,10,8,8
1,1,440025,16,16,16,16,16,16,16,16,16,16
2,1,440025,0,0,0,0,0,0,17,0,0,0
1,1,440026,0,0,0,0,0,0,0,0,0,0
2,1,440026,0,0,0,0,0,0,0,0,0,0
1,1,440027,0,0,0,0,0,0,0,0,0,0
2,1,440027,0,0,0,0,0,0,0,0,0,0
1,1,440028,0,11,12,0,0,0,0,0,0,0
0,1,440029,0,0,0,0,0,0,0,0,0,0
1,1,440029,0,0,0,0,0,0,0,0,0,0
1,1,440030,16,16,16,16,16,16,16,16,16,16
1,1,440031,0,0,0,0,0,0,0,0,0,0
2,1,440031,0,0,0,0,0,0,0,0,0,0
1,1,440032,25,25,25,25,25,25,25,25,25,25
0,1,440033,0,0,0,0,0,0,0,0,0,0
1,1,440033,5,5,5,5,5,5,5,5,5,5
1,1,440034,0,0,0,0,0,0,0,0,0,0
1,1,440035,20,20,20,20,20,20,20,20,20,20
1,2,440036,14,14,13,8,12,9,15,10,21,25
1,1,440037,0,0,0,0,0,0,0,0,0,0
2,1,440037,0,0,0,0,0,0,0,0,0,0
1,1,440038,23,23,23,23,23,23,23,23,23,23
1,1,440039,0,0,0,0,0,0,0,0,0,0
2,1,440039,0,0,0,0,0,0,0,19,0,0
3,1,440039,0,0,0,0,0,0,0,0,0,0
0,1,440040,0,0,0,0,0,0,0,0,0,0
0,2,440040,9,0,0,0,0,0,0,0,0,0
1,1,440040,0,22,0,0,0,0,0,0,0,9
1,2,440041,0,13,0,6,11,21,18,19,22,45
1,1,440042,0,0,0,0,0,0,0,0,0,0
2,1,440042,0,16,0,22,0,20,0,0,0,0
1,1,440043,0,0,0,0,0,0,0,0,0,0
2,1,440043,0,0,0,0,0,0,0,0,0,0
1,1,440044,14,14,14,14,14,14,14,14,14,14
1,1,440045,14,14,14,14,14,14,14,14,14,14
0,1,440046,12,12,12,12,12,12,12,12,12,12
0,2,440046,0,24,6,4,0,0,0,0,0,0
1,1,440046,0,0,0,0,0,0,0,0,0,0
1,2,440047,0,13,0,12,19,0,7,0,0,0
1,1,440048,5,5,5,5,5,5,5,5,5,5
1,1,440049,0,0,0,0,0,0,0,0,0,0
2,1,440049,0,0,0,0,0,0,0,0,0,0
1,1,440050,20,20,20,20,20,20,20,20,20,20
0,1,440051,0,0,0,0,0,0,0,0,0,0
1,1,440051,10,0,0,0,0,0,0,0,5,0
0,1,440052,19,19,19,19,19,19,19,19,19,19
1,1,440052,0,0,0,0,0,0,0,0,0,0
1,1,440053,0,0,0,0,0,0,0,0,0,0
2,1,440053,0,0,23,0,0,0,0,0,0,0
3,1,440053,0,0,0,0,0,0,0,0,0,10
0,1,440055,28,28,28,28,28,28,28,28,28,28
1,1,440055,0,0,0,7,0,10,0,0,0,0
2,1,440055,0,0,0,0,0,0,0,0,6,0
1,1,440056,0,0,0,0,0,0,0,0,0,0
2,1,440056,0,0,0,0,0,12,0,0,26,0
0,1,440057,0,0,0,0,0,0,0,0,0,0
1,1,440057,0,0,0,0,0,0,0,0,0,0
1,1,440058,26,26,26,26,26,26,26,26,26,26
1,4,440059,10,12,8,5,28,20,9,8,7,23
1,1,440060,0,0,0,0,0,0,0,0,0,0
1,1,440061,13,13,13,13,13,13,13,13,13,13
1,2,440062,11,15,11,25,0,16,15,25,26,5
1,1,440063,0,0,0,0,0,0,0,0,0,0
0,1,440064,27,27,27,27,27,27,27,27,27,27
1,1,440064,0,0,0,0,0,0,0,0,0,0
1,1,440065,21,21,21,21,21,21,21,21,21,21
2,1,440065,11,12,15,57,14,20,13,24,14,12
1,1,440066,0,0,0,0,0,0,0,0,0,0
0,1,440067,0,0,0,0,0,0,0,0,0,0
1,1,440067,0,0,0,0,0,0,0,0,0,0
2,1,440067,0,0,0,0,23,0,17,34,0,24
1,1,440068,0,0,0,0,0,0,0,0,0,0
2,1,440068,0,0,0,0,0,0,0,0,0,0
1,1,440069,0,0,0,0,0,0,0,0,0,0
2,1,440069,0,0,0,0,0,7,0,0,0,0
0,1,440070,0,0,0,0,0,0,0,0,0,0
1,1,440070,22,0,0,0,0,15,0,0,0,0
1,1,440071,0,0,0,0,0,0,0,0,0,0
2,1,440071,4,20,18,13,9,5,35,14,11,8
1,1,440072,0,0,0,0,0,0,0,0,0,0
1,1,440073,0,0,0,0,0,7,0,0,0,0
2,1,440073,0,0,0,0,0,10,13,0,20,0
1,1,450001,0,0,0,17,0,0,0,0,19,0
2,1,450001,17,17,17,17,17,17,17,17,17,17
1,1,450002,17,17,17,17,17,17,17,17,17,17
1,1,450003,0,0,0,0,0,0,0,0,0,0
2,1,450003,0,6,0,0,0,0,0,9,13,0
1,1,450004,0,0,0,0,0,0,0,0,0,0
2,1,450004,10,15,22,24,0,0,0,0,8,0
1,1,450005,1,1,1,1,1,1,1,1,1,1
1,1,450006,15,15,15,15,15,15,15,15,15,15
1,1,450007,0,0,0,0,0,0,0,0,0,6
2,1,450007,0,0,0,0,0,0,0,0,0,0
1,1,450008,0,0,0,0,0,0,0,0,0,0
2,1,450008,0,0,0,0,0,0,0,0,0,0
1,1,450009,0,0,0,0,0,0,0,0,0,0
0,1,450010,0,0,0,0,0,0,0,0,0,0
1,1,450010,0,0,0,0,0,0,0,0,0,0
1,1,450011,21,23,13,23,16,16,10,17,26,18
1,1,450012,42,42,42,42,42,42,42,42,42,42
1,1,450013,16,16,16,16,16,16,16,16,16,16
0,1,450014,34,0,21,24,26,19,22,31,0,21
1,1,450014,0,4,6,0,3,18,0,0,0,0
2,1,450014,0,0,0,0,21,0,0,19,0,0
0,1,450015,22,22,22,22,22,22,22,22,22,22
1,1,450015,13,13,13,13,13,13,13,13,13,13
1,1,450016,0,0,0,0,0,0,0,0,0,0
2,1,450016,0,0,0,0,20,0,0,0,11,0
1,1,450017,0,24,0,0,0,0,0,0,0,0
1,1,450018,13,0,10,38,19,25,12,3,12,22
1,1,450019,0,0,0,0,0,0,0,0,0,0
2,1,450019,0,0,22,0,0,5,0,0,15,0
1,1,450020,0,0,0,0,0,0,0,0,0,0
2,1,450020,0,0,0,0,0,0,0,0,0,0
1,1,450021,23,23,23,23,23,23,23,23,23,23
1,1,450022,0,0,0,0,0,0,0,0,0,0
1,1,450023,40,13,13,16,0,0,0,0,12,0
1,1,450024,0,0,0,0,0,0,0,0,0,0
2,1,450024,14,29,19,0,0,0,0,0,0,0
1,1,450025,0,0,0,0,0,0,0,0,0,0
1,1,450026,0,0,0,0,0,0,0,0,0,0
2,1,450026,0,9,7,0,0,0,0,0,0,0
1,1,450027,0,0,0,0,0,0,0,0,0,0
2,1,450027,0,0,0,0,0,0,0,0,0,0
1,1,450028,0,0,0,0,0,0,0,0,0,0
2,1,450028,0,0,0,20,35,0,0,0,0,18
1,1,450029,0,0,0,0,0,0,0,0,0,0
2,1,450029,0,0,0,0,0,0,0,0,0,0
1,1,450030,0,0,0,3,0,0,0,0,0,0
2,1,450030,0,0,0,0,0,0,0,0,0,0
1,1,450031,0,0,0,0,0,0,0,0,0,0
1,1,450032,0,0,0,0,0,0,0,0,0,0
2,1,450032,0,0,0,0,0,0,0,0,0,0
1,1,450033,0,0,10,11,0,0,0,0,15,16
1,1,450035,0,0,0,0,0,0,0,0,0,0
2,1,450035,0,0,0,0,17,0,0,0,0,0
1,1,450036,22,22,22,22,22,22,22,22,22,22
1,1,450037,0,0,0,0,0,0,0,0,0,0
0,1,450038,0,0,0,0,0,0,0,0,0,0
1,1,450038,0,0,0,0,10,0,0,0,0,0
0,1,450039,21,21,21,21,21,21,21,21,21,21
1,1,450039,21,21,21,21,21,21,21,21,21,21
2,1,450039,21,21,21,21,21,21,21,21,21,21
1,1,450040,9,9,9,9,9,9,9,9,9,9
0,1,450041,0,0,0,0,0,0,0,0,0,0
1,1,450041,0,0,0,0,0,0,0,0,0,0
1,1,450042,0,25,0,29,0,18,26,0,28,31
1,1,450043,44,35,6,35,19,19,18,24,10,28
1,1,450044,0,0,0,11,0,0,15,0,0,0
2,1,450044,0,0,0,0,0,0,0,0,0,0
1,1,450045,0,0,0,0,0,0,0,0,0,0
1,1,450046,16,16,16,16,16,16,16,16,16,16
1,1,450047,15,23,0,0,4,0,9,0,8,0
1,1,450048,0,32,0,0,0,0,0,0,15,0
2,1,450048,0,0,0,0,0,0,0,0,0,0
0,1,450049,0,0,0,0,0,0,0,0,0,0
1,1,450049,0,0,0,0,3,0,0,0,0,0
1,1,450050,0,0,0,0,0,0,0,0,0,0
2,1,450050,0,0,0,0,0,0,0,0,0,0
1,1,450051,0,0,0,0,0,22,27,0,13,14
2,1,450051,0,0,0,0,0,0,0,0,0,0
1,1,450052,0,0,0,0,0,0,0,0,0,0
2,1,450052,0,0,0,0,0,0,0,0,0,0
3,1,450052,0,0,0,0,0,0,0,0,0,0
0,1,450053,0,0,0,0,0,0,0,0,0,0
0,2,450053,0,0,0,0,0,0,0,0,0,6
1,1,450053,0,0,0,0,0,0,0,0,0,0
1,1,450054,0,0,0,0,0,0,0,0,0,0
2,1,450054,0,0,0,0,0,0,0,0,0,0
3,1,450054,0,0,0,0,0,0,0,0,0,0
1,1,450055,0,0,0,0,0,0,0,0,0,0
2,1,450055,0,0,0,0,0,0,0,0,0,0
1,1,450056,27,27,27,27,27,27,27,27,27,27
1,1,450057,0,0,0,0,0,0,0,0,0,0
2,1,450057,0,0,0,0,0,0,0,0,0,0
3,1,450057,0,0,0,0,0,0,0,0,0,0
1,1,450058,0,0,0,0,0,0,0,0,0,0
2,1,450058,6,6,6,6,6,6,6,6,6,6
3,1,450058,0,0,0,0,0,0,0,0,0,0
4,1,450058,0,0,0,0,0,0,0,0,0,0
5,1,450058,0,0,0,0,0,0,0,0,0,0
6,1,450058,0,0,0,0,0,0,0,0,0,0
1,1,450059,23,23,23,23,23,23,23,23,23,23
1,1,450060,0,0,0,0,0,0,7,0,0,0
2,1,450060,6,6,6,6,6,6,6,6,6,6
0,1,450061,0,0,0,0,0,0,0,0,0,0
1,1,450061,0,0,0,0,0,0,18,0,0,0
1,1,450062,0,0,9,0,7,26,0,0,51,17
2,1,450062,0,0,0,0,0,0,0,0,0,0
1,1,450063,0,0,0,0,0,0,0,0,0,0
2,1,450063,0,0,0,0,0,0,0,0,0,0
1,1,450064,23,23,23,23,23,23,23,23,23,23
1,1,450065,0,0,17,0,0,29,45,21,10,0
2,1,450065,16,16,16,16,16,16,16,16,16,16
0,1,450066,0,0,0,0,0,0,0,0,0,0
1,1,450066,0,0,0,0,0,0,0,0,0,0
2,1,450067,0,0,0,0,0,0,0,0,0,0
3,1,450067,0,0,0,0,0,0,0,0,0,0
1,1,450068,14,14,14,14,14,14,14,14,14,14
1,1,450069,0,0,0,0,0,0,0,0,0,0
2,1,450069,22,22,22,22,22,22,22,22,22,22
1,1,450070,0,0,0,0,0,0,0,0,0,0
2,1,450070,0,0,0,0,0,0,0,0,0,0
1,1,450071,23,23,23,23,23,23,23,23,23,23
1,1,450072,0,0,0,0,0,9,0,0,0,0
2,1,450072,0,0,0,0,0,0,0,0,0,0
1,1,450073,0,0,0,0,0,0,0,0,0,0
2,1,450073,0,19,0,0,0,0,0,7,0,0
1,1,450074,28,28,28,28,28,28,28,28,28,28
1,1,450075,17,18,6,8,14,15,0,6,12,29
1,1,450076,0,0,0,8,0,0,0,0,0,0
1,1,450077,0,0,21,15,0,0,0,0,0,0
2,1,450077,0,0,0,0,0,0,0,0,0,0
1,1,450078,0,0,0,0,0,0,0,0,0,0
1,1,450079,0,17,0,0,5,0,0,0,0,0
2,1,450079,0,0,0,0,0,0,0,0,0,0
1,1,450080,0,0,0,0,0,0,0,0,0,0
1,1,450081,0,0,0,0,0,0,0,0,0,0
2,1,450081,0,0,0,0,0,0,0,0,0,0
1,1,450082,0,0,0,0,0,0,0,0,0,0
2,1,450082,0,0,0,30,0,13,0,0,5,0
1,1,450083,0,0,0,0,0,0,0,0,0,0
1,1,450084,0,0,0,0,0,0,0,0,0,0
2,1,450084,0,0,0,0,0,0,0,0,0,0
1,1,450085,0,0,0,0,0,0,0,0,0,0
1,1,450086,0,0,0,0,0,0,0,0,0,0
2,1,450086,0,0,0,0,0,0,0,0,0,0
3,1,450086,0,0,0,0,0,0,0,0,0,0
1,1,450087,18,18,18,18,18,18,18,18,18,18
1,1,450088,1,1,1,1,1,1,1,1,1,1
1,1,450089,22,0,41,16,16,0,0,16,0,12
1,1,450090,30,30,30,30,30,30,30,30,30,30
1,1,450091,13,15,9,7,16,0,0,3,0,11
0,1,450092,7,7,7,7,7,7,7,7,7,7
1,1,450092,11,0,0,2,11,0,0,0,0,0
1,1,450093,0,0,0,0,0,0,0,0,0,0
1,1,450094,9,9,9,9,9,9,9,9,9,9
1,1,450095,32,18,13,19,19,29,14,20,32,13
2,1,450095,0,0,0,0,0,0,0,0,0,0
1,1,450096,0,0,0,0,7,0,0,0,0,0
2,1,450096,0,0,0,0,0,0,0,0,0,0
1,1,450097,13,0,0,0,8,11,16,0,0,0
1,1,450098,0,0,0,0,0,16,23,0,0,4
0,1,450099,0,0,0,0,0,0,0,0,0,0
1,1,450099,27,0,13,0,0,0,0,10,37,0
1,1,450100,0,0,9,0,0,0,0,25,0,0
1,1,450101,0,0,0,0,0,0,0,0,0,0
2,1,450101,17,17,17,17,17,17,17,17,17,17
1,1,450102,24,24,24,24,24,24,24,24,24,24
1,1,450103,15,10,9,20,11,7,12,11,10,12
1,1,450104,0,0,0,9,0,0,5,0,0,0
2,1,450104,0,0,0,0,0,0,0,0,6,0
1,1,450105,23,23,23,23,23,23,23,23,23,23
2,1,450105,0,0,0,0,0,0,0,0,0,0
0,1,450106,28,28,28,28,28,28,28,28,28,28
1,1,450106,0,0,0,0,0,10,0,0,0,0
0,1,450107,0,0,0,0,0,0,0,0,0,0
1,1,450107,0,0,13,24,0,0,20,0,15,0
1,1,450108,0,0,0,0,0,0,0,0,3,0
2,1,450108,0,0,0,0,12,0,0,0,0,0
1,1,450109,24,24,24,24,24,24,24,24,24,24
1,1,450110,12,16,20,17,17,29,19,28,32,17
1,1,450111,26,26,26,26,26,26,26,26,26,26
1,1,450112,14,14,14,14,14,14,14,14,14,14
1,1,450113,0,0,0,0,0,0,0,0,0,0
1,1,450114,13,13,13,13,13,13,13,13,13,13
1,1,450115,0,0,0,0,0,0,0,0,0,0
1,1,450116,4,4,4,4,4,4,4,4,4,4
1,1,450117,20,10,14,26,12,19,17,22,10,11
1,1,450118,0,0,0,0,0,0,0,0,0,0
2,1,450118,0,0,0,0,10,0,0,11,0,0
1,1,450119,18,18,18,18,18,18,18,18,18,18
1,1,450120,17,17,17,17,17,17,17,17,17,17
1,1,450121,26,26,26,26,26,26,26,26,26,26
1,1,450122,0,14,9,12,0,14,0,0,0,0
2,1,450122,0,0,0,0,0,0,0,0,0,0
1,1,450123,0,0,0,0,0,0,0,0,0,0
1,1,450124,0,0,0,0,0,0,0,0,0,0
2,1,450124,0,0,0,0,2,0,11,0,0,0
1,1,450125,32,32,32,32,32,32,32,32,32,32
0,1,450126,0,0,9,15,0,13,6,0,0,0
1,1,450126,0,0,0,0,0,0,0,0,0,0
1,1,450127,0,0,0,0,0,0,0,0,0,0
1,1,450128,0,0,17,0,0,14,7,0,0,0
2,1,450128,26,0,0,0,0,0,0,0,0,0
1,1,450129,15,13,34,20,27,30,25,27,11,11
1,1,450130,0,0,0,0,0,0,0,0,0,0
1,1,450131,18,18,18,18,18,18,18,18,18,18
1,1,450132,2,2,2,2,2,2,2,2,2,2
2,1,450132,0,0,31,0,14,0,0,0,10,19
3,1,450132,11,11,11,11,11,11,11,11,11,11
1,1,450133,0,0,0,0,0,20,0,0,0,12
2,1,450133,0,0,17,20,16,8,20,0,18,11
1,1,450134,21,21,21,21,21,21,21,21,21,21
1,1,450135,0,0,0,0,0,0,0,0,0,0
2,1,450135,0,0,0,0,0,0,0,0,0,0
3,1,450135,0,0,0,0,0,7,0,0,0,0
1,1,450136,0,0,0,0,0,0,0,0,0,0
2,1,450136,0,4,5,0,0,0,0,0,0,0
1,1,450137,8,0,0,0,0,0,0,0,0,0
2,1,450137,0,0,0,0,0,0,0,0,0,0
1,1,450138,0,34,20,12,17,5,8,0,0,6
1,1,450139,0,0,0,0,0,0,0,0,0,0
1,1,450140,0,0,0,0,0,0,0,0,0,0
1,1,450141,0,0,0,0,0,20,0,0,0,0
2,1,450141,0,0,0,0,0,0,0,0,0,0
3,1,450141,0,0,0,0,0,0,0,0,0,0
1,1,450142,0,0,0,0,0,0,0,0,0,0
0,1,450143,19,19,19,19,19,19,19,19,19,19
1,1,450143,0,0,17,7,0,2,2,12,0,9
1,1,450144,0,0,0,0,0,0,0,0,0,0
2,1,450144,0,0,0,0,0,0,0,20,14,0
1,1,450145,0,0,0,0,0,0,0,0,0,0
2,1,450145,0,0,33,0,0,8,0,0,0,0
1,1,450146,17,17,17,17,17,17,17,17,17,17
1,1,450147,0,0,0,16,0,0,29,0,0,0
2,1,450147,13,13,13,13,13,13,13,13,13,13
1,1,450148,15,15,15,15,15,15,15,15,15,15
1,1,450149,17,17,17,17,17,17,17,17,17,17
1,1,450150,0,0,0,0,0,0,0,0,0,0
1,1,450151,16,17,18,16,0,13,13,13,0,7
1,1,450152,5,20,14,10,23,21,6,0,23,17
2,1,450152,0,0,3,0,0,0,0,0,0,0
3,1,450152,16,16,16,16,16,16,16,16,16,16
1,1,450153,0,0,0,0,0,0,0,21,16,0
2,1,450153,0,0,0,0,0,0,0,0,0,0
1,1,450154,0,0,0,0,0,0,0,0,0,0
2,1,450154,0,0,0,0,0,0,0,0,0,0
3,1,450154,0,0,25,0,14,0,10,17,19,0
1,1,450155,11,11,11,11,11,11,11,11,11,11
1,1,450156,0,0,23,0,0,20,0,0,0,0
2,1,450156,0,0,9,0,0,0,12,9,0,0
0,1,450157,1,1,1,1,1,1,1,1,1,1
1,1,450157,0,20,11,0,0,5,0,0,0,0
1,1,450158,20,20,20,20,20,20,20,20,20,20
1,1,450159,0,0,0,0,0,0,0,0,0,0
2,1,450159,0,0,0,0,0,0,0,0,0,0
1,1,450160,12,0,14,0,29,8,0,0,0,0
2,1,450160,10,10,10,10,10,10,10,10,10,10
1,1,450161,0,0,0,0,0,0,0,0,0,0
1,1,450162,0,0,0,0,0,0,0,0,0,0
2,1,450162,0,0,0,0,0,0,0,0,0,0
1,1,450163,0,0,0,0,0,0,0,0,0,0
1,1,450164,26,26,26,26,26,26,26,26,26,26
1,1,450165,0,0,0,0,0,0,0,0,0,0
1,1,450166,0,25,0,0,0,0,0,0,0,0
1,1,450167,0,0,0,0,0,0,0,0,0,0
1,1,450168,21,21,21,21,21,21,21,21,21,21
0,1,450169,0,0,0,0,0,0,0,0,0,0
1,1,450169,10,0,8,0,12,0,22,0,28,0
1,1,450170,0,0,0,0,0,0,0,0,0,0
2,1,450170,11,11,11,11,11,11,11,11,11,11
0,1,450171,0,0,0,16,8,10,0,0,0,13
0,2,450171,0,8,0,0,0,0,0,0,0,0
0,3,450171,3,17,26,0,13,0,0,23,0,0
0,4,450171,0,0,0,0,17,19,12,9,32,0
0,5,450171,0,5,8,16,0,0,0,0,0,19
0,6,450171,0,10,22,13,0,0,19,0,13,27
0,7,450171,0,0,0,0,0,0,13,16,0,0
0,8,450171,0,0,0,0,0,0,11,0,0,0
1,1,450171,18,15,17,12,10,11,17,17,11,10
1,1,450172,22,22,22,22,22,22,22,22,22,22
1,1,450173,0,0,0,0,0,0,0,0,0,0
2,1,450173,0,0,0,0,0,0,0,0,13,0
1,1,450174,0,0,0,0,0,0,0,0,0,0
2,1,450174,0,0,0,0,0,0,0,0,0,0
1,1,450175,11,11,11,11,11,11,11,11,11,11
0,1,450176,28,28,28,28,28,28,28,28,28,28
1,1,450176,0,9,13,14,0,0,10,0,0,14
1,1,450177,20,20,20,20,20,20,20,20,20,20
1,1,450178,0,8,0,8,0,0,0,0,10,0
1,1,450179,0,0,0,0,0,0,0,0,0,0
1,1,450180,0,0,0,0,0,0,0,0,0,0
2,1,450180,0,0,0,0,9,0,18,17,0,9
1,1,450181,20,20,20,20,20,20,20,20,20,20
1,1,450182,10,0,5,11,4,0,0,28,0,0
2,1,450183,25,25,25,25,25,25,25,25,25,25
1,1,450184,0,0,0,0,0,0,0,0,0,0
2,1,450184,14,0,0,0,0,0,0,0,0,0
0,1,450185,39,39,39,39,39,39,39,39,39,39
1,1,450185,0,0,9,2,0,3,0,0,0,0
1,1,450186,0,0,0,0,0,17,17,0,0,0
2,1,450186,0,0,0,0,0,0,0,0,0,0
1,1,450187,4,16,31,29,16,24,13,9,4,28
1,1,450188,22,5,5,17,26,25,0,14,14,14
1,1,450189,0,0,0,0,0,0,0,0,0,0
2,1,450189,0,0,0,0,0,0,0,0,0,0
1,1,450190,24,0,9,11,0,0,7,0,25,0
1,1,450191,17,17,17,17,17,17,17,17,17,17
1,1,450192,0,0,0,0,0,0,0,0,0,0
1,1,450193,0,0,0,0,0,0,0,0,0,0
1,1,450194,0,0,0,0,0,0,0,0,0,0
1,1,450195,0,0,0,0,0,0,0,0,0,0
1,1,450196,0,0,0,0,0,0,0,0,0,0
1,1,450197,0,0,28,0,0,0,0,0,0,22
2,1,450197,0,0,0,0,0,0,0,0,0,0
3,1,450197,0,0,0,0,0,0,0,0,0,0
1,1,450198,20,20,20,20,20,20,20,20,20,20
1,1,450199,23,23,23,23,23,23,23,23,23,23
1,1,450200,0,0,0,0,19,10,0,0,16,0
1,1,450201,19,19,19,19,19,19,19,19,19,19
1,1,450202,0,0,0,0,0,0,0,17,0,13
1,1,450203,26,26,26,26,26,26,26,26,26,26
1,1,450204,17,13,20,5,0,0,0,8,0,21
0,1,450205,0,0,0,0,0,0,0,0,0,0
0,2,450205,0,0,0,0,0,0,0,0,0,0
1,1,450205,0,0,0,0,0,0,0,0,0,0
1,1,450206,0,0,0,0,0,0,0,0,0,0
2,1,450206,0,0,0,0,0,9,0,0,0,12
1,1,450207,8,14,0,24,10,15,14,5,11,12
1,1,450208,0,0,0,0,0,16,0,0,0,0
2,1,450208,20,20,20,20,20,20,20,20,20,20
1,1,450209,0,0,0,0,0,0,0,0,0,0
1,1,450210,14,0,0,0,11,0,0,0,4,0
2,1,450210,0,16,0,0,0,0,0,0,0,0
1,1,450211,23,23,23,23,23,23,23,23,23,23
1,1,450212,0,0,0,0,0,0,0,0,0,2
0,1,450213,0,0,0,0,0,0,0,0,0,0
1,1,450213,0,0,0,0,0,23,0,0,0,0
2,1,450213,0,0,0,0,0,0,0,0,0,0
1,1,450214,0,0,0,0,0,0,0,0,0,0
2,1,450214,0,0,0,0,0,0,0,0,0,0
0,1,450215,0,0,0,0,0,0,0,0,0,0
1,1,450215,0,0,0,0,0,0,0,0,0,0
2,1,450215,0,0,0,0,0,0,0,0,0,22
1,1,450216,0,6,13,9,9,43,0,14,0,9
1,1,450217,5,5,5,5,5,5,5,5,5,5
1,1,450218,0,0,0,0,0,0,0,0,0,0
2,1,450218,19,19,19,19,19,19,19,19,19,19
1,1,450219,0,17,0,5,9,14,20,17,17,24
2,1,450219,0,0,0,0,0,0,0,0,0,0
1,1,450220,1,1,1,1,1,1,1,1,1,1
1,1,450221,0,0,0,0,0,0,0,0,0,0
1,1,450222,9,0,0,11,15,0,33,0,0,0
2,1,450222,0,0,0,0,0,0,0,0,0,0
1,1,450223,22,22,22,22,22,22,22,22,22,22
1,1,450224,0,0,0,0,0,0,0,0,0,0
1,1,450225,0,0,0,0,0,0,0,0,0,0
1,1,450226,0,0,0,0,0,0,0,0,0,0
1,1,450227,22,22,22,22,22,22,22,22,22,22
2,1,450227,29,0,19,5,21,12,0,13,3,11
1,1,450228,0,0,0,0,0,0,0,0,0,0
1,1,450229,0,0,0,0,0,0,0,0,0,0
2,1,450229,0,0,0,0,0,0,0,0,0,0
1,1,450230,22,0,0,0,6,0,0,0,0,0
1,1,450231,0,0,0,0,0,0,0,0,0,0
1,1,450232,29,28,4,0,0,0,0,13,14,12
1,1,450233,17,0,0,0,15,13,10,0,0,0
2,1,450233,0,0,0,0,0,0,0,0,0,0
1,1,450234,0,0,31,0,12,0,0,10,0,0
1,1,450235,0,0,0,0,0,0,0,0,0,0
1,1,450236,0,0,0,0,18,0,0,0,11,30