VEH_NO,PER_NO,ST_CASE,P1,P2,P3,P4,P5,P6,P7,P8,P9,P10
1,1,450874,0,0,0,0,0,0,0,0,0,0
2,1,450874,0,0,0,0,0,0,0,0,0,0
1,1,450875,0,0,0,0,0,0,0,0,0,0
1,1,450876,20,22,0,0,28,24,8,19,7,11
2,1,450876,0,0,0,0,0,0,0,0,0,0
3,1,450876,0,0,0,0,0,18,0,0,20,0
4,1,450876,0,0,0,0,0,0,17,10,0,0
5,1,450876,0,0,0,0,0,0,0,0,0,0
0,1,450877,0,0,0,0,0,0,0,0,0,0
1,1,450877,8,0,0,0,0,0,0,0,0,0
1,1,450878,0,0,0,0,0,0,0,0,0,0
2,1,450878,0,0,0,0,0,0,0,0,0,0
1,1,450879,10,0,0,0,0,0,0,0,0,0
2,1,450879,0,0,0,0,0,0,0,0,0,0
1,1,450881,10,10,10,10,10,10,10,10,10,10
1,1,450882,0,0,0,0,0,0,0,0,0,0
0,1,450883,15,15,15,15,15,15,15,15,15,15
1,1,450883,6,0,0,11,0,20,4,8,0,17
1,1,450884,20,20,20,20,20,20,20,20,20,20
1,1,450885,10,12,0,5,27,16,14,8,7,0
2,1,450885,0,0,0,0,0,0,0,0,27,0
1,1,450886,12,0,0,0,0,0,0,0,0,0
2,1,450886,15,15,15,15,15,15,15,15,15,15
1,1,450887,0,7,0,0,0,0,0,0,0,0
1,1,450888,0,0,0,0,0,0,0,0,0,0
2,1,450888,7,0,0,0,0,0,0,0,0,0
1,1,450889,26,26,26,26,26,26,26,26,26,26
1,1,450890,25,19,0,20,27,25,22,20,4,10
1,1,450891,0,0,0,0,0,0,0,0,0,0
2,1,450891,0,5,4,0,0,0,0,0,0,0
1,1,450892,0,0,0,0,0,0,0,0,0,0
2,1,450892,0,15,0,0,19,0,0,32,0,10
1,1,450893,0,0,0,0,0,0,0,0,0,0
2,1,450893,0,0,0,0,0,10,0,0,0,0
1,1,450894,17,0,9,24,0,0,6,0,10,0
2,1,450894,16,16,18,5,10,22,11,12,9,30
1,1,450895,0,0,3,0,0,0,0,0,0,11
2,1,450895,0,0,0,0,0,0,0,0,4,0
1,1,450896,0,0,28,0,0,0,0,0,0,0
2,1,450896,0,0,0,0,0,0,0,0,0,0
1,1,450897,0,0,0,0,0,0,0,0,0,0
2,1,450897,14,0,26,30,0,29,29,0,16,0
3,1,450897,16,0,0,9,0,0,15,0,0,0
1,1,450898,8,16,32,9,18,21,4,13,18,20
0,1,450899,23,23,23,23,23,23,23,23,23,23
1,1,450899,0,22,19,0,0,0,0,0,0,0
1,1,450900,0,22,0,0,0,0,31,0,0,3
1,1,450901,32,32,32,32,32,32,32,32,32,32
1,1,450902,0,0,0,0,0,0,0,0,0,0
2,1,450902,0,0,0,0,0,0,0,0,0,0
1,1,450903,21,0,0,0,6,0,27,0,0,0
1,1,450904,0,0,0,0,0,0,0,0,0,0
2,1,450904,0,0,0,0,0,0,0,0,0,0
1,1,450905,38,38,38,38,38,38,38,38,38,38
1,1,450906,0,0,0,0,0,0,0,0,0,0
1,1,450907,0,0,11,0,0,0,0,0,0,0
2,1,450907,0,0,0,0,0,0,0,0,0,0
1,1,450908,0,21,0,8,10,0,0,0,0,0
2,1,450908,0,0,0,0,0,0,0,0,0,0
1,1,450909,0,0,0,0,0,0,0,0,0,0
2,1,450909,0,0,0,0,0,0,0,0,0,0
0,1,450910,37,37,37,37,37,37,37,37,37,37
1,1,450910,0,0,0,0,0,0,0,0,0,0
2,1,450911,29,0,22,0,0,0,0,9,0,17
1,1,450912,0,0,0,5,0,0,0,0,0,0
1,1,450913,0,0,0,0,0,0,0,0,0,0
2,1,450913,0,0,0,0,0,0,0,0,0,0
1,1,450914,7,7,7,7,7,7,7,7,7,7
1,1,450915,9,0,13,25,31,12,0,3,0,0
1,1,450916,0,0,0,0,0,0,0,0,0,0
0,1,450917,0,0,0,0,0,0,0,0,0,0
1,1,450917,0,0,0,16,0,0,13,0,0,12
1,1,450918,15,15,15,15,15,15,15,15,15,15
1,1,450919,10,0,0,0,0,0,0,0,0,0
2,1,450919,19,13,18,20,21,28,0,10,0,10
1,1,450920,20,20,20,20,20,20,20,20,20,20
1,1,450921,22,22,22,22,22,22,22,22,22,22
1,1,450922,0,18,0,0,0,0,0,0,26,19
2,1,450922,0,0,0,0,0,0,0,0,0,0
1,1,450923,26,26,26,26,26,26,26,26,26,26
1,1,450924,0,16,0,0,14,14,26,12,0,7
2,1,450924,19,0,0,8,0,0,0,1,0,8
0,1,450925,9,0,0,24,35,12,0,0,23,33
1,1,450925,38,15,26,24,16,8,17,15,18,15
0,1,450926,27,27,27,27,27,27,27,27,27,27
1,1,450926,0,28,18,13,0,17,11,21,12,0
1,1,450927,26,26,26,26,26,26,26,26,26,26
1,1,450928,0,10,0,9,1,0,8,0,0,0
2,1,450928,0,0,0,0,0,0,0,0,0,0
1,1,450929,26,26,26,26,26,26,26,26,26,26
0,1,450930,19,20,0,15,0,0,22,19,0,0
1,1,450930,0,0,0,13,0,0,8,12,5,0
0,1,450931,0,7,26,0,0,40,0,11,13,0
1,1,450931,0,18,0,17,9,0,10,17,0,0
1,1,450932,0,0,0,0,0,0,0,0,0,0
2,1,450932,0,0,0,0,0,0,0,0,0,0
3,1,450932,0,0,0,0,0,0,0,0,0,0
1,1,450933,0,0,0,0,0,0,0,0,0,0
1,1,450934,0,0,17,0,0,0,0,0,0,0
2,1,450934,0,0,0,0,0,0,0,0,0,0
3,1,450934,0,0,0,0,0,0,0,0,0,0
1,1,450935,0,0,0,0,0,0,0,0,0,0
2,1,450935,0,0,0,0,0,0,0,0,0,0
0,1,450936,0,20,0,0,27,0,28,0,4,0
1,1,450936,0,0,0,9,0,11,0,22,0,0
2,1,450936,19,0,0,0,0,0,11,0,0,0
1,1,450937,0,0,0,0,0,0,0,0,0,0
2,1,450937,0,0,0,0,0,0,0,0,0,0
1,1,450938,0,0,0,0,0,0,0,14,0,0
2,1,450938,0,0,0,0,0,0,0,0,0,0
1,1,450939,0,0,0,0,0,0,0,0,0,0
2,1,450939,0,0,0,0,0,0,0,0,0,12
1,1,450940,0,0,0,0,0,0,20,0,0,0
2,1,450940,0,0,0,0,0,0,0,0,0,0
0,1,450941,23,0,0,0,0,0,0,0,25,0
1,1,450941,0,0,0,0,0,0,0,0,0,0
2,1,450941,0,0,0,0,0,0,0,0,0,0
0,1,450942,17,17,17,17,17,17,17,17,17,17
1,1,450942,0,17,0,0,6,0,33,12,17,0
1,1,450943,0,0,0,0,0,0,0,0,0,0
2,1,450943,0,0,0,8,0,0,0,0,0,0
1,1,450944,18,9,20,22,19,18,16,17,24,18
0,1,450945,0,0,0,0,7,26,0,0,13,0
1,1,450945,0,0,0,0,0,0,0,0,0,0
1,1,450946,22,22,22,22,22,22,22,22,22,22
1,1,450947,11,18,0,0,10,0,0,0,0,0
1,1,450948,16,16,16,16,16,16,16,16,16,16
1,1,450949,10,10,10,10,10,10,10,10,10,10
1,1,450950,0,0,0,0,0,0,0,0,0,0
2,1,450950,0,0,0,0,4,0,0,0,0,0
3,1,450950,0,0,0,0,0,0,0,0,0,0
1,1,450951,0,0,0,0,0,0,0,0,0,0
2,1,450951,0,0,0,0,0,0,0,0,0,0
3,1,450951,0,0,0,0,0,0,0,0,0,0
4,1,450951,0,0,0,0,0,0,43,0,0,0
5,1,450951,0,0,0,0,0,0,0,0,0,0
6,1,450951,0,0,0,0,0,0,0,0,0,0
0,1,450952,25,22,27,15,58,26,12,22,0,27
1,1,450952,9,0,12,17,15,0,0,0,0,29
1,1,450953,0,0,0,0,0,0,0,0,0,0
2,1,450953,2,2,2,2,2,2,2,2,2,2
1,1,450954,0,10,0,0,0,0,0,0,0,21
2,1,450954,0,0,0,0,0,0,0,0,0,0
0,1,450955,8,0,0,10,0,0,15,0,0,32
1,1,450955,4,0,24,0,12,14,0,0,0,0
1,1,450956,0,0,0,0,0,0,0,0,0,0
1,1,450957,0,0,0,0,0,0,0,0,12,0
2,1,450957,0,0,0,0,0,0,0,0,0,0
0,1,450958,18,18,18,18,18,18,18,18,18,18
1,1,450958,0,0,0,0,0,0,0,0,0,0
0,1,450959,0,7,19,17,0,8,8,0,0,0
1,1,450959,0,0,0,0,0,0,0,0,0,0
1,1,450960,0,0,0,0,0,0,0,0,0,0
2,1,450960,0,0,0,0,0,0,0,0,0,0
1,1,450961,0,0,0,0,0,0,27,0,0,0
1,1,450962,0,0,0,0,0,0,0,0,0,0
2,1,450962,0,0,0,0,0,0,0,0,0,0
0,1,450963,16,0,0,0,26,0,0,16,14,0
1,1,450963,0,10,0,0,14,0,0,0,0,0
0,1,450964,27,27,27,27,27,27,27,27,27,27
1,1,450964,0,0,0,0,0,0,8,0,0,27
1,1,450966,0,0,15,0,0,0,0,17,0,29
2,1,450966,0,0,0,0,0,0,0,0,0,0
1,1,450967,0,0,0,0,0,0,0,10,0,0
2,1,450967,0,0,0,0,0,0,0,0,33,0
0,1,450968,0,0,0,0,0,0,0,0,0,0
1,1,450968,0,0,0,22,0,0,41,0,0,18
1,1,450969,15,0,0,0,25,16,16,23,18,24
0,1,450970,0,0,0,0,0,0,0,0,0,0
1,1,450970,0,0,16,8,0,5,0,0,0,0
0,1,450971,31,31,31,31,31,31,31,31,31,31
1,1,450971,27,27,27,27,27,27,27,27,27,27
1,1,450972,19,0,19,19,41,13,0,0,8,21
0,1,450973,30,30,30,30,30,30,30,30,30,30
1,1,450973,0,0,0,20,0,0,0,0,0,0
1,1,450974,0,0,0,0,0,0,0,0,0,0
2,1,450974,1,1,1,1,1,1,1,1,1,1
3,1,450974,0,0,0,0,0,0,0,0,0,0
4,1,450974,0,0,0,0,0,0,0,0,0,0
1,1,450975,0,0,0,11,7,0,0,0,0,0
2,1,450975,0,0,0,0,0,0,0,0,0,0
0,1,450976,0,11,0,0,10,21,14,0,14,0
1,1,450976,12,19,19,28,19,20,16,11,45,6
1,1,450977,0,19,0,0,0,0,12,0,0,0
2,1,450977,0,0,0,0,0,0,0,0,0,0
1,1,460001,0,0,0,0,0,0,0,0,0,0
2,1,460001,0,0,0,0,0,0,0,0,0,0
1,1,460002,0,0,0,0,0,0,0,0,0,0
1,1,460003,0,0,0,0,0,0,0,0,0,0
1,1,460004,25,25,25,25,25,25,25,25,25,25
1,1,460005,0,0,0,0,0,0,0,0,0,0
2,1,460005,0,0,0,0,0,0,0,0,0,0
1,1,460006,0,0,0,0,0,0,0,0,0,0
2,1,460006,0,0,0,0,0,0,0,0,0,0
1,1,460007,0,0,0,0,0,0,0,0,0,0
1,1,460008,0,0,0,0,0,0,0,0,0,0
1,1,460009,0,0,0,0,0,0,0,0,0,0
2,1,460009,0,0,0,0,0,0,0,0,0,0
1,1,460010,0,0,0,0,0,0,0,0,0,0
2,1,460010,0,0,0,0,0,0,0,0,0,0
3,1,460010,0,5,0,0,0,0,0,0,0,0
1,1,460011,0,0,0,0,0,0,0,0,0,0
2,1,460011,0,0,0,0,0,0,0,0,0,0
1,1,460012,0,0,0,0,0,0,0,0,18,0
1,1,460013,15,15,15,15,15,15,15,15,15,15
1,1,460014,16,16,16,16,16,16,16,16,16,16
1,1,460015,0,0,0,0,0,0,0,0,0,0
1,1,460016,0,0,0,0,0,0,0,0,0,0
1,1,460017,8,8,8,8,8,8,8,8,8,8
1,1,460018,16,16,16,16,16,16,16,16,16,16
1,1,460019,14,14,14,14,14,14,14,14,14,14
1,1,460020,0,0,0,0,0,0,0,0,0,0
1,1,460021,23,23,23,23,23,23,23,23,23,23
1,1,460022,19,19,19,19,19,19,19,19,19,19
1,1,460023,17,17,17,17,17,17,17,17,17,17
1,1,460024,0,0,0,0,0,0,0,0,0,0
2,1,460024,0,0,0,0,0,0,0,0,0,0
1,1,460025,20,20,20,20,20,20,20,20,20,20
1,1,460026,31,31,31,31,31,31,31,31,31,31
1,1,460027,0,0,0,0,0,0,0,0,0,0
1,1,460028,12,12,12,12,12,12,12,12,12,12
1,1,460029,0,0,0,0,0,0,0,0,0,0
1,1,460030,18,18,18,18,18,18,18,18,18,18
1,1,460031,31,14,16,0,21,0,0,8,0,0
1,1,460032,32,32,32,32,32,32,32,32,32,32
1,1,460033,17,17,17,17,17,17,17,17,17,17
1,1,460034,0,0,0,0,0,0,0,0,0,0
2,1,460034,0,0,0,0,0,0,0,0,0,0
0,1,460035,0,0,0,0,0,0,0,0,0,0
1,1,460035,0,0,0,0,0,0,0,0,0,0
1,1,460036,0,0,0,0,0,0,0,0,0,0
2,1,460036,0,0,0,0,0,0,0,0,0,0
1,1,460037,17,17,17,17,17,17,17,17,17,17
1,1,460038,2,2,2,2,2,2,2,2,2,2
1,1,460039,27,27,27,27,27,27,27,27,27,27
1,1,460040,28,28,28,28,28,28,28,28,28,28
1,1,460041,17,17,17,17,17,17,17,17,17,17
1,1,460042,13,13,13,13,13,13,13,13,13,13
1,1,460043,0,0,0,0,0,0,0,0,0,0
1,1,460044,8,8,8,8,8,8,8,8,8,8
1,1,460045,22,22,22,22,22,22,22,22,22,22
1,1,460046,0,0,0,0,0,0,0,0,0,0
2,1,460046,0,0,0,0,0,0,0,0,0,0
1,1,460047,0,0,0,0,0,0,0,0,0,0
1,1,460048,0,0,0,0,0,0,0,0,0,0
1,1,460049,13,13,13,13,13,13,13,13,13,13
1,1,460050,0,0,0,0,0,0,0,0,0,0
2,1,460050,0,0,0,0,0,0,0,0,0,0
1,1,460051,0,0,0,0,0,0,0,0,0,0
2,1,460051,0,0,0,0,0,0,0,0,0,0
1,1,460052,5,5,5,5,5,5,5,5,5,5
1,1,460053,0,0,0,0,0,0,0,0,0,0
2,1,460053,0,0,0,0,0,0,0,0,0,0
1,1,460054,0,0,0,14,0,0,0,33,12,0
1,1,460055,21,21,21,21,21,21,21,21,21,21
1,1,460056,16,16,16,16,16,16,16,16,16,16
1,1,460057,0,0,0,0,0,0,0,0,0,0
1,1,460058,0,0,0,0,0,0,0,0,0,0
1,1,460059,0,0,0,0,0,0,0,0,0,0
2,1,460059,0,0,0,0,0,0,0,0,0,0
1,1,460060,0,0,0,0,0,0,0,0,0,0
2,1,460060,0,0,0,0,0,0,0,10,0,8
1,1,460061,0,0,0,0,0,0,0,0,0,0
2,1,460061,0,0,0,0,0,0,0,0,0,0
1,1,460062,0,0,4,0,0,0,0,0,0,0
2,1,460062,0,0,0,0,0,11,0,0,0,0
1,1,460063,0,0,0,0,0,0,0,0,0,0
2,1,460063,0,0,0,0,0,0,0,0,0,0
3,1,460063,0,0,0,0,0,0,0,0,0,0
1,1,460064,17,17,17,17,17,17,17,17,17,17
1,1,460065,10,10,10,10,10,10,10,10,10,10
1,1,460066,0,0,0,0,0,0,0,0,0,0
1,1,460067,0,0,0,0,0,0,0,0,0,0
2,1,460067,0,0,0,0,0,0,0,0,0,0
1,1,460068,0,0,0,0,0,0,0,0,0,0
2,1,460068,0,0,0,0,0,0,0,0,0,0
1,1,460069,0,0,0,0,16,0,0,0,13,0
2,1,460069,4,4,4,4,4,4,4,4,4,4
3,1,460069,0,0,0,0,0,0,0,0,0,0
1,1,460070,1,1,1,1,1,1,1,1,1,1
1,1,460071,25,25,25,25,25,25,25,25,25,25
1,1,460072,33,33,33,33,33,33,33,33,33,33
1,1,460073,0,0,0,0,0,0,0,0,0,0
2,1,460073,2,2,2,2,2,2,2,2,2,2
1,1,460074,0,0,0,0,0,0,0,0,0,0
1,1,460075,24,24,24,24,24,24,24,24,24,24
1,1,460076,18,18,18,18,18,18,18,18,18,18
1,1,460077,0,0,0,0,0,0,0,0,0,0
2,1,460077,0,0,0,0,0,0,0,0,0,0
1,1,460078,0,0,0,0,0,0,0,0,0,0
2,1,460078,0,0,0,0,0,0,0,0,0,0
1,1,460079,0,0,0,0,0,0,0,0,0,0
1,1,460080,0,0,0,0,0,0,0,0,0,0
2,1,460080,0,0,0,0,0,0,0,0,0,0
0,1,460081,0,0,0,21,0,0,0,0,0,0
1,1,460081,0,0,0,0,0,0,0,0,0,0
1,1,460082,0,0,0,0,0,0,0,0,0,0
1,1,460083,0,0,0,0,0,0,0,0,0,0
2,1,460083,0,0,0,0,0,0,0,0,0,0
3,1,460083,0,0,0,0,0,0,0,0,0,0
1,1,460084,0,11,0,0,0,0,0,0,0,0
2,1,460084,17,11,16,16,15,22,18,10,29,9
1,1,460085,0,0,0,0,0,0,0,0,0,0
2,1,460085,0,0,0,0,0,0,0,0,0,0
3,1,460085,0,0,0,0,0,0,0,0,0,0
1,1,460086,0,0,0,0,0,0,0,0,0,0
2,1,460086,0,0,0,0,0,0,0,0,0,0
1,1,460087,25,25,25,25,25,25,25,25,25,25
1,1,460088,0,0,0,0,0,0,0,0,0,0
1,1,460089,0,0,0,0,0,0,0,0,0,0
1,1,460090,6,6,6,6,6,6,6,6,6,6
1,1,460091,0,0,0,0,0,0,0,0,0,0
1,1,460092,14,14,14,14,14,14,14,14,14,14
1,1,460093,0,0,0,0,0,0,0,0,0,0
2,1,460093,0,0,0,0,0,0,0,0,0,0
1,1,460094,5,0,0,0,0,0,0,0,0,0
2,1,460094,0,0,0,0,0,0,0,0,0,0
1,1,460095,0,0,0,0,0,0,0,0,0,0
1,1,460096,0,0,0,0,0,0,0,0,0,0
2,1,460096,0,0,0,0,0,0,0,0,0,0
1,1,460097,0,0,0,0,0,0,0,0,0,0
1,1,460098,11,18,17,29,16,12,11,24,20,17
2,1,460098,31,0,6,10,11,36,23,24,4,2
1,1,460099,30,30,30,30,30,30,30,30,30,30
2,1,460099,0,0,0,0,0,0,0,0,0,0
1,1,460100,0,0,0,0,0,0,0,0,0,0
1,1,460101,0,0,0,4,0,0,0,0,0,13
1,1,460102,0,0,0,0,0,0,0,0,0,0
1,1,460103,12,12,12,12,12,12,12,12,12,12
2,1,460103,0,0,0,0,0,0,0,0,0,0
1,1,460104,0,0,0,0,0,0,0,0,0,0
1,1,460105,0,0,0,0,0,0,0,0,0,0
1,1,460106,0,0,0,0,0,0,0,0,0,0
2,1,460106,0,0,0,0,0,0,0,0,0,0
1,1,460107,0,0,0,0,0,0,0,0,0,0
1,1,460108,0,0,0,0,0,0,0,0,0,0
1,1,460109,0,0,0,0,0,0,0,0,0,0
0,1,460110,36,29,15,35,6,21,31,54,14,25
1,1,460110,21,21,21,21,21,21,21,21,21,21
1,1,460111,0,0,9,0,23,0,16,0,0,0
1,1,460112,15,15,15,15,15,15,15,15,15,15
1,1,460113,10,10,10,10,10,10,10,10,10,10
1,1,460114,0,0,0,0,0,0,0,0,0,0
1,1,460115,18,18,18,18,18,18,18,18,18,18
1,1,460116,21,21,21,21,21,21,21,21,21,21
2,1,460116,0,0,0,0,0,0,0,0,0,0
1,1,460117,0,0,0,0,0,0,0,0,0,0
2,1,460117,0,0,0,0,0,0,0,0,0,0
1,1,460118,0,0,0,0,0,0,0,0,0,0
2,1,460118,0,0,0,0,0,0,0,0,0,0
1,1,460119,0,0,0,0,0,0,0,0,0,0
1,1,460120,0,0,0,0,0,0,0,0,0,0
2,1,460120,19,19,19,19,19,19,19,19,19,19
1,1,460121,31,31,31,31,31,31,31,31,31,31
1,1,460122,20,7,11,9,20,9,18,6,7,25
1,1,460123,20,25,10,22,5,11,18,18,14,8
1,1,460124,34,34,34,34,34,34,34,34,34,34
1,1,460125,17,7,19,13,17,5,17,8,18,3
1,1,460126,0,0,0,29,0,13,18,0,14,32
1,1,460127,0,0,0,0,0,0,0,0,0,0
2,1,460127,0,0,0,0,0,0,0,0,0,0
1,1,460128,0,0,0,0,0,0,0,0,0,0
2,1,460128,0,10,0,0,0,0,0,0,0,0
1,1,460129,0,0,0,0,0,0,0,0,0,0
1,1,460130,0,0,0,0,0,0,0,0,0,0
2,1,460130,0,0,0,0,0,0,0,0,0,0
1,1,460131,0,0,0,0,0,0,0,0,0,0
1,1,460132,0,0,0,0,0,0,0,0,0,0
1,1,460133,0,0,0,0,0,0,0,0,0,0
1,1,460134,1,1,1,1,1,1,1,1,1,1
1,1,460135,0,0,0,0,0,0,0,0,0,0
1,1,460136,14,14,14,14,14,14,14,14,14,14
1,1,460137,0,0,0,0,0,0,0,0,0,0
1,1,460138,6,29,0,20,15,20,11,16,27,19
1,1,460139,0,0,0,0,0,0,0,0,0,0
2,1,460139,0,0,0,0,0,0,0,0,0,0
1,1,460140,0,0,0,0,0,0,0,0,0,0
2,1,460140,0,0,0,0,0,0,0,0,0,0
1,1,460141,0,0,0,0,0,0,0,0,0,0
2,1,460141,0,0,0,0,0,0,0,0,0,0
0,1,460142,0,0,0,0,0,0,0,0,0,0
0,2,460142,37,0,0,0,0,0,0,0,0,0
1,1,460142,0,0,0,0,0,0,0,0,0,0
1,1,460143,33,33,33,33,33,33,33,33,33,33
1,1,460144,0,0,0,0,0,0,0,0,0,0
1,1,460145,0,0,0,0,0,0,0,0,0,0
2,1,460145,0,0,0,0,0,0,0,0,0,0
1,1,460146,17,17,17,17,17,17,17,17,17,17
0,1,460147,0,0,0,0,0,0,0,0,0,0
1,1,460147,0,0,0,0,0,0,0,0,0,0
1,1,460148,0,0,0,0,0,0,0,0,0,0
1,1,460149,0,0,0,0,0,0,0,0,0,0
2,1,460149,0,0,0,0,0,0,0,0,0,0
1,1,460150,0,0,0,0,0,0,0,0,0,0
2,1,460150,0,0,0,0,0,0,0,0,0,0
3,1,460150,0,0,0,0,0,0,0,0,0,0
4,1,460150,0,0,0,0,0,0,0,0,0,21
5,1,460150,0,0,0,0,0,0,0,7,0,6
1,1,460151,0,0,0,0,0,0,0,0,0,0
2,1,460151,0,0,0,0,0,0,0,0,0,0
1,1,460152,8,15,5,16,0,27,10,0,13,13
1,1,460153,0,0,0,0,0,0,0,0,0,0
1,1,460154,13,13,13,13,13,13,13,13,13,13
1,1,460155,0,0,0,0,0,0,0,0,0,0
1,1,460156,0,0,0,0,20,0,0,0,10,0
1,1,460157,0,0,0,0,0,0,0,0,0,0
2,1,460157,0,0,0,0,0,0,0,0,0,0
1,1,460158,0,0,0,0,0,0,0,0,0,0
1,1,460159,18,18,18,18,18,18,18,18,18,18
1,1,460160,7,7,7,7,7,7,7,7,7,7
2,1,460160,0,0,0,0,0,0,0,0,0,0
1,1,460161,27,27,27,27,27,27,27,27,27,27
2,1,460161,0,0,0,0,0,0,0,0,0,0
3,1,460161,25,25,25,25,25,25,25,25,25,25
1,1,460162,28,28,28,28,28,28,28,28,28,28
1,1,460163,24,15,0,21,14,17,34,8,24,18
1,1,460164,0,0,16,7,0,0,25,0,0,4
1,1,460165,27,27,27,27,27,27,27,27,27,27
1,1,460166,0,0,22,0,0,0,0,0,0,0
1,1,460167,0,0,0,0,0,0,0,0,0,0
2,1,460167,0,0,0,0,0,0,0,0,0,0
3,1,460167,0,0,0,0,0,0,0,0,0,0
1,1,460168,0,0,0,0,0,0,0,0,0,0
1,1,460169,19,6,17,20,0,0,10,13,20,30
1,1,460170,25,25,25,25,25,25,25,25,25,25
0,1,460171,0,0,0,0,0,0,0,0,0,0
0,2,460171,0,0,0,0,0,0,0,0,21,0
0,3,460171,0,0,0,0,0,0,6,0,0,0
2,1,460171,0,0,0,0,0,0,0,0,0,0
1,1,460172,16,16,16,16,16,16,16,16,16,16
1,1,470001,16,16,16,16,16,16,16,16,16,16
1,1,470002,0,0,0,0,0,13,7,22,0,10
1,1,470004,0,0,0,0,0,0,0,0,0,0
1,1,470005,16,16,16,16,16,16,16,16,16,16
1,1,470006,0,0,0,0,0,0,0,0,0,0
2,1,470006,0,0,0,0,0,0,0,0,0,0
1,1,470007,13,13,13,13,13,13,13,13,13,13
1,1,470008,0,0,0,0,0,0,0,0,0,0
2,1,470008,0,0,0,0,0,0,0,0,0,0
0,1,470009,0,0,0,0,0,0,0,0,0,0
1,1,470009,0,0,0,0,0,0,0,0,0,0
1,1,470010,7,31,15,8,0,0,20,0,0,0
1,1,470011,9,16,0,11,0,15,8,0,10,10
1,1,470012,0,0,0,0,0,0,0,0,0,0
1,1,470013,13,16,16,15,18,0,19,18,19,25
1,1,470014,16,20,0,0,0,18,0,16,22,0
0,1,470015,0,34,0,18,0,0,0,0,36,34
1,1,470015,0,0,3,0,0,0,0,0,0,14
1,1,470016,0,12,3,0,0,23,0,0,0,0
1,1,470017,7,15,0,0,0,0,16,0,10,12
1,1,470018,0,0,0,9,6,0,0,2,0,0
1,1,470019,0,0,0,0,0,0,0,0,0,0
1,1,470021,0,0,0,0,0,0,0,0,0,0
2,1,470021,0,0,0,0,0,0,0,0,0,0
1,1,470022,0,0,0,0,0,0,0,0,0,0
2,1,470022,2,26,11,14,21,22,23,20,14,13
1,1,470023,0,12,4,0,7,13,0,0,17,25
2,1,470023,0,0,0,0,0,0,0,0,0,0
1,1,470024,0,12,0,10,20,0,17,11,37,0
1,1,470025,7,27,23,12,37,16,13,15,26,18
1,1,470026,16,0,0,20,20,21,24,0,12,22
1,1,470027,0,0,0,0,0,0,0,0,0,0
2,1,470027,0,0,0,0,0,0,0,0,0,0
1,1,470028,0,0,0,0,0,0,28,17,0,0
2,1,470028,0,0,0,0,14,8,0,15,0,8
1,1,470029,28,18,30,25,12,9,42,24,32,19
1,1,470030,9,9,9,9,9,9,9,9,9,9
2,1,470030,0,0,0,0,0,0,0,0,0,0
1,1,470031,0,0,0,0,0,0,0,0,0,0
2,1,470031,0,0,0,0,0,0,0,0,0,0
0,1,470032,30,0,0,30,0,33,21,0,0,41
1,1,470032,0,0,0,0,0,0,0,0,0,0
0,1,470033,10,22,24,0,14,0,29,11,0,0
1,1,470033,0,0,0,0,0,0,0,0,0,0
2,1,470033,0,0,0,0,11,13,10,20,21,0
3,1,470033,22,0,31,11,0,6,0,14,0,9
0,1,470034,5,16,22,4,44,0,29,24,14,21
1,1,470034,0,0,0,0,0,0,0,0,0,0
1,1,470035,18,38,11,15,25,31,25,33,13,29
1,1,470036,26,19,13,20,14,18,21,11,17,29
0,1,470037,11,11,11,11,11,11,11,11,11,11
1,1,470037,20,20,20,20,20,20,20,20,20,20
1,1,470038,0,0,0,5,3,0,0,0,0,0
2,1,470038,0,0,0,0,0,0,0,0,0,0
1,1,470039,0,0,0,0,0,0,0,0,0,0
2,1,470039,0,0,0,0,0,0,0,0,0,22
3,1,470039,0,0,0,0,0,0,0,0,0,0
4,1,470039,0,0,0,0,0,0,0,0,0,0
5,1,470039,0,0,0,0,0,0,0,0,0,0
1,1,470040,0,0,0,0,0,0,3,0,0,0
1,1,470041,18,34,15,13,9,9,20,24,15,11
1,1,470042,0,0,0,0,0,0,0,0,0,0
1,1,470043,10,6,13,15,0,0,0,8,15,0
1,1,470044,21,21,21,21,21,21,21,21,21,21
2,1,470044,0,0,0,0,0,0,0,0,0,0
1,1,470045,0,0,0,0,0,0,0,0,0,2
2,1,470045,0,0,0,0,0,0,0,0,0,0
1,1,470046,0,0,0,0,0,0,0,0,0,0
1,1,470047,16,16,16,16,16,16,16,16,16,16
1,1,470048,0,0,0,0,0,0,0,0,0,0
1,1,470049,0,0,0,0,0,0,0,0,0,0