VEH_NO,PER_NO,ST_CASE,P1,P2,P3,P4,P5,P6,P7,P8,P9,P10
1,1,470050,20,0,31,0,26,27,19,0,0,14
2,1,470050,0,0,0,0,0,0,0,0,0,0
1,1,470051,0,0,0,0,0,0,0,0,0,0
2,1,470051,0,0,0,0,0,0,0,0,0,0
1,1,470052,0,0,0,0,13,0,0,0,0,0
2,1,470052,0,0,0,0,0,0,0,0,0,0
1,2,470053,0,0,0,0,0,0,0,0,0,0
1,1,470054,17,0,0,0,0,0,0,0,0,0
2,1,470054,0,0,0,0,0,0,0,0,0,0
3,1,470054,10,0,0,27,0,0,0,0,0,0
1,1,470055,0,0,0,0,0,0,0,16,0,0
0,1,470056,0,25,0,8,0,0,17,0,15,15
1,1,470056,0,0,6,0,0,0,0,14,19,6
2,1,470056,0,0,0,0,0,0,20,0,0,16
1,1,470057,0,0,0,0,0,0,0,0,0,0
1,1,470058,21,5,0,0,36,0,0,21,12,14
2,1,470058,19,25,8,39,0,7,4,19,31,12
1,1,470059,0,0,0,0,0,0,0,0,19,0
1,1,470060,16,0,0,0,0,37,0,0,29,0
1,1,470061,23,29,17,0,0,11,18,15,20,18
1,1,470062,0,0,0,0,0,0,0,0,0,0
1,1,470063,0,0,0,0,0,0,0,0,0,0
2,1,470063,0,0,0,0,0,0,0,0,0,0
1,1,470064,33,10,24,4,15,9,17,35,24,19
1,1,470065,0,0,0,0,0,0,0,0,0,0
2,1,470065,10,18,8,19,21,27,15,12,23,16
0,1,470066,3,0,0,0,18,0,0,0,0,0
0,2,470066,0,0,0,0,24,0,0,0,0,0
1,1,470066,0,0,0,0,0,0,0,0,0,0
1,1,470067,0,0,0,0,0,0,0,0,0,0
2,1,470067,0,0,0,41,0,0,0,0,0,0
1,1,470068,0,0,13,0,17,0,0,0,0,0
2,1,470068,0,0,0,0,0,0,0,0,0,0
3,1,470068,0,0,0,0,0,12,0,0,0,0
4,1,470068,0,0,11,0,0,0,0,0,0,0
1,1,470069,0,0,0,0,0,0,0,0,0,0
2,1,470069,0,0,0,0,0,0,0,0,0,0
1,1,470070,0,0,11,0,0,0,0,0,0,0
2,1,470070,0,0,0,0,0,0,0,0,0,0
1,1,470071,0,0,0,0,0,0,0,0,0,0
1,1,470072,10,6,9,17,33,17,16,3,11,32
2,1,470072,6,0,0,7,18,10,0,0,0,9
0,1,470073,5,0,0,12,0,0,0,0,0,22
1,1,470073,17,19,24,8,16,7,23,20,20,17
1,1,470074,0,0,0,0,0,0,0,0,0,0
1,1,470075,0,0,0,0,0,0,0,0,0,0
2,1,470075,0,0,0,0,0,0,0,0,0,0
1,1,470076,0,0,0,0,0,0,0,0,0,0
2,1,470076,0,0,0,0,0,0,0,0,0,0
1,1,470077,0,0,0,0,0,0,0,0,0,0
1,1,470078,0,0,0,0,0,0,0,0,0,0
2,1,470078,0,0,0,0,0,0,0,0,0,0
1,1,470079,0,0,25,0,0,0,0,0,0,0
1,1,470080,6,20,15,31,15,16,20,9,27,25
1,1,470081,20,15,17,27,16,23,31,20,19,0
1,1,470082,23,0,7,0,14,9,13,19,13,8
1,1,470083,0,0,0,0,0,0,0,0,0,0
2,1,470083,0,0,0,0,0,0,0,0,0,0
1,1,470084,0,10,0,17,0,0,0,0,22,0
1,1,470085,0,0,0,0,0,0,0,0,0,0
2,1,470085,0,0,0,0,0,0,0,0,0,0
1,1,470086,0,0,0,0,0,0,0,0,0,0
2,1,470086,0,0,0,0,0,0,0,0,0,0
1,1,470087,0,0,0,0,0,0,0,0,0,0
1,1,470088,0,0,0,0,0,0,0,0,0,0
2,1,470088,0,0,0,0,0,0,0,0,0,0
0,1,470089,0,0,0,0,0,0,0,0,0,0
1,1,470089,0,0,0,0,0,0,0,0,0,0
0,1,470090,9,0,0,0,18,0,0,24,0,26
0,2,470090,0,0,0,10,10,0,8,0,0,27
1,1,470090,12,9,15,10,12,6,24,20,2,31
1,1,470091,5,5,5,5,5,5,5,5,5,5
1,1,470092,15,15,15,15,15,15,15,15,15,15
1,1,470093,9,19,0,0,16,0,19,15,0,25
2,1,470093,0,0,0,0,0,0,0,0,0,0
1,1,470094,13,13,13,13,13,13,13,13,13,13
1,1,470095,0,24,16,11,0,0,0,0,0,18
1,1,470096,0,0,0,0,0,0,0,0,0,0
2,1,470096,0,0,0,0,0,0,0,0,0,0
3,1,470096,0,0,0,0,0,0,0,0,0,0
1,1,470097,0,0,0,0,0,0,0,0,0,0
1,1,470099,0,0,7,0,0,0,0,0,17,0
1,1,470100,0,0,0,0,0,0,16,0,17,0
2,1,470100,0,23,7,9,12,12,21,18,0,12
1,1,470101,0,0,0,0,0,0,0,0,0,0
1,1,470102,0,0,0,0,0,0,0,0,0,0
2,1,470102,0,0,0,0,0,0,0,0,0,0
0,1,470103,0,0,0,0,20,0,0,0,0,0
1,1,470103,0,0,0,0,0,0,0,0,0,0
2,1,470103,0,14,0,0,0,0,0,0,0,0
3,1,470103,0,0,0,0,0,0,0,0,0,0
1,1,470104,0,0,0,0,0,0,0,0,0,0
2,1,470104,0,0,0,0,0,0,0,0,0,0
1,1,470105,0,0,0,0,0,0,0,0,0,0
2,1,470105,0,0,0,0,0,0,0,0,0,0
1,1,470106,0,0,0,0,0,0,0,0,0,0
2,1,470106,0,0,0,0,0,0,0,0,0,0
1,1,470107,0,0,0,0,0,0,0,0,0,0
2,1,470107,0,0,0,0,0,0,0,0,0,0
1,1,470108,0,0,0,0,0,0,19,0,0,0
2,1,470108,0,0,0,14,0,0,0,0,0,0
1,1,470109,0,0,0,0,0,0,0,0,0,0
2,1,470109,0,0,0,0,0,0,0,0,0,0
0,1,470110,0,20,0,0,0,0,0,0,0,0
0,2,470110,21,0,8,0,0,0,0,0,0,0
1,1,470110,0,0,0,0,0,0,0,6,0,0
1,1,470112,0,0,0,0,0,0,0,0,0,0
2,1,470112,0,0,0,0,0,0,0,0,0,0
1,1,470113,19,19,19,19,19,19,19,19,19,19
1,1,470114,9,9,9,9,9,9,9,9,9,9
2,1,470114,0,0,0,0,0,0,0,0,0,0
1,1,470115,0,0,0,0,0,0,0,0,0,0
2,1,470115,19,19,19,19,19,19,19,19,19,19
1,1,470116,0,0,0,0,0,0,0,0,0,0
1,1,470117,1,1,1,1,1,1,1,1,1,1
1,1,470118,0,0,0,0,0,0,0,0,0,0
2,1,470118,0,0,0,0,0,0,0,0,0,0
1,1,470119,0,0,0,0,0,0,0,0,0,0
2,1,470119,0,9,34,17,26,10,32,13,9,24
1,1,470120,0,0,0,0,0,0,0,0,0,0
2,1,470120,0,0,0,0,0,0,0,0,0,0
1,1,470121,19,0,0,0,0,0,0,7,0,0
0,1,470122,15,22,0,11,19,4,49,0,0,24
1,1,470122,0,4,14,11,31,0,15,21,17,6
1,1,470123,0,0,0,0,0,0,0,0,0,0
2,1,470123,0,0,0,0,0,0,0,0,0,0
1,1,470124,0,0,0,0,0,0,0,0,0,0
2,1,470124,0,0,0,0,0,0,0,0,0,0
1,1,470125,12,12,12,12,12,12,12,12,12,12
2,1,470125,0,0,0,0,0,0,0,0,0,0
1,1,470126,0,0,0,27,0,0,0,3,18,0
1,1,470127,5,5,5,5,5,5,5,5,5,5
1,1,470128,0,0,0,0,0,0,0,0,13,0
2,1,470128,0,0,0,19,0,0,0,0,0,0
1,1,470129,17,17,17,17,17,17,17,17,17,17
1,1,470130,0,0,0,0,0,0,0,0,0,0
1,1,470131,18,18,18,18,18,18,18,18,18,18
1,1,470132,10,10,10,10,10,10,10,10,10,10
1,1,470133,19,19,19,19,19,19,19,19,19,19
2,1,470133,0,0,0,0,0,0,0,0,0,0
1,1,470134,25,25,25,25,25,25,25,25,25,25
1,1,470135,0,0,0,0,0,0,0,0,0,0
2,1,470135,0,0,0,0,0,0,0,0,0,0
1,1,470136,0,0,0,0,0,0,0,0,0,0
2,1,470136,0,0,0,0,0,0,0,0,0,0
1,1,470137,0,0,0,0,0,0,0,0,0,0
2,1,470137,0,0,0,0,0,0,4,0,0,0
1,1,470138,0,0,16,0,0,0,0,0,0,0
2,1,470138,0,0,0,0,0,0,0,0,0,0
1,1,470139,0,0,0,10,25,0,0,0,14,11
0,1,470140,11,0,0,0,0,7,0,0,0,0
0,2,470140,0,0,0,0,23,0,0,0,0,0
0,3,470140,0,0,0,14,23,0,0,0,0,0
1,1,470140,0,20,0,0,0,0,0,0,0,0
1,1,470141,9,0,16,0,11,7,13,14,6,15
2,1,470141,0,0,0,0,0,0,0,0,0,0
0,1,470142,16,0,15,16,10,29,0,0,10,17
2,1,470142,0,0,0,0,0,0,0,0,0,0
3,1,470142,0,0,0,0,0,0,0,0,0,0
1,1,470143,14,19,19,20,15,15,0,0,15,23
1,1,470144,13,0,0,11,0,0,0,0,0,0
1,1,470145,0,23,35,26,17,17,12,6,4,16
1,1,470146,0,0,0,0,0,0,0,0,0,0
2,1,470146,0,0,0,0,0,0,0,0,0,0
1,1,470147,14,13,24,8,7,0,8,5,8,0
2,1,470147,0,0,0,0,0,0,0,0,0,6
3,1,470147,0,0,0,0,0,0,0,13,0,0
1,1,470149,0,0,0,0,0,0,0,0,8,0
2,1,470149,0,0,0,0,15,0,0,0,0,0
1,1,470150,0,0,0,0,0,0,0,0,0,0
2,1,470150,0,0,0,0,16,0,0,0,0,0
3,1,470150,0,0,0,0,0,0,0,0,0,0
1,1,470151,0,0,0,0,0,0,0,0,0,0
1,1,470152,5,5,5,5,5,5,5,5,5,5
2,1,470152,0,0,0,0,0,0,0,0,0,0
1,1,470153,0,0,19,0,0,0,0,0,0,0
2,1,470153,0,0,0,0,0,0,0,0,0,0
1,1,470154,0,0,0,0,0,0,0,0,0,0
1,1,470155,13,16,0,20,0,4,15,12,0,0
1,1,470156,0,0,0,0,0,0,0,0,0,0
2,1,470156,0,0,0,0,0,0,0,0,0,0
1,1,470157,0,0,0,0,0,0,0,0,0,0
2,1,470157,0,13,0,0,17,0,0,0,0,0
3,1,470157,0,0,37,0,0,0,0,0,0,0
1,1,470158,0,0,0,0,0,0,0,0,0,0
2,1,470158,0,0,0,0,0,0,0,0,0,0
1,1,470159,15,8,0,14,8,0,12,14,16,14
2,1,470159,0,0,0,0,0,0,0,0,0,0
1,1,470160,0,0,0,0,0,0,0,0,7,0
2,1,470160,0,0,0,0,0,0,0,0,0,0
0,1,470161,0,20,0,14,14,0,0,22,0,0
1,1,470161,0,0,0,0,0,0,0,16,16,0
1,1,470162,0,0,0,0,0,0,0,0,0,0
1,1,470163,0,0,0,0,0,0,0,0,0,0
2,1,470163,0,0,0,0,0,0,0,0,0,0
1,1,470164,22,22,22,22,22,22,22,22,22,22
2,1,470164,0,0,0,0,0,0,0,0,0,0
1,1,470165,0,0,0,0,0,0,0,0,0,0
2,1,470165,0,0,0,0,0,0,0,0,0,0
1,1,470166,0,0,0,0,0,0,0,0,18,0
2,1,470166,0,0,0,0,0,0,0,0,0,0
1,1,470167,0,0,0,0,0,0,0,0,0,0
1,1,470168,0,14,14,36,0,0,0,0,16,21
2,1,470168,0,9,0,0,0,0,0,5,0,0
3,1,470168,0,0,0,0,0,0,0,0,0,0
1,1,470169,17,17,17,17,17,17,17,17,17,17
1,1,470170,0,0,0,0,11,0,0,20,0,0
2,1,470170,0,0,0,0,0,0,0,0,0,0
3,1,470170,0,0,0,0,0,0,0,0,0,0
4,1,470170,0,0,0,0,0,0,0,0,0,0
1,1,470171,8,8,8,8,8,8,8,8,8,8
1,1,470172,0,0,8,7,11,21,11,25,0,23
1,1,470173,14,14,14,14,14,14,14,14,14,14
2,1,470173,0,0,0,0,0,0,0,0,0,0
1,1,470174,24,0,0,0,0,0,0,0,0,0
2,1,470174,0,0,0,0,0,0,0,0,0,0
3,1,470174,0,0,0,0,0,0,0,0,0,0
1,1,470175,21,30,24,17,25,17,44,20,7,13
1,1,470176,0,0,0,0,0,0,0,0,0,0
2,1,470176,0,0,0,0,0,0,0,0,0,0
1,1,470177,0,0,0,0,0,0,0,0,0,0
2,1,470177,17,5,12,15,10,15,16,12,9,24
1,1,470178,11,0,12,15,14,13,0,0,0,0
1,1,470179,1,1,1,1,1,1,1,1,1,1
2,1,470179,0,0,0,0,0,0,0,0,0,0
1,1,470180,0,0,0,0,0,0,0,0,0,0
2,1,470180,0,0,0,0,0,0,0,0,0,0
1,1,470181,0,0,0,0,0,0,0,0,0,0
1,1,470182,14,0,15,0,13,0,23,24,16,25
1,1,470183,0,0,0,0,0,0,9,0,17,0
2,1,470183,0,0,0,0,0,0,0,0,0,0
1,1,470184,9,9,9,9,9,9,9,9,9,9
1,1,470185,0,0,0,0,0,0,0,0,0,0
1,1,470186,26,26,26,26,26,26,26,26,26,26
1,1,470187,0,0,0,0,0,0,0,0,0,0
2,1,470187,0,0,0,0,0,0,0,0,0,0
1,1,470188,0,0,0,21,0,9,0,0,0,0
2,1,470188,0,0,0,0,0,0,0,0,0,0
3,1,470188,0,0,0,0,0,0,0,0,0,0
1,1,470189,17,17,17,17,17,17,17,17,17,17
1,1,470190,0,0,0,12,0,0,0,0,0,0
2,1,470190,0,0,0,0,0,0,0,0,0,0
1,1,470191,10,0,0,0,0,0,19,0,22,0
1,1,470192,0,0,0,0,0,0,0,0,0,19
1,1,470193,0,0,0,0,0,0,0,0,0,0
2,1,470193,0,0,0,0,0,0,0,0,0,0
1,1,470194,0,0,0,0,0,0,0,0,0,0
2,1,470194,0,0,0,0,0,0,0,0,0,0
1,1,470195,0,0,0,0,0,0,0,0,0,0
2,1,470195,0,0,0,0,0,0,0,0,0,0
1,1,470196,0,0,0,0,0,0,0,0,0,0
2,1,470196,0,0,0,0,0,0,0,0,0,0
1,1,470197,30,9,13,16,9,9,15,31,11,21
1,1,470198,27,14,11,16,9,20,14,4,13,7
1,1,470199,0,24,26,19,12,20,0,9,10,0
1,1,470200,16,16,16,16,16,16,16,16,16,16
1,1,470201,19,19,19,19,19,19,19,19,19,19
1,1,470202,24,24,24,24,24,24,24,24,24,24
1,1,470203,0,20,15,0,0,0,4,0,0,0
1,1,470204,0,0,0,0,0,0,0,0,0,0
2,1,470204,0,0,0,0,0,0,0,0,12,0
3,1,470204,0,0,0,0,0,0,0,0,0,0
1,1,470205,0,0,0,0,0,0,0,0,0,0
0,1,470206,0,19,32,0,0,0,0,20,8,0
1,1,470206,0,0,0,0,0,0,0,0,0,0
2,1,470206,0,0,0,0,0,0,0,0,0,0
0,1,470207,0,19,0,25,0,0,16,33,12,21
1,1,470207,13,23,23,14,18,11,10,17,6,17
1,1,470208,0,0,0,0,0,0,0,0,0,0
2,1,470208,17,17,17,17,17,17,17,17,17,17
1,1,470209,0,0,0,0,0,0,0,0,0,0
1,1,470210,0,0,0,0,0,0,0,0,0,0
2,1,470210,0,0,0,0,0,0,0,0,0,0
1,1,470211,0,0,0,0,0,0,0,0,0,0
2,1,470211,0,0,0,0,0,0,0,0,0,0
1,1,470212,25,8,12,17,10,15,13,11,20,23
2,1,470212,0,0,0,0,0,0,0,6,0,0
1,1,470213,21,21,21,21,21,21,21,21,21,21
1,1,470214,0,0,0,0,0,0,0,0,0,0
1,1,470215,0,0,0,0,0,0,0,0,0,0
2,1,470215,15,9,16,0,5,11,19,16,18,0
1,1,470216,0,0,0,0,0,0,0,0,0,0
2,1,470216,0,0,0,0,0,0,0,0,0,0
1,1,470217,17,19,16,7,24,20,3,22,22,22
1,1,470218,0,0,0,0,0,0,4,0,0,0
2,1,470218,0,0,0,0,9,0,0,0,0,0
1,1,470219,20,13,0,0,0,0,0,0,0,0
2,1,470219,19,0,12,0,11,28,0,0,0,0
1,1,470220,5,5,0,0,2,7,17,9,18,0
2,1,470220,0,0,0,0,0,0,0,0,0,0
1,1,470221,0,0,0,0,0,0,0,0,0,0
2,1,470221,0,0,0,0,0,0,0,0,0,0
1,1,470222,0,0,0,0,0,0,0,0,0,0
2,1,470222,0,0,0,0,0,0,0,0,0,0
1,1,470223,2,7,18,0,14,10,15,12,23,0
2,1,470223,0,0,17,0,0,0,0,0,0,0
1,1,470224,12,7,12,0,11,0,32,14,8,7
1,1,470225,0,0,0,0,0,0,0,19,0,44
1,1,470226,0,24,14,9,23,15,0,0,0,0
1,1,470227,7,0,13,0,6,0,29,20,0,0
2,1,470227,0,11,0,3,0,0,13,0,0,0
1,1,470228,12,12,12,12,12,12,12,12,12,12
1,1,470229,0,0,0,0,0,0,0,0,0,0
2,1,470229,0,0,0,0,0,0,0,0,0,0
1,1,470230,26,26,26,26,26,26,26,26,26,26
1,1,470231,22,0,0,0,0,27,0,0,0,0
1,1,470232,0,0,6,0,0,0,0,12,0,0
2,1,470232,0,0,0,0,0,0,0,0,0,0
0,1,470233,0,0,0,0,0,0,0,0,0,0
1,1,470233,0,0,0,0,0,0,0,0,0,11
1,1,470234,0,0,0,0,0,0,0,0,0,0
1,1,470235,46,19,22,18,35,32,30,13,31,22
1,1,470236,0,0,0,0,0,0,0,0,0,0
2,1,470236,0,0,0,0,0,0,0,0,0,0
1,1,470237,23,0,0,16,16,0,9,20,22,20
1,1,470238,18,18,18,18,18,18,18,18,18,18
1,1,470239,0,0,0,0,0,0,0,0,0,0
2,1,470239,0,0,0,0,0,0,0,0,0,0
1,1,470240,0,0,0,0,9,0,0,0,0,0
2,1,470240,0,0,0,0,0,0,0,0,0,0
1,1,470241,0,0,0,0,0,0,0,0,0,0
2,1,470241,0,0,0,0,0,0,0,0,0,0
1,1,470242,0,0,0,0,0,0,0,0,0,0
2,1,470242,0,0,0,0,0,0,0,0,0,0
3,1,470242,0,0,0,0,0,0,0,0,0,0
1,1,470243,0,0,0,0,0,0,0,0,0,0
1,1,470244,0,0,0,0,0,0,0,0,0,0
2,1,470244,0,0,0,0,0,0,0,0,0,0
1,1,470245,0,0,0,0,0,0,0,0,0,0
2,1,470245,0,0,0,0,0,0,0,0,0,0
1,1,470246,7,7,7,7,7,7,7,7,7,7
1,1,470247,0,0,0,0,0,0,0,0,0,0
1,1,470248,0,0,0,0,0,0,0,0,0,0
2,1,470248,0,0,0,0,0,0,0,0,0,0
3,1,470248,0,0,0,0,0,0,0,0,0,0
4,1,470248,0,0,0,0,0,0,0,0,0,0
5,1,470248,0,0,0,0,0,0,0,0,0,0
1,1,470249,0,0,0,0,0,0,0,0,0,0
1,1,470250,0,0,0,0,0,0,0,0,0,0
2,1,470250,0,0,0,0,0,0,0,0,0,0
1,1,470251,23,23,23,23,23,23,23,23,23,23
1,1,470252,15,11,27,14,17,24,18,20,16,18
1,1,470253,8,13,14,12,17,13,11,30,10,11
1,1,470254,19,19,19,19,19,19,19,19,19,19
1,1,470255,8,0,0,0,12,19,18,6,10,11
2,1,470255,0,0,0,31,0,17,0,6,0,0
1,1,470256,0,0,18,18,0,0,0,0,0,0
0,1,470257,0,0,0,0,0,25,0,0,10,14
1,1,470257,0,0,0,20,0,0,0,26,0,0
1,1,470258,0,0,5,21,0,16,0,0,0,0
1,1,470259,0,0,0,0,0,0,0,0,0,0
1,1,470260,0,0,0,0,0,0,0,0,0,0
2,1,470260,0,0,0,0,0,0,0,0,0,0
1,1,470261,22,22,22,22,22,22,22,22,22,22
1,1,470262,0,0,0,0,0,0,0,0,0,0
2,1,470262,0,0,0,0,0,0,0,0,0,0
1,1,470263,0,0,0,0,0,0,0,0,0,0
0,1,470264,21,20,26,5,31,10,31,0,0,0
1,1,470264,34,0,0,0,0,0,15,0,3,0
1,1,470265,9,13,0,0,20,0,0,0,0,17
1,1,470266,18,18,18,18,18,18,18,18,18,18
1,1,470267,0,5,0,0,0,0,0,8,14,0
2,1,470267,0,0,4,16,15,0,3,0,0,16
3,1,470267,0,0,5,0,0,0,0,0,0,0
1,1,470268,11,11,11,11,11,11,11,11,11,11
1,1,470269,0,0,0,0,0,0,0,0,0,0
2,1,470269,0,0,0,0,0,0,0,0,0,0
3,1,470269,0,0,0,0,0,0,0,0,0,0
1,1,470270,22,22,22,22,22,22,22,22,22,22
1,1,470271,0,13,27,0,0,0,0,21,0,18
2,1,470271,0,0,0,0,0,20,0,0,0,0
1,1,470272,16,16,16,16,16,16,16,16,16,16
1,1,470273,3,15,9,15,13,3,10,3,14,22
1,1,470274,0,0,0,0,0,0,0,0,0,0
2,1,470274,0,0,0,0,0,0,0,0,0,0
1,1,470275,27,31,26,3,24,10,28,0,11,31
1,1,470276,0,13,12,0,0,0,0,0,0,0
1,1,470277,18,18,18,18,18,18,18,18,18,18
2,1,470277,0,0,0,0,0,0,0,0,0,0
1,1,470279,0,0,0,0,0,0,0,0,0,0
2,1,470279,0,14,0,0,0,0,0,20,0,0
1,1,470280,0,0,0,0,0,0,0,0,0,14
2,1,470280,0,20,0,0,0,0,0,0,0,0
1,1,470281,8,0,17,0,5,5,0,12,0,12
1,1,470282,19,19,19,19,19,19,19,19,19,19
1,1,470283,0,0,0,0,0,0,0,0,0,0
2,1,470283,0,0,0,0,0,0,0,0,0,0
1,1,470284,0,0,0,0,0,0,0,0,0,0
2,1,470284,0,0,0,0,0,0,0,0,0,0
1,1,470285,0,0,0,0,0,0,0,0,0,0
2,1,470285,0,0,0,0,0,0,0,0,0,0
1,1,470286,5,7,22,14,15,17,12,20,15,0
1,1,470287,0,0,0,0,0,0,0,0,12,0
2,1,470287,0,0,0,0,0,0,0,0,0,0
1,1,470288,0,0,0,0,0,0,0,0,0,0
1,1,470289,12,12,12,12,12,12,12,12,12,12
1,1,470290,12,25,11,14,3,11,22,7,6,24
1,1,470291,15,15,15,15,15,15,15,15,15,15
1,1,470292,12,0,0,0,16,0,0,0,19,8
1,1,470293,21,21,21,21,21,21,21,21,21,21
2,1,470293,0,0,0,0,0,0,0,0,0,0
1,1,470294,0,0,0,0,0,0,0,0,0,0
2,1,470294,0,0,0,0,0,0,0,0,0,0
3,1,470294,0,0,0,0,0,0,0,0,0,0
1,1,470295,17,21,15,18,11,8,17,30,18,13
1,1,470296,0,0,0,0,0,0,12,0,0,0
1,1,470297,23,0,19,14,29,13,5,30,0,8
1,1,470298,25,25,25,25,25,25,25,25,25,25
2,1,470298,0,0,0,0,0,0,0,0,0,0
1,1,470299,0,0,0,0,0,0,0,0,0,0
1,1,470300,0,0,6,0,0,0,0,0,9,0
1,1,470301,0,0,0,31,0,0,7,0,0,0
1,1,470302,0,0,0,0,0,0,0,0,0,0
1,1,470303,0,9,0,0,0,0,0,0,0,0
2,1,470303,12,0,0,15,0,0,0,0,14,18
1,1,470304,0,14,0,0,0,8,0,20,0,0
2,1,470304,7,0,0,0,0,0,0,0,0,20
1,1,470305,0,0,0,0,0,0,0,0,0,0
1,1,470306,16,25,15,11,16,12,4,21,3,17
1,1,470307,14,13,12,26,17,24,5,11,14,38
1,1,470308,0,0,0,0,0,0,0,0,0,0
2,1,470308,0,0,0,0,0,0,0,0,0,0
1,1,470309,5,0,0,0,0,0,0,0,0,0
2,1,470309,0,0,0,0,0,0,0,0,0,0
1,1,470310,0,0,0,0,0,0,0,0,0,0
2,1,470310,0,0,0,0,0,0,0,0,0,0
1,1,470311,0,0,0,0,0,0,0,0,0,0
1,1,470312,0,9,12,0,11,0,13,9,0,0
1,1,470313,0,0,0,0,0,0,0,0,0,0
1,1,470314,0,0,0,0,0,0,0,0,0,0
2,1,470314,0,0,0,0,0,0,0,0,0,0
1,1,470315,0,0,0,0,0,0,0,0,0,0
2,1,470315,0,0,0,0,0,0,0,0,0,0
1,1,470316,4,0,0,0,0,0,0,23,0,13
1,1,470317,0,0,0,0,0,0,0,0,0,0
1,1,470318,0,0,0,0,0,0,0,0,0,0
2,1,470318,0,0,0,0,0,0,0,0,0,0
1,1,470319,7,7,26,0,7,27,32,30,17,15
1,1,470320,0,0,0,0,0,0,0,0,0,0
2,1,470320,0,0,0,0,0,0,0,0,0,0
1,1,470321,0,0,0,0,0,0,0,0,0,0
1,1,470322,17,0,13,26,10,0,7,0,21,11
2,1,470322,0,0,0,0,0,0,0,0,0,8
1,1,470323,0,0,9,0,0,21,0,0,0,0
0,1,470324,3,0,0,0,0,0,0,0,0,15
1,1,470324,0,0,0,0,0,0,0,0,0,0
2,1,470324,0,0,0,0,0,0,29,0,0,0
1,1,470325,0,0,0,0,0,0,0,0,0,0
1,1,470326,0,0,0,0,0,22,0,22,4,21
1,1,470327,0,0,0,0,0,0,0,0,0,0
2,1,470327,0,0,0,0,0,0,0,0,0,0
1,1,470328,0,0,0,0,0,0,0,0,0,0
2,1,470328,0,0,0,8,4,9,0,0,0,0
3,1,470328,0,0,0,0,0,0,0,0,0,0
1,1,470329,0,0,0,0,0,0,0,0,0,0
2,1,470329,30,30,30,30,30,30,30,30,30,30
1,1,470330,0,0,0,0,0,0,0,0,0,0
2,1,470330,0,0,0,0,0,0,0,0,0,0
1,1,470331,23,23,23,23,23,23,23,23,23,23
2,1,470331,0,28,0,0,6,0,0,5,22,6
1,1,470332,22,31,0,9,19,16,0,0,10,22
1,1,470333,25,25,25,25,25,25,25,25,25,25
1,1,470334,0,0,0,0,0,0,0,0,0,0
2,1,470334,0,0,0,0,0,0,0,0,0,12
1,1,470335,21,20,6,20,21,9,23,26,21,16
2,1,470335,0,0,0,0,0,0,0,0,0,0
1,1,470336,0,0,0,0,0,0,0,0,0,0
2,1,470336,0,0,0,0,0,0,0,0,0,0
1,1,470337,0,0,0,0,0,0,0,0,0,0
2,1,470337,0,0,0,0,0,0,0,0,0,0
1,1,470338,0,0,0,0,0,0,0,0,0,0
2,1,470338,0,0,0,0,0,0,0,0,0,0
0,1,470339,0,0,0,0,0,0,0,0,0,0
1,1,470339,0,0,0,0,0,0,0,0,0,0
1,1,470340,16,0,15,0,0,0,0,0,0,21
1,1,470341,28,23,16,12,22,17,19,0,16,12
1,1,470342,0,0,0,0,0,0,0,0,0,0
2,1,470342,0,0,0,0,0,0,0,0,16,0
1,1,470343,0,0,0,0,0,0,0,0,0,0
2,1,470343,5,0,0,0,12,12,0,0,19,15
1,1,470344,0,0,0,0,0,0,0,0,0,0
2,1,470344,0,0,0,0,0,0,0,0,15,0
1,1,470345,0,0,0,0,0,0,0,0,0,0
2,1,470345,0,0,0,0,0,0,0,0,0,0
1,1,470346,0,0,0,0,0,0,0,0,0,21
1,1,470347,0,1,0,0,0,0,0,0,0,0
2,1,470347,0,5,0,0,9,0,0,0,0,0
1,1,470348,0,0,0,0,0,0,0,0,0,0
2,1,470348,0,0,0,0,0,0,0,0,0,0
0,1,470349,31,18,13,0,18,17,28,0,0,0
1,1,470349,0,0,0,0,0,0,0,0,0,0
2,1,470349,0,0,0,0,0,0,0,0,0,0
1,1,470350,0,16,6,11,6,0,11,0,4,0
1,1,470351,0,0,0,0,0,0,0,0,0,0
2,1,470351,0,0,0,0,0,0,0,0,0,0
1,1,470352,21,26,13,9,18,9,29,26,13,4
1,1,470353,0,0,0,0,0,0,0,0,0,0
1,1,470354,13,13,13,13,13,13,13,13,13,13
1,1,470355,0,0,0,0,0,0,0,0,0,0
1,1,470356,24,24,24,24,24,24,24,24,24,24
1,1,470357,0,38,11,21,0,10,0,22,15,0
2,1,470357,21,0,0,16,0,0,0,0,0,0
1,1,470358,0,0,21,0,0,17,0,0,16,7
1,1,470359,13,0,14,29,31,0,0,24,19,0
1,1,470360,0,0,0,4,21,13,0,26,0,12
1,1,470361,0,0,0,0,0,0,0,0,0,0
1,1,470362,0,0,0,0,0,0,0,0,0,0
2,1,470362,10,10,10,10,10,10,10,10,10,10
1,1,470363,1,1,1,1,1,1,1,1,1,1
1,1,470364,0,0,0,0,0,0,0,0,7,0
1,1,470365,0,0,0,0,0,0,0,0,0,0