VEH_NO,PER_NO,ST_CASE,P1,P2,P3,P4,P5,P6,P7,P8,P9,P10
1,1,470713,0,0,0,0,0,0,0,0,0,0
2,1,470713,0,0,0,0,0,0,0,13,0,0
1,1,470714,0,0,0,0,0,0,0,0,0,0
1,1,470715,16,16,16,16,16,16,16,16,16,16
2,1,470715,0,0,0,0,0,0,0,0,0,0
1,1,470716,0,0,0,0,0,0,0,0,0,0
2,1,470716,0,0,0,0,0,0,0,0,0,0
1,1,470717,0,0,0,0,0,0,0,0,0,0
2,1,470717,0,0,0,0,0,0,0,0,0,0
1,1,470718,0,0,0,0,0,0,0,0,0,0
2,1,470718,0,0,0,0,0,0,0,0,0,0
1,1,470719,0,0,0,0,0,0,0,0,0,0
2,1,470719,12,12,12,12,12,12,12,12,12,12
1,1,470720,0,0,0,0,0,0,0,0,0,0
2,1,470720,0,0,0,0,0,0,0,0,0,0
1,1,470721,0,0,0,0,0,0,0,0,0,0
1,1,470722,0,0,0,0,0,0,0,0,0,0
2,1,470722,0,0,0,0,0,0,0,0,0,0
1,1,470723,5,5,5,5,5,5,5,5,5,5
1,1,470724,7,0,13,0,0,0,11,20,0,0
1,1,470725,5,5,5,5,5,5,5,5,5,5
2,1,470725,0,0,0,0,0,0,0,0,0,0
3,1,470725,0,0,0,0,0,13,0,0,0,0
1,1,470726,19,0,0,0,0,17,0,0,0,0
2,1,470726,0,0,0,0,0,0,15,0,0,0
1,1,470727,0,0,0,0,0,0,0,0,0,0
2,1,470727,0,0,0,0,0,0,0,0,0,0
1,1,470728,17,18,0,0,0,13,0,0,19,9
1,1,470729,0,0,0,0,0,0,0,0,0,0
1,1,470730,0,0,0,0,0,0,0,0,0,0
2,1,470730,0,0,0,0,0,0,0,0,0,0
1,1,470731,0,0,0,0,0,0,0,0,0,0
2,1,470731,0,0,0,6,0,0,0,0,0,0
1,1,470732,0,13,21,0,16,10,16,33,16,15
1,1,470733,15,15,15,15,15,15,15,15,15,15
1,1,470734,23,0,0,22,21,12,18,10,9,17
1,1,470735,0,0,0,0,0,0,0,0,0,0
2,1,470735,0,0,0,0,0,0,17,0,0,0
1,1,470736,1,1,1,1,1,1,1,1,1,1
1,1,470737,0,0,0,0,0,8,0,0,0,0
2,1,470737,0,0,0,0,0,0,0,0,0,0
1,1,470738,15,0,0,17,0,10,0,0,0,0
1,1,470739,0,0,0,0,0,0,0,0,0,0
1,1,470740,0,20,0,0,21,24,12,3,0,0
2,1,470740,0,0,0,0,0,0,0,0,0,14
1,1,470741,0,0,0,0,0,0,0,0,0,0
1,1,470742,0,0,0,0,0,0,0,0,0,0
1,1,470743,25,0,0,0,0,0,0,0,0,0
2,1,470743,0,0,0,0,0,0,0,0,0,0
1,1,470744,11,11,11,11,11,11,11,11,11,11
1,1,470745,16,16,16,16,16,16,16,16,16,16
1,1,470746,31,31,31,31,31,31,31,31,31,31
1,1,470747,0,6,0,0,0,0,0,0,0,0
2,1,470747,0,0,0,0,0,0,0,0,0,0
1,1,470748,0,0,0,29,0,23,0,26,0,0
1,1,470749,0,0,0,0,0,0,0,0,0,0
2,1,470749,0,0,0,0,0,0,0,0,0,0
1,1,470750,0,0,0,6,15,6,16,0,17,0
1,1,470751,0,0,0,0,0,0,0,0,0,0
2,1,470751,0,0,0,0,0,0,0,0,0,0
3,1,470751,0,0,0,0,0,0,0,0,0,0
1,1,470752,0,0,0,21,12,0,0,11,0,11
1,1,470753,0,0,0,0,0,0,0,0,0,0
2,1,470753,0,0,0,0,0,0,0,0,0,0
1,1,470754,0,0,0,0,0,0,0,0,0,0
1,1,470755,0,0,0,0,0,0,0,0,0,0
2,1,470755,0,0,0,23,0,0,0,0,0,0
1,1,470756,0,16,0,0,0,0,0,0,0,0
2,1,470756,0,0,0,12,0,0,0,0,0,0
1,1,470757,0,0,0,0,0,0,0,0,13,0
2,1,470757,0,0,0,0,0,0,0,0,0,0
3,1,470757,0,0,0,0,0,0,0,0,0,0
4,1,470757,0,0,0,0,0,0,0,0,0,0
1,1,470758,24,22,24,18,8,14,21,23,10,26
1,1,470759,17,17,17,17,17,17,17,17,17,17
1,1,470760,18,18,18,18,18,18,18,18,18,18
0,1,470761,0,0,0,0,0,0,0,0,0,0
1,1,470761,0,0,0,0,11,0,0,0,0,0
1,1,470762,0,0,0,0,0,0,0,0,0,0
1,1,470763,0,0,0,0,0,6,0,0,0,0
2,1,470763,0,0,0,0,0,0,0,0,0,0
1,1,470764,10,13,7,11,12,20,8,19,16,5
1,1,470765,0,0,0,6,8,5,23,16,25,4
1,1,470766,0,0,0,18,0,0,17,0,0,17
1,1,470767,10,10,10,10,10,10,10,10,10,10
2,1,470767,6,6,6,6,6,6,6,6,6,6
1,1,470768,24,4,0,0,11,0,0,0,0,0
2,1,470768,0,0,0,0,0,0,0,0,0,0
1,1,470769,0,0,0,21,0,0,12,0,0,0
1,1,470770,17,18,15,19,16,12,7,14,16,18
0,1,470771,0,0,31,0,0,23,20,0,0,0
1,1,470771,0,0,0,0,0,0,0,0,0,0
0,1,470772,0,0,0,0,0,0,0,0,0,0
1,1,470772,0,0,0,0,0,0,0,0,0,0
1,1,470773,0,0,0,0,0,0,0,0,0,0
2,1,470773,0,0,0,0,0,0,0,0,0,0
3,1,470773,0,0,0,0,0,0,0,0,0,0
4,1,470773,0,0,0,0,0,0,0,0,0,0
5,1,470773,0,0,0,0,0,0,0,0,0,0
1,1,470774,0,0,0,0,0,0,0,0,0,0
1,1,470775,10,24,14,16,21,10,6,15,12,16
2,1,470775,13,7,16,11,14,5,0,15,14,12
1,1,470776,14,12,0,0,0,0,0,0,0,0
1,1,470777,0,0,0,0,0,0,0,0,0,0
2,1,470777,0,0,0,0,0,0,0,0,0,0
3,1,470777,0,0,0,0,0,0,0,0,0,0
0,1,470778,0,0,0,0,0,0,0,0,0,0
1,1,470778,0,0,0,0,0,0,0,0,0,0
1,1,470779,0,0,0,0,0,0,8,0,4,0
1,1,470780,0,0,0,0,0,0,0,0,0,0
1,1,470781,0,0,0,0,0,0,0,0,0,0
1,1,470782,13,10,10,12,15,12,23,10,18,31
1,1,470783,0,0,6,0,0,16,0,0,0,0
2,1,470783,23,8,0,18,12,14,18,8,8,6
1,1,470784,0,0,0,0,0,0,0,0,0,0
2,1,470784,0,0,0,0,0,0,0,0,0,0
1,1,470785,0,8,0,0,0,8,0,0,0,0
2,1,470785,0,0,0,0,0,0,0,15,0,0
1,1,470786,0,0,16,14,16,0,23,0,8,0
1,1,470787,26,12,23,24,0,0,26,0,0,0
1,1,470788,0,0,0,0,0,0,0,0,0,0
2,1,470788,0,0,0,0,0,0,0,0,0,0
0,1,470789,0,0,0,0,0,0,0,0,0,0
1,1,470789,0,0,23,16,0,0,16,0,0,0
1,1,470790,0,0,0,0,0,0,0,0,0,0
2,1,470790,0,0,0,0,0,0,0,0,0,0
1,1,470791,4,19,5,0,14,14,18,0,3,12
1,1,470792,0,0,0,0,0,0,0,18,0,0
2,1,470792,19,28,17,10,11,6,17,13,2,18
1,1,470793,12,18,26,17,30,26,15,19,25,24
1,1,470794,0,0,0,0,0,0,0,0,0,0
1,1,470795,0,0,0,0,0,0,0,15,0,0
1,1,470796,0,0,0,0,0,0,0,0,0,0
1,1,470797,6,27,10,15,37,13,19,20,10,16
2,1,470797,24,12,14,13,18,29,26,21,21,11
1,1,470798,0,0,0,0,0,0,0,0,0,34
2,1,470798,0,7,0,0,0,16,0,0,0,0
3,1,470798,0,0,0,0,11,0,0,0,0,0
1,1,470799,27,6,23,11,18,11,13,17,33,36
1,1,470800,0,0,0,0,0,0,0,7,0,0
1,1,470801,0,0,0,0,0,0,0,0,0,0
2,1,470801,0,0,0,0,0,0,0,0,0,0
3,1,470801,0,0,0,0,0,0,0,0,0,0
4,1,470801,0,0,0,0,0,0,0,0,0,0
1,1,470802,0,0,16,0,0,0,0,0,0,0
2,1,470802,0,0,0,4,5,0,0,0,9,21
0,1,470803,0,0,0,0,0,0,0,0,0,0
1,1,470803,0,0,0,0,0,0,0,0,0,0
1,1,470804,0,0,0,0,0,0,0,0,0,0
2,1,470804,0,0,0,0,0,0,0,0,0,0
0,1,470805,11,47,39,14,53,14,21,5,32,25
1,1,470805,0,0,0,0,0,0,0,0,0,0
1,1,470806,17,27,17,12,18,12,30,8,15,27
1,1,470807,6,9,0,11,0,14,0,8,12,34
1,1,470808,0,0,0,0,0,0,0,0,0,0
2,1,470808,0,5,0,0,0,0,0,17,11,0
1,1,470809,0,0,0,0,0,0,0,0,0,0
1,1,470811,27,0,0,0,0,0,0,14,22,0
1,1,470812,0,0,0,0,0,0,7,0,0,0
1,1,470813,9,13,0,0,10,0,0,0,18,45
1,1,470814,8,0,0,0,0,5,0,0,22,0
1,1,470815,0,0,0,0,0,0,4,17,0,2
2,1,470815,0,0,0,0,0,0,0,0,0,0
0,1,470816,0,0,25,0,0,0,0,24,0,13
1,1,470816,0,0,0,0,0,0,0,0,0,0
1,1,470817,0,0,0,0,0,0,0,0,0,0
2,1,470817,0,0,0,0,0,0,0,0,0,0
0,1,470818,4,10,0,0,0,0,13,15,0,28
1,1,470818,0,0,0,0,0,0,0,12,0,0
1,1,470819,0,0,0,0,0,0,0,0,0,0
2,1,470819,0,0,0,0,0,0,0,0,0,0
1,1,470820,3,0,0,0,11,0,0,0,6,0
2,1,470820,0,0,27,11,0,0,20,0,0,14
1,1,470821,0,0,0,0,0,0,0,0,0,0
2,1,470821,0,0,0,0,0,0,0,0,0,0
3,1,470821,0,0,13,0,0,0,0,0,0,0
1,1,470822,0,0,0,14,0,19,0,0,0,11
0,1,470823,18,20,0,0,13,9,0,20,20,34
1,1,470823,0,0,0,0,0,0,0,0,0,0
1,1,470824,17,0,0,2,0,20,0,0,15,0
1,1,470825,13,20,8,0,4,10,16,26,7,0
2,1,470825,0,0,0,0,0,0,0,0,0,0
1,1,470827,0,20,17,26,0,0,0,0,11,14
2,1,470827,0,0,0,0,0,0,0,0,0,0
1,1,470828,0,0,0,0,0,30,17,2,0,0
1,1,470829,12,0,0,13,0,0,0,10,0,0
1,1,470830,0,0,25,18,0,13,18,0,24,0
2,1,470830,0,0,0,0,0,0,0,0,0,0
1,1,470831,0,0,0,22,0,0,0,0,0,0
0,1,470832,19,0,0,0,0,12,34,0,0,17
1,1,470832,0,0,0,0,0,0,0,0,0,0
1,1,470833,0,0,0,20,0,0,0,11,0,0
2,1,470833,0,0,0,0,0,0,0,0,0,0
1,1,470834,20,7,21,0,8,0,15,4,18,25
1,1,470835,0,0,0,0,6,0,0,0,0,0
2,1,470835,0,0,0,0,0,0,0,0,0,0
1,1,470836,0,0,0,5,0,0,0,3,14,0
2,1,470836,0,11,0,0,0,0,0,0,0,0
3,1,470836,0,0,0,0,0,0,0,0,0,0
1,1,470837,0,0,0,0,0,0,0,0,0,0
1,1,470838,22,22,22,22,22,22,22,22,22,22
1,1,470839,0,0,0,0,0,0,0,0,0,0
2,1,470839,0,0,15,0,0,0,0,0,0,0
1,1,470840,4,19,9,12,16,18,15,22,20,7
1,1,470841,23,28,17,17,16,10,23,8,27,7
1,1,470842,0,24,0,0,0,0,0,9,0,0
1,1,470843,10,25,21,11,22,21,18,6,16,10
1,1,470844,28,28,28,28,28,28,28,28,28,28
1,1,470845,0,0,0,0,19,0,0,0,0,0
2,1,470845,0,0,0,12,0,0,0,0,0,0
3,1,470845,0,0,0,0,0,0,0,0,0,0
1,1,470846,0,0,0,0,0,0,0,0,0,0
2,1,470846,27,0,8,16,13,7,0,0,17,8
1,1,470847,18,18,18,18,18,18,18,18,18,18
2,1,470847,26,13,0,0,0,0,0,0,0,16
1,1,470848,12,0,0,0,0,0,0,0,0,20
2,1,470848,0,4,0,4,11,8,0,16,0,0
1,1,470849,14,7,0,0,19,20,18,0,6,14
1,1,470850,0,0,0,0,0,0,0,0,0,0
2,1,470850,0,0,0,0,0,0,0,0,0,0
3,1,470850,0,0,0,0,0,0,0,0,0,0
1,1,470851,0,0,0,0,0,0,0,0,0,0
2,1,470851,6,0,16,17,13,17,11,35,18,9
1,1,470852,14,14,14,14,14,14,14,14,14,14
2,1,470852,0,0,0,0,0,0,0,0,0,0
1,1,470853,8,0,27,0,0,0,0,0,0,12
0,1,470854,17,0,7,33,38,15,16,28,33,0
1,1,470854,21,21,25,15,7,13,10,2,11,27
1,1,470855,18,0,0,0,9,0,0,0,0,0
2,1,470855,12,6,0,0,0,0,8,0,14,15
0,1,470856,7,29,0,0,0,0,0,0,12,0
1,1,470856,0,0,0,18,0,0,0,0,0,4
1,1,470857,17,23,4,21,29,19,6,0,0,30
2,1,470857,0,0,0,0,0,0,0,0,2,0
1,1,470858,1,1,1,1,1,1,1,1,1,1
2,1,470858,0,0,0,0,0,0,0,0,0,0
1,1,470859,0,0,0,0,0,0,0,0,8,27
0,1,470860,0,14,40,0,0,0,0,0,0,19
1,1,470860,0,0,0,0,0,6,0,0,0,0
1,1,470861,16,20,20,29,3,12,7,15,26,11
1,1,470862,0,7,9,10,16,11,8,30,19,10
2,1,470862,0,0,0,0,0,0,0,0,0,12
1,1,470863,0,0,0,0,0,0,0,0,0,0
2,1,470863,0,0,0,0,0,0,0,0,0,0
1,1,470864,0,0,0,0,0,0,9,0,0,0
2,1,470864,0,0,0,0,0,0,0,0,2,0
3,1,470864,0,0,0,0,0,0,0,0,0,0
4,1,470864,0,0,0,0,0,0,0,0,0,0
5,1,470864,0,0,0,0,0,0,0,0,0,0
6,1,470864,0,0,0,0,0,0,0,0,0,0
1,1,470865,0,22,15,27,20,26,21,0,7,17
1,1,470866,10,0,13,24,22,16,16,29,15,16
2,1,470866,17,7,0,0,16,15,11,13,18,26
1,1,470867,14,0,0,0,22,0,0,0,12,0
1,1,470868,0,0,10,0,0,0,0,0,0,0
2,1,470868,0,0,0,0,0,0,0,0,13,0
1,1,470869,5,20,0,0,0,12,0,0,21,0
2,1,470869,0,0,0,0,0,0,0,0,0,0
0,1,470870,32,0,0,0,0,25,0,0,10,0
2,1,470870,0,0,0,0,0,0,0,0,0,0
1,1,470871,30,20,20,0,31,32,0,15,0,9
0,1,470872,29,12,31,33,18,15,0,17,13,26
1,1,470872,0,0,0,0,0,0,0,0,0,0
1,1,470873,0,0,0,0,0,0,0,0,0,0
2,1,470873,0,0,0,0,20,0,21,8,0,0
1,1,470874,29,6,9,20,16,9,22,20,10,17
0,1,470875,0,0,0,0,0,0,0,2,0,0
1,1,470875,0,0,0,0,0,0,0,0,0,0
1,1,470876,0,0,0,0,0,0,0,0,0,0
2,1,470876,0,0,0,0,0,0,0,0,0,0
1,1,470877,0,0,0,0,0,0,0,0,0,0
2,1,470877,0,0,0,0,0,0,0,0,0,0
1,1,470878,0,0,0,0,0,0,0,0,7,0
1,1,470879,0,0,0,0,0,0,0,0,0,0
2,1,470879,0,0,0,0,0,0,0,0,0,0
1,1,470880,0,0,0,0,0,0,0,0,0,0
2,1,470880,0,0,0,0,0,0,0,0,0,0
1,1,470881,0,0,0,0,0,0,0,0,0,15
2,1,470881,0,0,0,0,0,0,0,0,0,0
1,1,470882,13,0,4,20,17,24,10,0,14,19
1,1,470883,10,0,0,16,0,0,13,15,8,0
1,1,470884,14,0,0,27,0,0,8,0,16,9
1,1,470885,0,0,0,0,0,0,0,0,0,0
2,1,470885,0,0,0,0,0,0,0,0,0,0
3,1,470885,0,0,0,0,0,0,0,0,0,0
1,1,470886,0,0,0,0,0,0,0,0,0,0
2,1,470886,0,0,0,0,0,0,0,0,0,0
1,1,470887,0,0,0,0,0,0,0,0,17,21
2,1,470887,0,0,0,0,29,0,10,0,0,0
1,1,470888,0,0,0,0,0,0,0,23,0,0
0,1,470889,0,0,0,0,0,0,0,0,0,0
1,1,470889,0,0,0,0,0,0,0,0,0,0
1,1,470890,0,0,0,0,0,13,0,0,0,0
1,1,470891,0,0,14,6,0,0,26,0,20,0
1,1,470892,24,16,13,19,13,14,20,17,31,6
2,1,470892,0,0,0,0,0,0,0,0,0,0
3,1,470892,0,0,0,0,0,0,0,0,0,0
4,1,470892,0,0,0,0,0,0,0,0,0,0
5,1,470892,0,0,0,0,0,0,0,0,22,0
1,1,470893,0,0,0,0,0,0,0,0,0,0
2,1,470893,0,0,0,9,0,0,0,0,0,10
1,1,470894,0,0,0,0,0,0,0,0,0,0
1,1,470895,18,5,16,8,29,32,25,18,7,25
1,1,470896,21,21,21,21,21,21,21,21,21,21
1,1,470897,24,24,24,24,24,24,24,24,24,24
1,1,470898,0,0,0,0,0,0,0,0,0,0
1,1,470899,0,0,16,0,16,21,0,12,14,0
0,1,470900,37,37,37,37,37,37,37,37,37,37
1,1,470900,0,0,0,0,0,0,0,0,0,0
1,1,470901,0,0,0,0,0,0,0,0,0,14
1,1,470902,0,0,0,0,0,0,2,0,0,0
1,1,470903,0,0,0,0,0,10,0,8,0,0
2,1,470903,0,0,0,0,0,0,0,0,0,0
3,1,470903,0,0,0,0,0,0,0,0,0,0
4,1,470903,0,0,0,0,0,0,0,0,0,0
5,1,470903,0,0,0,0,0,0,0,0,0,0
1,1,470904,0,0,0,0,0,0,0,0,0,0
1,1,470905,9,9,9,9,9,9,9,9,9,9
0,1,470906,0,12,17,0,0,8,0,0,22,12
1,1,470906,0,15,0,0,0,0,0,0,0,0
1,1,470907,22,2,0,0,4,0,0,18,27,14
1,1,470908,0,0,0,0,0,0,0,0,0,0
2,1,470908,0,0,0,0,0,0,0,0,0,0
1,1,470909,13,6,0,0,25,4,0,0,0,10
1,1,470910,0,0,0,0,0,0,0,0,0,0
1,1,470911,0,0,0,0,0,0,0,0,0,0
2,1,470911,0,0,0,0,0,0,0,0,0,0
1,1,470912,21,13,22,0,16,9,0,9,17,0
0,1,470913,0,0,19,0,0,0,11,14,27,0
1,1,470913,0,0,0,0,0,0,0,0,0,0
1,1,470914,0,0,0,0,0,0,0,11,0,0
2,1,470914,19,12,0,0,13,11,0,0,14,0
1,1,470915,0,0,0,0,0,0,0,0,0,0
1,1,470916,20,20,20,20,20,20,20,20,20,20
1,1,470917,0,0,0,0,0,0,0,0,0,0
2,1,470917,0,0,0,0,0,0,0,0,0,0
1,1,470918,0,21,0,0,0,0,0,0,0,0
1,1,470919,0,0,0,0,0,0,0,0,0,0
1,1,470920,0,0,0,0,0,0,0,0,0,0
1,1,470921,25,25,25,25,25,25,25,25,25,25
1,1,470922,0,0,0,0,0,0,0,0,0,0
0,1,470923,0,0,0,0,0,0,24,0,14,0
1,1,470923,0,0,0,0,0,0,0,0,0,0
0,1,470924,0,0,0,0,0,3,0,19,8,0
1,1,470924,5,5,5,5,5,5,5,5,5,5
1,1,470925,0,0,22,8,26,0,8,15,0,0
0,1,470926,24,24,24,24,24,24,24,24,24,24
1,1,470926,0,0,0,0,0,0,0,0,0,0
1,1,470927,0,0,0,0,0,0,0,0,0,0
0,1,470928,32,0,14,6,19,8,0,24,0,35
1,1,470928,0,15,0,0,0,0,0,0,0,0
1,1,470929,0,0,0,0,16,0,18,0,0,0
1,1,470930,22,0,0,0,0,17,25,20,4,27
1,1,470932,0,0,0,0,0,0,0,0,0,0
1,1,470933,0,7,0,14,0,5,22,13,0,14
1,1,470934,0,0,0,0,0,0,0,0,0,0
2,1,470934,0,0,0,0,0,0,0,0,0,0
1,1,470935,26,26,26,26,26,26,26,26,26,26
1,1,470936,15,16,0,21,18,39,22,10,21,0
1,1,470937,0,0,0,0,0,0,0,0,9,0
2,1,470937,0,0,0,0,0,0,0,0,0,0
1,1,470938,17,25,9,13,28,23,15,0,0,21
1,1,470939,0,0,0,0,0,0,0,0,0,0
2,1,470939,0,0,0,0,0,0,0,0,0,0
3,1,470939,0,0,0,0,0,0,0,0,0,0
1,1,470940,18,24,25,17,11,8,26,5,8,18
2,1,470940,0,0,0,0,0,0,0,0,0,0
1,1,470941,0,0,0,0,0,0,0,0,0,0
1,1,470942,24,24,24,24,24,24,24,24,24,24
2,1,470942,0,0,0,0,0,0,0,0,0,0
1,1,470943,3,3,3,3,3,3,3,3,3,3
1,1,470944,0,0,0,0,0,0,0,0,0,0
2,1,470944,0,0,0,0,0,0,0,0,0,0
1,1,470945,0,0,0,0,0,0,0,0,0,0
1,1,470946,9,0,0,9,9,0,0,0,0,16
1,1,470947,17,21,10,22,19,21,7,5,18,34
1,1,470948,14,25,7,21,8,0,23,16,3,28
1,1,470949,0,0,0,0,0,0,0,0,0,0
2,1,470949,0,0,0,0,0,0,0,0,0,0
1,1,470950,0,0,0,0,0,0,0,0,0,0
0,1,470951,18,9,18,14,28,26,36,23,40,6
1,1,470951,0,0,0,0,0,0,0,0,25,0
1,1,470952,0,0,0,0,0,0,0,0,0,0
2,1,470952,0,0,0,0,0,0,0,0,0,0
1,1,470953,0,0,0,0,0,0,0,0,0,0
1,1,470954,0,0,0,0,0,0,0,0,0,0
2,1,470954,16,16,16,16,16,16,16,16,16,16
1,1,470955,0,14,0,0,0,0,0,0,5,0
1,1,470956,0,0,0,0,0,0,0,0,0,0
2,1,470956,0,0,0,0,0,0,0,0,0,0
0,1,470957,0,0,0,15,0,0,0,0,0,0
1,1,470957,0,0,0,0,0,0,0,0,0,0
2,1,470957,0,0,0,0,0,0,0,0,0,0
1,1,470958,0,0,0,0,0,0,0,0,0,0
1,1,470959,20,20,20,20,20,20,20,20,20,20
2,1,470959,0,0,0,0,0,0,0,0,0,0
1,1,470960,0,0,0,0,0,0,0,0,0,0
1,1,470961,17,17,17,17,17,17,17,17,17,17
1,1,470962,0,0,0,24,0,0,0,0,0,20
1,1,470963,0,19,11,11,23,22,27,3,5,25
2,1,470963,0,0,0,0,0,0,0,0,0,0
1,1,470964,37,37,37,37,37,37,37,37,37,37
0,1,470965,29,21,28,16,34,51,17,12,9,22
1,1,470965,0,0,0,0,0,0,0,0,0,0
1,1,470966,0,0,0,0,0,0,0,0,0,0
2,1,470966,0,0,0,0,0,0,12,0,0,0
3,1,470966,2,0,0,0,0,0,0,0,0,0
1,1,470967,0,7,0,0,13,0,0,0,0,0
1,1,470968,0,0,0,0,0,0,0,0,0,0
1,1,470969,11,11,11,11,11,11,11,11,11,11
1,1,470970,37,19,6,14,23,17,6,26,11,25
1,1,470971,0,0,0,0,0,0,0,0,0,17
2,1,470971,0,18,0,0,0,0,0,0,0,0
1,1,470972,0,0,0,0,7,0,0,0,0,0
2,1,470972,0,0,0,0,0,0,0,0,0,0
1,1,470973,0,0,0,0,0,0,0,0,0,0
1,1,470974,15,9,17,7,0,11,16,0,17,0
2,1,470974,0,0,0,0,0,0,0,2,0,0
1,1,470975,0,0,0,0,0,0,0,0,0,0
2,1,470975,0,0,0,0,0,0,0,0,0,0
1,1,470976,20,20,20,20,20,20,20,20,20,20
1,1,470977,0,0,0,27,0,0,0,0,13,0
2,1,470977,0,0,0,0,0,0,0,15,0,0
1,1,470978,0,0,0,0,0,0,0,0,0,0
1,1,470979,12,21,16,28,14,32,21,22,21,21
1,1,470980,2,13,10,6,8,5,24,12,9,11
0,1,470981,27,0,0,0,0,0,0,0,7,0
1,1,470981,0,0,0,0,0,0,0,0,0,0
1,1,470982,0,0,0,0,0,0,0,0,0,0
2,1,470982,0,0,0,0,0,0,0,0,0,0
1,1,470983,22,19,0,26,0,0,0,7,24,3
1,1,470984,0,0,0,0,0,0,0,0,0,0
1,1,470985,0,0,0,0,0,0,0,0,0,0
1,1,470986,0,0,0,0,0,0,0,0,0,0
2,1,470986,0,0,0,0,0,0,0,0,0,0
3,1,470986,0,0,0,0,4,0,0,0,0,11
1,1,470987,0,0,0,0,9,0,0,0,0,0
1,1,470988,8,8,8,8,8,8,8,8,8,8
1,1,470989,0,0,0,0,0,0,0,0,0,0
2,1,470989,0,0,0,0,0,0,0,0,0,0
0,1,470990,33,32,32,24,17,37,21,18,30,37
1,1,470990,0,0,0,0,0,0,0,0,0,0
1,1,470991,23,27,20,33,19,19,29,31,31,20
1,1,470992,0,0,0,0,0,0,0,0,0,0
2,1,470992,0,0,0,0,0,0,0,0,0,0
1,1,470993,0,0,0,0,0,0,0,0,0,0
2,1,470993,0,0,0,0,0,0,0,0,0,0
1,1,470994,0,0,0,0,0,0,0,0,0,0
1,1,470995,0,0,0,0,0,0,0,0,0,0
2,1,470995,0,0,0,0,0,0,0,0,0,17
1,1,470996,0,0,0,0,0,0,0,0,0,0
2,1,470996,0,0,0,0,0,0,0,0,0,0
1,1,470997,0,0,0,0,13,0,0,0,0,0
1,1,470998,16,16,16,16,16,16,16,16,16,16
2,1,470998,9,9,9,9,9,9,9,9,9,9
3,1,470998,0,0,0,0,0,0,0,0,0,0
1,1,470999,14,0,0,0,0,15,32,0,0,19
1,1,471000,0,0,0,0,0,0,0,0,0,20
2,1,471000,0,0,0,0,7,0,0,0,0,5
1,1,471001,21,0,0,20,13,0,16,20,18,0
1,1,471002,15,0,6,0,0,16,0,0,0,25
1,1,471003,0,0,0,0,0,0,0,0,0,0
1,1,471004,0,0,0,0,0,0,0,0,0,0
2,1,471004,0,0,0,0,0,0,0,0,0,0
1,1,471005,25,16,16,25,25,15,31,29,28,12
1,1,471007,0,0,0,0,0,0,0,0,0,0
2,1,471007,13,0,0,0,0,0,0,0,0,0
1,1,471008,22,0,0,0,0,0,0,0,0,0
1,1,471009,17,25,14,10,9,29,17,16,10,20
0,1,471010,19,0,16,0,28,0,0,20,5,0
1,1,471010,0,19,0,0,0,0,0,6,0,0
1,1,471011,0,0,0,0,0,0,0,0,0,0
1,1,471012,0,6,0,0,0,0,0,0,0,0
2,1,471012,14,0,0,0,0,0,0,0,0,0
1,1,471013,0,0,0,0,0,0,0,0,0,0
1,1,471014,4,3,0,0,13,0,0,0,0,0
1,1,471015,0,0,0,0,0,14,0,25,0,0
2,1,471015,0,0,0,0,0,0,0,0,0,0
3,1,471015,0,0,0,0,0,0,0,0,0,0
1,1,471016,0,0,0,0,0,0,0,0,0,0
2,1,471016,0,0,0,0,0,0,0,0,0,0
1,1,471017,15,15,15,15,15,15,15,15,15,15
2,1,471017,0,0,0,21,0,21,0,0,0,0
3,1,471017,0,0,0,0,0,0,0,0,0,0
4,1,471017,0,0,0,0,0,0,0,0,0,0
5,1,471017,0,0,0,0,0,0,0,0,0,0
6,1,471017,0,0,0,0,0,0,0,0,0,0
1,1,471018,0,15,0,12,0,21,0,0,4,9
0,1,471019,0,0,0,0,0,0,0,0,0,0
2,1,471019,0,0,0,0,0,0,0,0,0,0
1,1,471020,0,0,0,0,0,0,0,0,0,0
2,1,471020,0,0,0,0,0,0,0,0,0,0
1,1,471021,25,7,20,17,23,7,31,15,16,0
1,1,471022,0,0,0,0,0,0,0,0,0,0
1,1,471023,0,0,0,0,0,0,0,0,0,0
2,1,471023,0,0,0,0,0,0,0,0,0,0
1,1,471024,0,0,0,0,0,0,0,0,0,0
1,1,471025,0,0,0,0,0,4,0,0,0,0
2,1,471025,0,0,0,0,0,0,0,0,0,0
3,1,471025,0,0,0,0,0,0,0,0,0,0
4,1,471025,0,0,0,0,0,0,0,0,0,0
1,1,471026,0,26,23,0,26,8,0,14,12,0
1,1,471027,0,0,0,0,0,12,0,0,0,14
1,1,471028,0,15,0,7,26,0,0,0,0,0
2,1,471028,14,14,14,14,14,14,14,14,14,14
1,1,471029,0,0,0,8,12,0,0,0,0,11
2,1,471029,0,0,0,0,0,0,0,0,0,0
1,1,471030,0,34,0,18,0,25,0,0,0,0
1,1,471031,0,0,0,0,0,0,0,0,0,0
2,1,471031,0,0,0,0,0,0,0,0,0,0