VEH_NO,PER_NO,ST_CASE,P1,P2,P3,P4,P5,P6,P7,P8,P9,P10
1,1,471032,0,0,0,0,0,0,0,0,0,0
2,1,471032,0,0,0,0,0,0,0,0,0,0
1,1,471033,0,0,0,0,0,9,7,0,17,0
2,1,471033,0,0,0,23,0,0,17,0,8,0
1,1,471034,0,0,0,0,0,0,0,0,0,0
1,1,471035,0,0,0,0,0,0,0,0,0,0
2,1,471035,0,0,0,0,0,0,0,0,0,0
1,1,471036,22,15,14,16,20,18,0,29,9,20
1,1,471037,0,0,0,0,0,0,0,0,0,0
1,1,471038,11,15,0,22,0,0,21,0,0,0
2,1,471038,0,0,0,0,0,0,0,0,0,0
1,1,471039,7,7,7,7,7,7,7,7,7,7
1,1,471040,0,0,0,0,0,0,0,0,0,0
1,1,471041,13,19,17,27,3,18,34,9,18,6
1,1,471042,8,8,8,8,8,8,8,8,8,8
1,1,471043,10,10,10,10,10,10,10,10,10,10
1,1,471044,25,25,25,25,25,25,25,25,25,25
1,1,471045,0,0,0,0,0,0,20,0,8,0
1,1,471046,0,0,0,0,0,0,0,0,0,0
1,1,471047,0,0,0,0,0,0,0,0,0,0
2,1,471047,24,0,0,0,0,9,0,0,4,0
1,1,471048,0,0,0,6,8,0,0,0,0,0
1,1,471049,0,0,0,0,0,0,0,0,0,0
1,1,471050,0,0,0,0,0,0,0,0,0,0
2,1,471050,17,17,17,17,17,17,17,17,17,17
1,1,471051,0,0,0,0,0,0,0,0,0,0
2,1,471051,0,0,0,0,0,0,0,0,0,0
1,1,471052,0,0,0,0,0,0,0,0,0,0
2,1,471052,0,0,0,0,0,0,0,0,0,0
1,1,471053,0,0,0,0,0,0,0,0,0,0
2,1,471053,0,0,0,0,0,0,0,0,0,0
1,1,471054,0,0,0,0,0,0,0,0,0,0
2,1,471054,0,0,0,0,0,0,0,0,0,0
1,1,471055,0,0,0,0,0,0,0,0,0,0
2,1,471055,29,29,29,29,29,29,29,29,29,29
3,1,471055,0,0,0,0,0,0,0,0,0,0
0,1,471056,33,0,25,0,33,33,0,33,12,0
1,1,471056,0,0,0,0,0,0,0,0,0,0
1,1,471057,0,0,0,0,0,0,0,0,0,0
2,1,471057,0,0,0,0,0,0,0,0,0,0
1,1,471058,0,0,0,0,0,0,0,0,0,0
1,1,471059,0,0,0,0,0,0,0,0,0,0
1,1,471060,0,0,23,9,0,0,0,0,0,0
1,1,471061,0,0,0,0,0,0,0,0,0,0
2,1,471061,0,0,0,0,0,0,0,0,0,0
1,1,471062,0,0,31,0,0,0,4,0,4,19
0,1,471063,0,0,0,0,0,5,0,28,0,0
1,1,471063,0,0,39,0,8,0,0,0,0,0
0,1,471064,0,19,0,21,0,28,0,15,0,0
1,1,471064,0,0,0,0,0,0,0,0,0,0
1,1,471065,0,0,0,0,0,0,0,0,15,0
1,1,471066,0,0,0,0,0,0,0,0,0,0
1,1,471067,0,0,0,0,0,0,0,0,0,0
2,1,471067,0,0,0,0,27,0,0,0,0,0
3,1,471067,0,0,0,0,0,0,0,0,0,0
1,1,471068,0,0,0,9,0,22,0,0,0,13
1,1,471069,0,0,0,0,13,0,0,0,0,0
2,1,471069,0,0,0,0,0,0,0,0,0,0
1,1,471070,0,0,0,0,0,0,0,0,0,0
2,1,471070,0,0,0,0,0,0,0,0,0,0
1,1,471071,0,19,0,0,0,0,0,0,0,0
1,1,471072,0,0,0,0,0,0,0,0,0,0
2,1,471072,0,0,0,0,0,0,0,0,0,0
1,1,471073,0,0,0,0,0,0,0,0,0,0
1,1,471074,0,0,0,0,0,0,0,0,0,0
1,1,471075,19,19,19,19,19,19,19,19,19,19
1,1,471076,31,31,31,31,31,31,31,31,31,31
1,1,471077,10,8,13,13,10,12,7,29,17,17
1,1,471078,0,0,5,7,0,0,0,0,0,0
1,1,471079,0,0,0,9,0,0,0,0,0,0
2,1,471079,0,3,16,10,0,0,0,0,0,0
1,1,471080,0,0,0,0,0,0,0,0,0,0
1,1,471081,0,0,0,0,0,0,0,18,0,0
1,1,471082,21,11,16,11,19,10,6,6,23,15
1,1,471083,20,15,27,0,0,0,0,43,21,15
2,1,471083,0,0,0,0,0,0,0,0,0,0
1,1,471084,15,27,9,22,19,0,32,4,0,0
0,1,471085,0,0,0,0,0,0,0,0,0,0
1,1,471085,0,0,0,0,0,0,0,0,0,0
1,1,471086,0,0,0,0,0,0,0,0,0,0
2,1,471086,0,0,0,0,0,0,0,0,0,18
3,1,471086,0,0,0,0,0,0,0,0,0,0
1,1,471087,0,0,31,0,0,0,0,0,0,0
2,1,471087,0,0,0,0,0,0,0,0,0,0
1,1,471088,0,0,0,0,0,0,0,0,0,0
0,1,471089,0,0,0,0,0,0,0,0,0,0
1,1,471089,0,0,0,0,0,0,0,0,0,0
1,1,471090,0,0,0,0,0,0,0,0,0,0
0,1,471091,25,28,21,0,22,21,34,5,0,20
1,1,471091,0,0,0,0,0,0,0,0,0,2
1,1,471092,13,8,9,9,7,21,20,24,20,20
1,1,471093,0,0,0,0,0,0,0,0,0,0
2,1,471093,0,0,0,15,12,0,0,0,0,0
1,1,471094,0,0,0,0,0,0,0,0,0,0
2,1,471094,0,0,0,0,0,0,0,0,0,0
1,1,471095,0,0,0,0,0,0,0,0,0,0
2,1,471095,0,0,0,0,0,0,0,0,0,0
1,1,471097,0,0,0,0,0,0,0,0,0,0
1,1,471098,0,0,0,0,4,0,0,0,0,0
0,1,471099,0,0,0,0,0,0,0,0,0,0
0,2,471099,0,0,0,0,0,0,0,0,0,0
1,1,471099,0,15,0,0,0,0,0,0,0,0
0,1,471100,0,0,0,0,0,19,0,0,0,0
1,1,471100,0,0,0,0,0,0,0,0,0,0
1,1,471101,0,0,0,0,33,28,0,0,0,0
1,1,471103,11,0,0,0,16,12,0,0,0,0
1,1,471104,0,14,25,0,0,20,3,14,12,0
2,1,471104,0,0,0,0,7,0,0,0,0,0
1,1,471105,0,0,0,0,0,23,27,44,7,0
1,1,471106,0,0,0,0,0,0,0,0,0,0
2,1,471106,0,0,0,0,0,0,0,0,0,0
3,1,471106,0,0,0,0,0,0,0,0,0,0
4,1,471106,0,0,0,0,0,0,0,0,0,0
1,1,471107,0,0,0,0,0,18,0,0,0,0
1,1,471108,20,2,8,20,17,37,0,7,22,12
1,1,471109,14,18,2,20,20,25,21,18,17,22
1,1,471111,0,0,0,0,0,0,0,0,0,0
1,1,471112,0,0,0,0,0,0,0,0,0,0
1,1,471113,0,0,0,0,0,0,0,0,0,0
2,1,471113,0,0,0,0,0,0,0,0,16,0
0,1,471114,0,0,21,3,12,4,0,0,0,0
1,1,471114,0,0,0,0,0,0,0,0,0,0
0,1,471115,0,0,0,0,42,0,22,0,24,27
1,1,471115,0,0,0,0,0,0,0,0,0,0
1,1,471116,18,26,0,0,18,13,15,0,14,8
1,1,471117,18,18,18,18,18,18,18,18,18,18
1,1,471118,0,0,0,0,0,0,0,0,0,0
2,1,471118,0,0,0,0,0,0,0,0,0,0
1,1,471119,0,0,0,0,0,0,0,0,0,0
2,1,471119,0,0,0,0,0,0,0,0,0,0
1,1,471120,0,0,0,0,0,0,0,0,0,0
2,1,471120,0,0,0,0,0,0,0,0,0,0
1,1,471121,0,0,0,0,0,0,0,0,0,0
2,1,471121,0,0,0,0,0,0,0,0,0,0
1,1,471122,0,6,0,0,0,0,0,0,0,0
1,1,471123,0,0,0,0,0,0,0,0,0,0
2,1,471123,0,0,0,0,0,0,0,0,0,0
1,1,471124,0,0,0,0,0,0,0,0,0,0
1,1,471125,0,12,0,0,0,0,22,0,0,0
2,1,471125,0,0,0,0,0,0,0,0,0,0
3,1,471125,0,0,0,0,0,0,0,0,0,0
4,1,471125,0,0,0,0,0,0,0,0,0,0
1,1,471126,0,0,0,0,0,0,0,0,0,0
2,1,471126,0,0,0,0,0,0,10,0,0,0
1,1,471127,0,0,10,0,0,0,0,0,0,0
1,1,471128,0,0,0,0,0,0,0,0,0,0
2,1,471128,0,0,0,0,0,0,0,0,0,0
3,1,471128,0,0,0,0,0,0,0,0,0,10
0,1,471129,0,0,0,0,0,0,0,0,0,0
1,1,471129,0,0,0,0,16,0,0,0,25,0
1,1,471130,0,0,0,0,0,0,0,0,0,0
2,1,471130,11,11,11,11,11,11,11,11,11,11
1,1,471131,0,0,0,0,0,0,0,0,0,0
2,1,471131,0,0,0,0,0,0,0,0,0,0
0,1,471132,46,45,22,11,0,20,10,28,21,8
1,1,471132,0,0,0,0,7,7,10,0,0,10
1,1,471133,0,0,0,0,0,9,0,0,0,0
1,1,471134,0,0,0,0,0,0,0,0,0,4
1,1,471135,10,0,36,26,36,22,0,15,0,19
1,1,471136,0,0,21,0,0,0,0,0,0,0
2,1,471136,0,0,0,0,0,0,0,0,0,0
1,1,471137,0,19,0,0,0,0,0,0,0,0
2,1,471137,0,0,0,0,0,0,0,0,0,0
1,1,471138,19,0,19,0,0,19,24,16,0,0
1,1,471139,0,0,12,42,12,14,19,22,25,14
0,1,471140,23,34,33,0,0,18,13,0,0,41
1,1,471140,0,0,0,0,0,0,0,0,0,0
1,1,471141,0,0,21,16,0,32,12,21,0,0
1,1,471142,0,0,0,0,0,0,0,0,0,0
2,1,471142,0,0,0,0,0,0,0,0,0,0
1,1,471143,9,9,9,9,9,9,9,9,9,9
1,1,471144,11,11,11,11,11,11,11,11,11,11
2,1,471144,15,8,9,15,0,12,10,6,15,16
1,1,471145,0,0,0,0,0,0,0,0,0,0
1,1,471146,17,28,0,0,0,22,27,24,20,0
1,1,471147,0,0,0,0,0,0,0,0,0,0
1,1,471148,0,0,21,6,0,0,0,0,0,0
1,1,471149,0,0,0,0,0,0,0,0,0,0
2,1,471149,36,9,0,0,0,8,22,0,11,0
0,1,471150,0,0,0,47,0,0,15,0,0,0
1,1,471150,0,0,0,0,0,0,0,0,0,0
2,1,471150,0,0,0,0,0,0,0,0,0,0
1,1,471151,21,21,21,21,21,21,21,21,21,21
2,1,471151,0,0,0,0,0,0,0,0,0,0
1,1,471152,0,0,0,0,0,0,0,0,0,0
2,1,471152,21,21,21,21,21,21,21,21,21,21
1,1,471153,24,3,9,8,15,12,18,18,4,23
1,1,471154,22,4,16,24,21,34,18,13,17,26
1,1,471155,26,18,5,17,24,13,28,0,31,5
1,1,471156,11,19,22,9,14,13,18,5,15,2
1,1,471157,0,0,0,9,0,0,0,0,0,0
1,1,471158,0,0,0,0,0,0,0,0,0,0
2,1,471158,0,8,0,0,0,0,0,0,0,0
1,1,471159,8,0,0,0,11,5,0,0,0,0
2,1,471159,0,0,0,0,0,0,0,0,0,0
1,1,471160,0,0,0,0,0,0,0,0,0,0
2,1,471160,14,14,14,14,14,14,14,14,14,14
1,1,471161,0,0,0,0,0,0,0,0,0,0
2,1,471161,0,0,0,0,13,12,0,19,0,0
1,1,471162,0,0,0,0,0,0,0,0,9,0
2,1,471162,0,16,0,4,0,0,8,0,0,0
1,1,471163,3,3,3,3,3,3,3,3,3,3
1,1,471164,4,4,4,4,4,4,4,4,4,4
1,1,471165,0,0,0,0,0,0,0,0,0,0
2,1,471165,0,0,0,0,0,0,0,0,0,0
1,1,471166,0,0,0,0,0,0,0,0,0,0
2,1,471166,0,0,0,0,0,0,0,0,0,0
1,1,471167,20,20,20,20,20,20,20,20,20,20
2,1,471167,0,0,0,0,7,0,0,0,0,0
1,1,471168,27,16,28,13,13,22,25,13,20,15
2,1,471168,0,0,0,0,0,0,0,0,0,0
1,1,471169,33,14,24,17,5,0,25,16,25,25
1,1,471170,0,0,0,0,0,0,0,0,0,0
2,1,471170,0,0,0,0,0,0,0,0,0,0
1,1,471171,0,0,0,0,0,0,0,0,0,0
1,1,471172,13,13,13,13,13,13,13,13,13,13
1,1,471173,0,0,0,0,0,0,0,0,0,0
2,1,471173,0,0,0,0,0,0,0,0,0,0
1,1,471174,20,10,0,11,28,0,8,6,27,22
0,1,471175,0,0,25,25,26,0,0,16,0,0
1,1,471175,22,11,15,7,15,17,23,22,20,16
1,1,471176,0,0,0,0,0,9,0,0,0,0
1,1,471177,0,0,0,0,0,0,0,0,0,0
1,1,471178,0,0,0,0,19,0,0,0,0,0
2,1,471178,0,0,0,0,0,0,0,0,0,0
1,1,471179,22,0,0,26,0,16,0,0,23,0
1,1,471180,10,0,0,0,0,11,15,0,0,0
2,1,471180,0,0,0,0,0,0,0,0,0,0
1,1,471181,12,0,0,0,9,0,21,19,36,32
1,1,480001,19,19,19,19,19,19,19,19,19,19
0,1,480002,0,0,31,0,0,0,25,14,26,0
1,1,480002,20,11,4,0,7,19,7,11,0,10
1,1,480003,17,17,17,17,17,17,17,17,17,17
0,1,480004,26,26,26,26,26,26,26,26,26,26
1,1,480004,19,0,0,0,0,11,0,0,0,12
1,1,480005,13,8,31,12,0,14,17,17,20,14
1,1,480006,0,0,0,0,0,0,0,0,0,0
2,1,480006,0,0,0,0,0,0,0,0,0,0
3,1,480006,0,21,0,0,33,0,0,0,0,0
4,1,480006,0,0,0,5,0,0,0,0,0,0
5,1,480006,0,0,17,0,0,14,0,0,0,0
6,1,480006,0,0,0,0,0,10,33,0,0,0
7,1,480006,0,0,0,0,0,5,0,0,0,0
8,1,480006,0,0,0,0,0,0,0,0,0,0
1,1,480007,0,15,13,0,26,21,0,0,0,17
2,1,480007,0,0,0,0,0,0,0,0,0,0
0,1,480008,31,0,17,19,40,4,32,14,21,0
1,1,480008,6,0,0,0,0,10,0,0,2,0
1,1,480009,0,0,0,0,0,0,0,0,0,0
2,1,480009,3,0,0,0,19,0,0,0,15,0
1,1,480010,3,3,3,3,3,3,3,3,3,3
2,1,480010,0,0,0,0,0,0,0,0,9,0
1,1,480011,0,0,4,0,0,0,0,0,0,0
2,1,480011,0,0,0,0,0,0,0,0,0,0
0,1,480012,0,0,0,0,0,0,16,0,0,0
1,1,480012,0,0,0,0,0,0,0,0,12,0
1,1,480013,0,15,0,3,0,25,0,0,13,0
1,1,480014,0,0,0,0,11,0,0,0,0,0
2,1,480014,0,0,0,0,0,0,0,0,0,0
1,1,480015,0,0,0,0,0,0,0,0,0,0
1,1,480016,0,0,0,0,0,0,0,0,0,0
1,1,480017,0,5,0,0,0,0,0,0,0,0
2,1,480017,0,0,0,0,0,0,0,0,0,0
1,1,480018,0,0,0,27,0,0,2,0,0,10
1,1,480019,6,0,3,0,0,0,0,0,0,0
2,1,480019,0,0,0,0,0,0,0,0,0,0
1,1,480020,4,4,4,4,4,4,4,4,4,4
0,1,480021,38,18,17,29,21,33,34,26,46,9
1,1,480021,0,0,0,4,0,0,0,0,0,0
2,1,480021,0,0,0,0,17,0,0,0,15,0
1,1,480022,0,0,0,0,20,0,0,0,30,5
1,1,480023,0,0,0,0,0,0,0,0,29,0
2,1,480023,0,0,0,0,0,0,0,0,0,0
1,1,480024,0,0,0,0,0,15,0,0,0,13
2,1,480024,0,0,18,12,12,0,0,0,2,17
1,1,480025,0,0,0,0,0,0,14,0,0,0
0,1,480026,0,0,0,0,0,2,0,0,0,0
1,1,480026,0,0,0,0,24,0,0,0,0,0
2,1,480026,21,0,0,0,0,0,0,21,0,0
1,1,480027,0,0,0,0,0,0,0,0,0,0
2,1,480027,0,0,0,0,0,0,0,0,0,0
1,1,480028,22,22,22,22,22,22,22,22,22,22
0,1,480029,0,0,0,0,0,0,0,0,0,0
1,1,480029,0,0,0,0,0,0,0,0,0,0
1,1,480030,0,0,0,0,0,3,0,0,0,0
2,1,480030,0,0,0,0,0,0,0,0,0,0
0,1,480031,19,19,19,19,19,19,19,19,19,19
1,1,480031,0,0,0,19,0,0,0,0,0,0
1,1,480032,0,0,0,0,0,14,0,0,0,0
2,1,480032,0,0,0,0,0,0,0,0,0,0
1,1,480033,23,19,23,20,10,0,15,12,20,27
0,1,480034,22,22,22,22,22,22,22,22,22,22
1,1,480034,0,0,0,0,19,0,26,0,0,10
1,1,480035,0,0,0,0,0,0,0,0,0,0
2,1,480035,0,0,0,0,0,0,0,0,0,0
1,1,480036,0,14,14,0,11,9,5,28,27,43
1,1,480037,26,13,19,23,14,30,0,10,0,0
1,1,480038,0,0,0,0,0,0,10,0,18,25
1,1,480039,20,20,20,20,20,20,20,20,20,20
1,1,480040,0,0,0,0,0,0,0,0,0,0
2,1,480040,0,0,0,0,0,0,0,0,0,0
1,1,480041,17,0,15,0,0,0,23,0,27,21
1,1,480042,0,0,0,0,0,0,0,0,0,27
1,1,480043,11,14,7,0,12,19,0,0,21,15
1,1,480044,0,0,0,0,0,0,0,0,0,0
2,1,480044,0,0,0,0,0,0,0,0,0,0
3,1,480044,0,0,0,0,0,0,0,0,0,0
1,1,480045,17,31,22,28,20,41,25,18,11,10
1,1,480046,31,31,31,31,31,31,31,31,31,31
0,1,480047,26,29,0,42,0,28,0,10,45,0
1,1,480047,0,0,0,0,0,0,0,21,0,0
0,1,480048,0,23,0,0,0,0,0,0,0,0
1,1,480048,16,0,0,0,0,0,0,0,0,2
0,1,480049,32,0,14,0,0,21,0,29,0,30
1,1,480049,0,27,13,0,0,0,9,7,5,0
1,1,480050,0,21,0,0,0,0,19,0,0,17
1,1,480051,0,0,0,0,0,0,0,0,0,0
2,1,480051,0,0,0,0,0,9,0,0,0,0
1,1,480052,17,17,17,17,17,17,17,17,17,17
1,1,480053,17,14,13,17,0,23,16,18,15,17
1,1,480054,0,0,0,0,0,0,0,0,0,0
2,1,480054,0,0,0,0,0,0,0,0,0,0
1,1,480055,13,13,13,13,13,13,13,13,13,13
2,1,480055,29,11,24,0,0,0,0,20,22,0
1,1,480056,0,0,0,0,0,0,6,0,0,0
2,1,480056,0,0,0,0,0,0,12,0,0,0
1,1,480057,0,0,0,3,19,0,0,0,0,0
2,1,480057,0,0,0,0,0,0,0,0,0,0
1,1,480058,19,16,8,8,18,7,33,13,16,16
2,1,480058,0,0,0,0,0,0,0,10,0,0
0,1,480059,0,0,0,0,13,0,14,0,30,0
1,1,480059,8,0,0,0,0,0,0,0,0,21
1,1,480060,0,0,10,0,0,0,0,0,0,4
1,1,480061,21,21,21,21,21,21,21,21,21,21
1,1,480062,24,24,24,24,24,24,24,24,24,24
1,1,480063,0,11,15,0,0,0,20,7,19,42
1,1,480064,0,0,0,6,0,0,0,17,15,0
1,1,480065,19,19,19,19,19,19,19,19,19,19
1,2,480066,0,18,0,20,0,21,0,0,11,24
1,1,480067,4,4,4,4,4,4,4,4,4,4
1,1,480068,0,17,0,0,0,0,15,10,0,0
1,1,480069,0,0,0,0,0,0,0,0,0,0
1,1,480070,0,0,11,0,0,0,0,0,0,0
2,1,480070,0,0,0,0,0,0,0,0,0,17
1,1,480071,29,11,15,10,18,19,0,16,0,18
1,1,480072,16,19,17,3,31,15,22,15,14,11
0,1,480073,38,38,38,38,38,38,38,38,38,38
1,1,480073,33,0,5,24,32,0,0,0,0,0
1,1,480074,4,16,16,0,0,22,0,0,23,0
1,1,480075,0,22,11,0,0,0,0,18,0,0
1,1,480076,35,35,35,35,35,35,35,35,35,35
2,1,480076,0,0,0,0,0,0,0,0,0,0
1,1,480077,0,0,0,0,0,0,0,0,0,0
1,1,480078,0,0,0,0,0,0,0,0,0,0
2,1,480078,0,0,12,0,0,0,0,0,0,0
1,1,480079,0,0,0,0,0,0,23,8,0,11
2,1,480079,0,0,9,25,8,0,28,0,13,16
1,1,480080,0,0,0,0,0,0,0,0,0,0
2,1,480080,0,0,0,0,0,0,0,0,0,0
1,1,480081,9,0,0,0,0,0,0,0,0,0
2,1,480081,21,21,21,21,21,21,21,21,21,21
1,1,480082,0,0,0,0,0,0,0,0,0,0
2,1,480082,38,0,0,0,0,0,0,11,0,13
1,1,480083,0,0,0,14,0,0,0,0,0,16
1,1,480084,0,45,0,22,0,0,0,17,0,4
1,1,480085,7,0,0,0,0,8,0,0,11,0
2,1,480085,0,16,5,0,0,15,11,0,13,0
1,1,480086,0,0,0,0,0,0,0,0,0,0
1,1,480087,0,0,0,0,0,0,0,0,0,0
1,1,480088,0,0,0,0,0,0,0,0,0,0
2,1,480088,0,0,9,0,0,0,0,3,0,0
1,1,480089,0,0,0,0,0,0,0,0,0,0
2,1,480089,0,0,0,0,0,0,0,0,0,0
1,1,480090,0,0,11,5,0,25,23,0,0,0
1,1,480091,0,0,25,17,19,0,0,0,22,10
1,1,480092,36,36,36,36,36,36,36,36,36,36
0,1,480093,0,0,0,0,0,0,0,0,0,0
1,1,480093,0,0,0,0,0,0,0,0,0,0
1,1,480094,30,0,0,0,11,0,18,0,3,14
0,1,480095,0,0,0,0,23,0,29,0,0,0
1,1,480095,5,0,0,0,14,0,0,0,0,17
1,1,480096,0,0,0,0,0,0,0,0,0,0
2,1,480096,0,0,0,0,0,0,0,0,0,0
1,1,480097,0,0,0,0,0,0,0,0,0,0
1,1,480098,0,8,0,4,0,0,0,0,0,0
0,1,480099,22,31,26,0,22,17,36,10,36,16
0,2,480099,0,13,0,0,31,0,0,0,35,15
1,1,480099,0,0,13,0,0,0,0,0,0,0
0,1,480100,0,0,0,0,0,0,0,0,0,0
1,1,480100,0,0,0,0,0,0,0,0,0,0
1,1,480101,0,0,0,0,0,0,0,0,0,0
2,1,480101,0,0,0,0,0,0,0,0,0,0
1,1,480102,3,3,3,3,3,3,3,3,3,3
1,1,480103,17,17,17,17,17,17,17,17,17,17
1,1,480104,25,0,0,0,0,0,0,11,17,0
2,1,480104,0,0,0,0,0,0,0,0,0,0
1,1,480105,0,19,0,0,0,0,16,0,0,0
0,1,480106,23,0,30,30,0,17,9,26,0,20
1,1,480106,0,26,14,12,0,0,0,0,0,0
1,1,480107,25,15,21,22,19,16,12,17,21,22
0,1,480108,0,0,0,0,0,0,20,0,0,0
0,2,480108,0,5,0,0,0,15,0,0,0,9
1,1,480108,0,17,0,0,0,0,0,0,0,0
1,1,480109,34,12,0,7,12,0,13,12,11,0
1,1,480110,25,25,25,25,25,25,25,25,25,25
2,1,480110,0,0,0,0,0,0,0,0,0,0
3,1,480110,0,0,0,17,23,10,0,0,0,0
4,1,480110,0,0,0,0,0,0,4,21,14,0
1,1,480111,0,0,0,0,0,0,0,0,0,0
0,1,480112,22,25,9,22,32,15,31,10,24,12
1,1,480112,0,0,0,0,0,0,0,0,0,0
1,1,480113,16,16,16,16,16,16,16,16,16,16
1,1,480114,15,15,15,15,15,15,15,15,15,15
1,1,480115,0,0,0,0,0,0,0,0,0,0
2,1,480115,0,6,0,0,0,0,0,0,0,0
1,1,480116,28,12,19,14,9,26,4,14,21,14
1,1,480117,0,0,0,0,0,0,0,0,6,11
2,1,480117,0,0,0,31,0,0,0,0,0,0
1,1,480118,11,0,0,0,0,0,0,0,15,11
2,1,480118,0,0,0,0,0,0,0,0,0,0
0,1,480119,22,0,22,7,0,0,0,0,0,26
1,1,480119,0,0,0,0,0,0,0,0,0,0
1,1,480120,22,0,14,0,0,0,0,0,0,0
2,1,480120,0,0,0,0,0,0,0,0,0,0
1,1,480121,0,0,0,0,0,0,0,11,0,0
2,1,480121,0,0,0,0,0,0,0,0,0,0
3,1,480121,0,0,0,0,0,0,0,0,0,0
1,1,480122,61,32,25,25,9,27,23,21,6,13
1,1,480123,7,25,26,5,26,11,16,15,22,25
1,1,480124,0,0,0,0,0,0,0,0,0,0
2,1,480124,0,0,0,0,0,0,0,0,0,0
1,1,480125,0,0,0,0,0,0,0,0,0,0
2,1,480125,0,19,0,26,15,0,0,0,0,0
1,1,480126,24,0,0,0,17,0,0,0,0,9
1,1,480127,0,17,0,0,0,0,0,0,0,0
1,1,480128,14,14,14,14,14,14,14,14,14,14
1,1,480129,10,10,10,10,10,10,10,10,10,10
0,1,480130,5,0,0,26,0,0,0,0,0,9
1,1,480130,0,0,0,0,0,0,0,0,0,7
1,1,480131,34,34,34,34,34,34,34,34,34,34
1,1,480132,0,0,22,0,0,13,0,0,0,0
1,1,480133,23,18,0,0,0,38,0,0,0,24
1,1,480134,18,18,18,18,18,18,18,18,18,18
1,1,480135,0,0,0,0,0,0,0,0,0,0
2,1,480135,0,0,0,0,16,0,0,0,21,6
1,1,480136,0,0,0,0,0,0,5,0,5,0
1,1,480137,0,0,0,0,0,0,0,0,0,0
2,1,480137,0,7,0,0,0,18,0,0,12,0
3,1,480137,0,0,0,0,0,0,0,0,0,0
4,1,480137,0,0,0,0,0,0,0,0,0,0
5,1,480137,0,0,0,0,0,0,0,0,0,0
1,1,480138,30,0,0,14,0,0,0,12,0,32
1,1,480139,0,0,9,23,18,17,23,33,24,14
1,1,480140,26,26,26,26,26,26,26,26,26,26
1,1,480141,23,23,23,23,23,23,23,23,23,23
1,1,480142,0,0,13,11,0,0,0,0,0,0
1,1,480143,15,15,15,15,15,15,15,15,15,15
1,1,480144,0,0,0,0,0,0,0,0,0,0
2,1,480144,6,0,0,0,0,0,0,0,0,21
3,1,480144,13,0,0,16,0,0,0,0,0,0
1,1,480145,0,0,0,0,0,0,0,0,0,0
1,1,480146,0,10,0,0,12,0,0,17,0,0
2,1,480146,0,0,0,26,0,0,0,0,0,0
0,1,480147,0,0,0,0,0,0,0,0,0,0
0,2,480147,0,0,0,0,0,0,0,0,0,0
0,3,480147,0,0,4,0,0,0,0,0,0,0
1,1,480147,0,0,0,11,0,0,0,0,0,0
1,1,480148,0,0,0,0,0,0,0,0,0,0
1,1,480149,0,0,0,0,17,18,0,0,0,0
2,1,480149,0,0,0,0,0,0,0,0,0,0
1,1,480150,31,7,6,25,32,17,34,17,30,22
1,1,480151,0,0,0,0,0,0,0,0,0,0
1,1,480152,0,0,0,0,0,0,0,0,0,0
1,1,480153,16,16,16,16,16,16,16,16,16,16
2,1,480153,10,13,0,0,0,15,0,14,18,0
1,1,480154,0,0,0,0,0,0,0,0,0,0
1,1,480155,0,23,0,0,0,28,26,0,0,23
0,1,480156,0,0,0,0,0,0,0,0,0,0
1,1,480156,7,0,13,0,14,0,0,18,0,12
1,1,480157,0,4,19,15,29,0,34,0,0,16
1,1,480158,24,24,24,24,24,24,24,24,24,24
1,1,480159,0,0,0,0,8,0,0,0,0,0
2,1,480159,0,2,0,0,0,16,0,0,0,0
3,1,480159,0,0,0,0,0,0,0,0,0,0
1,1,480160,24,24,24,24,24,24,24,24,24,24
2,1,480160,0,15,0,12,0,0,16,11,0,35
1,1,480161,15,23,23,0,22,0,0,12,0,24
1,1,480162,17,17,17,17,17,17,17,17,17,17
1,1,480163,0,0,0,0,0,0,0,0,0,0
2,1,480163,0,0,0,0,0,0,0,0,0,0
1,1,480164,0,0,10,0,0,8,0,0,4,7
1,1,480165,26,0,0,0,17,0,0,0,0,0
2,1,480165,0,0,0,0,0,0,0,0,0,0
0,1,480166,0,11,0,0,0,0,20,16,26,29
0,2,480166,0,0,0,0,30,0,0,7,0,0
1,1,480166,10,0,0,0,0,0,28,0,0,12
1,1,480167,18,0,22,23,21,0,2,15,0,0
1,1,480168,0,0,0,0,0,6,0,0,0,0
2,1,480168,0,0,11,13,0,0,0,0,0,0
1,1,480169,0,0,0,0,0,0,0,0,0,0
2,1,480169,0,0,0,0,0,0,0,0,0,0
1,1,480170,18,18,18,18,18,18,18,18,18,18
0,1,480171,21,21,21,21,21,21,21,21,21,21
1,1,480171,10,0,0,0,0,13,0,0,0,20
1,1,480172,23,23,23,23,23,23,23,23,23,23
1,1,480173,0,0,0,0,0,0,0,0,0,0