VEH_NO,PER_NO,ST_CASE,P1,P2,P3,P4,P5,P6,P7,P8,P9,P10
2,1,480173,0,0,8,0,0,0,0,0,0,0
0,1,480174,4,4,4,4,4,4,4,4,4,4
1,1,480174,0,0,21,30,0,0,0,0,0,0
2,1,480174,11,0,9,12,12,0,0,0,0,15
1,1,480175,0,0,0,0,0,0,0,0,0,0
2,1,480175,0,0,0,0,0,0,0,0,0,0
3,1,480175,0,0,0,0,0,0,0,0,0,0
1,1,480176,0,0,8,0,0,0,0,0,0,0
1,1,480177,21,21,21,21,21,21,21,21,21,21
1,1,480178,0,0,0,0,0,17,0,0,0,5
1,1,480179,18,20,7,13,19,25,23,11,25,18
1,1,480180,0,0,0,0,0,0,0,0,0,0
2,1,480180,23,0,0,0,9,0,0,0,0,0
0,1,480181,23,42,25,29,13,14,11,0,20,32
1,1,480181,0,0,0,10,30,0,18,0,0,17
1,1,480182,0,0,0,0,0,0,0,0,0,0
1,1,480183,6,6,6,6,6,6,6,6,6,6
2,1,480183,0,15,0,0,0,0,0,0,0,0
1,1,480184,9,9,9,9,9,9,9,9,9,9
1,1,480185,0,0,0,18,0,0,0,0,0,0
1,1,480186,0,0,6,0,0,0,0,0,0,13
2,1,480186,0,0,0,0,0,0,0,0,0,0
1,1,480187,0,0,3,0,0,13,23,0,40,0
1,1,480188,10,28,0,0,10,0,0,0,0,0
1,1,480189,2,2,2,2,2,2,2,2,2,2
0,1,480190,0,0,0,0,0,0,0,0,0,0
1,1,480190,0,21,0,0,0,0,0,20,0,0
1,1,480191,0,0,0,0,0,0,0,11,0,0
2,1,480191,21,0,0,0,0,0,0,0,0,0
1,1,480192,0,0,0,0,0,0,0,0,0,0
2,1,480192,0,0,0,13,0,0,14,0,0,0
3,1,480192,0,0,0,0,0,0,0,0,0,0
1,1,480193,18,0,21,25,24,0,0,0,0,0
1,1,480194,0,0,0,0,0,0,0,0,0,0
1,1,480195,15,0,0,17,13,0,0,20,10,0
1,1,480196,0,0,0,0,0,17,0,0,0,34
2,1,480196,0,0,0,0,0,0,24,0,4,0
1,1,480197,0,0,6,0,0,0,0,0,0,0
2,1,480197,0,0,0,15,0,0,0,0,0,0
1,1,480198,0,0,0,0,0,8,0,4,0,0
2,1,480198,0,0,0,0,0,0,0,0,0,0
1,1,480199,0,0,0,0,0,0,0,0,0,0
2,1,480199,0,0,0,0,0,0,0,0,0,2
3,1,480199,0,0,0,0,0,0,0,0,0,0
0,1,480200,0,0,0,0,0,0,0,0,0,0
1,1,480200,20,0,0,0,21,0,0,5,0,0
0,1,480201,0,15,15,0,3,0,19,0,14,0
1,1,480201,10,0,15,0,0,33,0,0,13,0
1,1,480202,0,0,0,0,8,10,0,0,0,0
2,1,480202,0,0,0,0,0,0,0,0,0,0
1,1,480203,0,0,0,0,0,4,0,0,0,0
2,1,480203,0,0,0,13,4,0,0,0,0,24
1,1,480204,14,0,9,15,14,0,29,11,0,0
2,1,480204,0,0,0,12,0,4,0,0,0,0
1,1,480205,0,0,0,0,0,0,0,0,0,0
0,1,480206,0,0,0,0,0,0,8,0,31,0
1,1,480206,0,0,0,0,0,0,6,0,0,0
1,1,480207,5,19,10,27,7,17,22,23,5,18
1,1,480208,5,8,11,0,15,12,0,0,11,0
1,1,480209,0,0,0,0,0,0,0,0,0,0
0,1,480210,0,0,0,0,0,0,0,0,0,0
1,1,480210,0,0,0,0,0,0,0,0,0,0
0,1,480211,0,17,0,0,0,0,0,0,0,0
1,1,480211,7,0,7,15,0,14,17,15,0,11
1,1,480212,0,0,0,0,0,0,0,0,0,0
2,1,480212,0,0,0,29,0,0,0,0,0,0
1,1,480213,7,7,7,7,7,7,7,7,7,7
2,1,480213,0,17,16,0,0,0,0,0,19,0
1,1,480214,16,16,16,16,16,16,16,16,16,16
1,1,480215,0,0,0,0,5,0,0,31,18,0
2,1,480215,0,0,2,0,0,0,0,0,0,0
1,1,480216,33,33,33,33,33,33,33,33,33,33
2,1,480216,0,0,0,0,0,0,0,0,0,0
1,1,480217,17,10,14,0,6,9,2,14,0,0
2,1,480217,9,6,23,17,5,15,19,4,13,0
1,1,480218,16,16,16,16,16,16,16,16,16,16
1,1,480219,13,13,13,13,13,13,13,13,13,13
1,1,480220,0,0,0,0,0,0,0,0,0,0
2,1,480220,0,0,0,0,7,0,0,0,0,0
1,1,480221,0,0,0,0,0,0,0,26,0,0
2,1,480221,0,0,0,0,0,0,0,0,0,5
1,1,480222,1,0,16,0,0,0,0,0,0,0
2,1,480222,0,0,0,0,0,12,0,0,0,0
0,1,480223,0,0,0,0,11,0,0,3,0,0
1,1,480223,14,0,0,11,0,0,9,0,13,0
2,1,480223,11,0,0,25,26,10,26,12,0,10
1,1,480224,0,0,0,0,16,0,0,0,0,0
2,1,480224,26,0,24,0,0,0,0,0,0,0
0,1,480225,0,21,0,0,0,0,0,0,10,0
1,1,480225,0,0,0,0,0,0,0,0,0,0
1,1,480226,0,33,22,18,14,17,0,25,10,14
1,1,480227,8,8,8,8,8,8,8,8,8,8
1,1,480228,14,12,30,14,20,0,13,12,0,14
1,1,480229,18,18,18,18,18,18,18,18,18,18
1,1,480230,39,19,13,11,30,23,22,18,32,11
1,1,480231,23,23,23,23,23,23,23,23,23,23
2,1,480231,0,8,28,13,39,0,0,0,0,18
1,1,480232,24,19,14,15,20,15,0,3,10,15
0,1,480233,4,4,4,4,4,4,4,4,4,4
1,1,480233,0,0,0,0,23,3,0,0,21,9
1,1,480234,6,6,6,6,6,6,6,6,6,6
2,1,480234,23,23,23,23,23,23,23,23,23,23
1,1,480235,0,0,0,0,0,0,0,0,0,0
2,1,480235,0,0,0,0,0,0,0,0,0,0
1,1,480236,29,29,29,29,29,29,29,29,29,29
0,1,480237,0,0,0,0,0,0,0,0,0,0
1,1,480237,0,0,0,0,6,0,0,0,0,0
0,1,480238,9,0,0,0,28,2,0,0,0,0
1,1,480238,0,0,0,0,0,0,0,0,0,0
1,1,480239,0,0,16,0,12,0,0,0,0,0
1,1,480240,0,0,0,0,0,0,0,0,0,0
2,1,480240,0,0,0,0,0,0,0,0,0,0
1,1,480241,0,0,0,14,0,17,0,0,0,0
0,1,480242,0,0,0,2,0,0,0,0,20,0
1,1,480242,0,0,0,0,0,0,0,0,0,0
2,1,480242,0,0,0,0,0,0,0,0,0,0
1,1,480243,0,0,0,0,0,4,0,0,0,0
2,1,480243,0,0,0,0,0,0,0,0,8,0
3,1,480243,0,0,0,0,0,0,0,0,0,0
4,1,480243,0,0,0,0,0,0,0,6,0,0
1,1,480244,0,0,0,0,0,0,0,0,9,0
2,1,480244,0,0,0,0,0,0,0,0,0,0
3,1,480244,0,0,0,0,0,0,0,0,0,0
1,1,480245,0,0,0,0,0,0,26,0,22,0
1,1,480246,0,0,0,0,0,0,0,0,0,0
1,1,480247,0,0,0,0,0,0,0,0,0,0
2,1,480247,0,0,0,0,0,0,0,0,0,0
3,1,480247,0,0,0,0,0,0,0,0,0,0
1,1,480248,0,17,3,0,12,16,15,17,0,0
2,1,480248,0,0,0,0,12,0,0,0,0,0
1,1,480249,0,0,0,19,12,0,18,0,0,13
1,1,480250,15,15,21,9,10,30,19,20,28,23
2,1,480250,0,0,0,0,0,0,0,0,11,0
3,1,480250,0,0,0,0,0,0,0,20,16,0
1,1,480251,10,0,0,0,0,0,0,0,0,8
1,1,480252,44,0,0,16,0,23,0,0,0,15
1,1,480253,0,0,0,0,0,0,0,0,0,0
2,1,480253,0,0,0,0,0,0,0,0,0,6
1,1,480254,0,0,0,0,0,0,0,0,0,0
2,1,480254,0,0,0,0,0,0,0,0,0,0
0,1,480255,0,9,8,0,0,9,0,18,0,0
1,1,480255,0,0,0,0,0,0,4,0,0,0
0,1,480256,16,16,16,16,16,16,16,16,16,16
1,1,480256,7,0,0,0,0,0,0,0,0,0
1,1,480257,0,0,6,0,0,0,22,26,13,0
0,1,480258,19,0,8,21,0,0,0,0,15,0
1,1,480258,6,0,0,0,13,0,0,0,8,0
1,1,480259,0,0,0,0,0,0,17,0,0,0
1,1,480260,13,13,13,13,13,13,13,13,13,13
1,1,480261,15,0,13,25,0,0,0,21,20,0
1,1,480262,0,13,0,0,38,0,0,0,0,0
2,1,480262,0,0,0,0,0,0,0,0,5,0
0,1,480263,0,13,0,3,10,0,0,0,0,13
1,1,480263,0,0,0,0,0,0,0,0,0,0
1,1,480264,0,0,20,0,0,9,0,10,11,20
2,1,480264,0,0,6,0,10,0,0,0,7,16
1,1,480265,18,26,14,17,12,18,34,23,11,34
1,1,480266,11,11,11,11,11,11,11,11,11,11
1,1,480267,24,10,12,0,11,7,6,11,11,8
2,1,480267,10,0,21,13,33,0,18,13,33,10
1,1,480268,31,31,31,31,31,31,31,31,31,31
1,1,480269,10,6,22,12,10,8,7,16,36,14
2,1,480269,8,0,0,0,19,0,0,22,0,0
1,1,480270,0,13,0,18,0,16,12,6,5,17
1,1,480271,10,10,10,10,10,10,10,10,10,10
1,1,480272,0,0,0,0,0,0,0,0,0,0
2,1,480272,0,13,0,0,15,0,0,0,3,0
3,1,480272,0,0,10,0,0,12,0,7,22,10
4,1,480272,0,0,0,0,0,0,20,0,0,0
5,1,480272,0,26,0,0,0,0,35,0,0,0
1,1,480273,0,0,0,9,13,0,5,0,0,0
2,1,480273,0,0,0,0,0,0,0,0,0,0
1,1,480274,0,14,0,39,0,0,0,0,0,10
1,1,480275,0,15,18,0,26,0,0,0,0,0
1,1,480276,0,11,0,0,0,0,0,16,10,0
1,1,480277,4,4,4,4,4,4,4,4,4,4
2,1,480277,0,0,0,0,0,0,0,0,0,0
3,1,480277,0,0,0,0,0,0,0,0,21,0
1,1,480278,0,17,35,0,21,28,18,24,25,23
1,1,480279,16,16,16,16,16,16,16,16,16,16
2,1,480279,0,0,0,0,20,0,0,0,18,0
1,1,480280,0,0,0,0,0,0,0,0,0,0
1,1,480281,0,0,0,10,0,14,20,12,0,0
2,1,480281,0,0,0,0,0,10,0,0,0,0
1,1,480282,5,9,22,28,24,0,11,21,13,10
2,1,480282,0,0,0,0,0,0,0,0,0,0
1,1,480283,10,10,10,10,10,10,10,10,10,10
1,1,480284,26,26,26,26,26,26,26,26,26,26
1,1,480285,12,12,12,12,12,12,12,12,12,12
1,1,480286,16,12,27,0,0,0,13,9,0,0
1,1,480287,0,0,0,0,0,0,0,0,0,0
2,1,480287,0,22,0,19,12,19,8,18,0,0
1,1,480288,0,12,0,0,12,35,17,9,0,0
1,1,480289,10,10,10,10,10,10,10,10,10,10
1,1,480290,0,0,0,0,0,0,0,0,0,0
2,1,480290,0,0,0,0,0,0,0,0,0,2
1,1,480291,0,0,0,0,0,0,0,0,0,0
1,1,480292,0,0,0,0,0,0,0,0,0,0
2,1,480292,0,0,0,0,0,0,0,0,0,0
1,1,480293,0,0,0,0,0,0,0,0,0,0
0,1,480294,0,0,0,0,0,0,0,0,0,0
1,1,480294,16,14,13,28,16,5,18,18,28,28
1,1,480295,0,0,0,0,0,0,0,0,0,0
2,1,480295,0,0,0,0,18,14,0,0,0,19
3,1,480295,0,0,0,0,0,0,0,0,0,0
1,1,480296,0,0,0,0,0,0,0,0,0,0
1,1,480297,0,28,21,17,0,29,0,0,13,7
1,1,480298,14,14,14,14,14,14,14,14,14,14
1,1,480299,8,0,0,0,0,0,0,0,0,4
1,1,480300,13,13,13,13,13,13,13,13,13,13
1,1,480301,0,0,0,0,0,0,0,0,0,0
1,1,480302,0,0,0,0,12,23,0,0,0,0
1,1,480303,8,8,8,8,8,8,8,8,8,8
1,1,480304,31,0,0,0,0,0,0,0,0,0
1,1,480305,21,21,21,21,21,21,21,21,21,21
1,1,480306,0,0,0,0,0,0,0,0,0,0
2,1,480306,0,0,0,0,0,0,0,0,0,0
1,1,480307,11,11,11,11,11,11,11,11,11,11
2,1,480307,0,0,8,0,12,0,0,0,0,0
1,1,480308,0,0,0,0,0,0,0,0,0,0
2,1,480308,0,0,0,0,0,0,0,11,0,0
1,1,480309,0,0,7,0,0,8,12,0,0,0
2,1,480309,13,0,0,0,6,0,0,0,0,0
0,1,480310,32,4,14,36,0,21,17,37,0,17
1,1,480310,0,0,0,0,19,0,0,0,0,0
1,1,480311,3,3,3,3,3,3,3,3,3,3
1,1,480312,10,10,10,10,10,10,10,10,10,10
1,1,480313,0,20,7,0,0,0,0,0,0,0
0,1,480314,0,0,0,0,0,0,0,15,0,0
1,1,480314,0,0,0,13,0,10,0,0,0,0
1,1,480315,12,9,0,12,17,13,10,3,33,7
2,1,480315,0,0,0,0,7,13,5,0,0,0
0,1,480316,8,8,8,8,8,8,8,8,8,8
1,1,480316,0,19,8,0,0,0,21,0,0,37
1,1,480317,0,0,0,0,0,0,0,0,7,0
2,1,480317,0,0,0,0,0,0,0,0,0,16
1,1,480318,0,0,0,0,0,0,15,0,0,0
0,1,480319,0,6,0,36,0,0,27,0,0,18
1,1,480319,0,0,0,0,0,5,0,0,0,10
2,1,480319,27,0,20,0,17,16,12,11,9,16
0,1,480320,0,0,0,0,0,0,0,0,14,0
1,1,480320,0,0,0,0,0,0,20,0,0,0
0,1,480321,0,0,0,0,0,10,0,0,0,0
1,1,480321,0,0,0,0,0,0,0,0,0,0
2,1,480321,0,9,0,0,0,21,0,0,0,21
3,1,480321,0,0,0,0,0,0,0,0,0,0
0,1,480322,29,20,17,36,0,19,27,0,0,44
1,1,480322,0,0,0,0,0,0,0,0,0,18
0,1,480323,23,23,23,23,23,23,23,23,23,23
1,1,480323,7,18,40,8,10,11,18,10,19,6
1,1,480324,0,0,0,0,0,0,0,0,0,0
2,1,480324,0,0,0,0,0,0,0,0,0,0
1,1,480325,0,0,0,0,0,0,0,0,0,0
2,1,480325,0,0,5,0,0,0,0,0,0,0
1,1,480326,0,0,0,0,0,3,0,4,0,0
2,1,480326,0,0,0,0,0,0,0,0,0,0
1,1,480327,20,12,15,15,22,17,32,30,25,13
1,1,480328,39,39,39,39,39,39,39,39,39,39
0,1,480329,0,0,9,0,0,0,0,0,0,0
1,1,480329,0,0,3,0,0,0,0,0,0,0
1,1,480330,19,19,19,19,19,19,19,19,19,19
1,1,480331,15,15,15,15,15,15,15,15,15,15
1,1,480332,31,31,31,31,31,31,31,31,31,31
2,1,480332,0,15,0,0,0,0,14,0,0,0
3,1,480332,0,0,0,13,0,0,0,10,0,0
4,1,480332,0,11,22,6,10,0,9,0,0,0
5,1,480332,0,0,18,0,0,0,0,0,19,0
6,1,480332,0,0,0,0,0,0,0,0,0,0
0,1,480333,0,0,0,0,0,0,0,0,0,0
1,1,480333,0,0,0,0,0,0,0,0,0,0
1,1,480334,0,0,0,0,0,0,0,0,0,0
2,1,480334,5,5,5,5,5,5,5,5,5,5
1,1,480335,0,0,0,0,0,0,0,0,0,0
1,1,480336,0,0,0,0,0,0,0,0,0,0
2,1,480336,0,17,6,0,0,0,0,0,0,0
1,1,480337,2,2,2,2,2,2,2,2,2,2
2,1,480337,0,19,0,0,0,22,0,13,0,0
1,1,480338,26,26,26,26,26,26,26,26,26,26
1,1,480339,0,25,0,0,0,27,10,0,0,12
2,1,480339,11,11,11,11,11,11,11,11,11,11
1,1,480340,5,0,0,0,0,20,0,16,18,0
0,1,480341,0,16,20,26,9,0,0,13,0,0
1,1,480341,0,0,0,0,0,0,0,0,0,0
1,1,480342,15,15,15,15,15,15,15,15,15,15
2,1,480342,0,0,0,0,12,0,0,5,0,0
1,1,480343,6,6,6,6,6,6,6,6,6,6
0,1,480344,37,18,0,0,0,0,0,34,32,12
1,1,480344,0,0,0,0,0,0,0,7,17,0
1,1,480345,0,0,0,0,0,0,0,0,0,0
2,1,480345,18,18,18,18,18,18,18,18,18,18
0,1,480346,0,0,0,0,0,0,0,0,0,0
1,1,480346,0,0,0,0,0,0,0,0,0,0
1,1,480347,12,12,12,12,12,12,12,12,12,12
1,1,480348,0,0,0,0,0,0,0,0,0,0
2,1,480348,0,0,0,0,0,0,0,13,19,0
1,1,480349,14,14,14,14,14,14,14,14,14,14
2,1,480349,9,10,0,0,0,5,6,0,16,0
1,1,480350,19,19,19,19,19,19,19,19,19,19
2,1,480350,0,0,18,0,0,19,13,0,7,0
1,1,480351,0,0,0,0,0,0,0,0,0,0
1,1,480352,18,18,18,18,18,18,18,18,18,18
1,1,480353,0,0,0,0,0,0,0,0,0,0
1,1,480354,23,22,13,15,18,8,30,11,17,20
1,1,480355,34,34,34,34,34,34,34,34,34,34
1,1,480356,0,0,0,0,0,0,0,0,0,0
2,1,480356,0,0,0,0,0,0,0,0,0,0
1,1,480357,0,14,19,2,22,5,0,20,0,0
1,1,480358,0,7,0,0,0,0,0,0,0,0
1,1,480359,20,20,20,20,20,20,20,20,20,20
1,1,480360,0,0,22,0,14,0,0,16,0,16
1,1,480361,0,8,2,0,0,0,0,0,0,0
2,1,480361,0,0,0,0,0,0,0,0,0,0
1,1,480362,0,0,0,0,0,0,0,0,0,0
2,1,480362,10,25,21,0,0,0,0,2,0,0
1,1,480363,20,7,16,19,8,13,12,12,20,16
2,1,480363,0,0,0,0,0,0,0,0,0,0
1,1,480364,5,5,5,5,5,5,5,5,5,5
1,1,480365,19,0,0,0,0,33,0,0,0,8
1,1,480366,27,6,0,14,19,0,13,20,0,32
2,1,480366,10,12,0,0,0,0,26,0,11,0
3,1,480366,0,9,9,4,9,13,0,0,0,0
1,1,480367,13,0,16,21,19,11,0,14,22,12
2,1,480367,0,19,0,0,0,0,0,0,0,0
1,1,480368,20,10,24,20,13,4,18,9,0,13
1,1,480369,0,15,0,0,0,0,0,0,0,0
1,1,480370,0,0,0,20,0,0,0,0,0,0
2,1,480370,0,0,0,0,0,0,0,0,0,0
1,1,480371,8,8,8,8,8,8,8,8,8,8
1,1,480372,21,32,24,29,17,17,17,7,24,13
2,1,480372,0,17,0,0,0,0,11,8,0,0
1,1,480373,0,0,0,0,0,0,0,0,0,0
2,1,480373,8,0,0,0,0,0,0,0,0,0
1,1,480374,0,0,12,0,12,8,0,0,0,5
0,1,480375,0,0,15,37,11,0,12,0,0,0
1,1,480375,0,0,0,0,0,0,0,0,0,0
2,1,480375,6,6,6,6,6,6,6,6,6,6
0,1,480376,32,0,35,36,25,13,6,0,21,20
1,1,480376,0,0,12,29,18,0,0,0,35,19
2,1,480376,0,0,0,16,9,23,0,0,0,15
3,1,480376,0,0,0,0,0,0,0,0,12,2
4,1,480376,0,0,13,0,0,13,12,0,23,0
5,1,480376,0,19,0,0,0,0,0,0,31,0
1,1,480377,0,0,0,0,26,0,23,25,12,25
1,1,480378,0,0,0,0,0,0,0,0,0,0
1,1,480379,19,19,19,19,19,19,19,19,19,19
2,1,480379,0,0,0,0,0,0,21,0,30,0
1,1,480380,33,0,0,0,0,0,24,21,19,0
2,1,480380,0,0,0,0,0,0,0,0,0,0
1,1,480381,0,0,16,0,17,0,23,9,0,0
1,1,480382,13,13,13,13,13,13,13,13,13,13
2,1,480382,18,18,18,18,18,18,18,18,18,18
1,1,480383,0,7,0,0,0,0,0,0,0,0
2,1,480383,0,0,0,0,0,0,0,0,0,0
1,1,480384,9,0,0,0,0,0,0,0,0,0
2,1,480384,0,0,0,0,0,0,0,0,0,0
1,1,480385,14,14,14,14,14,14,14,14,14,14
0,1,480386,0,0,0,0,9,0,0,0,0,0
1,1,480386,19,16,26,0,0,9,23,11,11,0
1,1,480387,29,29,29,29,29,29,29,29,29,29
1,1,480388,0,26,0,0,35,0,0,24,37,0
2,1,480389,10,10,10,10,10,10,10,10,10,10
1,1,480390,0,0,0,0,0,5,0,0,0,0
2,1,480390,0,0,0,0,0,0,0,0,0,0
1,1,480391,21,0,18,0,34,29,23,11,16,22
1,1,480392,0,0,0,0,0,0,0,0,11,0
1,1,480393,0,0,0,0,0,29,8,0,13,22
1,1,480394,4,0,0,0,0,0,0,0,0,0
2,1,480394,0,0,0,15,0,0,0,10,8,0
1,1,480395,32,0,0,0,0,14,0,10,0,0
1,1,480396,0,0,0,0,0,0,0,0,0,0
2,1,480396,0,0,0,0,0,0,0,0,0,0
1,1,480397,0,0,0,0,0,0,0,0,0,12
2,1,480397,0,0,0,0,0,0,0,0,0,6
3,1,480397,0,0,0,0,0,0,8,0,0,0
1,1,480398,0,0,0,0,0,0,0,0,0,0
2,1,480398,0,0,0,0,0,36,0,0,0,0
1,1,480399,33,0,0,0,0,0,0,0,0,0
1,1,480400,0,0,0,0,0,0,0,0,0,0
2,1,480400,0,0,0,0,0,0,0,0,0,0
3,1,480400,0,0,0,0,0,0,0,0,0,0
1,1,480401,0,0,0,0,0,19,0,0,0,0
2,1,480401,0,0,0,19,0,0,0,0,16,0
3,1,480401,0,7,0,0,0,0,0,0,0,0
4,1,480401,0,0,0,0,14,0,0,0,0,0
1,1,480402,0,0,0,0,0,0,0,0,0,0
2,1,480402,0,0,0,0,5,0,0,0,0,0
1,1,480403,0,4,0,0,0,0,0,0,0,0
2,1,480403,0,0,0,19,0,23,0,0,0,9
1,1,480404,0,0,0,0,0,0,0,0,0,4
1,1,480405,0,0,0,0,0,0,0,0,0,0
1,1,480406,0,0,8,0,0,0,0,0,0,0
2,1,480406,17,0,0,0,11,0,0,0,0,0
0,1,480407,22,0,9,19,15,32,0,11,0,17
1,1,480407,22,0,10,14,11,23,0,0,13,0
1,1,480408,0,0,0,0,0,0,0,0,0,0
2,1,480408,0,0,25,0,21,0,12,16,0,27
3,1,480408,7,27,15,0,0,0,0,12,0,3
4,1,480408,0,0,0,0,0,23,1,0,0,0
1,1,480409,25,0,0,0,10,0,0,43,2,0
2,1,480409,0,22,0,2,12,0,12,0,15,21
1,1,480410,22,22,22,22,22,22,22,22,22,22
1,1,480411,4,24,32,15,16,27,13,10,24,37
1,1,480412,0,0,0,0,0,0,0,0,0,0
2,1,480412,0,0,0,0,0,0,0,0,0,0
1,1,480413,14,0,18,0,0,0,11,0,0,0
2,1,480413,0,7,0,0,0,0,0,0,0,0
1,1,480414,22,22,22,22,22,22,22,22,22,22
0,1,480415,0,13,0,0,0,14,0,0,0,0
1,1,480415,0,0,0,0,0,0,0,0,0,0
1,1,480416,11,3,17,19,0,5,0,0,27,29
0,1,480417,19,16,14,17,23,4,14,11,21,15
1,1,480417,0,9,0,0,0,7,0,11,0,9
0,1,480418,0,0,0,10,0,21,0,15,3,42
0,2,480418,0,0,0,0,0,0,0,0,0,0
1,1,480418,17,0,0,0,0,0,0,0,0,8
1,1,480419,15,0,0,0,0,0,0,0,3,9
1,1,480420,23,23,23,23,23,23,23,23,23,23
0,1,480421,0,0,0,0,0,0,0,0,0,0
1,1,480421,0,0,0,0,0,0,0,0,0,0
1,1,480422,10,0,0,11,21,18,34,0,15,0
1,1,480423,6,0,11,0,10,26,23,0,0,38
1,1,480424,16,16,16,16,16,16,16,16,16,16
1,1,480425,11,6,11,14,11,2,19,2,12,30
2,1,480425,10,9,14,24,19,22,17,14,0,9
1,1,480426,6,6,6,6,6,6,6,6,6,6
1,1,480427,8,0,0,0,31,26,0,25,0,12
2,1,480427,7,29,15,15,11,10,17,18,24,14
1,1,480428,0,0,0,0,0,0,0,0,0,0
2,1,480428,0,11,18,29,0,0,10,0,9,0
1,1,480429,16,0,26,0,0,14,0,12,0,0
1,1,480430,13,27,11,6,12,26,9,26,9,21
2,1,480430,0,0,9,0,0,0,13,9,8,21
1,1,480431,0,0,0,0,0,0,0,0,0,0
2,1,480431,0,0,0,0,0,0,0,0,0,0
3,1,480431,0,0,0,0,0,0,0,0,0,0
4,1,480431,0,22,0,0,9,0,0,0,13,8
5,1,480431,0,0,0,0,0,0,0,0,0,0
6,1,480431,0,0,0,0,0,0,0,0,0,0
7,1,480431,0,0,0,0,0,0,0,0,0,0
0,1,480432,0,0,0,16,8,0,17,0,0,11
1,1,480432,0,16,0,0,13,33,6,39,12,16
1,1,480433,7,27,14,11,6,13,0,25,12,8
1,1,480434,19,19,19,19,19,19,19,19,19,19
1,1,480435,11,0,10,0,0,0,0,0,0,18
2,1,480435,0,17,0,0,0,13,16,0,0,0
0,1,480436,0,23,19,25,32,19,0,9,20,37
1,1,480436,0,0,0,0,0,17,13,0,0,0
1,1,480437,0,0,0,0,0,0,11,0,0,0
2,1,480437,0,0,0,0,0,0,0,0,0,0
1,1,480438,10,10,10,10,10,10,10,10,10,10
1,1,480439,0,10,0,0,0,0,0,0,0,0
1,1,480440,23,37,21,10,14,14,12,28,19,4
1,1,480441,12,12,12,12,12,12,12,12,12,12
2,1,480441,18,0,0,2,0,13,0,0,0,27
3,1,480441,0,0,0,0,13,19,0,0,1,0
1,1,480442,0,0,0,0,0,0,0,0,0,0
0,1,480443,0,0,0,0,0,0,0,0,0,0
0,2,480443,0,0,0,0,0,0,0,0,0,0
1,1,480443,15,11,19,18,21,12,14,13,21,11
1,1,480444,0,0,11,0,0,0,0,7,14,0
1,1,480445,0,0,0,0,0,0,17,0,0,0
2,1,480445,0,0,0,0,0,0,0,0,0,0
1,1,480446,0,0,0,0,0,0,0,0,0,0
2,1,480446,0,0,0,0,0,0,0,0,0,0
1,1,480447,0,0,15,0,0,0,0,0,0,9
2,1,480447,0,0,0,0,0,0,0,0,0,0
1,1,480448,0,0,0,0,0,0,0,0,0,0
2,1,480448,0,0,0,0,0,0,0,0,0,0
0,1,480449,0,0,11,18,0,0,0,0,0,0
1,1,480449,7,0,26,30,9,0,0,0,17,0
0,1,480450,0,0,0,0,0,0,0,0,0,0
1,1,480450,0,0,0,0,0,0,0,10,0,0
1,1,480451,0,0,0,0,0,0,0,0,0,0
2,1,480451,0,10,0,0,0,0,11,0,6,0
1,1,480452,0,0,0,0,0,0,0,0,0,0
2,1,480452,0,0,0,9,0,0,0,22,7,0
1,1,480453,14,5,19,26,23,21,24,0,12,24
1,1,480454,16,27,0,0,14,19,0,0,0,0
1,1,480455,29,14,20,22,0,11,8,0,0,14
2,1,480455,0,0,8,0,0,0,0,0,0,11
1,1,480456,7,27,11,15,24,6,21,6,28,16
1,1,480457,0,0,0,0,0,0,0,0,0,0
1,1,480458,25,25,25,25,25,25,25,25,25,25
1,1,480459,0,0,0,0,0,0,0,0,0,0
1,1,480460,0,0,0,8,0,0,0,0,0,0
2,1,480460,0,0,0,0,0,0,0,0,0,0
3,1,480460,6,0,0,9,0,0,0,0,0,0
0,1,480461,0,0,0,26,0,0,0,0,0,0
1,1,480461,14,0,0,0,0,0,0,7,0,0
1,1,480462,21,0,0,15,31,41,11,19,0,20
1,1,480463,10,25,0,6,12,14,26,0,0,25
1,1,480464,23,0,0,19,6,27,14,0,12,18
1,1,480465,8,0,0,0,0,0,0,0,0,0
1,1,480466,0,0,0,0,0,0,0,0,0,0
2,1,480466,0,0,0,0,0,0,0,0,0,0
1,1,480467,0,0,18,15,0,0,0,0,5,0
2,1,480467,0,0,0,0,0,0,22,0,0,10
1,1,480468,17,0,9,5,21,19,15,18,17,15
0,1,480469,43,18,43,18,18,23,38,29,24,27
0,2,480469,0,0,29,21,22,0,0,26,10,0