VEH_NO,PER_NO,ST_CASE,P1,P2,P3,P4,P5,P6,P7,P8,P9,P10
1,1,480469,18,30,19,9,15,23,22,26,4,10
1,1,480470,24,24,24,24,24,24,24,24,24,24
1,1,480471,0,12,0,15,25,0,0,0,0,22
1,1,480472,0,0,0,0,0,17,0,0,0,0
1,1,480473,0,0,0,0,12,0,0,0,0,0
1,1,480474,29,11,41,22,8,26,9,28,28,16
1,1,480475,9,0,0,23,0,9,5,0,0,0
2,1,480475,15,14,0,0,0,0,0,0,11,0
1,1,480476,0,0,6,34,0,7,0,16,17,8
1,1,480477,0,11,0,0,0,28,0,0,0,13
1,1,480478,21,21,21,21,21,21,21,21,21,21
1,1,480479,10,10,10,10,10,10,10,10,10,10
2,1,480479,0,12,6,0,4,18,0,0,0,10
1,1,480480,29,11,7,18,10,0,0,0,12,18
1,1,480481,19,19,19,19,19,19,19,19,19,19
1,1,480482,10,0,0,0,0,0,0,0,0,18
2,1,480482,0,0,0,0,0,0,0,0,0,0
3,1,480482,0,0,0,0,0,0,0,0,0,0
4,1,480482,0,0,0,0,0,0,0,0,7,0
5,1,480482,0,0,0,0,0,0,8,0,0,0
6,1,480482,0,0,0,0,0,0,0,0,0,0
7,1,480482,0,0,0,0,0,0,0,0,10,0
8,1,480482,0,0,0,0,4,0,0,0,0,0
9,1,480482,0,0,0,0,0,0,0,0,0,0
0,1,480483,0,0,15,13,11,4,0,22,0,0
1,1,480483,0,0,0,0,0,0,0,37,0,0
1,1,480484,31,31,31,31,31,31,31,31,31,31
0,1,480485,0,37,21,0,33,29,16,0,41,32
1,1,480485,0,14,0,6,0,0,0,0,0,0
2,1,480485,13,6,0,9,0,4,0,16,0,0
1,1,480486,25,25,25,25,25,25,25,25,25,25
2,1,480486,0,0,0,0,0,0,0,0,0,0
0,1,480487,0,0,0,0,0,0,0,0,0,0
1,1,480487,0,0,0,0,0,0,0,0,0,32
1,1,480488,0,0,0,0,0,0,0,0,0,0
1,1,480489,0,0,0,0,0,0,0,0,0,0
2,1,480489,0,0,0,0,0,0,0,0,0,0
1,1,480490,0,17,0,0,0,0,0,0,0,0
2,1,480490,0,0,0,0,0,0,0,0,0,0
3,1,480490,0,0,0,0,0,0,0,0,0,0
4,1,480490,0,0,0,4,0,10,0,0,0,0
1,1,480491,0,0,18,8,12,0,0,0,0,0
1,1,480492,0,16,0,0,11,0,0,0,0,0
1,1,480493,15,19,0,0,38,0,19,0,24,15
0,1,480494,11,11,11,11,11,11,11,11,11,11
1,1,480494,0,0,0,0,0,0,0,0,0,0
0,1,480495,0,0,0,0,0,21,0,0,0,0
1,1,480495,0,0,0,0,12,0,0,0,0,0
1,1,480496,8,8,8,8,8,8,8,8,8,8
0,1,480497,0,0,0,10,0,26,0,0,0,0
1,1,480497,0,0,0,0,0,0,0,0,0,0
1,1,480498,0,0,0,0,0,0,0,10,0,0
2,1,480498,0,0,7,0,0,0,0,0,0,0
1,1,480499,18,25,14,10,16,8,17,31,25,17
2,1,480499,29,0,0,0,0,0,0,17,0,0
1,1,480500,31,8,18,42,24,27,19,5,27,18
1,1,480501,0,0,0,0,0,0,8,0,0,10
1,1,480502,0,0,4,0,0,0,0,0,0,0
2,1,480502,0,0,0,0,0,0,0,0,0,0
1,1,480503,19,0,0,12,0,0,0,0,0,0
2,1,480503,0,0,0,0,0,0,0,0,0,14
1,1,480504,28,28,28,28,28,28,28,28,28,28
1,1,480505,0,0,0,0,0,0,0,0,0,0
2,1,480505,16,16,16,16,16,16,16,16,16,16
1,1,480506,16,0,38,12,13,22,11,16,13,0
1,1,480507,0,0,0,0,13,0,0,0,0,0
2,1,480507,0,0,0,0,0,0,0,0,0,0
1,1,480508,7,20,14,28,4,20,0,15,13,26
1,1,480509,0,0,0,0,0,12,0,0,0,0
1,1,480510,0,0,6,0,0,0,0,0,0,0
2,1,480510,0,0,0,0,0,0,0,0,0,0
1,1,480511,24,0,14,0,22,23,9,11,11,0
1,1,480512,9,9,9,9,9,9,9,9,9,9
1,1,480513,0,12,0,0,0,0,0,14,0,0
2,1,480513,0,0,0,9,0,0,21,0,0,0
1,1,480514,7,7,7,7,7,7,7,7,7,7
2,1,480514,14,0,19,13,0,0,28,0,0,14
1,1,480515,16,0,14,0,0,0,0,0,0,17
2,1,480515,0,0,0,0,0,0,0,0,0,0
1,1,480516,0,0,0,0,0,0,0,0,0,0
2,1,480516,0,0,0,0,0,43,0,38,0,0
1,1,480517,3,3,3,3,3,3,3,3,3,3
0,1,480518,0,0,0,11,21,0,0,18,0,0
1,1,480518,0,13,0,0,0,14,5,0,0,17
1,1,480519,0,0,0,0,0,0,0,0,0,0
2,1,480519,0,0,0,0,0,32,0,0,0,0
1,1,480520,1,1,1,1,1,1,1,1,1,1
1,1,480521,21,21,21,21,21,21,21,21,21,21
0,1,480522,19,0,0,6,11,36,32,0,0,0
1,1,480522,0,21,0,0,0,0,0,0,0,0
1,1,480523,0,0,0,20,0,0,0,0,0,0
1,1,480524,5,0,0,0,16,0,0,0,0,0
2,1,480524,0,0,0,0,2,0,0,0,0,0
1,1,480525,4,19,11,9,14,4,11,11,7,7
2,1,480525,0,0,0,0,0,0,0,0,0,22
0,1,480526,21,0,0,0,0,0,26,5,28,0
1,1,480526,0,0,0,0,0,0,0,0,0,0
1,1,480527,8,18,10,11,12,12,19,8,12,12
1,1,480528,7,7,7,7,7,7,7,7,7,7
1,1,480529,0,13,0,7,0,0,0,0,12,0
1,1,480530,5,0,0,0,0,0,24,5,0,0
1,1,480531,0,0,0,22,0,15,14,0,0,14
1,1,480532,0,0,0,0,0,0,0,0,0,6
1,1,480533,28,0,0,0,0,0,8,0,0,20
1,1,480534,12,12,12,12,12,12,12,12,12,12
1,1,480535,0,0,0,0,0,0,0,0,0,0
2,1,480535,0,0,0,0,0,0,5,0,0,0
1,1,480536,0,0,0,0,13,0,0,17,0,0
0,1,480537,0,0,0,0,0,0,0,0,0,0
1,1,480537,0,0,0,0,0,0,0,0,0,0
3,1,480537,0,0,4,0,0,0,0,0,0,0
1,1,480538,21,21,21,21,21,21,21,21,21,21
2,1,480538,0,0,0,0,12,0,0,0,0,0
1,1,480539,34,34,34,34,34,34,34,34,34,34
2,1,480539,21,0,0,0,14,0,0,0,0,27
0,1,480540,16,16,16,16,16,16,16,16,16,16
1,1,480540,13,13,13,13,13,13,13,13,13,13
2,1,480540,0,0,0,0,0,0,0,0,0,0
1,1,480541,0,0,0,0,0,0,0,0,0,0
0,1,480542,0,24,0,0,7,0,0,0,0,20
0,2,480542,13,0,5,0,25,33,0,8,27,0
1,1,480542,10,10,10,10,10,10,10,10,10,10
2,1,480542,17,0,0,10,0,0,2,18,0,9
1,1,480543,13,0,0,0,0,11,0,0,20,11
1,1,480544,15,15,15,15,15,15,15,15,15,15
2,1,480544,17,17,17,17,17,17,17,17,17,17
1,1,480545,0,0,0,0,0,0,0,0,0,0
2,1,480545,0,27,0,0,0,5,0,0,0,0
1,1,480546,0,0,9,0,0,9,6,13,0,0
1,1,480547,0,0,0,0,0,0,0,0,0,0
2,1,480547,0,0,0,0,27,0,12,0,0,0
1,1,480548,0,16,0,0,0,0,0,0,0,18
1,1,480549,0,0,0,0,0,0,0,0,0,0
2,1,480549,22,0,0,0,0,0,0,0,0,0
1,1,480550,0,0,0,0,0,0,0,0,0,0
1,1,480551,20,13,8,0,22,0,19,0,16,16
0,1,480552,0,22,35,33,20,5,23,18,30,34
1,1,480552,20,0,17,11,0,0,26,0,0,0
0,1,480553,18,10,0,17,22,21,0,30,0,0
1,1,480553,0,0,0,2,0,0,0,0,17,0
1,1,480554,16,24,10,28,23,3,22,20,8,10
1,1,480555,19,12,26,14,20,29,23,11,17,23
0,1,480556,0,0,0,0,0,0,0,0,0,0
1,1,480556,0,13,0,0,0,0,0,0,0,0
1,1,480557,0,0,0,0,0,0,0,7,0,0
0,1,480558,0,0,0,0,0,0,0,0,0,0
1,1,480558,0,8,0,0,0,4,10,15,0,0
0,1,480559,15,15,15,15,15,15,15,15,15,15
1,1,480559,3,0,0,0,6,0,22,17,0,0
1,1,480560,28,28,28,28,28,28,28,28,28,28
1,1,480561,24,24,24,24,24,24,24,24,24,24
1,1,480562,19,19,19,19,19,19,19,19,19,19
2,1,480562,20,0,0,0,11,0,0,0,0,16
1,1,480563,20,21,13,0,0,0,0,0,0,8
1,1,480564,0,0,0,0,0,0,0,0,0,0
1,1,480565,0,0,0,0,0,0,0,0,0,0
2,1,480565,9,11,4,0,0,0,0,0,0,0
1,1,480566,0,0,0,0,15,0,0,8,0,0
1,1,480567,0,0,25,14,20,17,0,25,0,0
2,1,480567,0,0,0,0,0,0,20,20,25,30
1,1,480568,6,0,17,6,0,0,0,4,0,0
2,1,480568,0,0,0,0,0,0,0,0,0,0
1,1,480569,0,22,17,21,16,0,12,21,43,20
1,1,480570,15,32,20,8,8,8,29,0,16,24
1,1,480571,12,6,0,5,0,5,0,0,0,0
2,1,480571,10,0,0,0,0,0,0,0,0,0
0,1,480572,0,22,0,0,0,0,27,0,0,0
1,1,480572,0,4,0,8,0,0,13,0,0,0
1,1,480573,0,5,0,0,8,10,0,0,0,0
1,1,480574,9,17,9,16,11,21,40,9,17,0
0,1,480575,0,0,19,23,0,0,0,0,18,0
1,1,480575,14,14,14,14,14,14,14,14,14,14
0,1,480576,0,0,0,0,6,0,0,0,0,0
0,2,480576,0,0,0,0,0,0,0,0,0,0
0,3,480576,0,0,0,0,0,0,0,0,0,0
0,4,480576,0,0,0,0,0,0,0,0,0,0
1,1,480576,0,0,0,0,0,0,0,0,0,0
0,1,480577,0,0,0,0,0,0,0,0,0,0
1,1,480577,0,0,0,0,0,0,0,0,0,0
1,1,480578,27,26,24,0,0,18,0,0,0,0
0,1,480579,0,11,0,0,0,0,0,0,15,0
1,1,480579,0,0,0,0,0,0,0,0,0,0
1,1,480580,0,0,0,0,0,0,0,0,0,0
1,1,480581,23,15,22,0,18,23,0,28,0,9
1,1,480582,0,0,0,0,0,0,0,0,0,0
2,1,480582,27,11,7,0,15,29,2,12,0,0
1,1,480583,0,0,0,0,0,0,0,0,0,0
2,1,480583,0,0,0,0,0,19,0,0,0,0
1,1,480584,0,0,0,0,0,0,0,19,0,0
2,1,480584,0,0,0,0,0,0,0,0,0,0
1,1,480585,27,23,0,17,16,0,14,0,14,28
1,1,480586,0,18,28,0,0,0,0,2,11,14
1,1,480587,0,0,0,0,0,0,19,0,10,0
1,1,480588,19,0,21,0,0,0,14,8,15,10
1,1,480589,0,0,0,0,0,23,0,0,0,0
1,1,480590,0,0,0,0,0,0,0,0,0,0
2,1,480590,0,0,0,0,13,0,23,6,0,0
3,1,480590,0,0,0,0,0,0,0,0,0,0
1,1,480591,15,21,15,18,20,26,17,18,19,33
1,1,480592,0,0,0,0,0,0,0,0,0,19
0,1,480593,0,0,19,0,43,0,0,0,0,0
1,1,480593,0,0,0,0,0,9,0,0,0,0
0,1,480594,0,0,12,0,10,27,32,0,0,0
2,1,480594,0,0,0,0,0,0,0,0,0,0
1,1,480595,14,0,23,3,0,0,0,23,0,0
2,1,480595,0,0,0,0,0,0,0,0,0,0
1,1,480596,0,30,0,0,0,21,10,0,0,0
1,1,480597,11,31,23,25,14,0,18,21,20,24
1,1,480598,0,18,38,20,33,15,7,0,0,0
1,1,480599,0,0,0,0,0,0,0,0,0,0
2,1,480599,0,15,0,0,0,0,0,0,5,0
1,1,480600,21,0,12,0,18,0,15,0,0,0
1,1,480601,0,0,0,0,0,0,0,0,0,0
1,1,480602,0,0,0,0,0,0,0,22,0,0
2,1,480602,0,0,0,2,0,0,21,0,0,0
1,1,480603,25,0,0,0,0,0,5,18,0,0
2,1,480603,0,15,0,0,0,0,21,0,1,0
1,1,480604,33,33,33,33,33,33,33,33,33,33
1,1,480605,12,12,12,12,12,12,12,12,12,12
2,1,480605,0,0,0,14,14,0,0,0,0,0
1,1,480606,27,8,22,22,11,17,15,14,12,17
1,1,480607,29,29,29,29,29,29,29,29,29,29
2,1,480607,11,22,0,3,0,21,14,13,11,16
1,1,480608,17,17,17,17,17,17,17,17,17,17
1,1,480609,7,7,7,7,7,7,7,7,7,7
1,1,480610,22,22,22,22,22,22,22,22,22,22
1,1,480611,6,6,6,6,6,6,6,6,6,6
1,1,480612,0,31,0,0,0,0,0,0,26,0
2,1,480612,0,0,0,0,9,0,0,0,0,0
1,1,480613,0,26,0,0,9,0,0,0,0,0
2,1,480613,0,0,0,0,0,0,0,0,0,0
1,1,480614,0,24,5,27,12,16,0,0,0,0
1,1,480615,0,0,0,0,0,0,0,0,0,0
1,1,480616,19,19,19,19,19,19,19,19,19,19
2,1,480616,0,0,0,12,0,9,0,15,0,0
1,1,480617,0,0,0,0,10,0,0,0,27,0
2,1,480617,0,0,11,17,15,0,0,0,0,16
1,1,480618,0,0,0,0,0,0,0,0,0,0
2,1,480618,0,12,6,0,0,3,0,20,0,0
3,1,480618,0,0,0,0,0,0,11,0,0,0
4,1,480618,0,0,0,0,0,0,0,0,0,0
5,1,480618,0,0,10,0,0,0,0,0,0,0
6,1,480618,0,16,0,4,0,10,0,0,19,15
1,1,480619,0,0,0,0,0,0,0,0,0,0
2,1,480619,0,0,0,0,0,0,0,0,0,0
3,1,480619,0,0,0,0,0,0,0,0,0,0
4,1,480619,0,0,0,0,0,0,0,0,0,0
5,1,480619,0,0,0,0,0,0,0,0,0,0
6,1,480619,0,0,0,0,0,0,0,0,0,0
7,1,480619,0,0,0,0,0,0,0,0,0,0
8,1,480619,0,0,0,0,0,0,0,0,0,0
1,1,480620,0,0,0,0,0,0,0,0,0,0
1,1,480621,0,0,0,0,0,0,0,0,0,0
2,1,480621,0,0,7,0,15,0,22,18,0,9
1,1,480622,0,0,19,0,0,8,0,0,0,8
1,1,480623,5,0,0,34,32,26,0,24,11,11
1,1,480624,0,0,0,0,0,0,0,0,0,0
2,1,480624,0,0,0,0,0,0,0,0,0,0
3,1,480624,0,0,0,0,0,0,0,0,0,0
4,1,480624,0,0,0,4,0,0,0,0,0,0
1,1,480625,0,0,0,0,0,0,0,0,0,0
2,1,480625,0,0,0,0,0,0,0,0,0,0
1,1,480626,0,0,7,0,0,15,0,0,0,0
1,1,480627,0,18,0,11,0,0,9,14,0,0
1,1,480628,11,0,0,12,0,0,0,0,25,0
2,1,480628,0,0,0,0,0,0,0,18,0,0
1,1,480629,0,0,16,0,0,0,10,0,0,23
2,1,480629,0,0,0,0,0,0,0,0,0,0
1,1,480630,23,23,23,23,23,23,23,23,23,23
2,1,480630,0,10,0,22,0,0,0,0,0,0
1,1,480631,0,0,0,7,0,0,0,0,0,0
2,1,480631,15,0,0,17,0,0,0,0,0,0
1,1,480632,22,0,25,26,22,0,0,0,0,20
2,1,480632,0,0,0,0,0,0,0,0,0,0
1,1,480633,28,27,0,23,5,0,18,17,15,0
1,1,480634,6,18,24,16,30,12,0,11,15,5
2,1,480634,0,0,0,0,0,0,0,0,0,0
1,1,480635,0,0,9,0,15,0,0,0,8,14
1,1,480636,11,11,11,11,11,11,11,11,11,11
1,1,480637,1,1,1,1,1,1,1,1,1,1
1,1,480638,14,0,10,0,0,14,4,0,0,13
1,1,480639,0,0,0,0,0,10,0,12,0,0
2,1,480639,0,0,0,15,0,0,0,0,0,0
1,1,480640,26,26,26,26,26,26,26,26,26,26
2,1,480640,0,0,0,6,0,0,14,0,0,0
1,1,480641,21,14,30,10,0,6,14,13,27,0
1,1,480642,0,0,0,0,0,0,0,0,0,0
2,1,480642,0,0,10,18,0,12,0,0,0,0
3,1,480642,0,0,0,13,0,0,23,0,0,0
1,1,480643,0,0,0,0,0,0,0,0,0,0
1,1,480644,0,0,0,0,0,0,0,0,0,0
0,1,480645,0,0,0,0,0,0,0,0,0,0
1,1,480645,0,0,0,0,23,0,18,0,0,0
1,1,480646,15,15,15,15,15,15,15,15,15,15
1,1,480647,0,0,0,0,0,0,0,0,0,0
2,1,480647,12,0,0,0,0,0,0,0,0,0
1,1,480648,11,11,13,0,4,0,18,0,8,10
1,1,480649,0,0,0,0,16,0,0,0,0,0
2,1,480649,0,0,0,0,0,0,0,0,0,0
1,1,480650,0,0,0,0,0,0,0,0,0,5
1,1,480651,12,10,17,15,42,19,4,15,21,4
1,1,480652,0,0,0,0,0,0,0,0,0,0
0,1,480653,0,0,0,0,0,0,0,0,27,0
1,1,480653,0,0,2,0,0,17,0,0,0,0
1,1,480654,32,32,32,32,32,32,32,32,32,32
2,1,480654,0,0,0,0,0,0,0,0,0,0
0,1,480655,20,20,20,20,20,20,20,20,20,20
1,1,480655,0,0,7,28,23,10,10,13,15,6
1,1,480656,22,22,22,22,22,22,22,22,22,22
1,1,480657,0,31,27,17,0,15,19,0,17,0
1,1,480658,0,0,0,0,0,0,0,0,0,0
1,1,480659,0,0,14,23,0,0,27,0,16,0
1,1,480660,0,0,0,0,0,0,0,0,0,0
2,1,480660,0,0,0,0,0,0,0,0,0,0
1,1,480661,0,0,0,0,0,0,0,0,0,0
2,1,480661,0,0,0,0,4,0,20,20,0,0
1,1,480662,0,0,0,0,0,0,0,0,0,0
1,1,480663,14,18,0,13,16,0,0,0,0,22
2,1,480663,7,17,10,27,15,15,15,10,2,0
3,1,480663,0,0,0,0,0,11,0,0,0,0
1,1,480664,0,0,0,0,0,0,0,0,0,0
2,1,480664,0,0,9,0,0,0,0,0,0,0
3,1,480664,0,0,0,0,0,0,0,0,0,0
4,1,480664,0,0,0,4,0,0,0,0,0,0
1,1,480665,27,27,27,27,27,27,27,27,27,27
2,1,480665,0,0,0,0,0,0,0,0,0,0
1,1,480666,7,16,0,0,13,0,26,0,0,30
1,1,480667,0,0,0,0,0,0,0,0,0,0
1,3,480668,0,0,9,18,0,11,26,0,0,16
1,1,480669,17,17,17,17,17,17,17,17,17,17
1,1,480670,0,0,0,0,0,0,0,0,0,0
2,1,480670,0,15,0,0,0,0,0,0,0,0
1,1,480671,15,28,17,31,35,15,0,0,7,0
1,1,480672,3,3,3,3,3,3,3,3,3,3
2,1,480672,0,0,0,0,0,0,0,0,0,0
1,1,480673,0,0,0,0,0,0,0,0,0,0
1,1,480674,29,0,0,0,0,0,0,0,0,0
1,1,480675,0,0,0,0,0,11,0,0,0,0
2,1,480675,0,14,0,0,0,0,0,0,20,0
1,1,480676,0,0,0,0,0,0,0,0,0,0
2,1,480676,0,0,0,0,6,0,0,16,0,31
1,1,480677,0,0,0,0,0,0,0,0,0,0
2,1,480677,0,27,20,0,28,0,6,0,0,0
1,1,480678,14,12,17,20,21,24,19,13,36,21
1,1,480679,0,0,0,0,0,0,0,0,0,0
2,1,480679,0,0,0,0,0,0,0,0,0,0
1,1,480680,24,30,20,19,0,0,0,15,16,16
1,1,480681,0,0,0,0,0,0,0,0,0,0
1,1,480682,7,24,0,0,0,0,4,0,0,0
2,1,480682,0,0,0,0,0,0,0,0,0,0
1,1,480683,0,0,0,0,0,0,0,0,0,0
2,1,480683,9,0,0,0,0,0,0,15,0,0
3,1,480683,0,0,10,0,0,0,0,0,0,0
1,1,480684,14,0,0,13,0,0,0,8,0,21
1,1,480685,19,19,19,19,19,19,19,19,19,19
1,1,480686,0,0,0,5,0,6,0,0,0,0
2,1,480686,0,26,0,0,0,7,0,0,7,0
1,1,480687,13,13,13,13,13,13,13,13,13,13
1,1,480688,14,12,23,11,15,5,13,8,30,21
1,1,480689,15,16,28,0,0,0,20,0,0,0
1,1,480690,0,0,0,0,0,0,0,0,0,0
1,1,480691,0,0,0,0,0,0,4,0,12,0
2,1,480691,0,0,0,0,0,0,0,4,0,0
1,1,480692,33,33,33,33,33,33,33,33,33,33
1,1,480693,0,0,0,0,0,0,0,0,0,0
2,1,480693,5,0,0,7,0,0,0,0,0,0
1,1,480694,0,0,0,0,0,0,0,0,0,0
2,1,480694,0,0,0,0,0,0,0,0,0,0
1,1,480695,0,10,6,15,0,0,8,24,16,11
0,1,480696,29,29,29,29,29,29,29,29,29,29
1,1,480696,13,0,0,0,0,0,0,0,0,9
1,1,480697,0,0,0,0,0,0,6,0,20,0
2,1,480697,0,0,15,10,0,0,0,0,0,0
1,1,480698,0,0,0,0,0,0,0,0,18,0
2,1,480698,0,0,21,0,0,0,0,0,0,0
1,1,480699,0,0,0,25,10,0,0,0,0,13
2,1,480699,12,21,0,0,0,0,6,0,0,0
1,1,480700,0,0,0,5,0,13,0,0,0,0
1,1,480701,9,9,9,9,9,9,9,9,9,9
2,1,480701,0,0,0,0,0,0,0,0,0,0
1,1,480702,0,0,8,0,0,0,5,0,0,0
1,1,480703,0,0,0,0,9,0,0,0,0,14
2,1,480703,0,0,0,0,0,0,0,0,0,0
0,1,480704,29,29,29,29,29,29,29,29,29,29
1,1,480704,0,0,4,16,0,0,12,0,9,0
1,1,480705,0,0,0,0,0,0,0,0,0,0
0,1,480706,0,0,0,0,0,0,0,0,0,0
1,1,480706,0,0,0,0,0,0,0,0,0,0
1,1,480707,0,0,0,0,0,0,0,0,0,0
2,1,480707,18,0,0,0,0,0,0,0,0,0
1,1,480708,10,10,10,10,10,10,10,10,10,10
1,1,480709,0,13,0,0,11,0,0,0,0,0
2,1,480709,0,0,0,0,0,0,0,0,0,0
0,1,480710,0,0,0,24,0,0,0,0,0,0
1,1,480710,0,0,0,0,0,0,0,0,0,0
1,1,480711,0,0,0,0,0,0,3,9,0,0
1,1,480712,0,0,11,0,0,0,0,15,0,3
2,1,480712,0,0,0,0,0,0,0,0,0,0
1,1,480713,26,26,26,26,26,26,26,26,26,26
1,1,480714,0,0,5,0,0,0,0,0,0,0
2,1,480714,11,0,0,17,0,14,0,0,0,0
1,1,480715,0,0,0,0,0,0,0,0,0,0
2,1,480715,0,0,0,0,0,0,0,0,0,0
0,1,480716,0,0,0,0,0,0,0,0,11,0
1,1,480716,0,0,0,0,0,0,0,0,0,0
1,1,480717,1,1,1,1,1,1,1,1,1,1
2,1,480717,0,0,0,0,0,0,0,0,0,0
1,1,480718,0,0,0,0,0,0,0,0,0,0
2,1,480718,0,0,0,0,0,0,0,0,0,0
0,1,480719,18,18,18,18,18,18,18,18,18,18
1,1,480719,8,8,8,8,8,8,8,8,8,8
1,1,480720,10,19,11,13,25,6,9,28,13,13
1,1,480721,0,0,0,0,0,0,21,0,0,0
2,1,480721,0,0,0,0,0,0,0,0,0,0
3,1,480721,0,0,0,0,0,0,0,0,0,0
1,1,480722,0,43,11,0,0,0,9,24,16,0
2,1,480722,0,0,0,0,0,0,0,0,0,0
1,1,480723,0,0,0,0,0,0,0,0,0,0
2,1,480723,0,0,0,12,0,0,7,0,0,0
1,1,480724,0,0,0,0,0,0,0,0,0,0
2,1,480724,13,0,0,16,0,0,11,0,0,0
1,1,480725,8,0,0,23,0,31,0,19,23,0
0,1,480726,11,11,11,11,11,11,11,11,11,11
1,1,480726,0,17,0,0,0,0,14,16,0,0
0,1,480727,0,0,0,0,0,0,0,0,0,0
1,1,480727,0,0,11,13,0,0,8,8,0,0
1,1,480728,17,15,6,16,12,2,12,0,22,28
2,1,480728,0,0,0,0,0,0,0,0,0,0
1,1,480729,0,10,0,0,0,30,11,0,6,13
2,1,480729,0,0,0,0,12,0,14,0,0,0
1,1,480730,0,0,0,0,0,0,0,0,0,0
1,1,480731,18,18,7,17,11,27,12,0,28,15
2,1,480731,0,0,0,0,0,0,0,0,0,0
3,1,480731,0,0,15,0,0,0,0,0,0,0
1,1,480732,0,0,0,0,0,0,0,0,0,0
2,1,480732,0,0,0,0,0,0,0,0,0,18
1,1,480733,11,11,11,11,11,11,11,11,11,11
2,1,480733,14,0,0,20,16,18,2,0,0,0
3,1,480733,0,0,0,16,0,5,0,8,0,31
1,1,480734,0,0,0,0,0,0,0,0,14,0
1,1,480735,0,0,0,0,0,0,0,0,0,0
1,1,480736,18,18,18,18,18,18,18,18,18,18
1,1,480738,0,12,9,14,25,0,16,0,0,25
2,1,480738,0,5,0,17,0,35,25,0,9,0
3,1,480738,0,0,23,0,0,0,0,0,0,0
1,1,480739,16,16,16,16,16,16,16,16,16,16
1,1,480740,0,23,21,9,21,11,0,11,0,0
0,1,480741,20,25,0,13,8,0,0,23,14,19
1,1,480741,0,0,0,0,19,0,0,0,0,0
1,1,480742,0,0,0,16,6,0,0,0,0,0
1,1,480743,0,0,0,0,0,0,0,0,0,13
1,1,480744,23,23,23,23,23,23,23,23,23,23
0,1,480745,5,5,5,5,5,5,5,5,5,5
1,1,480745,0,18,0,0,0,17,0,0,0,0
1,1,480746,18,18,18,18,18,18,18,18,18,18
1,1,480747,0,32,10,45,0,12,3,0,0,13
1,1,480748,10,10,10,10,10,10,10,10,10,10
1,1,480749,0,0,8,0,0,0,0,0,0,0
2,1,480749,0,0,0,0,0,0,0,0,0,0
1,1,480750,0,0,0,0,0,0,0,0,0,0
2,1,480750,0,0,0,0,0,0,0,0,0,0
1,1,480751,10,10,10,10,10,10,10,10,10,10
1,1,480752,15,0,38,0,19,17,17,4,0,0
1,1,480753,0,18,0,12,0,11,0,0,0,0
2,1,480753,0,0,0,0,0,0,0,0,0,0
1,1,480754,0,0,0,0,3,0,0,0,14,0
1,1,480755,10,15,0,0,0,0,0,0,10,0
2,1,480755,0,0,0,0,0,0,0,0,0,0
1,1,480756,0,0,0,0,0,0,0,0,0,9
2,1,480756,0,0,0,0,0,0,0,0,12,0
1,1,480757,0,0,13,0,0,0,0,0,0,0
2,1,480757,0,0,0,0,0,0,0,0,0,0
1,1,480758,0,24,0,0,0,0,0,0,0,0
1,1,480759,11,11,11,11,11,11,11,11,11,11
1,1,480760,11,0,0,0,0,0,0,11,0,14
2,1,480760,0,0,0,0,0,0,0,0,0,0
1,1,480761,0,12,0,11,6,0,0,0,0,21
1,1,480762,22,22,22,22,22,22,22,22,22,22
1,1,480763,0,0,0,0,0,0,0,0,0,0
2,1,480763,0,0,0,27,0,0,0,0,0,0
1,1,480764,0,0,29,0,0,3,0,4,0,0
1,1,480765,15,0,0,15,17,17,21,0,22,8
1,1,480766,0,0,0,0,0,0,0,0,0,0
2,1,480766,1,1,1,1,1,1,1,1,1,1
0,1,480767,16,13,0,0,0,17,21,0,0,0
1,1,480767,0,0,0,0,0,0,0,0,0,0
1,1,480768,18,13,8,16,23,8,23,22,10,21
1,1,480769,21,21,21,21,21,21,21,21,21,21
2,1,480770,0,13,16,23,14,7,6,25,7,5
0,1,480771,0,0,0,0,0,0,0,0,10,20
1,1,480771,0,0,0,0,11,0,0,0,0,0
1,1,480772,16,0,0,0,0,0,0,0,0,0
2,1,480772,0,0,0,0,0,0,0,0,0,2
1,2,480773,10,0,0,0,0,6,0,0,20,0
1,1,480774,1,1,1,1,1,1,1,1,1,1
1,1,480775,10,9,4,25,7,14,20,28,16,17
1,1,480776,0,0,0,0,13,0,0,0,0,0
2,1,480776,0,20,0,0,0,14,16,17,29,0
1,1,480777,0,16,0,0,0,7,0,0,0,0
2,1,480777,0,0,0,0,0,0,0,0,0,0