VEH_NO,PER_NO,ST_CASE,P1,P2,P3,P4,P5,P6,P7,P8,P9,P10
1,1,480778,11,11,11,11,11,11,11,11,11,11
2,1,480778,0,0,0,0,0,17,0,0,0,0
1,1,480779,0,1,20,10,0,23,24,0,0,0
0,1,480780,34,31,25,9,47,18,14,16,18,26
1,1,480780,0,0,0,0,15,0,0,0,0,10
0,1,480781,5,32,18,0,0,0,26,0,0,0
1,1,480781,3,0,0,0,0,0,0,0,0,0
1,1,480782,0,0,0,0,0,0,0,0,0,0
2,1,480782,0,0,0,0,0,0,0,0,0,0
0,1,480783,11,11,11,11,11,11,11,11,11,11
1,1,480783,0,0,0,0,0,0,0,0,0,0
1,1,480784,47,20,0,9,0,24,26,0,0,0
1,1,480785,0,0,0,0,0,0,0,0,0,0
1,1,480786,8,8,8,8,8,8,8,8,8,8
1,1,480787,0,0,0,0,15,0,0,0,0,0
2,1,480787,0,0,0,0,0,0,0,0,0,0
0,1,480788,0,0,0,0,0,0,0,0,0,0
1,1,480788,0,0,0,0,0,23,0,17,9,18
1,1,480789,22,22,22,22,22,22,22,22,22,22
1,1,480790,0,5,16,0,0,0,14,23,0,20
1,1,480791,27,0,0,0,0,0,0,0,0,0
1,1,480792,22,22,22,22,22,22,22,22,22,22
1,1,480793,0,0,0,0,0,0,0,0,4,0
2,1,480793,0,0,0,0,0,0,0,0,0,9
1,1,480794,8,8,8,8,8,8,8,8,8,8
2,1,480794,0,12,0,0,0,7,0,0,21,0
0,1,480795,0,0,0,0,11,0,11,0,3,12
1,1,480795,30,30,30,30,30,30,30,30,30,30
1,1,480796,0,0,11,0,0,0,0,0,0,15
2,1,480796,0,0,0,0,0,0,0,0,0,0
1,1,480797,0,0,0,0,0,0,0,0,0,13
2,1,480797,0,0,0,0,0,6,0,0,0,0
1,1,480798,0,0,0,0,0,0,0,0,0,0
1,1,480799,0,0,0,0,0,0,0,0,0,0
0,1,480800,0,0,0,0,0,0,0,0,0,0
1,1,480800,7,14,33,14,31,12,6,10,0,0
1,1,480801,0,31,0,9,17,0,0,0,0,0
1,1,480802,28,28,28,28,28,28,28,28,28,28
1,1,480803,0,0,12,0,0,0,0,0,0,7
2,1,480803,0,0,0,0,0,22,0,0,0,0
1,1,480804,9,9,9,9,9,9,9,9,9,9
1,1,480805,20,0,14,0,15,0,0,20,9,19
1,1,480806,26,20,30,0,0,0,28,0,0,0
2,1,480806,0,0,16,20,6,0,0,10,0,20
3,1,480806,0,0,0,3,0,3,0,0,9,0
1,1,480807,12,27,17,11,19,27,13,18,0,0
1,1,480808,0,14,15,0,13,15,0,0,15,0
1,1,480809,17,17,17,17,17,17,17,17,17,17
2,1,480809,0,20,0,0,0,0,0,0,0,0
0,1,480810,0,0,0,0,0,0,0,0,0,0
0,2,480810,23,0,0,0,0,0,29,0,0,30
1,1,480810,0,0,0,0,0,0,0,0,0,0
1,1,480811,16,0,8,0,25,0,0,0,0,0
2,1,480811,0,0,0,0,0,0,0,0,0,0
1,1,480812,0,0,0,0,0,0,0,0,0,0
2,1,480812,0,0,0,7,0,0,0,0,0,0
1,1,480813,0,0,0,0,0,0,0,0,0,0
1,1,480814,27,11,0,10,21,33,36,23,9,25
1,1,480815,6,12,11,19,13,11,11,23,12,11
1,1,480816,0,0,0,0,0,0,0,0,0,0
2,1,480816,0,0,0,25,0,0,0,0,0,0
3,1,480816,0,0,12,0,0,0,0,0,17,0
1,1,480817,0,0,0,12,7,4,8,0,3,0
1,1,480818,6,6,6,6,6,6,6,6,6,6
1,1,480819,0,0,0,0,0,15,0,0,0,0
1,1,480820,12,17,19,11,19,12,12,11,24,12
1,1,480821,0,0,0,0,10,0,0,0,0,0
1,1,480823,15,15,15,15,15,15,15,15,15,15
2,1,480823,5,0,0,0,11,0,12,0,0,14
0,1,480824,0,0,0,0,0,0,0,0,0,0
1,1,480824,0,0,0,22,0,0,19,0,0,0
1,1,480825,23,23,23,23,23,23,23,23,23,23
1,1,480826,29,9,14,12,14,30,14,14,14,19
1,1,480827,15,0,17,13,0,0,8,6,0,0
0,1,480828,0,0,0,0,0,0,0,0,0,0
1,1,480828,0,0,0,0,0,0,0,0,0,15
2,1,480828,0,18,18,0,0,0,0,10,0,0
1,1,480829,0,0,0,0,0,0,0,0,0,0
2,1,480829,0,0,0,0,0,0,0,0,0,0
1,1,480830,21,26,15,14,12,15,11,41,0,0
1,1,480831,0,0,0,0,0,0,0,0,0,0
2,1,480831,24,14,23,0,15,36,22,20,16,32
1,1,480832,0,14,0,18,0,0,0,16,0,0
1,1,480833,0,0,0,0,0,0,0,0,0,0
2,1,480833,0,7,0,30,0,0,0,0,0,0
3,1,480833,0,0,0,0,0,0,0,0,0,0
1,1,480834,20,20,20,20,20,20,20,20,20,20
2,1,480834,0,0,22,0,0,0,0,0,0,0
1,1,480835,10,10,10,10,10,10,10,10,10,10
1,1,480836,0,0,6,0,17,0,25,0,0,0
1,1,480837,0,0,0,0,0,0,0,0,0,0
2,1,480837,0,0,0,0,0,0,0,12,0,0
1,1,480838,37,37,37,37,37,37,37,37,37,37
1,1,480839,0,0,0,0,0,0,0,0,0,0
2,1,480839,0,0,0,0,0,0,0,0,0,0
3,1,480839,0,0,0,0,0,0,0,0,0,0
1,1,480840,0,0,0,0,0,0,16,15,0,0
1,1,480841,15,15,15,15,15,15,15,15,15,15
2,1,480841,0,0,0,0,0,0,0,0,0,0
0,1,480842,16,0,0,9,0,0,0,0,14,0
0,2,480842,0,0,0,0,0,0,0,0,0,0
1,1,480842,0,0,0,0,0,0,0,0,0,0
1,1,480843,19,19,19,19,19,19,19,19,19,19
1,1,480844,3,3,3,3,3,3,3,3,3,3
1,1,480845,0,0,0,5,0,0,0,0,0,0
1,1,480846,0,0,0,0,0,0,0,0,0,0
2,1,480846,19,0,3,10,17,0,0,0,15,0
1,1,480847,0,0,0,0,0,0,0,0,0,0
2,1,480847,0,0,0,24,0,0,0,0,0,0
1,1,480848,0,0,0,0,0,0,0,0,0,0
1,1,480849,28,0,18,0,15,0,24,17,0,0
1,1,480850,20,20,20,20,20,20,20,20,20,20
0,1,480851,11,0,31,19,30,19,0,29,19,29
1,1,480851,0,22,17,0,0,0,0,0,0,11
1,1,480852,5,5,5,5,5,5,5,5,5,5
1,1,480853,0,22,0,0,0,0,0,3,0,0
1,1,480854,0,0,0,0,0,0,0,0,0,0
1,1,480855,0,0,0,0,21,0,0,0,0,0
2,1,480855,0,0,0,0,0,0,0,0,0,0
3,1,480855,0,0,0,0,0,0,0,0,0,0
1,1,480856,0,0,8,0,0,0,0,0,0,0
1,1,480857,0,0,0,0,0,0,0,0,0,0
2,1,480857,0,13,0,0,0,0,16,0,0,0
3,1,480857,0,0,0,0,0,0,0,0,0,0
1,1,480858,0,0,0,0,0,0,0,0,0,0
1,1,480859,0,29,0,14,30,0,0,0,0,28
2,1,480859,0,0,0,0,0,0,0,0,0,0
1,1,480860,21,0,0,0,0,0,0,0,0,0
2,1,480860,0,0,0,0,0,0,0,0,0,0
1,1,480861,0,0,0,0,0,13,0,19,0,0
2,1,480861,0,0,0,0,0,0,0,0,0,0
1,1,480862,23,0,5,15,17,12,16,0,10,11
1,1,480863,0,0,0,0,18,0,0,23,34,14
1,1,480864,22,22,22,22,22,22,22,22,22,22
2,1,480864,6,0,0,23,0,0,0,0,0,0
1,1,480865,0,0,0,0,0,0,0,0,0,20
2,1,480865,0,0,0,0,0,0,0,0,0,0
0,1,480866,0,0,0,0,0,0,0,0,0,0
0,2,480866,0,0,0,15,0,0,23,43,0,0
1,1,480866,0,0,0,0,0,0,0,0,0,0
1,1,480867,0,0,0,0,0,0,0,0,0,0
2,1,480867,0,0,0,0,0,0,0,0,0,0
1,1,480868,8,8,8,8,8,8,8,8,8,8
2,1,480868,0,3,0,0,0,0,0,0,0,0
1,1,480869,15,15,15,15,15,15,15,15,15,15
2,1,480869,25,0,26,12,0,11,22,0,0,0
1,1,480870,16,16,16,16,16,16,16,16,16,16
2,1,480870,0,0,0,0,6,0,0,0,0,0
1,1,480871,13,10,17,5,11,10,1,23,6,13
2,1,480871,0,0,0,0,0,0,21,17,0,0
1,1,480872,0,0,0,14,0,0,0,17,10,0
2,1,480872,5,0,0,14,0,0,0,15,9,0
1,1,480873,0,0,0,0,0,0,0,0,0,0
1,1,480874,9,15,16,19,17,35,15,5,16,8
1,1,480875,0,0,0,0,0,0,0,0,0,0
1,1,480876,0,0,0,0,0,0,0,11,0,0
2,1,480876,0,0,0,0,0,0,10,0,0,0
1,1,480877,0,0,0,0,0,0,0,30,0,0
0,1,480878,0,0,0,0,0,0,0,0,0,0
0,2,480878,0,0,0,0,0,0,0,0,0,0
1,1,480878,0,14,0,0,0,0,0,0,0,0
1,1,480879,0,0,0,0,0,0,0,0,0,0
2,1,480879,0,0,0,0,0,14,0,0,0,0
3,1,480879,0,0,0,0,0,0,0,0,0,0
1,1,480880,19,19,19,19,19,19,19,19,19,19
2,1,480880,0,0,0,0,0,0,0,0,0,0
1,1,480881,0,0,0,0,15,30,0,0,0,0
2,1,480881,0,0,0,0,0,0,0,0,0,0
1,1,480882,0,0,23,27,0,0,0,0,0,0
2,1,480882,15,0,0,0,0,0,7,0,7,13
1,1,480883,0,0,0,0,0,0,0,0,0,11
2,1,480883,0,0,0,0,0,0,8,0,0,0
3,1,480883,0,0,6,0,0,0,0,0,0,0
1,1,480884,22,0,0,0,25,6,0,20,0,3
1,1,480885,0,0,0,0,0,0,0,0,24,0
2,1,480885,0,0,0,0,0,0,0,0,0,0
1,1,480886,0,0,0,0,0,0,0,0,0,0
2,1,480886,3,0,0,0,14,0,0,17,0,7
1,1,480887,0,0,0,0,0,0,0,0,0,0
1,1,480888,0,20,35,0,13,0,18,10,0,0
1,1,480889,13,13,13,13,13,13,13,13,13,13
2,1,480889,11,11,51,0,23,16,0,0,0,0
3,1,480889,0,16,0,0,0,0,0,0,0,0
4,1,480889,0,0,0,0,0,0,0,0,0,0
5,1,480889,23,12,31,23,0,0,0,0,14,0
1,1,480890,0,0,0,0,0,0,0,0,0,0
1,1,480891,0,10,0,0,0,0,0,0,0,0
2,1,480891,0,0,0,0,0,0,0,0,0,0
1,1,480892,0,0,0,0,9,0,0,0,0,0
1,1,480893,19,19,6,0,12,15,0,23,31,13
1,1,480894,0,0,0,0,10,0,0,0,0,22
2,1,480894,0,0,0,0,0,0,0,0,0,0
1,1,480895,0,0,0,0,0,0,0,11,0,0
2,1,480895,0,0,15,17,0,6,0,0,0,0
0,1,480896,50,0,0,0,6,34,0,0,5,0
1,1,480896,0,17,0,0,0,0,0,20,0,0
1,1,480897,0,8,0,13,0,0,0,0,0,0
1,1,480898,0,23,0,13,0,0,0,0,0,0
1,1,480899,13,24,18,5,32,8,20,0,18,8
1,1,480900,22,22,22,22,22,22,22,22,22,22
1,1,480901,0,0,0,0,0,0,0,0,0,0
2,1,480901,0,0,0,0,0,0,5,0,0,0
1,1,480902,12,12,12,12,12,12,12,12,12,12
2,1,480902,0,0,0,0,0,0,0,0,0,0
3,1,480902,0,10,0,0,10,40,0,0,0,0
1,1,480903,0,0,0,0,0,0,0,0,0,0
2,1,480903,0,0,0,0,0,0,0,0,0,0
1,1,480904,0,0,0,0,0,0,0,0,0,0
1,1,480905,17,17,17,17,17,17,17,17,17,17
1,1,480906,0,21,17,17,7,15,3,0,15,6
2,1,480906,0,0,19,0,0,0,0,24,0,11
0,1,480907,0,0,0,0,0,0,0,0,0,0
1,1,480907,17,0,0,0,0,0,0,20,0,20
0,1,480908,0,0,0,0,0,0,0,0,0,0
1,1,480908,0,0,0,14,0,0,0,0,0,0
0,1,480909,0,0,0,0,0,0,0,0,0,0
1,1,480909,0,20,0,0,0,0,0,0,0,0
1,1,480910,0,0,14,0,0,0,27,0,0,0
2,1,480910,0,0,0,0,0,0,0,0,0,0
1,1,480911,20,20,20,20,20,20,20,20,20,20
1,1,480912,0,0,0,0,0,0,0,0,0,0
2,1,480912,0,10,11,0,0,12,0,0,0,0
1,1,480913,11,11,11,11,11,11,11,11,11,11
2,1,480913,0,0,0,0,0,0,0,0,0,0
1,1,480914,11,11,11,11,11,11,11,11,11,11
1,1,480915,31,0,0,17,0,10,0,0,21,14
2,1,480915,0,0,0,36,10,0,18,0,0,0
1,1,480916,19,19,19,19,19,19,19,19,19,19
2,1,480916,4,24,0,0,0,0,0,0,0,0
3,1,480916,0,0,0,0,0,0,0,0,0,0
1,1,480917,0,0,0,0,0,0,0,0,0,0
2,1,480917,23,0,17,17,34,0,25,31,0,26
1,1,480918,0,10,20,12,0,0,0,0,10,18
2,1,480918,8,12,23,9,18,13,16,31,28,20
1,1,480919,8,17,0,8,18,9,27,16,0,18
1,1,480920,0,0,0,0,0,0,0,0,0,0
2,1,480920,0,0,0,0,0,0,0,0,0,10
1,1,480921,8,8,8,8,8,8,8,8,8,8
2,1,480921,0,0,0,0,0,0,0,0,0,0
3,1,480921,0,0,0,0,0,0,0,0,0,0
4,1,480921,0,0,0,0,0,0,0,0,0,0
1,1,480922,21,21,21,21,21,21,21,21,21,21
1,1,480923,0,0,0,0,0,0,0,0,0,0
2,1,480923,0,0,0,0,0,0,8,6,0,0
3,1,480923,12,0,14,0,23,0,22,15,0,0
1,1,480924,0,0,0,24,0,17,16,25,28,0
2,1,480924,0,0,0,19,0,27,0,0,0,0
1,1,480925,0,0,0,0,0,0,0,0,0,0
1,1,480926,0,0,0,0,0,0,0,24,0,0
0,1,480927,0,13,28,29,22,0,39,16,0,23
1,1,480927,0,15,9,9,3,0,7,34,0,0
1,1,480928,23,23,23,23,23,23,23,23,23,23
1,1,480929,0,0,19,0,0,0,0,0,0,0
2,1,480929,0,11,0,0,0,0,0,0,0,0
1,1,480930,0,0,0,0,0,0,0,0,0,0
2,1,480930,0,0,11,0,0,0,0,0,0,0
0,1,480931,0,0,0,38,0,0,0,0,13,21
1,1,480931,0,0,0,0,0,0,0,0,0,0
0,1,480932,0,0,0,0,0,0,0,0,0,0
1,1,480932,0,0,0,0,0,0,0,0,0,0
1,1,480933,0,25,9,25,0,0,0,0,0,0
2,1,480933,0,0,6,0,0,0,0,0,0,24
1,1,480934,0,0,0,0,0,0,0,0,0,0
2,1,480934,0,0,0,0,0,0,0,8,0,0
1,1,480935,0,0,0,0,0,0,0,0,0,0
2,1,480935,0,8,0,0,0,0,0,0,0,0
1,1,480936,11,0,0,0,0,0,0,0,0,0
2,1,480936,0,0,0,0,0,0,0,0,0,0
1,1,480937,0,0,0,0,0,0,0,18,18,0
2,1,480937,0,0,0,0,0,0,0,0,0,0
1,1,480938,7,7,7,7,7,7,7,7,7,7
2,1,480938,14,14,14,14,14,14,14,14,14,14
3,1,480938,8,8,8,8,8,8,8,8,8,8
1,1,480939,0,0,0,0,0,0,0,0,0,0
1,1,480940,0,0,0,0,0,0,0,12,0,0
2,1,480940,0,0,0,6,0,0,0,0,0,0
1,1,480941,0,0,0,0,0,0,0,0,0,0
2,1,480941,0,0,15,0,0,0,0,0,0,0
1,1,480942,19,0,0,0,0,0,0,0,5,0
2,1,480942,0,0,0,0,0,0,0,0,0,0
0,1,480943,13,13,13,13,13,13,13,13,13,13
1,1,480943,0,0,0,0,0,0,0,0,0,0
1,1,480944,0,0,0,0,0,0,0,0,0,0
2,1,480944,21,0,3,0,0,0,0,21,0,0
3,1,480944,0,0,9,0,0,20,0,0,0,0
0,1,480945,0,22,0,0,0,0,39,0,11,0
1,1,480945,0,0,0,25,0,0,0,0,0,0
1,1,480946,14,9,5,3,35,27,22,13,20,0
1,1,480947,0,0,0,0,0,0,0,0,0,0
2,1,480947,0,0,0,0,27,0,0,0,16,0
1,1,480948,14,30,20,6,14,9,11,17,16,11
0,1,480949,26,0,16,0,0,0,0,0,0,0
1,1,480949,7,7,7,7,7,7,7,7,7,7
1,1,480950,14,9,0,0,0,21,0,23,29,0
2,1,480950,20,20,20,20,20,20,20,20,20,20
0,1,480951,0,27,0,0,40,0,41,0,0,0
1,1,480951,0,0,0,18,0,0,0,0,0,21
1,1,480952,0,0,0,0,0,0,0,0,0,0
2,1,480952,0,0,0,0,0,0,0,0,0,0
1,1,480953,14,0,0,0,0,0,0,0,0,26
2,1,480953,0,0,14,18,9,0,0,0,0,0
3,1,480953,0,0,0,0,0,0,0,0,0,0
1,1,480954,0,0,0,0,0,0,0,0,0,0
2,1,480954,0,0,0,0,0,0,7,0,0,0
1,1,480955,0,0,0,0,0,0,0,0,0,0
2,1,480955,0,9,20,0,0,0,0,0,14,15
3,1,480955,0,0,0,0,2,0,0,0,0,0
1,1,480956,0,0,0,0,0,0,0,0,0,0
1,1,480957,34,0,0,0,16,12,0,0,0,0
2,1,480957,0,0,0,0,0,0,8,12,0,0
1,1,480958,24,24,24,24,24,24,24,24,24,24
1,1,480959,0,11,13,15,0,0,0,0,0,0
0,1,480960,13,31,17,0,12,32,0,0,0,0
1,1,480960,0,11,0,0,0,0,0,13,0,0
1,1,480961,0,0,0,0,0,0,15,17,0,0
1,1,480962,0,16,0,0,0,0,12,0,0,0
0,1,480963,0,0,0,0,0,0,0,0,0,0
2,1,480963,0,0,0,0,0,0,0,8,0,0
1,1,480964,21,21,21,21,21,21,21,21,21,21
1,1,480965,18,0,0,0,0,0,0,0,9,0
2,1,480965,0,0,0,0,0,0,0,0,0,0
1,1,480966,0,0,0,0,0,0,0,0,0,0
2,1,480966,0,0,0,0,22,0,0,0,10,0
3,1,480966,0,0,0,0,0,0,0,0,0,0
4,1,480966,0,0,0,0,0,0,0,0,0,0
1,1,480967,0,0,0,0,0,0,0,0,0,0
2,1,480967,15,0,0,0,0,0,3,0,0,0
3,1,480967,0,0,0,0,0,0,0,0,0,0
1,1,480968,15,13,7,9,0,19,26,23,13,31
1,1,480969,26,0,0,0,0,0,0,0,0,0
2,1,480969,0,0,0,0,14,0,13,0,0,0
1,1,480970,0,0,0,0,0,0,0,0,0,0
2,1,480970,0,0,0,0,0,0,0,0,0,0
1,1,480971,0,0,0,0,0,0,0,0,0,0
2,1,480971,0,0,23,0,19,0,0,0,0,0
1,1,480972,0,0,0,0,0,0,0,0,0,0
2,1,480972,0,0,0,0,0,0,0,0,0,0
1,1,480973,0,0,0,0,0,0,0,0,0,0
2,1,480973,0,0,0,0,0,0,0,0,0,0
3,1,480973,0,0,0,0,12,0,0,0,0,0
1,1,480974,0,14,0,0,0,21,17,10,14,16
1,1,480975,0,0,0,0,0,0,0,0,0,0
2,1,480975,0,0,0,0,0,0,0,0,0,0
1,1,480976,0,0,0,0,10,0,0,0,0,0
2,1,480976,0,0,0,0,0,0,0,0,0,0
1,1,480977,0,0,0,0,0,0,0,0,0,0
2,1,480977,0,0,0,0,0,0,0,0,0,0
1,1,480978,21,21,21,21,21,21,21,21,21,21
1,1,480979,7,14,7,0,20,22,8,0,24,6
0,1,480980,0,0,0,0,0,12,0,0,16,0
1,1,480980,0,0,0,0,0,0,0,0,0,15
1,1,480981,0,0,0,0,0,0,0,0,0,0
2,1,480981,0,0,0,0,0,0,0,6,0,0
3,1,480981,0,0,0,0,0,43,0,0,0,0
1,1,480982,0,0,0,0,7,0,0,0,0,23
1,1,480983,0,0,0,0,0,0,0,0,0,0
2,1,480983,0,0,0,0,0,0,0,0,0,0
3,1,480983,0,0,0,0,0,0,0,0,0,0
4,1,480983,0,0,0,0,0,24,0,0,0,0
1,1,480984,21,21,0,7,22,5,22,13,16,4
2,1,480984,0,0,0,0,0,0,0,0,0,0
1,1,480985,0,0,0,0,0,0,0,0,0,0
2,1,480985,0,0,0,0,0,0,0,0,0,0
1,1,480986,0,0,48,15,0,16,0,0,0,0
0,1,480987,0,0,0,0,0,0,0,0,0,0
1,1,480987,12,12,12,14,14,15,25,9,9,5
1,1,480988,0,0,0,27,0,0,0,0,0,0
2,1,480988,0,25,0,0,0,13,0,4,0,0
1,1,480989,17,0,13,0,0,0,0,17,25,0
1,1,480990,19,19,19,19,19,19,19,19,19,19
1,1,480991,0,20,21,22,18,16,22,0,0,0
2,1,480991,13,0,24,0,4,18,29,14,0,0
1,1,480992,0,0,17,0,0,0,0,0,8,0
2,1,480992,12,0,7,14,9,5,0,26,8,0
1,1,480993,0,11,0,14,15,0,0,0,0,0
2,1,480993,10,0,0,0,0,0,0,0,15,12
1,1,480994,15,15,15,15,15,15,15,15,15,15
2,1,480994,0,0,0,0,0,0,0,0,0,0
1,1,480995,20,20,20,20,20,20,20,20,20,20
2,1,480995,0,0,0,0,0,3,0,0,0,0
1,1,480996,0,0,0,0,0,0,0,0,0,0
1,1,480997,24,15,11,12,11,30,27,14,20,9
1,1,480998,0,0,0,0,20,9,0,0,5,0
1,1,480999,8,8,8,8,8,8,8,8,8,8
0,1,481000,18,12,0,20,23,0,0,18,22,25
1,1,481000,4,4,4,4,4,4,4,4,4,4
1,1,481001,30,30,30,30,30,30,30,30,30,30
2,1,481001,0,0,0,0,0,0,0,0,0,0
1,1,481002,0,0,0,0,0,0,0,0,0,0
0,1,481003,17,22,9,39,34,0,19,0,0,19
1,1,481003,16,17,33,4,7,6,10,7,10,7
0,1,481004,0,0,0,0,0,0,0,0,0,0
1,1,481004,0,0,0,0,0,0,0,0,0,0
1,1,481005,17,16,14,20,30,12,0,0,0,0
1,1,481006,0,0,0,0,0,0,0,0,0,0
2,1,481006,0,0,0,0,0,0,0,0,0,0
1,1,481007,0,0,0,0,0,0,0,0,0,0
2,1,481007,0,0,0,0,0,0,0,0,0,0
1,1,481008,9,9,9,9,9,9,9,9,9,9
2,1,481008,0,0,0,0,0,0,0,0,0,0
3,1,481008,0,22,0,0,0,0,0,0,0,0
4,1,481008,12,0,0,0,0,0,0,0,0,0
0,1,481009,30,30,30,30,30,30,30,30,30,30
1,1,481009,12,0,15,0,0,0,0,0,0,0
1,1,481010,10,8,16,13,14,0,11,30,9,16
1,1,481011,0,0,0,0,0,0,0,0,0,0
2,1,481011,0,0,0,0,0,0,0,0,0,0
1,1,481012,10,10,10,10,10,10,10,10,10,10
1,1,481013,21,5,3,12,10,0,9,8,10,15
1,1,481014,0,0,0,0,0,0,9,0,0,0
2,1,481014,8,0,0,11,0,0,0,0,6,0
1,1,481015,17,17,17,17,17,17,17,17,17,17
1,1,481016,35,35,35,35,35,35,35,35,35,35
1,1,481017,10,23,12,22,23,11,14,3,13,11
1,1,481018,0,0,0,0,0,0,0,0,0,0
1,1,481019,0,0,0,0,0,0,0,0,0,0
0,1,481020,24,24,24,24,24,24,24,24,24,24
1,1,481020,0,0,0,0,0,0,0,0,0,0
1,1,481021,0,0,0,0,0,0,0,0,0,0
1,1,481022,0,0,0,0,0,0,0,0,0,0
2,1,481022,0,0,0,0,0,0,0,0,0,0
3,1,481022,0,0,0,0,0,0,0,0,0,0
4,1,481022,0,0,0,0,19,0,0,0,0,0
5,1,481022,0,0,0,0,0,0,0,0,0,0
1,1,481023,17,0,0,0,0,0,0,0,0,0
2,1,481023,0,0,23,0,0,0,27,16,0,0
1,1,481024,18,18,14,0,0,0,0,0,0,0
1,1,481025,14,14,14,14,14,14,14,14,14,14
1,1,481026,8,0,0,17,0,0,5,8,13,0
1,1,481027,0,0,0,0,0,0,0,0,0,0
1,1,481028,0,0,0,0,0,0,0,0,0,0
2,1,481028,0,0,0,0,0,0,0,0,0,0
1,1,481029,8,10,0,11,0,0,0,0,0,0
0,1,481030,29,29,29,29,29,29,29,29,29,29
1,1,481030,17,0,10,0,0,10,0,0,0,7
0,1,481031,38,38,38,38,38,38,38,38,38,38
1,1,481031,0,0,0,0,0,0,0,45,21,24
1,1,481032,0,0,0,22,27,0,0,0,0,12
1,1,481033,17,17,17,17,17,17,17,17,17,17
2,1,481033,0,0,0,0,0,8,13,0,0,5
1,1,481034,27,27,27,27,27,27,27,27,27,27
1,1,481035,21,21,21,21,21,21,21,21,21,21
0,1,481036,0,0,0,18,18,0,0,0,0,23
1,1,481036,14,0,0,0,0,0,0,0,0,0
1,1,481037,0,16,0,12,0,0,0,7,10,10
1,1,481038,21,21,21,21,21,21,21,21,21,21
1,1,481039,0,0,0,0,0,0,0,7,0,0
2,1,481039,0,0,0,0,0,0,8,0,0,0
1,1,481040,3,3,3,3,3,3,3,3,3,3
1,1,481041,0,0,0,0,34,0,0,12,0,0
1,1,481042,21,20,0,59,11,21,10,14,21,4
1,1,481043,0,0,0,0,0,0,0,0,0,0
2,1,481043,0,0,0,0,0,0,0,0,0,0
1,1,481044,0,0,0,0,0,0,0,0,0,0
2,1,481044,0,0,0,6,4,0,25,0,0,0
3,1,481044,0,0,6,0,0,0,0,0,0,0
1,1,481045,0,0,0,0,0,9,0,0,0,0
2,1,481045,0,0,0,0,0,0,0,0,0,0
1,1,481046,0,0,6,17,0,0,0,0,0,0
2,1,481046,0,0,0,0,5,0,0,0,0,0
1,1,481047,28,28,28,28,28,28,28,28,28,28
1,1,481048,0,18,18,0,7,0,0,0,0,16
1,1,481049,9,0,0,13,22,0,0,13,0,0
2,1,481049,0,0,21,0,0,0,0,0,0,0
1,1,481050,21,21,21,21,21,21,21,21,21,21
2,1,481050,17,0,0,0,0,0,0,0,0,0
1,1,481051,0,0,0,0,0,0,0,0,0,0
1,1,481052,13,13,13,13,13,13,13,13,13,13
1,1,481053,0,0,14,0,0,18,0,0,16,0
2,1,481053,0,0,0,0,0,0,0,0,0,0
1,1,481054,0,0,0,0,0,0,0,11,0,0
2,1,481054,13,0,0,0,0,0,0,0,0,0
3,1,481054,0,0,0,0,0,0,0,0,0,0
4,1,481054,0,0,0,0,16,0,0,0,0,0
5,1,481054,0,0,0,0,0,0,0,0,0,0
6,1,481054,0,0,0,0,0,0,0,0,0,0
7,1,481054,0,0,0,0,0,0,4,0,0,0
8,1,481054,0,8,0,0,0,0,0,0,0,0
9,1,481054,0,0,0,0,0,0,0,0,0,0
1,1,481055,18,0,16,14,12,16,0,0,7,8
1,1,481056,0,8,0,0,12,0,9,0,10,0
1,1,481057,0,0,0,0,0,0,0,0,0,0
1,1,481058,1,1,1,1,1,1,1,1,1,1
1,1,481059,0,0,0,0,0,0,0,0,5,0
2,1,481059,0,0,0,0,0,0,0,0,0,0
1,1,481060,0,9,0,0,15,0,0,9,0,0
1,1,481061,4,4,4,4,4,4,4,4,4,4
3,1,481061,0,0,0,0,0,0,0,0,0,0
4,1,481061,0,20,0,12,23,24,15,23,19,19
1,1,481062,0,0,0,0,0,0,0,0,0,0
1,1,481063,0,0,13,0,14,0,0,0,0,0
2,1,481063,0,0,0,0,0,0,0,0,0,0
1,1,481064,8,15,0,9,9,0,6,29,0,0
1,1,481065,0,0,0,0,0,0,0,0,0,0
2,1,481065,0,0,0,0,0,0,0,0,0,0
1,1,481066,0,0,0,0,0,0,0,0,0,0
1,1,481067,0,11,28,0,8,41,0,0,0,11
2,1,481067,0,0,0,0,0,0,0,0,0,0
1,1,481068,0,0,0,0,0,0,0,0,0,0
2,1,481068,0,0,0,0,0,0,0,0,0,0
1,1,481069,0,0,15,12,0,0,0,0,0,0
2,1,481069,14,10,0,0,0,0,0,0,14,0
1,1,481070,0,0,0,0,0,0,0,0,0,0
1,1,481071,0,0,28,0,0,0,13,0,0,0
2,1,481071,0,0,0,0,0,0,0,0,0,0
1,1,481072,19,0,0,0,0,0,0,9,0,0