VEH_NO,PER_NO,ST_CASE,P1,P2,P3,P4,P5,P6,P7,P8,P9,P10
2,1,481072,0,0,0,0,0,0,0,0,0,0
3,1,481072,0,0,0,0,0,0,0,0,0,13
4,1,481072,0,0,0,0,0,0,0,0,0,0
1,1,481073,9,9,9,9,9,9,9,9,9,9
2,1,481073,0,0,0,0,0,0,0,0,0,8
3,1,481073,0,0,0,0,0,0,16,0,17,0
1,1,481074,0,0,0,0,0,0,0,0,2,0
2,1,481074,0,0,0,7,0,0,0,0,0,0
1,1,481076,0,0,0,0,0,0,0,0,0,0
1,1,481077,0,0,0,0,4,0,0,0,0,0
2,1,481077,0,0,0,0,0,13,0,15,0,0
1,1,481078,49,49,49,49,49,49,49,49,49,49
1,1,481079,18,18,18,18,18,18,18,18,18,18
1,1,481080,17,0,0,0,16,0,6,0,4,0
1,1,481081,0,8,12,8,0,0,0,0,0,0
2,1,481081,25,0,0,0,0,0,0,0,0,0
1,1,481082,0,0,0,0,0,0,0,0,0,0
1,1,481083,0,8,10,13,0,5,25,12,5,9
2,1,481083,0,0,0,0,0,7,0,0,0,0
0,1,481084,30,30,30,30,30,30,30,30,30,30
1,1,481084,15,4,12,16,22,0,8,8,20,8
1,1,481085,11,11,11,11,11,11,11,11,11,11
1,1,481086,0,0,0,0,0,0,0,0,0,0
1,1,481087,8,0,0,0,0,0,0,23,0,0
2,1,481087,37,5,0,0,0,15,0,0,18,15
1,1,481088,0,0,0,0,0,0,0,0,0,0
2,1,481088,0,0,9,0,0,0,0,0,0,0
1,1,481089,0,0,0,0,0,0,0,0,0,0
1,1,481090,19,19,19,19,19,19,19,19,19,19
2,1,481090,0,0,0,0,0,0,0,0,0,0
1,1,481091,0,0,0,0,0,0,0,0,0,0
2,1,481091,0,0,0,0,0,0,0,0,0,0
1,1,481092,0,0,0,0,0,0,0,0,0,0
1,1,481093,0,0,0,0,0,6,0,0,0,0
2,1,481093,4,0,11,0,0,0,0,11,6,1
1,1,481094,0,0,0,0,0,0,0,0,0,0
2,1,481094,0,0,0,0,0,0,0,0,0,0
1,1,481095,0,0,0,0,0,0,0,0,0,0
0,1,481096,0,0,0,0,0,0,0,0,0,0
1,1,481096,0,0,0,0,5,0,0,0,0,0
1,1,481097,0,0,0,0,0,0,0,0,0,0
1,1,481098,19,0,20,0,0,0,31,0,0,0
1,1,481099,0,0,0,0,0,0,11,0,0,0
1,1,481100,0,0,12,0,0,7,0,0,0,0
2,1,481100,0,0,0,0,0,0,0,0,0,20
3,1,481100,8,8,8,8,8,8,8,8,8,8
1,1,481101,0,0,0,22,0,0,0,0,0,0
2,1,481101,0,0,0,0,0,0,0,0,0,0
1,1,481102,0,0,0,21,23,0,0,0,19,0
2,1,481102,0,0,0,0,0,0,0,0,0,0
1,1,481103,24,24,24,24,24,24,24,24,24,24
1,1,481104,0,0,0,0,0,0,5,0,0,19
1,1,481105,12,12,12,12,12,12,12,12,12,12
1,1,481106,0,0,13,0,0,0,0,13,0,0
1,1,481107,12,0,0,0,0,0,0,14,0,0
1,1,481108,0,0,28,0,0,12,0,0,27,28
0,1,481109,24,24,24,24,24,24,24,24,24,24
1,1,481109,0,0,0,0,0,13,0,0,0,0
0,1,481110,24,4,13,0,7,0,18,20,25,19
1,1,481110,0,0,0,7,0,0,0,0,0,0
1,1,481111,0,0,0,0,0,0,0,0,0,0
1,1,481112,18,18,18,18,18,18,18,18,18,18
1,1,481113,0,0,0,0,0,0,0,0,0,0
2,1,481113,13,14,4,5,12,14,4,19,0,13
1,1,481114,24,24,24,24,24,24,24,24,24,24
1,1,481115,0,0,0,0,0,0,0,0,0,0
2,1,481115,0,0,0,0,0,0,0,0,0,0
1,1,481116,9,9,9,9,9,9,9,9,9,9
1,1,481117,27,27,27,27,27,27,27,27,27,27
1,1,481118,0,0,0,0,0,0,29,0,0,0
2,1,481118,0,0,0,2,0,0,0,0,0,0
1,1,481119,22,0,0,0,0,5,0,0,15,0
1,1,481120,20,20,20,20,20,20,20,20,20,20
1,1,481121,0,0,0,0,0,0,0,0,0,0
2,1,481121,0,0,0,0,0,0,0,0,0,0
3,1,481121,0,0,0,0,0,0,0,0,0,0
0,1,481122,11,11,11,11,11,11,11,11,11,11
1,1,481122,0,0,0,0,0,0,0,0,12,0
2,1,481122,0,0,0,0,0,6,0,0,17,0
3,1,481122,0,0,0,0,0,0,0,0,0,0
1,1,481123,0,0,0,0,0,0,0,0,0,0
2,1,481123,0,0,0,0,5,0,0,0,0,0
3,1,481123,0,0,0,0,0,0,0,0,33,30
1,1,481124,0,0,0,0,0,0,0,0,0,0
2,1,481124,0,0,0,0,0,0,0,0,0,0
3,1,481124,0,0,0,0,0,0,0,0,0,0
1,1,481125,0,0,14,0,0,0,0,0,0,0
1,1,481126,0,0,0,0,0,0,0,0,0,0
1,1,481127,1,1,1,1,1,1,1,1,1,1
2,1,481127,0,0,0,0,0,0,0,0,0,0
0,1,481128,14,14,14,14,14,14,14,14,14,14
1,1,481128,0,0,23,0,0,0,0,0,15,0
1,1,481129,0,0,0,0,0,0,0,0,0,0
2,1,481129,0,0,0,0,0,0,0,0,0,0
0,1,481130,30,15,0,0,21,29,24,0,36,0
1,1,481130,14,14,14,14,14,14,14,14,14,14
2,1,481130,0,7,0,8,0,0,7,0,0,0
3,1,481130,11,0,0,0,14,0,0,0,0,0
1,1,481131,0,0,0,0,9,4,5,28,0,16
1,1,481132,0,0,22,0,0,0,0,0,0,8
2,1,481132,17,0,0,0,0,0,0,0,0,0
1,1,481133,11,11,11,11,11,11,11,11,11,11
1,1,481134,0,0,0,0,0,0,0,0,0,0
2,1,481134,0,0,0,0,8,10,0,0,0,7
0,1,481135,0,0,0,24,0,0,0,0,0,0
1,1,481135,0,0,0,0,0,0,0,0,0,0
1,1,481136,0,0,0,0,0,0,0,0,0,0
0,1,481137,0,13,18,20,12,21,33,0,0,11
1,1,481137,26,16,5,0,0,0,0,0,0,0
1,1,481138,20,0,30,13,31,36,12,0,0,13
1,1,481139,0,0,0,0,0,0,0,0,0,0
2,1,481139,24,24,24,24,24,24,24,24,24,24
1,1,481140,18,26,23,23,21,4,22,14,7,19
1,1,481141,0,0,8,0,0,0,0,0,0,0
1,1,481142,19,23,14,9,4,13,0,0,0,12
1,1,481143,0,0,0,0,0,0,0,0,13,0
2,1,481143,0,0,0,0,0,0,0,0,0,0
1,1,481144,0,0,0,0,0,0,0,0,0,0
2,1,481144,0,0,0,13,8,0,0,0,0,0
3,1,481144,0,0,0,0,0,0,0,0,0,0
0,1,481145,0,18,0,0,0,0,0,0,0,0
1,1,481145,0,0,0,0,0,0,10,0,0,0
1,1,481146,22,22,22,22,22,22,22,22,22,22
2,1,481146,0,0,0,0,0,0,0,0,0,0
0,1,481147,16,16,16,16,16,16,16,16,16,16
1,1,481147,13,30,0,0,16,0,0,0,0,0
1,1,481148,22,22,22,22,22,22,22,22,22,22
2,1,481148,0,0,0,0,0,0,0,0,19,0
0,1,481149,0,0,0,0,0,0,0,0,0,0
1,1,481149,0,0,0,0,0,0,0,0,0,0
1,1,481150,0,0,0,0,0,0,0,0,0,0
1,1,481151,0,0,0,0,0,0,0,0,0,0
2,1,481151,0,0,0,0,0,0,0,8,0,0
1,1,481152,17,23,11,21,0,0,0,6,7,0
1,1,481153,0,0,0,19,0,0,0,9,0,0
1,1,481154,0,0,0,0,0,0,0,9,0,14
2,1,481154,0,0,9,0,24,0,0,0,0,12
1,1,481155,0,0,24,0,15,0,0,0,0,9
0,1,481156,0,22,0,19,0,0,14,0,0,0
1,1,481156,0,0,0,0,0,0,0,0,0,0
1,1,481157,17,4,8,11,0,14,0,18,0,0
1,1,481158,34,34,34,34,34,34,34,34,34,34
2,1,481158,0,0,0,0,0,0,4,0,0,0
1,1,481159,0,0,0,0,0,0,0,0,0,0
2,1,481159,0,0,0,0,0,0,0,0,0,0
1,1,481160,0,0,0,0,0,0,0,0,0,0
1,1,481161,0,0,0,0,0,0,0,0,0,0
2,1,481161,0,0,0,0,0,0,0,0,0,0
1,1,481162,0,0,0,0,0,0,0,0,0,0
1,1,481163,20,0,0,0,0,0,0,0,20,18
2,1,481163,10,0,0,0,0,0,0,0,17,0
1,1,481164,16,16,16,16,16,16,16,16,16,16
1,1,481165,8,12,16,8,5,17,12,9,13,21
2,1,481165,10,0,0,0,4,21,6,29,0,0
1,1,481166,4,27,20,11,26,13,15,21,12,11
1,1,481167,0,14,0,3,0,0,5,0,17,0
1,1,481168,0,0,0,0,0,0,0,0,0,0
2,1,481168,0,0,0,0,0,0,0,0,0,0
1,1,481169,0,0,0,1,0,0,0,7,0,0
2,1,481169,3,0,0,0,0,0,0,0,0,0
0,1,481170,0,0,24,0,3,0,0,0,0,31
1,1,481170,0,0,0,0,0,0,0,0,0,0
1,1,481171,0,0,0,0,0,0,0,0,0,0
2,1,481171,26,21,19,0,0,0,0,14,0,0
0,1,481172,0,13,0,0,0,0,0,0,0,0
1,1,481172,0,0,0,0,0,0,0,0,0,0
1,1,481173,0,0,0,0,0,0,0,0,8,0
2,1,481173,0,0,27,0,0,21,30,10,0,0
1,1,481174,0,0,0,0,0,0,0,0,0,0
2,1,481174,14,14,14,14,14,14,14,14,14,14
3,1,481174,11,5,13,0,0,0,0,1,7,0
1,1,481175,0,0,0,0,0,0,0,0,0,0
2,1,481175,0,0,0,0,0,0,0,0,0,0
1,1,481176,0,0,0,0,0,0,0,0,0,0
2,1,481176,0,0,22,0,0,0,0,8,0,0
1,1,481177,0,3,0,0,7,0,14,9,0,15
1,1,481178,24,24,24,24,24,24,24,24,24,24
1,1,481179,0,0,0,0,0,0,0,0,0,0
2,1,481179,0,0,0,0,0,0,0,0,0,0
3,1,481179,0,24,0,0,0,0,7,12,0,0
1,1,481180,0,3,0,0,0,0,0,0,0,0
1,1,481181,0,0,0,0,0,0,0,0,0,0
2,1,481181,0,0,0,0,0,0,0,0,0,0
1,1,481182,5,14,19,27,33,17,28,3,16,9
1,1,481183,0,22,16,0,9,11,0,0,5,0
1,1,481184,0,0,0,0,0,0,0,0,0,0
2,1,481184,0,0,0,0,0,0,0,0,0,0
1,1,481185,13,0,0,0,0,0,0,0,0,20
1,1,481186,22,22,22,22,22,22,22,22,22,22
1,1,481187,0,0,0,0,0,0,0,0,0,0
2,1,481187,0,0,0,0,0,0,0,0,0,0
1,1,481188,0,20,22,12,0,5,19,32,14,14
1,1,481189,13,0,15,37,0,29,25,26,25,26
1,1,481190,0,0,0,0,0,0,0,0,0,0
2,1,481190,0,0,10,20,13,0,13,0,0,5
1,1,481191,11,16,10,9,0,0,8,16,2,13
1,1,481192,0,0,0,0,0,0,0,0,0,0
2,1,481192,0,0,0,0,0,0,0,0,0,0
1,1,481193,0,0,0,10,0,0,0,0,0,0
1,1,481194,13,25,10,0,18,23,25,20,0,15
1,1,481195,0,0,0,0,0,0,0,0,0,0
1,1,481196,0,0,27,0,8,27,0,0,0,0
2,1,481196,0,0,16,0,15,0,0,0,0,25
0,1,481197,30,30,30,30,30,30,30,30,30,30
1,1,481197,0,5,18,0,11,0,0,8,0,0
0,1,481198,18,18,18,18,18,18,18,18,18,18
1,1,481198,0,0,0,0,0,0,0,0,0,0
1,1,481199,0,0,0,0,0,0,0,0,0,0
2,1,481199,0,29,0,0,13,0,0,0,0,0
1,1,481200,0,0,15,0,48,11,12,10,10,2
2,1,481200,0,0,14,11,13,0,0,0,0,0
3,1,481200,0,13,0,0,32,0,0,0,13,0
1,1,481201,0,0,0,0,0,0,0,0,0,0
2,1,481201,16,23,19,12,8,0,13,18,17,16
1,1,481202,17,11,13,30,8,17,19,18,18,26
1,1,481203,0,15,11,26,0,17,32,12,0,0
0,1,481204,0,0,0,0,0,22,0,0,8,0
1,1,481204,0,0,0,0,0,5,0,8,0,0
1,1,481205,2,2,2,2,2,2,2,2,2,2
2,1,481205,0,0,0,0,0,0,0,0,0,0
1,1,481206,0,0,0,0,0,0,0,0,0,0
2,1,481206,0,0,0,0,0,0,0,0,0,0
0,1,481207,0,0,0,0,0,0,0,0,0,0
1,1,481207,0,0,0,0,0,0,0,0,0,19
1,1,481208,0,0,0,0,19,0,0,0,0,0
2,1,481208,6,6,6,6,6,6,6,6,6,6
3,1,481208,0,0,0,0,0,0,0,0,0,0
4,1,481208,0,0,0,0,0,0,0,0,0,0
5,1,481208,0,0,0,0,3,0,0,0,0,0
1,1,481209,9,9,9,9,9,9,9,9,9,9
2,1,481209,0,0,0,0,0,0,0,0,0,0
1,1,481210,15,15,15,15,15,15,15,15,15,15
1,1,481211,0,0,0,0,0,0,0,0,0,12
2,1,481211,0,0,0,0,0,0,0,0,0,0
1,1,481212,0,0,0,0,0,0,0,0,0,0
2,1,481212,12,0,0,0,22,0,0,0,14,0
3,1,481212,0,13,0,0,0,0,0,22,9,0
0,1,481213,0,0,0,0,0,48,0,0,0,0
1,1,481213,0,0,0,23,0,0,0,16,0,0
1,1,481214,0,0,0,0,0,0,0,0,0,0
2,1,481214,0,0,0,0,0,0,0,0,0,38
3,1,481214,0,0,0,0,0,0,0,0,0,0
1,1,481215,0,0,0,0,15,0,0,12,13,0
1,1,481216,27,32,11,33,8,8,19,13,17,13
1,1,481217,0,0,0,0,0,0,0,0,0,0
2,1,481217,0,0,0,0,0,0,0,0,0,0
1,1,481218,0,0,0,0,0,0,0,0,0,0
2,1,481218,0,0,0,0,0,0,0,0,0,0
3,1,481218,0,0,0,0,0,0,0,0,0,0
1,1,481219,0,0,0,0,21,17,0,0,14,0
2,1,481219,23,23,23,23,23,23,23,23,23,23
1,1,481220,0,0,0,0,0,0,0,0,0,0
0,1,481221,0,0,0,0,0,0,0,0,0,0
1,1,481221,0,0,0,0,0,0,0,0,0,0
1,1,481222,0,0,7,0,0,22,0,0,0,0
1,1,481223,0,0,0,0,0,0,0,0,0,0
2,1,481223,0,0,0,0,0,0,0,0,0,0
3,1,481223,0,0,0,0,0,0,0,0,0,0
1,1,481224,5,0,17,0,0,24,34,0,0,0
2,1,481224,0,0,0,0,0,0,0,0,0,0
1,1,481225,0,0,0,0,0,0,0,0,0,0
2,1,481225,0,0,0,0,0,0,0,0,0,0
1,1,481226,22,22,22,22,22,22,22,22,22,22
1,1,481227,0,0,0,0,0,0,0,0,0,0
1,1,481228,31,14,29,11,16,11,18,17,36,25
1,1,481229,6,6,6,6,6,6,6,6,6,6
1,1,481230,14,0,0,17,0,0,0,9,0,0
1,1,481231,13,14,15,9,20,18,8,39,7,8
1,1,481232,0,10,0,0,0,0,18,0,8,0
2,1,481232,0,0,0,0,22,0,0,0,0,0
1,1,481233,0,0,0,0,0,0,0,0,0,0
2,1,481233,0,0,0,0,0,6,0,0,0,15
1,1,481234,0,17,17,0,0,10,0,0,0,0
2,1,481234,0,0,15,18,0,0,0,0,0,0
3,1,481234,0,0,0,0,0,0,14,0,0,0
1,1,481235,19,0,0,7,0,18,0,3,13,10
1,1,481236,0,0,9,0,0,0,0,0,0,0
2,1,481236,16,0,0,0,0,0,0,0,0,0
1,1,481237,0,0,0,0,0,0,0,0,0,0
2,1,481237,0,0,0,0,0,0,0,11,0,0
1,1,481238,0,26,0,0,0,0,0,0,23,0
1,1,481239,21,0,0,0,0,0,0,0,0,0
2,1,481239,0,0,0,0,0,0,0,0,0,0
3,1,481239,0,0,22,4,9,0,0,0,0,0
1,1,481240,21,9,8,27,20,14,28,22,25,20
1,1,481241,0,0,0,0,0,0,0,0,5,0
2,1,481241,0,0,0,0,0,11,0,0,0,0
2,1,481242,0,28,0,0,0,0,0,9,23,19
0,1,481243,0,0,0,0,0,0,0,0,0,0
1,1,481243,0,0,0,0,0,0,0,0,0,0
1,1,481244,0,0,0,0,0,0,0,0,0,0
2,1,481244,0,0,0,0,0,0,0,0,0,0
1,1,481245,0,0,0,0,0,0,0,0,0,0
1,1,481246,0,0,0,0,0,0,0,0,0,0
2,1,481246,14,12,0,0,0,0,0,0,0,0
1,1,481247,0,0,0,0,0,0,0,0,0,0
2,1,481247,0,0,0,0,0,0,4,0,0,0
0,1,481248,0,0,0,0,0,0,0,0,0,0
1,1,481248,0,0,0,10,22,0,0,0,0,17
0,1,481249,11,11,11,11,11,11,11,11,11,11
1,1,481249,7,7,7,7,7,7,7,7,7,7
1,1,481250,0,0,0,0,0,21,0,0,0,0
1,1,481251,0,0,0,0,0,0,0,0,0,0
2,1,481251,0,0,0,0,0,0,0,0,0,0
0,1,481252,0,0,0,0,0,0,0,0,24,0
1,1,481252,0,0,0,0,0,0,0,0,0,0
0,1,481253,37,0,0,0,19,14,21,5,13,13
1,1,481253,0,13,0,0,0,0,0,0,0,0
1,1,481254,0,0,0,0,0,0,0,0,0,0
2,1,481254,0,0,0,0,0,0,0,0,10,0
1,1,481255,0,0,0,0,0,0,0,0,10,0
2,1,481255,0,0,0,0,0,0,0,0,0,0
1,1,481256,0,0,0,0,0,0,0,0,0,0
2,1,481256,0,0,0,0,0,0,22,0,19,11
3,1,481256,0,2,0,0,0,0,0,0,0,0
4,1,481256,0,0,3,0,0,0,0,0,0,0
1,1,481257,14,21,20,20,23,9,10,16,26,6
1,1,481258,22,22,22,22,22,22,22,22,22,22
2,1,481258,0,0,0,0,0,0,0,0,0,0
2,1,481259,0,0,0,0,0,0,0,0,0,4
3,1,481259,0,0,0,0,0,0,9,0,0,0
1,1,481260,0,11,10,0,20,28,0,18,0,0
1,1,481261,0,0,0,0,0,0,0,0,0,0
2,1,481261,27,27,27,27,27,27,27,27,27,27
0,1,481262,0,10,23,0,0,37,0,0,25,15
1,1,481262,22,15,8,3,9,29,11,8,21,11
1,1,481263,0,0,0,12,17,0,0,26,12,7
2,1,481263,0,0,0,0,0,13,0,25,0,0
3,1,481263,0,0,0,0,11,10,0,0,0,0
4,1,481263,0,0,0,0,0,0,0,0,0,0
1,1,481264,11,15,0,15,0,0,0,24,0,8
1,1,481265,0,0,0,0,0,0,0,0,0,21
1,1,481266,0,0,9,0,12,0,13,16,20,0
1,1,481267,0,0,0,0,0,0,0,0,0,0
1,1,481268,0,0,0,0,0,0,0,0,0,0
2,1,481268,0,0,0,0,0,0,0,0,0,0
1,1,481269,0,0,0,0,0,0,0,0,0,0
2,1,481269,0,7,0,4,0,0,0,0,0,0
0,1,481270,9,0,13,20,0,7,0,0,0,0
1,1,481270,0,0,0,0,0,14,0,0,0,16
1,1,481271,0,0,0,0,0,0,0,0,0,0
2,1,481271,0,0,0,0,0,0,0,0,0,0
3,1,481271,0,0,0,0,0,0,0,0,17,0
4,1,481271,0,0,0,8,0,0,15,0,0,0
5,1,481271,0,0,0,0,0,0,0,0,0,0
1,1,481272,0,0,0,0,0,0,0,0,0,0
2,1,481272,0,0,0,0,0,0,0,0,0,0
0,1,481273,8,8,8,8,8,8,8,8,8,8
1,1,481273,24,30,24,0,20,17,0,0,0,0
1,1,481274,0,0,0,0,0,0,0,0,3,0
2,1,481274,0,0,0,0,0,14,0,13,0,0
0,1,481275,32,32,32,32,32,32,32,32,32,32
1,1,481275,0,0,8,14,0,4,0,0,16,0
1,1,481276,0,0,0,0,0,0,0,0,15,0
2,1,481276,0,0,0,0,0,0,0,0,0,0
3,1,481276,0,0,0,0,14,0,0,0,19,0
1,1,481277,18,18,18,18,18,18,18,18,18,18
1,1,481278,0,0,0,0,0,0,0,0,0,0
2,1,481278,0,0,0,0,0,0,0,0,0,0
3,1,481278,0,0,0,0,5,0,0,0,0,0
1,1,481279,0,0,0,0,0,0,0,0,0,0
2,1,481279,0,0,0,0,0,0,0,0,0,0
1,1,481280,0,0,0,9,0,7,3,0,0,0
2,1,481280,0,0,0,0,29,0,0,0,0,0
1,1,481281,0,0,0,7,19,17,0,17,0,16
0,1,481282,30,30,30,30,30,30,30,30,30,30
1,1,481282,0,0,0,0,0,0,0,0,0,0
1,1,481283,14,0,0,11,19,0,8,0,0,17
1,1,481284,0,0,0,0,0,0,0,0,0,0
1,1,481285,16,16,16,16,16,16,16,16,16,16
1,1,481286,24,10,20,26,34,27,23,25,28,33
1,1,481287,19,13,11,11,17,0,0,0,0,0
1,1,481288,14,14,14,14,14,14,14,14,14,14
2,1,481288,0,22,0,0,0,0,0,22,0,0
1,1,481289,0,0,0,0,0,0,0,0,13,0
1,1,481290,0,0,0,0,0,20,0,0,0,11
2,1,481290,0,0,0,0,2,0,0,10,0,0
1,1,481291,0,18,0,0,8,18,0,13,4,0
2,1,481291,24,0,0,0,19,15,0,0,15,0
1,1,481292,16,15,0,0,0,0,9,0,0,0
2,1,481292,0,0,0,0,0,0,0,19,0,0
1,1,481293,0,0,20,0,0,8,0,9,13,34
1,1,481294,0,0,0,0,0,0,0,0,0,0
1,1,481295,0,0,0,16,0,9,0,0,0,26
2,1,481295,0,0,14,0,0,0,0,0,0,0
3,1,481295,0,0,0,0,0,0,0,0,0,0
0,1,481296,0,0,34,0,12,0,30,0,5,0
1,1,481296,0,0,0,0,0,0,0,0,0,0
1,1,481297,14,14,14,14,14,14,14,14,14,14
2,1,481297,0,21,0,20,0,0,0,17,0,0
3,1,481297,0,0,0,0,19,0,12,0,0,0
1,1,481298,0,0,0,0,0,0,0,0,4,0
1,1,481299,25,25,25,25,25,25,25,25,25,25
1,1,481300,0,34,0,0,48,4,0,28,0,0
1,1,481301,0,0,0,0,0,0,0,0,0,13
1,1,481302,0,0,0,0,0,0,0,0,0,0
2,1,481302,0,0,0,0,0,0,0,0,0,0
3,1,481302,0,0,0,0,0,0,0,0,0,11
1,1,481303,17,17,17,17,17,17,17,17,17,17
1,1,481304,7,7,7,7,7,7,7,7,7,7
1,1,481305,0,0,0,0,0,0,0,0,0,0
1,1,481306,0,0,0,0,0,0,0,0,0,0
2,1,481306,0,0,0,0,0,0,0,0,0,0
1,1,481307,0,0,0,0,0,0,0,0,0,0
1,1,481308,21,21,21,21,21,21,21,21,21,21
1,1,481309,0,0,0,0,0,14,0,0,0,7
2,1,481309,0,0,0,0,0,0,0,0,0,0
1,1,481310,0,0,23,0,8,0,0,0,0,0
2,1,481310,0,0,0,0,7,0,0,0,0,0
0,1,481311,20,15,6,7,7,9,32,22,19,9
1,1,481311,0,25,0,0,19,0,8,0,0,42
1,1,481312,0,0,14,0,0,0,9,20,0,17
2,1,481312,0,0,0,0,0,0,0,0,0,0
1,1,481313,0,18,13,0,3,5,0,0,12,0
1,1,481314,14,6,0,0,12,0,19,21,0,0
1,1,481315,0,0,0,0,0,0,0,0,0,0
2,1,481315,10,7,23,0,0,0,13,0,0,15
1,1,481316,18,31,20,17,13,40,0,21,10,17
2,1,481316,0,0,0,0,0,0,0,0,0,0
1,1,481317,8,26,5,16,16,3,11,17,12,10
1,1,481318,0,0,0,0,0,0,0,0,0,0
2,1,481318,0,0,0,0,0,0,0,0,0,0
3,1,481318,0,0,0,0,0,0,0,0,0,0
4,1,481318,0,0,0,0,13,0,0,0,0,0
1,1,481319,0,0,0,0,0,0,0,0,0,0
1,1,481320,0,0,0,0,0,0,0,0,0,0
2,1,481320,18,0,8,14,1,0,0,0,20,0
1,1,481321,0,15,15,14,0,0,0,0,0,0
2,1,481321,0,0,0,0,0,0,0,0,0,0
1,1,481322,14,10,0,0,0,0,0,0,0,0
1,1,481323,0,0,0,0,0,0,0,0,0,0
2,1,481323,30,30,30,30,30,30,30,30,30,30
1,1,481324,0,0,0,0,0,0,0,0,7,0
1,1,481325,12,12,12,12,12,12,12,12,12,12
1,1,481326,0,0,0,0,0,0,0,0,0,9
1,1,481327,0,0,0,0,0,0,0,0,0,0
1,1,481328,0,0,0,0,26,0,0,0,3,0
1,1,481329,8,0,0,0,0,0,17,29,15,15
1,1,481330,0,0,0,0,0,0,0,0,0,9
1,1,481331,0,0,20,0,0,0,0,0,0,0
1,1,481332,19,0,0,0,24,0,0,0,0,21
2,1,481332,0,2,0,0,0,0,0,0,0,0
1,1,481333,0,0,0,0,0,0,0,0,0,0
1,1,481334,19,19,19,19,19,19,19,19,19,19
1,1,481335,0,0,0,0,0,0,0,0,0,0
2,1,481335,0,0,0,0,0,0,0,0,0,0
1,1,481336,0,0,9,0,0,0,10,13,0,0
2,1,481336,0,0,0,0,0,0,0,0,0,0
1,1,481337,19,19,19,19,19,19,19,19,19,19
1,1,481338,10,10,10,10,10,10,10,10,10,10
1,1,481339,0,0,0,0,0,0,0,0,0,0
2,1,481339,0,0,0,0,0,0,0,0,0,0
1,1,481340,0,0,0,0,0,0,0,0,0,0
1,1,481341,0,0,0,0,0,0,0,0,0,0
2,1,481341,0,0,0,0,0,0,0,0,0,0
1,1,481342,14,0,0,0,0,0,0,0,0,0
2,1,481342,0,10,0,0,0,0,22,10,0,0
1,1,481343,14,0,0,0,21,0,0,0,0,0
1,1,481344,0,0,0,0,0,0,0,0,0,0
1,1,481345,0,13,0,0,0,0,0,0,0,0
2,1,481345,0,0,0,0,0,0,5,8,15,0
1,1,481346,0,0,0,0,20,0,22,0,16,19
1,1,481347,0,0,0,0,0,0,0,0,0,0
2,1,481347,0,0,13,0,19,28,19,0,22,0
1,1,481348,20,0,15,0,0,0,0,0,0,0
2,1,481348,11,0,0,0,0,0,0,0,0,0
1,1,481349,0,0,13,0,0,0,4,0,25,0
1,1,481350,0,0,0,0,0,0,0,0,0,0
2,1,481350,0,0,0,0,0,9,5,0,14,0
1,1,481351,10,10,10,10,10,10,10,10,10,10
1,1,481352,0,0,12,0,0,5,0,0,0,0
2,1,481352,0,0,0,0,0,0,0,0,0,0
0,1,481353,19,24,27,12,16,14,33,12,0,0
1,1,481353,2,2,2,2,2,2,2,2,2,2
0,1,481354,23,30,9,23,15,17,0,29,0,13
1,1,481354,0,0,0,0,0,0,0,0,0,0
1,1,481355,0,0,0,0,0,0,0,0,0,0
1,1,481356,21,21,21,21,21,21,21,21,21,21
1,1,481357,0,0,0,30,0,0,38,0,0,0
2,1,481357,21,21,21,21,21,21,21,21,21,21
1,1,481358,15,0,0,0,0,15,0,0,13,0
1,1,481359,0,0,0,0,31,11,24,0,15,7
2,1,481359,0,0,0,17,0,0,19,19,0,0
1,1,481360,0,12,0,0,0,0,0,0,0,0
2,1,481360,0,0,0,0,0,0,0,0,0,0
0,1,481361,21,34,17,8,0,19,21,31,14,21
1,1,481361,0,0,0,0,0,0,0,0,0,0
1,1,481362,0,12,0,18,0,15,29,18,18,0
2,1,481362,32,11,32,0,17,0,15,0,12,0
1,1,481363,0,21,0,0,18,0,0,0,0,0
2,1,481363,0,0,0,0,0,0,0,0,0,0
1,1,481364,8,17,25,28,11,18,0,7,11,21
1,1,481365,8,14,25,10,23,25,22,9,11,31
1,1,481366,0,0,2,4,0,20,0,0,0,0
2,1,481366,0,0,0,0,0,9,0,0,0,0
1,1,481367,0,0,0,0,0,0,0,0,0,0
2,1,481367,0,0,0,0,0,0,0,0,11,17
3,1,481367,0,0,0,0,0,0,0,0,0,0
1,1,481368,24,0,25,14,16,5,7,32,12,26
2,1,481368,0,0,5,13,0,13,0,0,11,12
1,1,481369,0,0,29,10,31,0,0,0,17,0
1,1,481370,0,13,19,0,0,21,11,2,14,0
1,1,481371,7,28,8,0,16,0,12,0,0,12
1,1,481372,0,0,0,0,0,0,0,0,0,0
1,1,481373,0,15,0,0,0,0,0,0,0,0
1,1,481374,0,0,0,0,0,0,0,0,0,0
2,1,481374,0,0,0,0,0,0,0,0,0,0