VEH_NO,PER_NO,ST_CASE,P1,P2,P3,P4,P5,P6,P7,P8,P9,P10
3,1,481374,0,0,0,0,0,0,0,0,0,0
4,1,481374,0,0,0,23,9,0,0,0,0,17
1,1,481375,15,15,15,15,15,15,15,15,15,15
1,1,481376,0,0,17,0,0,0,0,0,0,0
1,1,481377,0,0,0,0,0,0,0,0,0,0
1,1,481378,11,11,11,11,11,11,11,11,11,11
1,1,481379,31,44,17,13,21,26,28,21,21,14
1,1,481380,25,25,25,25,25,25,25,25,25,25
2,1,481380,0,0,0,0,0,0,0,0,0,0
1,1,481381,0,20,0,0,0,13,5,0,14,0
2,1,481381,0,0,0,0,0,0,0,0,0,0
0,1,481382,0,0,0,12,0,0,0,24,0,0
1,1,481382,0,0,0,0,0,0,0,0,0,3
0,1,481383,0,0,0,0,0,0,0,0,0,0
1,1,481383,14,0,7,0,0,0,0,0,0,10
1,1,481384,0,0,0,0,0,0,0,0,0,0
1,1,481385,0,0,0,0,0,0,0,0,0,0
1,1,481386,17,17,17,17,17,17,17,17,17,17
2,1,481386,0,0,0,0,0,0,0,0,0,0
1,1,481387,12,9,29,17,3,19,11,11,15,17
1,1,481388,0,0,0,11,0,0,0,0,0,0
2,1,481388,0,0,0,0,0,0,0,0,0,0
3,1,481388,0,0,23,0,0,0,0,0,0,0
1,1,481389,16,8,6,27,9,6,1,15,19,6
1,1,481390,0,15,2,0,0,38,0,22,0,27
1,1,481391,0,0,8,0,0,4,0,8,0,27
1,1,481392,9,19,6,0,25,6,19,15,11,24
1,1,481393,23,23,23,23,23,23,23,23,23,23
1,1,481394,20,20,20,20,20,20,20,20,20,20
1,1,481395,24,0,0,0,0,24,0,0,0,0
0,1,481396,5,5,5,5,5,5,5,5,5,5
1,1,481396,8,8,8,8,8,8,8,8,8,8
1,1,481397,0,12,0,0,0,0,23,11,0,0
0,1,481398,31,34,27,19,27,9,24,24,25,47
1,1,481398,0,16,6,16,3,11,0,0,0,2
1,1,481399,22,22,22,22,22,22,22,22,22,22
1,1,481400,0,0,0,0,33,6,0,0,0,0
1,1,481401,13,13,13,13,13,13,13,13,13,13
2,1,481401,0,0,0,0,13,7,17,0,0,0
1,1,481402,0,0,0,0,0,15,0,11,0,0
2,1,481402,0,0,0,0,0,0,0,0,0,0
1,1,481403,0,0,0,0,0,0,0,0,0,0
1,1,481404,0,20,21,0,16,28,7,0,0,5
1,1,481405,0,0,0,2,5,0,0,0,0,0
1,1,481406,5,5,5,5,5,5,5,5,5,5
1,1,481407,0,0,0,0,0,0,0,13,0,0
1,1,481408,17,17,17,17,17,17,17,17,17,17
1,1,481409,0,14,0,0,0,0,0,0,0,0
2,1,481409,0,0,0,0,0,0,0,0,16,0
1,1,481410,0,0,0,0,0,0,0,0,0,0
1,1,481411,0,0,0,0,0,0,0,0,0,0
2,1,481411,0,0,0,0,0,0,29,0,0,0
1,1,481412,0,0,0,0,0,0,0,0,0,0
1,1,481413,0,0,0,0,0,0,0,0,0,0
2,1,481413,0,0,0,0,0,0,0,0,0,0
1,1,481414,15,15,15,15,15,15,15,15,15,15
2,1,481414,0,0,14,16,0,0,0,0,0,3
1,1,481415,19,19,19,19,19,19,19,19,19,19
1,1,481416,20,20,20,20,20,20,20,20,20,20
2,1,481416,0,0,0,0,0,0,0,0,0,0
1,1,481417,13,0,0,20,27,19,0,0,0,0
2,1,481417,0,0,0,13,0,0,0,12,17,12
1,1,481418,18,18,18,18,18,18,18,18,18,18
1,1,481419,0,0,0,0,0,0,0,0,0,9
1,1,481420,0,0,0,0,0,0,0,0,0,0
2,1,481420,0,0,0,0,0,0,0,0,0,0
1,1,481421,0,0,0,0,0,0,0,0,0,0
2,1,481421,0,0,0,0,0,0,0,0,0,0
1,1,481422,19,19,19,19,19,19,19,19,19,19
1,1,481423,0,0,0,0,0,0,0,0,0,0
1,1,481424,14,11,8,3,0,0,3,0,20,17
2,1,481424,0,0,0,0,16,0,0,0,0,0
1,1,481425,0,0,0,0,0,0,0,0,0,0
1,1,481426,0,0,0,0,0,0,0,0,0,0
1,1,481427,0,0,0,0,0,0,0,0,0,0
2,1,481427,1,1,1,1,1,1,1,1,1,1
1,1,481428,21,0,29,24,0,15,0,15,17,0
2,1,481428,0,19,0,0,0,0,0,0,0,0
1,1,481429,0,0,0,0,0,0,0,0,0,0
2,1,481429,0,0,0,3,0,0,0,0,0,0
0,1,481430,0,0,0,0,0,0,0,0,0,0
1,1,481430,0,0,0,0,0,0,0,0,21,0
1,1,481431,18,0,0,0,0,0,0,8,0,20
2,1,481431,14,11,10,7,0,0,8,9,0,26
1,1,481432,0,0,12,0,21,0,28,11,0,16
2,1,481432,7,33,19,11,13,25,22,12,7,11
1,4,481433,0,11,15,13,0,0,0,0,0,7
1,1,481434,0,0,0,0,0,0,0,0,0,13
1,1,481435,0,0,24,0,0,0,21,0,0,9
1,1,481436,36,0,11,0,0,24,14,16,17,0
2,1,481436,0,0,11,0,0,0,0,0,12,0
0,1,481437,36,23,16,21,0,30,10,0,0,7
1,1,481437,23,17,49,0,18,10,0,9,0,0
2,1,481437,0,0,0,3,0,0,30,10,0,11
1,1,481438,0,0,0,0,0,0,0,0,0,0
2,1,481438,0,0,0,12,0,0,0,14,0,0
1,1,481439,0,14,20,0,13,29,0,0,0,17
1,1,481440,8,8,8,8,8,8,8,8,8,8
1,1,481441,27,27,27,27,27,27,27,27,27,27
0,1,481442,28,13,24,40,21,47,37,23,21,21
1,1,481442,27,0,0,0,9,0,0,0,21,0
2,1,481442,0,13,0,0,0,0,0,0,0,0
1,1,481443,15,15,15,15,15,15,15,15,15,15
1,1,481444,0,15,9,11,0,0,7,15,5,21
1,1,481445,20,20,20,20,20,20,20,20,20,20
1,1,481446,13,14,14,22,7,25,12,17,16,8
1,1,481447,0,0,0,19,0,11,0,0,22,0
1,1,481448,13,13,13,13,13,13,13,13,13,13
1,1,481449,0,0,0,0,0,0,18,0,0,0
2,1,481449,0,0,0,0,0,0,0,0,0,0
1,1,481450,12,12,12,12,12,12,12,12,12,12
2,1,481450,0,0,0,0,0,0,0,0,0,0
3,1,481450,0,0,0,9,0,0,0,0,0,0
0,1,481451,0,11,0,0,19,14,11,15,0,0
1,1,481451,17,0,20,14,0,0,0,0,0,13
0,1,481452,2,2,2,2,2,2,2,2,2,2
1,1,481452,0,0,0,0,13,0,0,0,0,0
1,1,481453,0,17,8,3,17,15,24,10,20,15
2,1,481453,0,0,0,0,8,15,13,0,0,0
1,1,481454,17,17,17,17,17,17,17,17,17,17
2,1,481454,0,0,0,0,0,0,0,0,0,0
1,1,481455,0,0,0,0,0,0,0,0,0,0
2,1,481455,0,0,0,0,0,0,0,0,0,0
1,1,481456,0,0,23,0,0,0,0,0,0,0
1,1,481457,0,0,0,0,0,0,0,0,0,0
2,1,481457,0,0,0,0,0,0,0,0,0,0
0,1,481458,28,28,28,28,28,28,28,28,28,28
1,1,481458,0,0,0,0,0,0,0,0,0,16
0,1,481459,16,0,0,0,0,0,18,0,0,9
1,1,481459,0,0,11,0,0,0,0,0,0,0
1,1,481460,0,0,0,0,0,0,0,0,0,0
2,1,481460,0,0,3,0,0,0,0,8,22,0
1,1,481461,0,0,0,0,0,0,0,0,0,0
1,1,481462,5,5,5,5,5,5,5,5,5,5
1,1,481463,0,0,0,8,0,0,0,0,7,21
2,1,481463,0,0,32,0,0,0,0,14,0,0
1,1,481464,0,0,0,0,0,0,0,0,0,0
1,1,481465,0,0,0,0,0,16,0,0,0,0
2,1,481465,3,20,0,0,0,8,0,0,17,15
1,1,481466,23,2,16,31,30,16,18,13,27,14
1,1,481467,0,20,0,0,24,0,0,37,0,0
1,1,481468,0,0,0,0,10,0,0,0,0,0
2,1,481468,0,0,0,0,10,0,0,0,0,0
1,1,481469,0,0,0,0,0,0,0,4,0,0
2,1,481469,0,0,0,0,0,0,0,0,0,0
1,1,481470,0,0,0,0,0,0,0,0,0,0
2,1,481470,0,0,0,0,0,0,0,0,0,13
1,1,481471,0,0,0,0,0,0,0,0,0,0
0,1,481472,32,14,0,0,0,15,24,0,8,0
1,1,481472,0,0,0,0,0,0,0,16,0,0
1,1,481473,0,0,0,0,17,0,15,0,11,0
2,1,481473,17,17,17,17,17,17,17,17,17,17
1,1,481474,0,0,0,0,0,0,0,0,0,0
2,1,481474,0,0,0,0,0,0,0,0,0,0
1,1,481475,2,0,0,0,0,0,0,0,0,0
2,1,481475,0,0,0,0,0,0,0,0,0,0
1,1,481476,9,0,15,0,0,0,7,0,0,13
1,1,481477,0,0,0,0,0,0,0,0,0,0
2,1,481477,0,0,0,0,0,0,0,0,0,11
1,1,481478,10,14,43,16,16,17,12,8,0,19
1,1,481479,0,14,0,0,0,0,0,19,0,0
2,1,481479,0,0,0,22,0,0,31,0,0,0
1,1,481480,26,0,0,0,0,21,12,0,16,7
1,1,481481,0,20,14,18,17,29,0,0,0,0
2,1,481481,0,0,0,0,8,0,0,0,19,0
0,1,481482,0,2,4,44,28,30,11,29,0,42
1,1,481482,0,0,14,0,0,0,0,0,0,0
0,1,481483,22,22,22,22,22,22,22,22,22,22
1,1,481483,0,0,0,0,0,0,0,0,0,0
1,1,481484,14,10,21,16,18,12,19,18,14,6
1,1,481485,0,0,0,0,0,0,0,0,0,0
2,1,481485,0,0,0,0,0,0,0,15,0,0
1,1,481486,0,0,0,0,0,0,0,0,0,0
1,1,481487,0,0,0,16,0,16,0,24,0,0
2,1,481487,0,0,0,6,0,9,8,0,0,0
1,1,481488,9,9,9,9,9,9,9,9,9,9
1,1,481489,19,19,19,19,19,19,19,19,19,19
2,1,481489,0,0,0,0,0,0,0,0,0,0
1,1,481490,29,38,26,36,20,17,7,19,9,22
1,1,481491,0,0,0,0,0,0,0,0,0,0
2,1,481491,0,0,0,0,0,0,0,0,0,0
1,1,481492,0,44,13,26,0,0,0,18,7,0
1,1,481493,29,29,29,29,29,29,29,29,29,29
2,1,481493,0,0,0,0,0,0,0,0,0,0
3,1,481493,0,0,0,0,0,0,0,0,0,0
4,1,481493,0,0,0,0,14,0,10,0,0,0
1,1,481494,23,17,19,30,39,29,15,42,42,31
1,1,481495,0,0,0,0,0,5,0,0,0,0
2,1,481495,0,0,0,0,0,0,0,0,0,0
3,1,481495,0,0,21,0,0,0,0,0,0,0
4,1,481495,0,0,0,13,0,0,0,0,0,0
1,1,481496,27,27,27,27,27,27,27,27,27,27
2,1,481496,0,0,0,0,18,0,0,0,0,0
1,1,481497,0,0,0,0,0,0,0,0,0,0
2,1,481497,0,0,0,0,0,0,0,0,0,0
1,1,481498,15,15,15,15,15,15,15,15,15,15
1,1,481499,0,0,0,0,33,0,0,0,0,0
2,1,481499,0,0,0,13,22,0,0,29,0,0
0,1,481500,0,0,0,0,18,0,0,0,0,16
1,1,481500,0,0,0,0,0,15,9,0,0,0
0,1,481501,3,0,0,0,0,0,0,0,18,18
1,1,481501,0,0,0,0,0,0,0,0,17,0
1,1,481502,0,0,0,0,0,0,0,14,0,20
2,1,481502,0,0,0,0,0,0,0,0,0,0
1,1,481503,9,9,9,9,9,9,9,9,9,9
1,1,481504,0,0,0,0,0,0,0,0,0,0
2,1,481504,0,4,0,0,0,0,0,0,0,0
1,1,481505,19,19,19,19,19,19,19,19,19,19
1,1,481506,26,26,26,26,26,26,26,26,26,26
2,1,481506,0,0,0,0,0,0,0,0,0,0
3,1,481506,0,0,0,0,0,0,0,0,0,0
1,1,481507,0,0,0,0,0,0,0,0,0,0
2,1,481507,0,0,0,0,0,17,0,0,0,0
1,1,481508,0,0,0,0,0,0,0,0,0,0
1,1,481509,0,25,8,0,26,12,17,0,0,16
1,1,481510,4,4,4,4,4,4,4,4,4,4
2,1,481510,0,0,0,0,0,0,21,35,8,8
1,1,481511,0,0,0,0,0,0,0,0,0,0
1,1,481512,10,0,11,4,13,6,5,0,0,0
1,1,481513,0,11,36,34,0,0,22,0,36,0
1,1,481514,1,1,1,1,1,1,1,1,1,1
1,1,481515,29,29,29,29,29,29,29,29,29,29
1,1,481516,0,0,0,0,27,0,20,9,0,0
2,1,481517,24,24,24,24,24,24,24,24,24,24
1,1,481518,18,0,22,22,28,24,34,0,20,52
1,1,481519,18,18,18,18,18,18,18,18,18,18
2,1,481519,13,13,13,13,13,13,13,13,13,13
1,1,481520,18,18,18,18,18,18,18,18,18,18
0,1,481521,5,4,14,22,0,5,21,20,9,11
1,1,481521,8,8,8,8,8,8,8,8,8,8
1,1,481522,0,0,0,0,0,0,0,0,0,0
2,1,481522,0,0,0,0,7,12,0,14,0,9
3,1,481522,10,0,0,0,0,0,6,17,0,0
1,1,481523,0,8,9,3,0,16,0,0,0,0
0,1,481524,0,0,0,0,0,0,0,0,0,0
1,1,481524,0,0,22,28,0,0,0,0,0,0
0,1,481525,23,23,23,23,23,23,23,23,23,23
1,1,481525,3,0,16,5,0,9,0,0,0,0
1,1,481526,0,3,0,0,0,0,29,0,0,0
2,1,481526,0,0,0,0,0,0,0,0,0,0
1,1,481527,0,0,0,0,0,0,0,0,0,0
2,1,481527,15,0,0,0,0,0,0,0,0,0
1,1,481528,0,0,0,0,0,0,0,0,0,0
1,1,481529,0,0,26,0,0,0,0,0,0,0
2,1,481529,0,0,0,0,0,0,4,0,0,0
3,1,481529,0,0,0,0,0,0,0,0,0,0
1,1,481530,13,13,13,13,13,13,13,13,13,13
1,1,481531,10,16,11,12,12,19,5,18,0,20
0,1,481532,10,10,10,10,10,10,10,10,10,10
1,1,481532,0,19,0,0,20,0,0,4,0,0
1,1,481533,35,35,35,35,35,35,35,35,35,35
0,1,481534,0,0,0,0,0,0,0,0,20,27
1,1,481534,15,7,0,0,0,0,0,0,0,0
1,1,481535,29,29,29,29,29,29,29,29,29,29
1,1,481536,6,0,0,0,10,0,6,0,18,0
2,1,481536,0,0,0,0,0,0,0,0,0,0
0,1,481537,12,16,23,33,20,15,26,28,25,14
1,1,481537,0,2,0,0,0,0,25,0,17,8
1,1,481538,0,0,0,0,0,0,0,0,0,0
0,1,481539,0,21,0,31,0,26,0,26,19,20
1,1,481539,0,0,12,0,0,0,0,0,0,0
1,1,481540,0,0,4,0,0,0,0,0,0,0
1,1,481541,0,0,0,0,0,0,0,0,0,0
2,1,481541,0,0,0,23,0,0,0,0,0,16
1,1,481542,6,15,0,0,0,0,18,0,0,4
1,1,481543,0,22,0,0,0,17,0,0,18,0
1,1,481544,0,0,0,0,0,8,0,0,0,0
1,1,481545,15,0,0,0,27,0,5,0,0,0
1,1,481546,0,0,0,0,0,0,0,0,0,0
2,1,481546,0,0,0,0,0,8,0,0,0,0
1,1,481547,10,0,0,0,0,0,0,0,0,17
1,1,481548,0,0,0,0,0,0,0,0,0,0
2,1,481548,8,0,0,8,0,2,0,0,9,0
3,1,481548,0,18,0,0,30,0,0,0,0,0
1,1,481549,0,0,0,0,0,0,0,0,0,0
1,1,481550,0,0,0,0,0,0,0,0,0,0
2,1,481550,0,0,0,0,0,0,0,0,0,0
0,1,481551,0,0,0,0,0,0,0,0,0,0
1,1,481551,0,0,0,0,0,0,0,0,0,0
1,1,481552,14,24,22,15,25,49,28,37,11,15
0,1,481553,0,18,0,0,0,0,0,0,44,0
1,1,481553,0,11,16,10,0,0,0,0,13,0
1,1,481554,1,0,0,0,0,0,0,0,0,0
2,1,481554,0,0,0,0,0,0,0,0,0,0
1,1,481555,0,0,0,0,0,0,0,0,0,0
2,1,481555,0,0,0,0,0,0,0,0,0,0
1,1,481556,0,0,0,0,17,0,0,0,10,0
1,1,481557,0,0,0,0,0,0,0,0,0,0
1,1,481558,0,0,0,0,0,0,0,0,0,0
1,1,481559,0,0,5,0,18,0,0,0,0,0
2,1,481559,0,0,0,0,0,0,0,0,0,0
3,1,481559,0,0,0,0,0,0,0,0,0,0
1,1,481560,0,0,25,0,0,0,0,0,0,0
1,1,481561,0,0,0,0,0,0,0,0,0,0
1,1,481562,0,0,0,0,0,0,0,0,0,0
1,1,481563,24,20,0,0,11,0,17,0,0,0
2,1,481563,0,0,0,0,0,0,0,0,0,0
3,1,481563,0,0,0,0,0,11,0,0,0,26
1,1,481564,0,0,0,0,0,0,0,4,0,0
1,1,481565,0,0,0,13,0,4,7,0,0,0
1,1,481566,16,16,16,16,16,16,16,16,16,16
0,1,481567,17,0,28,28,0,0,0,0,0,30
1,1,481567,0,0,0,0,0,0,15,6,0,5
0,1,481568,26,19,0,17,11,0,16,0,24,0
1,1,481568,0,0,0,0,0,17,12,0,14,0
1,1,481569,0,0,18,0,0,0,0,0,0,0
2,1,481569,0,0,0,0,0,0,0,0,0,0
3,1,481569,0,0,0,0,0,0,0,0,0,0
4,1,481569,0,0,0,0,0,0,0,0,0,0
5,1,481569,0,0,0,0,0,0,0,0,0,0
0,1,481570,0,0,0,28,20,15,19,0,0,28
1,1,481570,0,0,0,0,6,0,0,0,0,0
1,1,481571,0,0,0,0,0,0,0,0,0,0
1,1,481572,0,11,0,0,9,0,0,0,21,0
1,1,481573,13,0,0,14,0,4,15,0,0,15
1,1,481574,15,0,0,0,0,15,0,9,0,0
1,1,481575,0,7,0,0,0,0,0,0,0,0
1,1,481576,0,17,0,10,0,7,0,0,0,0
1,1,481577,0,0,0,0,0,0,0,0,0,0
2,1,481577,0,0,0,0,0,0,0,0,0,11
1,1,481578,25,25,25,25,25,25,25,25,25,25
1,1,481579,9,9,9,9,9,9,9,9,9,9
2,1,481579,0,0,0,6,20,0,0,0,0,17
0,1,481580,19,0,0,17,16,0,0,0,0,16
1,1,481580,0,0,0,0,0,0,0,0,0,0
1,1,481581,0,0,0,0,0,0,0,0,0,0
2,1,481581,0,0,19,0,18,0,3,0,0,0
1,1,481582,23,27,16,15,0,22,0,0,20,33
0,1,481583,22,22,22,22,22,22,22,22,22,22
1,1,481583,0,0,0,29,0,16,0,0,0,0
0,1,481584,0,0,0,0,0,0,0,0,18,0
1,1,481584,0,0,0,0,25,9,0,0,0,0
0,1,481585,0,8,0,7,0,6,9,17,25,0
1,1,481585,14,14,14,14,14,14,14,14,14,14
1,1,481586,25,25,25,25,25,25,25,25,25,25
1,1,481587,0,26,0,0,0,0,0,28,0,0
0,1,481588,37,0,24,26,31,43,14,0,13,17
1,1,481588,23,23,23,23,23,23,23,23,23,23
1,1,481589,5,0,0,17,3,21,0,8,14,0
1,1,481590,0,0,0,0,0,0,0,0,0,0
2,1,481590,0,0,0,4,19,27,13,6,32,16
1,1,481591,16,16,16,16,16,16,16,16,16,16
2,1,481591,11,0,16,0,10,0,0,0,0,0
0,1,481592,0,0,0,0,0,0,0,0,29,15
1,1,481592,0,0,0,0,0,0,0,0,0,0
1,1,481593,0,0,0,0,0,0,0,0,0,0
2,1,481593,0,0,2,0,0,0,0,0,0,0
1,1,481594,0,0,8,0,25,0,0,0,0,0
2,1,481594,0,0,0,0,0,14,16,4,0,0
1,1,481595,20,20,20,20,20,20,20,20,20,20
2,1,481595,0,0,5,0,0,9,0,0,0,4
0,1,481596,0,16,17,7,17,28,0,13,18,50
1,1,481596,2,2,2,2,2,2,2,2,2,2
1,1,481597,13,13,13,13,13,13,13,13,13,13
1,1,481598,0,0,0,0,0,0,0,0,0,0
1,1,481599,0,0,0,0,6,0,0,0,0,0
1,1,481600,0,13,19,0,0,11,23,14,19,28
0,1,481601,13,21,0,22,20,0,18,0,15,0
1,1,481601,0,13,0,0,0,0,0,0,0,0
0,1,481602,0,0,16,4,0,0,0,0,0,29
1,1,481602,0,0,0,9,0,0,26,0,0,0
1,1,481603,0,0,0,0,0,0,0,0,0,0
2,1,481603,0,0,0,7,0,0,0,0,0,0
0,1,481604,0,0,0,0,0,0,0,0,0,0
1,1,481604,0,0,0,0,0,0,0,0,0,0
1,1,481605,0,0,0,0,0,0,0,0,0,0
2,1,481605,0,0,0,0,0,0,0,0,0,0
1,1,481606,0,0,0,0,0,0,0,0,0,0
2,1,481606,0,0,0,0,0,0,0,0,0,0
1,1,481607,0,0,13,0,15,12,18,0,0,0
1,1,481608,0,0,0,0,0,0,0,0,0,0
2,1,481608,0,0,0,0,0,0,0,0,0,0
0,1,481609,29,17,0,0,33,5,0,22,19,11
1,1,481609,5,15,23,0,0,8,0,5,0,14
1,1,481610,0,0,0,11,0,0,0,0,0,0
0,1,481611,14,14,14,14,14,14,14,14,14,14
2,1,481611,16,16,0,18,0,0,10,2,0,0
1,1,481612,0,0,12,0,0,5,0,5,0,0
1,1,481613,0,0,0,0,0,0,0,5,0,0
2,1,481613,0,0,0,0,0,0,0,0,0,0
1,1,481614,0,0,0,0,0,0,0,0,0,0
2,1,481614,0,0,0,0,0,0,0,0,0,0
1,1,481615,0,0,0,0,0,0,0,0,0,0
2,1,481615,25,18,0,4,13,0,8,0,0,13
1,1,481616,17,17,17,17,17,17,17,17,17,17
1,1,481617,24,0,20,0,0,0,0,0,0,0
2,1,481617,0,0,0,0,0,0,13,0,0,0
1,1,481618,12,12,12,12,12,12,12,12,12,12
1,1,481619,0,0,0,0,11,20,0,0,0,0
2,1,481619,0,0,0,0,0,0,0,0,0,0
1,1,481620,0,0,15,0,0,0,0,0,0,0
1,1,481621,0,0,0,0,0,5,7,0,0,0
2,1,481621,2,0,0,0,0,0,0,0,0,0
1,1,481622,0,0,0,0,0,0,0,0,0,0
1,1,481623,0,0,0,0,0,0,0,0,0,0
2,1,481623,0,0,0,0,0,0,0,0,0,0
1,1,481624,28,28,28,28,28,28,28,28,28,28
0,1,481625,0,0,0,39,0,0,0,30,24,34
0,2,481625,0,17,0,0,0,0,0,0,0,38
1,1,481625,16,0,0,0,20,22,0,0,0,0
1,1,481626,0,0,0,0,0,17,0,11,15,0
0,1,481627,21,21,26,33,0,7,0,31,21,28
1,1,481627,3,0,0,0,14,0,9,0,33,17
1,1,481628,19,19,19,19,19,19,19,19,19,19
1,1,481629,8,8,8,8,8,8,8,8,8,8
1,1,481630,0,0,7,0,0,0,0,0,0,0
2,1,481630,0,0,0,0,0,0,0,0,0,0
1,1,481631,0,0,0,0,0,0,0,0,0,0
2,1,481631,0,0,19,0,0,0,7,0,0,0
1,1,481632,13,13,13,13,13,13,13,13,13,13
1,1,481633,0,0,0,0,0,0,0,22,0,0
2,1,481633,0,0,0,0,0,0,0,0,0,0
1,1,481634,0,0,0,0,0,0,0,0,0,0
1,1,481635,0,0,0,0,0,0,0,0,0,0
1,1,481636,0,0,0,13,0,0,12,0,6,0
1,1,481637,0,0,0,0,0,0,0,0,0,0
2,1,481637,0,6,0,0,0,0,0,0,0,0
1,1,481638,0,0,0,0,0,0,13,0,0,0
2,1,481638,0,0,0,0,0,0,8,0,0,0
0,1,481639,0,0,0,0,0,0,0,0,0,0
1,1,481639,0,0,0,0,0,0,0,0,0,0
1,1,481640,0,0,0,0,0,0,0,0,0,0
2,1,481640,0,0,0,0,0,0,0,14,0,14
0,1,481641,27,0,0,0,0,0,9,0,0,0
1,1,481641,0,0,0,0,0,0,0,9,0,0
1,1,481642,18,13,0,0,0,0,0,0,0,0
2,1,481642,0,0,0,28,0,0,0,0,0,0
1,1,481643,12,0,0,0,0,24,20,0,10,0
1,1,481644,0,0,0,0,0,0,0,0,0,0
2,1,481644,0,0,0,0,0,0,0,0,0,0
1,1,481645,0,0,0,0,0,0,0,0,0,0
2,1,481645,0,0,0,0,0,0,0,0,0,0
1,1,481646,0,0,0,0,13,0,0,0,0,0
2,1,481646,20,20,20,20,20,20,20,20,20,20
1,1,481647,16,16,16,16,16,16,16,16,16,16
1,1,481648,0,0,0,0,0,0,0,0,0,0
1,1,481649,15,0,0,0,0,0,0,0,0,0
2,1,481649,0,0,0,0,0,0,0,0,0,0
3,1,481649,0,0,0,0,0,0,0,0,0,0
0,1,481650,0,0,0,0,0,0,0,0,0,0
1,1,481650,0,0,16,0,0,0,0,0,15,14
1,1,481651,21,21,21,21,21,21,21,21,21,21
1,1,481652,6,0,0,0,0,0,0,0,0,0
2,1,481652,16,0,0,0,0,0,0,0,0,0
1,1,481653,26,0,11,10,23,6,12,5,17,19
2,1,481653,0,0,13,8,0,9,0,0,0,0
1,1,481654,24,0,0,0,0,0,0,0,16,0
1,1,481655,0,7,0,6,0,4,7,0,0,0
1,1,481656,0,0,0,0,0,0,0,0,0,0
0,1,481657,0,0,0,0,0,0,0,0,0,0
0,2,481657,0,0,19,13,17,17,0,0,12,17
0,3,481657,18,23,19,13,13,27,11,39,8,0
1,1,481657,0,0,0,0,0,0,0,0,0,0
1,1,481658,0,0,21,26,14,15,0,6,20,0
1,1,481659,17,17,17,17,17,17,17,17,17,17
2,1,481659,0,0,8,0,0,20,15,8,0,31
3,1,481659,0,15,25,0,0,20,20,19,19,30
1,1,481660,35,35,35,35,35,35,35,35,35,35
2,1,481660,35,35,35,35,35,35,35,35,35,35
1,1,481661,38,38,38,38,38,38,38,38,38,38
1,1,481662,0,0,0,0,0,0,16,0,0,0
1,1,481663,66,66,66,66,66,66,66,66,66,66
1,1,481664,17,17,17,17,17,17,17,17,17,17
0,1,481665,0,0,0,0,0,0,0,0,0,0
1,1,481665,0,0,0,0,0,0,0,0,0,0
1,1,481666,0,0,0,16,0,0,0,0,0,0
1,1,481667,0,0,0,7,4,0,0,0,0,0
2,1,481667,5,10,21,20,0,11,15,13,20,18
1,1,481668,23,23,23,23,23,23,23,23,23,23
2,1,481668,0,0,0,0,12,0,0,21,0,0
1,1,481669,0,0,0,0,0,0,0,0,0,0
2,1,481669,0,0,0,0,0,0,0,0,0,0
1,1,481670,0,0,0,0,0,0,0,0,0,0
2,1,481670,0,0,0,0,0,7,13,0,0,0
1,1,481671,0,0,0,0,0,0,0,0,0,0
1,1,481672,0,0,0,0,0,0,0,0,0,0
2,1,481672,0,0,0,0,0,0,0,0,0,0
1,1,481673,0,8,0,0,0,0,0,0,0,11
1,1,481674,0,0,0,0,0,0,0,0,0,0
2,1,481674,0,0,0,0,5,0,0,0,0,0
1,1,481675,0,11,0,0,0,0,0,0,0,0
2,1,481675,0,0,0,0,0,0,0,0,0,0
1,1,481676,10,0,0,0,16,0,0,0,0,0
2,1,481676,0,0,0,0,0,0,0,0,0,0
0,1,481677,0,0,0,0,0,0,0,0,0,0
1,1,481677,0,0,0,0,11,0,0,0,0,0
1,1,481678,0,0,0,0,0,0,0,0,0,0
2,1,481678,0,0,0,0,0,0,0,0,0,0
3,1,481678,0,0,0,0,0,14,0,0,0,0
1,1,481679,0,0,0,0,0,0,0,0,0,0
2,1,481679,0,0,0,0,0,0,0,4,0,0
1,1,481680,0,0,0,0,0,0,13,0,0,0
2,1,481680,0,0,0,0,0,0,0,0,0,0
1,1,481681,0,0,0,0,0,0,0,0,0,0
2,1,481681,0,0,0,0,0,0,0,0,0,0
1,1,481682,0,0,0,0,0,0,0,0,0,0
1,1,481683,4,0,9,24,18,12,0,10,4,13
1,1,481684,0,0,0,14,0,12,0,18,0,0
1,1,481685,19,19,19,19,19,19,19,19,19,19
1,1,481686,0,0,0,0,0,0,0,0,0,0
1,1,481687,23,23,23,23,23,23,23,23,23,23
2,1,481687,0,0,0,0,11,0,0,0,0,3