VEH_NO,PER_NO,ST_CASE,P1,P2,P3,P4,P5,P6,P7,P8,P9,P10
3,1,481993,0,10,0,0,0,0,0,0,0,0
0,1,481994,20,20,20,20,20,20,20,20,20,20
1,1,481994,0,0,0,0,33,14,0,0,0,10
1,1,481995,18,18,18,18,18,18,18,18,18,18
1,1,481996,0,14,0,0,0,12,0,0,13,0
0,1,481997,15,12,19,23,13,0,44,21,7,18
1,1,481997,17,0,0,0,12,0,0,0,0,0
1,1,481998,0,0,0,0,0,0,0,0,0,0
2,1,481998,0,0,0,0,0,0,0,0,0,0
1,1,481999,8,8,8,8,8,8,8,8,8,8
1,1,482000,12,12,12,12,12,12,12,12,12,12
1,1,482001,0,0,0,0,0,0,0,0,0,0
1,1,482002,11,23,6,0,0,7,19,17,21,25
1,1,482003,10,10,10,10,10,10,10,10,10,10
0,1,482004,20,20,20,20,20,20,20,20,20,20
0,2,482004,0,0,12,7,0,20,10,37,8,19
1,1,482004,19,17,0,0,11,0,0,0,11,0
1,1,482005,0,0,0,0,0,0,0,0,0,0
1,1,482006,11,11,11,11,11,11,11,11,11,11
1,1,482007,0,13,14,21,20,0,0,0,0,11
2,1,482007,0,0,0,0,0,0,0,0,0,0
1,1,482008,0,12,13,24,2,0,19,27,18,11
2,1,482008,0,14,0,0,18,8,0,0,0,0
1,1,482009,0,20,0,0,0,0,0,0,0,0
2,1,482009,0,0,0,0,0,0,0,0,0,0
1,1,482010,29,23,28,25,38,21,16,0,7,18
1,1,482011,0,0,0,0,0,0,0,0,0,16
2,1,482011,0,0,0,0,0,0,0,0,0,0
1,1,482012,0,0,18,0,0,0,0,10,0,0
2,1,482012,0,11,0,0,12,16,0,0,0,0
3,1,482012,0,0,0,0,0,0,0,0,0,0
1,1,482013,0,11,0,0,0,0,0,0,0,0
2,1,482013,0,0,0,0,0,0,0,0,0,0
0,1,482014,0,0,0,14,0,0,0,0,0,28
1,1,482014,0,0,8,17,5,0,0,0,0,0
0,1,482015,23,11,0,9,16,21,26,0,0,11
1,1,482015,0,0,0,0,15,0,27,0,12,0
1,1,482016,0,37,5,0,0,0,21,0,0,0
1,1,482017,0,0,0,0,0,0,0,0,0,0
1,1,482018,0,0,0,0,0,0,0,0,0,0
2,1,482018,0,0,0,0,0,0,0,0,0,0
1,1,482019,22,13,10,22,10,10,9,15,30,11
0,1,482020,11,0,9,27,49,0,11,0,30,8
1,1,482020,36,0,0,0,0,0,9,0,0,19
1,1,482021,0,0,0,0,0,0,0,5,0,0
0,1,482022,23,23,23,23,23,23,23,23,23,23
1,1,482022,0,5,0,0,7,0,30,25,0,0
2,1,482022,21,0,0,0,0,0,0,15,0,0
1,1,482023,9,9,9,9,9,9,9,9,9,9
0,1,482024,0,0,0,0,0,0,0,0,0,0
1,1,482024,0,32,0,0,18,0,0,2,0,0
2,1,482024,0,17,8,5,9,0,0,0,0,16
1,1,482025,0,0,0,0,0,0,0,0,0,0
2,1,482025,0,20,0,9,0,0,0,0,0,0
1,1,482026,0,0,0,0,0,0,0,0,0,0
2,1,482026,0,0,0,0,0,0,0,0,0,7
0,1,482027,0,0,0,0,0,0,0,0,0,0
1,1,482028,0,0,0,0,0,0,0,0,0,0
2,1,482028,0,0,0,0,0,0,0,0,0,0
1,1,482029,0,0,0,0,0,0,0,0,0,0
2,1,482029,0,6,0,0,0,0,0,0,11,0
1,1,482030,0,0,0,19,0,0,0,0,0,0
2,1,482030,0,0,0,0,0,20,0,0,0,0
1,1,482031,9,0,0,19,0,18,0,0,0,0
1,1,482032,0,0,0,0,0,0,0,0,0,0
2,1,482032,0,0,0,0,0,0,0,0,0,0
1,1,482033,0,8,16,13,14,17,0,11,12,5
1,1,482034,6,6,6,6,6,6,6,6,6,6
1,1,482035,0,0,0,0,26,0,0,0,0,0
0,1,482036,33,16,6,0,0,0,19,18,0,0
1,1,482036,13,14,0,0,0,5,0,0,0,0
1,1,482037,0,0,10,0,0,0,0,0,0,0
2,1,482037,0,0,0,0,0,0,0,0,0,0
0,1,482038,20,0,0,0,15,22,0,0,0,18
1,1,482038,0,0,0,0,0,0,0,23,0,23
1,1,482039,0,0,0,0,19,0,0,0,0,0
2,1,482039,0,0,0,0,0,0,0,0,0,0
1,1,482040,0,0,0,0,0,0,0,0,0,5
1,1,482041,23,23,23,23,23,23,23,23,23,23
2,1,482041,0,0,0,0,0,0,0,0,0,0
0,1,482042,39,0,0,0,0,20,32,0,0,18
1,1,482042,0,0,8,14,0,0,0,0,0,17
2,1,482042,8,0,12,0,7,0,0,17,0,9
1,1,482043,17,17,17,17,17,17,17,17,17,17
1,1,482044,4,0,0,0,0,0,0,0,0,0
2,1,482044,17,0,0,0,0,24,0,0,0,0
1,1,482045,0,0,0,36,0,0,10,0,0,0
2,1,482045,27,0,19,0,0,15,0,0,10,0
1,1,482046,2,2,2,2,2,2,2,2,2,2
0,1,482047,24,24,24,24,24,24,24,24,24,24
1,1,482047,0,0,0,0,17,0,0,0,7,0
1,1,482048,0,0,0,0,0,0,0,0,0,0
1,1,482049,0,0,0,0,0,0,0,0,0,0
2,1,482049,0,0,0,0,13,0,0,0,0,10
1,1,482050,23,15,0,20,15,0,10,17,13,8
1,1,482051,25,25,25,25,25,25,25,25,25,25
2,1,482051,0,0,0,0,0,0,0,0,0,0
3,1,482051,0,0,0,0,0,0,15,15,0,0
4,1,482051,0,0,0,0,0,0,9,0,0,9
1,1,482052,0,17,0,0,0,0,0,29,0,29
2,1,482052,0,0,0,0,0,0,0,0,0,0
0,1,482053,36,36,36,36,36,36,36,36,36,36
1,1,482053,32,32,32,32,32,32,32,32,32,32
0,1,482054,12,0,0,22,0,0,0,7,22,0
1,1,482054,0,0,0,0,0,9,12,11,14,0
1,1,482055,12,24,13,0,3,13,8,0,0,0
2,1,482055,20,3,23,12,11,10,21,0,22,0
3,1,482055,22,15,12,0,0,12,24,0,0,16
1,1,482056,0,0,0,0,16,0,0,10,0,21
1,1,482057,0,0,0,0,0,0,0,0,0,0
1,1,482058,0,0,0,0,0,0,0,0,0,0
1,1,482059,0,0,0,0,0,0,0,3,0,0
1,1,482060,0,0,0,0,0,0,0,0,0,0
2,1,482060,0,0,0,0,0,12,0,0,0,0
1,1,482061,0,0,23,0,20,0,0,0,0,15
2,1,482061,0,0,0,0,0,0,0,0,0,0
1,1,482062,1,1,1,1,1,1,1,1,1,1
2,1,482062,17,17,17,0,0,0,0,0,0,0
1,1,482063,8,28,16,19,31,0,0,0,0,0
2,1,482063,0,0,0,0,0,5,0,0,0,0
1,1,482064,33,2,19,18,11,20,38,26,26,24
0,1,482065,5,0,13,28,0,12,27,0,0,0
1,1,482065,0,0,0,0,0,0,0,0,0,0
1,1,482066,23,14,12,31,35,24,18,23,21,29
1,1,482067,15,0,9,0,23,19,16,4,14,15
2,1,482067,15,15,15,15,15,15,15,15,15,15
1,1,482068,13,0,0,0,30,0,0,26,0,0
1,1,482069,19,0,14,0,0,0,4,0,0,0
1,1,482070,0,0,0,0,0,0,0,0,0,0
2,1,482070,0,0,0,0,9,0,0,0,0,0
1,1,482071,0,0,0,18,0,0,0,13,0,0
2,1,482071,0,0,0,12,0,0,9,13,5,24
1,1,482072,9,0,0,0,0,0,0,0,0,0
2,1,482072,0,0,0,0,0,0,0,0,0,0
1,1,482073,0,0,0,0,0,0,0,0,0,0
2,1,482073,0,0,0,0,0,0,0,0,0,0
1,1,482074,0,6,0,0,0,14,0,41,0,17
1,1,482075,15,15,15,15,15,15,15,15,15,15
2,1,482075,0,0,0,0,0,0,0,30,0,0
1,1,482076,0,0,0,0,0,0,0,0,0,0
2,1,482076,0,7,0,0,0,0,0,0,0,0
1,1,482077,0,0,0,0,0,0,0,0,25,0
2,1,482077,0,0,0,0,0,0,0,0,0,0
1,1,482078,0,0,0,0,0,0,0,0,0,0
2,1,482078,0,0,10,0,6,0,12,13,0,0
0,1,482079,0,12,0,0,23,0,0,0,0,0
1,1,482079,0,12,0,0,0,3,9,0,0,0
0,1,482080,0,0,0,20,29,25,0,50,0,0
1,1,482080,0,0,0,0,0,14,13,17,0,0
0,1,482081,0,0,0,0,10,0,0,17,0,15
1,1,482081,23,0,0,0,0,0,0,0,7,0
1,1,482082,0,0,0,0,10,0,0,0,0,0
2,1,482082,3,0,0,0,0,0,0,0,17,0
1,1,482083,0,0,0,0,0,0,0,0,0,0
2,1,482083,0,5,0,0,0,0,9,0,0,8
1,1,482084,14,15,22,24,0,4,11,9,18,18
1,1,482085,12,18,14,20,7,41,18,21,20,10
1,1,482086,5,25,23,19,19,14,19,8,23,9
1,1,482087,13,19,10,13,18,9,5,0,15,12
0,1,482088,24,24,34,0,14,0,17,0,18,0
1,1,482088,0,0,0,0,0,0,0,0,0,0
0,1,482089,0,0,0,0,0,0,0,0,0,0
1,1,482089,5,0,0,0,0,0,0,4,0,0
1,1,482090,0,0,0,13,0,0,0,0,0,0
2,1,482090,6,0,0,0,10,5,0,0,0,0
1,1,482091,0,0,0,0,0,0,7,0,0,0
2,1,482091,0,0,0,0,0,0,0,0,0,0
1,1,482092,15,15,15,15,15,15,15,15,15,15
0,1,482093,0,0,0,0,0,0,0,0,0,0
1,1,482093,0,0,0,0,0,0,13,21,23,0
1,1,482094,27,27,27,27,27,27,27,27,27,27
1,1,482095,0,0,0,0,0,0,0,0,0,0
2,1,482095,23,23,23,23,23,23,23,23,23,23
1,1,482096,13,13,13,13,13,13,13,13,13,13
1,1,482097,7,7,7,7,7,7,7,7,7,7
2,1,482097,17,17,17,17,17,17,17,17,17,17
3,1,482097,11,11,11,11,11,11,11,11,11,11
1,1,482098,0,0,0,13,7,0,32,18,18,3
1,1,482099,37,37,37,37,37,37,37,37,37,37
2,1,482099,0,0,0,15,0,0,0,0,0,14
3,1,482099,0,0,0,0,0,0,0,0,0,0
1,1,482100,19,19,19,19,19,19,19,19,19,19
2,1,482100,19,6,0,11,0,29,23,18,0,11
1,1,482101,0,0,2,18,17,19,2,30,25,23
1,1,482102,8,12,25,11,19,10,15,0,0,6
1,1,482103,8,0,0,0,0,4,6,0,0,0
2,1,482103,6,9,12,22,18,0,15,0,0,0
0,1,482104,34,17,40,19,26,29,5,0,14,0
1,1,482104,0,0,0,0,0,0,0,0,0,0
1,1,482105,0,11,6,0,4,7,0,0,0,0
2,1,482105,10,0,0,4,22,6,0,0,0,0
1,1,482106,23,18,25,29,21,13,15,20,16,17
1,1,482107,0,9,0,0,9,0,0,10,0,0
1,1,482108,7,26,24,0,0,3,0,0,0,4
1,1,482109,10,0,0,0,0,12,0,0,0,0
2,1,482109,0,0,0,0,0,0,0,0,0,0
1,1,482110,0,16,28,11,21,19,6,0,23,13
1,1,482111,0,0,0,0,0,0,0,0,25,0
2,1,482111,0,0,7,14,0,0,0,0,0,0
1,1,482112,0,0,0,0,0,0,0,0,0,0
2,1,482112,0,0,0,0,0,0,19,0,0,0
1,1,482113,0,0,0,0,0,0,0,0,0,0
2,1,482113,0,0,0,0,0,0,0,0,0,0
1,1,482114,0,0,0,0,0,0,0,11,9,31
1,1,482115,7,7,7,7,7,7,7,7,7,7
1,1,482116,18,0,0,0,0,0,0,0,0,0
2,1,482116,2,2,2,2,2,2,2,2,2,2
1,1,482117,0,0,0,0,0,0,0,23,0,0
2,1,482117,13,0,0,0,0,0,0,6,0,17
1,1,482118,12,6,0,0,19,0,0,9,0,0
2,1,482118,0,0,0,0,0,0,0,0,0,0
1,1,482119,0,0,0,0,0,0,0,0,0,0
2,1,482119,0,0,0,0,5,0,0,0,0,0
1,1,482120,0,11,0,0,0,0,12,22,30,11
1,1,482121,0,14,44,0,0,0,25,0,26,1
1,1,482122,14,14,14,14,14,14,14,14,14,14
1,1,482123,10,14,0,0,0,0,0,11,0,0
2,1,482123,0,14,23,17,0,24,11,16,27,9
0,1,482124,0,0,17,0,38,0,0,0,0,30
1,1,482124,0,0,2,0,0,0,0,6,0,0
1,1,482125,11,20,3,4,21,25,25,11,10,8
0,1,482126,7,7,7,7,7,7,7,7,7,7
0,2,482126,11,11,11,11,11,11,11,11,11,11
0,3,482126,18,0,6,15,0,0,6,33,31,0
0,4,482126,1,1,1,1,1,1,1,1,1,1
1,1,482126,22,22,22,22,22,22,22,22,22,22
1,1,482127,0,0,0,0,0,0,0,0,0,0
1,1,482128,17,10,8,21,15,20,14,32,14,23
2,1,482128,0,0,0,0,0,0,0,0,0,0
1,1,482129,0,0,0,0,0,0,0,0,0,0
2,1,482129,0,0,0,0,0,0,0,0,5,0
0,1,482130,21,5,24,19,0,0,14,0,31,40
1,1,482130,1,1,1,1,1,1,1,1,1,1
1,1,482131,25,19,0,0,0,0,0,0,21,0
1,1,482133,0,0,0,0,0,0,0,0,0,0
2,1,482133,0,0,0,0,0,0,0,0,0,0
1,1,482134,0,2,0,0,0,16,0,0,0,3
1,1,482135,8,8,8,8,8,8,8,8,8,8
1,1,482136,0,0,26,0,11,0,31,0,0,13
1,1,482137,0,0,11,12,0,0,0,0,0,5
1,1,482138,0,0,0,0,0,0,7,0,0,10
2,1,482138,0,0,0,0,0,0,0,0,0,0
0,1,482139,12,14,22,15,19,14,0,47,23,0
1,1,482139,0,0,0,9,0,0,0,9,0,0
1,1,482140,0,0,0,0,0,0,0,0,0,0
2,1,482140,0,14,13,5,0,8,0,0,0,2
1,1,482141,0,0,0,0,0,0,0,0,0,0
1,1,482142,0,0,0,0,0,0,0,0,0,0
2,1,482142,0,0,0,0,0,0,0,0,0,0
0,1,482143,0,0,0,0,0,0,0,0,0,0
1,1,482143,2,2,2,2,2,2,2,2,2,2
1,1,482144,9,9,9,9,9,9,9,9,9,9
2,1,482144,0,0,14,26,0,11,0,13,0,0
1,1,482145,27,0,0,25,0,23,0,19,0,0
1,1,482146,0,0,0,0,0,0,0,0,0,0
2,1,482146,0,0,0,0,0,0,0,0,0,0
3,1,482146,0,0,14,0,0,0,0,0,0,0
4,1,482146,0,0,0,0,0,0,0,0,0,0
1,1,482147,0,0,0,0,0,0,18,0,0,0
2,1,482147,0,0,0,0,0,0,0,0,0,0
3,1,482147,22,0,0,0,0,0,0,0,0,0
1,1,482148,21,19,0,13,24,0,0,0,0,0
1,1,482149,0,0,0,0,0,0,0,0,0,0
2,1,482149,0,0,0,0,0,0,0,0,0,0
1,1,482150,0,28,0,15,0,0,0,0,0,0
0,1,482151,8,0,16,15,9,0,29,0,24,30
1,1,482151,0,0,0,0,0,0,0,0,0,0
0,1,482152,0,0,0,0,22,28,0,10,7,0
0,2,482152,34,0,0,0,0,13,0,0,0,29
1,1,482152,0,0,0,0,0,0,0,0,0,0
0,1,482153,0,23,0,0,0,0,0,0,0,19
1,1,482153,0,0,0,0,0,0,0,0,0,0
1,1,482154,0,0,0,0,0,0,0,0,0,0
2,1,482154,0,0,0,0,0,0,0,0,0,0
1,1,482155,0,0,0,0,0,0,0,0,0,0
2,1,482155,0,0,0,0,0,13,0,0,0,0
1,1,482156,0,0,0,0,0,0,0,0,0,0
2,1,482156,9,0,19,0,0,0,0,0,0,7
0,1,482157,28,28,28,28,28,28,28,28,28,28
1,1,482157,0,11,0,0,11,0,0,0,0,0
2,1,482157,0,0,0,0,0,0,0,0,0,0
1,1,482158,0,0,0,0,0,0,0,0,0,0
2,1,482158,0,0,0,0,0,0,0,0,0,0
3,1,482158,0,0,0,0,0,0,0,0,0,0
4,1,482158,0,0,0,0,0,0,0,0,0,0
5,1,482158,0,0,0,0,0,0,0,0,0,0
1,1,482159,18,18,18,18,18,18,18,18,18,18
1,1,482160,13,9,0,7,0,0,14,0,0,0
2,1,482160,0,0,0,0,0,0,0,0,0,0
1,1,482161,0,0,0,0,0,0,4,9,0,0
2,1,482161,0,0,0,0,0,0,0,0,0,0
1,1,482162,0,0,0,0,0,0,0,0,0,0
2,1,482162,0,0,0,0,0,0,0,0,0,0
1,1,482163,0,17,0,0,9,0,0,0,0,0
2,1,482163,0,0,0,0,0,0,0,0,0,0
1,1,482164,15,16,0,0,0,0,0,14,0,0
2,1,482164,0,0,0,0,0,0,0,14,0,0
1,1,482165,0,0,0,0,0,0,0,0,0,0
2,1,482165,0,0,0,6,0,0,0,0,0,0
1,1,482166,0,0,0,0,0,0,0,0,3,0
1,1,482167,4,4,4,4,4,4,4,4,4,4
1,1,482168,12,12,12,12,12,12,12,12,12,12
0,1,482169,14,38,26,29,19,16,25,42,36,14
1,1,482169,0,0,0,11,6,13,0,9,0,20
1,1,482170,0,0,14,0,0,14,22,26,0,0
2,1,482170,0,0,0,0,10,0,0,26,0,0
3,1,482170,0,0,0,0,0,0,0,0,0,0
1,1,482171,30,30,30,30,30,30,30,30,30,30
0,1,482172,0,0,0,7,0,0,0,0,0,0
1,1,482172,12,0,16,0,18,0,9,0,0,0
1,1,482173,0,0,0,0,0,0,3,0,7,0
2,1,482173,0,0,0,0,0,0,0,0,0,0
1,1,482174,20,20,20,20,20,20,20,20,20,20
1,1,482175,21,12,26,16,11,7,0,0,0,19
0,1,482176,0,0,0,0,0,0,0,0,0,0
1,1,482176,0,0,0,0,0,0,0,0,0,0
1,1,482177,13,13,13,13,13,13,13,13,13,13
1,1,482178,0,0,7,0,29,0,0,4,0,16
1,1,482179,22,22,22,22,22,22,22,22,22,22
2,1,482179,0,0,17,0,0,0,0,0,0,0
3,1,482179,0,0,0,0,0,0,0,0,0,0
1,1,482180,17,17,17,17,17,17,17,17,17,17
2,1,482180,9,13,0,0,0,10,0,0,0,0
0,1,482181,0,0,0,0,0,0,0,0,0,0
1,1,482181,0,0,0,20,0,24,0,0,0,0
1,1,482182,16,16,16,16,16,16,16,16,16,16
1,1,482183,16,0,0,0,13,0,0,0,0,0
1,1,482184,5,5,5,5,5,5,5,5,5,5
1,1,482185,0,0,0,27,0,11,0,0,0,0
1,1,482186,8,8,8,8,8,8,8,8,8,8
2,1,482186,0,0,0,0,0,0,0,0,0,0
3,1,482186,0,0,0,0,0,0,0,0,0,0
1,1,482187,19,38,20,0,0,17,24,30,4,0
1,1,482188,0,0,9,0,0,0,0,0,8,0
2,1,482188,0,0,0,0,0,0,0,0,0,0
0,1,482189,0,0,0,0,0,0,0,0,0,0
1,1,482189,0,0,0,0,0,0,0,0,0,0
1,1,482190,13,0,0,0,0,0,0,0,0,0
2,1,482190,0,19,6,0,0,0,8,0,0,0
1,1,482191,0,7,0,0,0,0,0,0,0,0
2,1,482191,0,0,0,0,0,8,0,0,0,0
1,1,482192,0,0,0,0,0,0,0,0,0,0
2,1,482192,9,0,0,0,0,0,0,17,0,0
1,1,482193,18,12,0,20,22,26,15,22,40,33
2,1,482193,0,0,0,0,0,0,32,0,0,0
1,1,482194,0,0,0,0,15,0,0,0,0,8
1,1,482195,15,0,33,0,0,0,13,16,19,0
1,1,482196,14,14,14,14,14,14,14,14,14,14
2,1,482196,0,7,0,0,0,0,2,0,0,0
1,1,482197,0,0,0,0,0,0,0,0,0,0
2,1,482197,0,0,0,0,0,0,0,0,0,0
1,1,482198,0,22,0,0,0,17,0,0,14,0
1,1,482199,1,1,1,1,1,1,1,1,1,1
2,1,482199,0,12,17,0,0,0,13,0,0,0
1,1,482200,0,0,23,0,15,37,0,0,0,31
1,1,482201,0,0,0,0,0,0,0,0,0,0
1,1,482202,0,10,0,0,0,0,13,12,0,0
2,1,482202,0,0,0,0,21,7,4,24,17,0
1,1,482203,0,7,5,20,15,0,0,20,0,0
2,1,482203,0,0,0,0,0,0,0,8,0,0
1,1,482204,43,43,43,43,43,43,43,43,43,43
2,1,482204,0,0,0,0,0,0,0,0,0,0
1,1,482205,22,22,22,22,22,22,22,22,22,22
2,1,482205,0,0,0,0,0,0,0,0,0,0
1,1,482206,0,0,0,0,0,0,0,0,0,19
2,1,482206,6,0,0,0,11,5,0,0,0,0
1,1,482207,22,22,22,22,22,22,22,22,22,22
1,1,482208,0,12,11,0,0,0,26,0,0,9
2,1,482208,9,9,9,9,9,9,9,9,9,9
1,1,482209,11,21,26,26,5,24,14,21,13,17
1,1,482210,9,9,9,9,9,9,9,9,9,9
1,1,482211,0,0,9,13,13,0,14,25,33,27
1,1,482212,14,14,14,14,14,14,14,14,14,14
1,1,482213,0,0,0,0,0,0,0,0,0,3
1,1,482214,20,20,20,20,20,20,20,20,20,20
1,1,482215,0,23,18,0,10,21,0,33,0,10
2,1,482215,21,10,12,0,25,34,15,10,14,6
1,1,482216,7,16,0,0,0,0,0,0,0,0
2,1,482216,0,29,0,4,16,14,0,0,0,0
1,1,482217,0,0,0,4,0,10,10,0,8,0
1,1,482218,19,27,26,19,15,13,21,14,11,16
1,1,482219,29,29,29,29,29,29,29,29,29,29
2,1,482219,0,0,0,0,12,16,0,0,0,19
1,1,482220,24,24,24,24,24,24,24,24,24,24
0,1,482221,24,17,18,26,33,33,0,0,0,11
1,1,482221,0,0,0,0,0,0,18,0,0,0
1,1,482222,0,0,0,0,0,0,0,0,0,0
2,1,482223,0,0,0,0,0,0,0,0,0,0
3,1,482223,0,18,22,16,15,0,0,0,24,0
1,1,482224,17,7,0,0,0,0,13,0,0,12
1,1,482225,0,0,0,0,0,0,0,0,0,0
1,1,482226,0,0,0,0,0,0,0,0,0,0
2,1,482226,9,0,0,31,0,0,0,0,0,0
1,1,482227,29,29,29,29,29,29,29,29,29,29
0,1,482228,26,19,23,14,0,15,41,0,0,28
1,1,482228,0,0,0,0,0,0,0,0,0,0
1,1,482229,0,0,0,0,0,0,0,0,0,0
2,1,482229,20,20,20,20,20,20,20,20,20,20
1,1,482230,0,0,0,0,0,0,0,0,0,0
2,1,482230,0,0,0,0,0,0,0,0,0,0
0,1,482231,0,11,0,0,0,18,30,0,0,38
1,1,482231,0,0,13,19,5,6,16,8,7,27
1,1,482232,0,0,0,0,0,0,13,0,0,0
1,1,482233,22,0,8,0,0,0,0,0,0,0
1,1,482234,0,0,0,0,0,0,0,0,0,0
1,1,482235,0,0,0,0,0,0,0,0,0,0
1,1,482236,0,0,0,0,0,0,0,0,16,0
1,1,482237,0,0,0,0,0,0,0,15,0,0
1,1,482238,7,7,7,7,7,7,7,7,7,7
1,1,482239,0,0,19,0,15,0,0,17,0,0
1,1,482240,0,0,0,0,0,0,0,0,0,0
1,1,482241,0,0,0,0,0,0,0,0,0,0
2,1,482241,0,0,0,0,0,0,0,0,0,0
1,1,482242,22,22,22,22,22,22,22,22,22,22
1,1,482243,0,0,0,0,0,0,0,0,0,0
1,1,482244,20,20,20,20,20,20,20,20,20,20
1,1,482245,25,10,15,13,22,10,27,6,14,11
1,1,482246,26,23,13,23,25,20,12,21,23,5
1,1,482247,15,0,32,0,0,17,7,0,0,16
2,1,482247,0,0,0,0,20,0,12,39,23,0
1,1,482248,0,0,0,0,0,0,0,0,0,0
1,1,482249,0,0,0,0,17,0,0,12,0,0
2,1,482249,0,0,0,0,0,0,0,0,0,0
1,1,482250,0,11,0,0,0,18,0,0,0,0
2,1,482250,0,0,0,0,0,0,0,33,0,0
1,1,482251,0,0,0,0,13,0,0,0,0,0
2,1,482251,0,0,0,0,0,0,0,0,0,0
0,1,482252,21,28,17,0,9,27,0,27,0,28
1,1,482252,0,18,0,0,0,17,0,0,0,11
1,1,482253,0,0,0,0,0,0,0,0,0,0
1,1,482254,0,0,0,0,0,0,0,0,0,0
1,1,482255,0,0,0,0,0,0,0,0,0,0
1,1,482256,0,0,0,0,5,0,0,0,0,0
1,1,482257,25,0,0,0,0,27,0,0,9,0
1,1,482258,5,27,0,0,0,25,41,13,11,21
1,1,482259,0,0,13,0,20,0,10,18,0,0
1,1,482260,0,9,0,4,11,23,0,0,20,0
1,1,482261,27,29,23,8,10,12,11,22,8,31
1,1,482262,12,25,7,0,0,18,0,20,13,27
1,1,482263,0,0,0,0,0,0,0,0,0,0
1,1,482264,20,12,15,8,22,15,16,25,0,14
1,1,482265,38,38,38,38,38,38,38,38,38,38
2,1,482265,0,0,0,0,9,0,18,14,0,0
1,1,482266,34,34,34,34,34,34,34,34,34,34
1,1,482267,8,0,0,0,16,0,8,6,0,0
2,1,482267,0,0,0,0,0,0,0,0,0,0
1,1,482268,0,0,0,0,0,0,0,0,0,0
1,1,482269,19,16,30,27,15,13,19,16,18,21
2,1,482269,0,0,0,0,0,5,0,0,0,0
1,1,482270,0,0,0,0,0,0,0,0,0,0
2,1,482270,12,11,0,0,0,0,0,0,0,0
1,1,482271,16,3,22,30,28,9,18,18,41,25
1,1,482272,36,36,36,36,36,36,36,36,36,36
1,1,482273,12,12,12,12,12,12,12,12,12,12
1,1,482274,28,33,22,19,21,10,21,32,25,17
2,1,482274,0,0,0,0,0,0,17,24,0,22
0,1,482275,0,0,0,0,0,0,21,0,0,0
1,1,482275,0,0,0,0,0,0,0,0,0,0
1,1,482276,0,0,0,0,0,0,0,0,0,0
2,1,482276,0,0,0,0,0,0,0,0,0,0
1,1,482277,0,0,0,0,0,0,0,0,0,0
2,1,482277,0,0,0,0,0,0,5,0,0,0
1,1,482278,0,0,7,0,22,30,25,4,0,15
1,1,482279,0,0,0,0,0,0,0,0,0,0
0,1,482280,0,31,11,20,0,19,9,0,9,0
1,1,482280,0,0,0,0,0,0,0,0,0,0
1,1,482281,0,0,0,0,0,0,0,0,0,0
1,1,482282,23,23,23,23,23,23,23,23,23,23
1,1,482283,0,0,0,0,0,0,0,0,27,18
2,1,482283,0,0,0,11,0,0,0,0,0,0
1,1,482284,0,29,15,0,0,0,0,0,23,0
2,1,482284,0,0,0,0,25,0,19,0,0,0
1,1,482285,0,0,0,0,0,0,0,0,0,0
1,1,482286,0,0,0,0,0,0,0,0,0,0
2,1,482286,0,0,0,0,0,0,0,0,0,0
1,1,482287,0,0,16,0,26,0,0,0,0,0
0,1,482288,0,0,0,0,0,0,42,0,0,0
1,1,482288,0,0,0,0,0,15,0,12,0,0
1,1,482289,11,11,11,11,11,11,11,11,11,11
0,1,482290,0,8,0,0,14,0,0,0,0,6
1,1,482290,0,23,0,0,15,0,6,18,0,16
1,1,482291,4,25,0,0,9,0,15,28,0,15
2,1,482291,0,18,0,0,0,0,13,0,0,0
3,1,482291,0,0,0,0,0,0,0,0,0,9
0,1,482292,0,0,0,0,0,0,21,0,0,0
1,1,482292,9,0,0,0,0,0,7,0,11,0
1,1,482293,0,0,0,0,22,0,0,0,0,0
1,1,482294,18,18,20,15,18,25,18,24,24,26
1,1,482295,0,0,0,0,0,0,0,0,0,0
2,1,482295,0,0,0,0,0,0,0,0,0,0
3,1,482295,0,0,0,0,0,0,0,0,0,0
0,1,482296,0,0,0,0,24,12,0,10,0,12
1,1,482296,0,0,0,0,0,0,0,0,0,0
1,1,482297,15,15,15,15,15,15,15,15,15,15
2,1,482297,0,0,0,0,0,0,0,0,0,0
1,1,482298,0,0,0,0,0,0,0,12,0,0
1,1,482299,0,0,0,0,0,0,0,0,0,0
2,1,482299,0,0,0,0,0,0,0,0,0,13
1,1,482300,8,8,8,8,8,8,8,8,8,8
2,1,482300,0,0,0,0,0,0,0,0,0,18