VEH_NO,PER_NO,ST_CASE,P1,P2,P3,P4,P5,P6,P7,P8,P9,P10
1,1,482301,0,16,0,0,11,5,0,0,0,0
2,1,482301,0,0,0,0,0,0,0,35,20,0
1,1,482302,0,0,0,8,0,0,0,20,24,0
2,1,482302,0,0,0,15,0,0,0,0,0,2
1,1,482303,9,9,17,14,12,18,16,14,6,32
1,1,482304,19,19,19,19,19,19,19,19,19,19
1,1,482305,0,0,0,0,0,0,35,15,15,0
1,1,482306,0,12,0,0,18,31,12,0,0,0
0,1,482307,25,0,0,0,0,23,0,0,42,0
1,1,482307,11,0,0,0,0,0,4,10,0,0
1,1,482308,10,10,10,10,10,10,10,10,10,10
2,1,482308,0,10,9,0,5,40,18,4,0,24
0,1,482309,26,20,19,10,0,7,18,0,14,25
1,1,482309,19,0,0,0,0,0,0,0,0,0
1,1,482310,20,20,20,20,20,20,20,20,20,20
0,1,482311,22,22,22,22,22,22,22,22,22,22
1,1,482311,0,0,0,46,0,0,0,0,0,0
1,1,482312,0,0,0,0,0,0,0,0,0,0
2,1,482312,0,0,0,0,0,0,0,0,0,0
3,1,482312,0,0,0,0,0,0,0,0,0,0
1,1,482313,0,0,0,0,0,0,0,0,0,8
2,1,482313,20,35,0,21,0,0,27,11,25,0
1,1,482314,24,24,24,24,24,24,24,24,24,24
1,1,482315,18,20,14,23,18,0,0,15,15,0
0,1,482316,0,8,46,0,0,0,0,13,0,6
1,1,482316,0,0,0,0,0,25,0,12,21,0
1,1,482317,0,0,0,31,0,0,0,0,0,0
2,1,482317,0,0,0,0,0,0,0,0,0,0
3,1,482317,0,0,9,0,0,0,0,0,0,0
0,1,482318,0,0,0,11,0,0,29,3,0,12
0,2,482318,23,12,0,0,0,20,0,0,26,28
1,1,482318,0,13,0,0,0,17,13,0,0,0
1,1,482319,0,0,16,0,0,0,16,0,0,0
2,1,482319,0,0,21,27,12,0,13,24,9,3
1,1,482320,14,14,14,14,14,14,14,14,14,14
2,1,482320,3,0,0,0,0,0,0,0,0,0
3,1,482320,0,4,0,0,0,0,0,0,0,0
1,1,482321,15,32,15,4,22,0,20,0,0,0
1,1,482322,0,0,0,0,0,0,0,0,0,0
2,1,482322,0,0,24,0,0,0,0,33,0,0
1,1,482323,20,20,20,20,20,20,20,20,20,20
2,1,482323,0,0,0,0,0,0,0,0,0,0
1,1,482324,0,16,0,0,0,10,0,0,33,0
1,1,482325,0,0,0,0,0,0,0,0,0,0
0,1,482326,0,22,18,19,12,2,0,0,16,0
1,1,482326,0,0,0,0,0,0,0,0,0,0
1,1,482327,0,0,0,0,0,0,0,0,0,0
2,1,482327,0,0,0,0,0,0,12,0,0,0
1,1,482328,0,0,26,0,0,0,0,0,0,0
2,1,482328,0,0,11,0,0,0,0,15,0,0
0,1,482329,0,0,0,0,0,0,0,0,0,0
1,1,482329,0,0,0,0,0,0,0,0,0,0
0,1,482330,0,0,0,0,0,0,0,0,0,0
1,1,482330,0,0,0,13,12,0,12,51,0,0
1,1,482331,0,17,0,37,10,17,18,12,0,0
1,1,482332,0,0,0,0,0,0,0,0,0,0
2,1,482332,20,18,0,24,0,0,0,0,15,0
3,1,482332,0,0,0,10,0,0,0,0,0,0
1,1,482333,0,0,0,0,0,0,0,7,0,0
1,1,482334,0,0,0,0,0,0,0,0,0,0
2,1,482334,0,0,0,0,0,0,0,0,0,0
1,1,482335,10,16,16,20,18,16,21,11,26,29
1,1,482336,11,11,11,11,11,11,11,11,11,11
2,1,482336,12,6,0,0,0,0,12,0,11,0
1,1,482337,0,0,0,0,0,0,0,0,0,0
2,1,482337,0,0,0,0,0,0,0,0,0,0
1,1,482338,17,13,21,37,13,13,14,19,24,14
1,1,482339,0,0,4,0,3,0,0,0,11,26
2,1,482339,0,16,0,28,17,5,14,2,0,6
1,1,482340,18,12,9,29,20,10,7,14,34,26
2,1,482340,0,3,0,6,0,11,12,0,7,0
1,1,482341,15,10,0,0,0,6,40,8,20,15
2,1,482341,12,0,0,0,0,0,0,0,0,0
3,1,482341,0,2,12,0,32,0,0,0,0,0
1,1,482342,0,23,13,0,0,0,18,0,0,0
1,1,482343,18,23,10,16,12,28,16,16,12,19
1,1,482344,0,16,21,0,0,0,0,0,0,0
2,1,482344,0,0,0,0,4,17,0,17,0,10
1,1,482345,30,30,30,30,30,30,30,30,30,30
1,1,482346,0,0,0,19,0,0,0,0,0,0
1,1,482347,0,0,13,0,0,23,9,0,0,0
2,1,482347,0,0,5,0,0,0,0,0,0,0
1,1,482348,0,0,0,0,0,0,0,0,0,0
2,1,482348,0,0,0,0,0,0,0,0,0,0
0,1,482349,0,0,0,0,0,14,0,0,12,0
1,1,482349,11,14,24,0,20,0,0,0,0,11
1,1,482350,0,0,0,0,3,0,10,9,13,0
2,1,482350,0,0,0,11,10,0,0,0,0,0
1,1,482351,23,23,23,23,23,23,23,23,23,23
2,1,482351,0,0,0,0,0,0,0,0,0,0
1,1,482352,0,0,0,0,0,10,0,0,0,23
1,1,482353,16,0,0,0,0,0,0,14,0,0
2,1,482353,0,0,0,0,0,0,0,12,0,0
0,1,482354,0,0,18,0,0,0,0,0,0,14
0,2,482354,0,9,7,0,0,0,0,0,0,5
1,1,482354,0,0,0,0,0,0,0,0,0,0
2,1,482354,0,17,0,0,0,0,0,0,0,0
1,1,482355,5,0,22,0,0,0,0,12,0,19
2,1,482355,0,0,0,0,0,0,0,0,4,0
0,1,482356,0,0,0,0,0,0,0,0,0,0
1,1,482356,0,0,0,0,0,0,0,0,0,0
0,1,482357,0,0,0,0,34,0,0,0,0,0
1,1,482357,0,0,0,0,0,0,0,0,0,0
2,1,482357,0,0,0,0,0,0,0,0,0,0
1,1,482358,30,30,30,30,30,30,30,30,30,30
1,1,482359,0,0,0,0,0,0,0,0,0,0
2,1,482359,0,0,18,0,0,0,0,0,0,0
1,1,482360,0,0,0,0,0,0,0,0,0,0
2,1,482360,0,0,0,21,0,0,0,0,0,0
3,1,482360,0,0,0,0,0,0,0,0,20,17
1,1,482361,0,0,0,0,0,0,0,0,0,14
2,1,482361,19,19,19,19,19,19,19,19,19,19
1,1,482362,13,13,13,13,13,13,13,13,13,13
2,1,482362,0,0,0,0,0,0,0,0,0,0
1,1,482363,0,0,0,0,0,0,0,0,0,0
0,1,482364,13,24,24,7,0,23,26,34,25,39
1,1,482364,0,0,9,25,27,0,0,0,0,0
1,1,482365,23,20,22,0,18,0,18,0,39,0
1,1,482366,9,9,9,9,9,9,9,9,9,9
1,1,482367,0,0,0,0,0,17,8,11,3,0
1,1,482368,21,21,21,21,21,21,21,21,21,21
1,1,482369,8,20,23,11,22,16,23,16,27,18
1,1,482370,31,31,31,31,31,31,31,31,31,31
1,1,482371,17,17,17,17,17,17,17,17,17,17
2,1,482371,23,9,0,8,4,0,0,0,0,14
0,1,482372,5,0,26,8,14,0,0,15,0,14
1,1,482372,0,0,0,0,18,0,0,0,0,0
1,1,482373,11,11,11,11,11,11,11,11,11,11
2,1,482373,0,0,0,0,0,0,0,0,0,0
3,1,482373,0,0,0,0,0,0,0,0,0,0
1,1,482374,20,20,20,20,20,20,20,20,20,20
1,1,482375,11,16,0,8,18,0,13,12,0,8
2,1,482375,0,0,0,0,0,0,0,0,0,0
1,1,482376,0,0,0,0,0,0,0,0,0,0
2,1,482376,0,0,0,0,0,0,0,0,0,0
1,1,482377,8,9,0,6,4,7,8,2,7,0
2,1,482377,0,13,0,0,0,0,0,0,0,0
1,1,482378,34,15,6,0,0,2,29,14,16,27
1,1,482379,16,16,16,16,16,16,16,16,16,16
1,1,482380,0,0,0,0,0,0,0,0,0,0
0,1,482381,33,33,33,33,33,33,33,33,33,33
1,1,482381,0,0,0,0,0,0,0,0,0,0
1,1,482382,25,25,25,25,25,25,25,25,25,25
2,1,482382,0,0,0,0,0,0,0,0,0,0
3,1,482382,0,0,0,0,0,0,0,0,0,0
1,1,482383,14,14,14,14,14,14,14,14,14,14
1,1,482384,0,14,0,14,12,19,28,11,26,23
2,1,482384,17,0,0,0,0,0,0,0,0,0
0,1,482385,0,0,0,0,0,0,0,0,0,0
1,1,482385,0,15,0,0,14,17,0,0,40,0
1,1,482386,7,0,6,0,0,0,16,0,0,10
2,1,482386,0,11,16,0,22,0,20,17,0,0
0,1,482387,0,0,0,17,0,0,0,0,0,0
1,1,482387,0,0,0,0,0,0,0,0,0,0
2,1,482387,0,0,0,0,0,0,0,0,0,0
3,1,482387,0,0,0,0,0,0,0,0,0,0
1,1,482388,0,0,19,0,0,0,14,0,0,0
1,1,482389,24,24,24,24,24,24,24,24,24,24
0,1,482390,23,23,23,23,23,23,23,23,23,23
1,1,482390,0,10,0,0,7,0,0,0,4,0
1,1,482391,16,16,16,16,16,16,16,16,16,16
2,1,482391,0,0,0,0,0,0,0,0,0,0
3,1,482391,0,0,0,0,5,18,0,0,14,0
1,1,482392,0,0,0,0,0,0,0,0,0,0
1,1,482393,11,11,11,11,11,11,11,11,11,11
2,1,482393,0,12,11,0,0,0,0,0,0,7
1,1,482394,0,0,0,0,0,0,0,0,0,0
1,1,482395,0,0,0,17,0,10,0,0,0,0
2,1,482395,23,23,23,23,23,23,23,23,23,23
0,1,482396,0,15,0,26,15,9,6,23,21,32
1,1,482396,0,0,0,0,0,0,0,0,24,0
0,1,482397,32,32,32,32,32,32,32,32,32,32
1,1,482397,0,0,13,0,0,0,0,0,0,11
1,1,482398,0,0,19,0,0,0,13,0,0,0
2,1,482398,0,0,6,0,0,0,0,0,0,0
3,1,482398,0,10,0,0,0,0,0,0,0,13
1,1,482399,0,0,21,0,10,0,5,0,14,0
1,1,482400,10,10,10,10,10,10,10,10,10,10
0,1,482401,0,0,0,0,0,0,0,0,0,0
1,1,482401,17,3,0,0,0,0,0,0,10,0
0,1,482402,0,19,0,0,26,10,0,0,13,0
1,1,482402,31,15,25,11,18,13,29,22,13,9
1,1,482403,18,18,18,18,18,18,18,18,18,18
2,1,482403,0,0,0,0,0,0,0,0,0,0
1,1,482404,0,0,0,0,0,0,0,0,0,0
2,1,482404,0,35,28,0,35,0,21,0,21,0
1,1,482405,6,26,22,0,16,10,19,12,15,22
2,1,482405,15,0,0,17,5,0,11,0,5,0
1,1,482406,0,0,0,0,0,0,0,6,0,0
1,1,482407,0,0,0,0,0,0,0,0,0,0
2,1,482407,6,4,0,0,6,6,0,7,0,0
1,1,482408,0,0,0,0,0,0,0,0,0,0
2,1,482408,0,0,24,0,0,20,0,0,0,0
1,1,482409,0,0,0,0,0,0,0,0,0,0
2,1,482409,17,17,17,17,17,17,17,17,17,17
0,1,482410,15,15,15,15,15,15,15,15,15,15
1,1,482410,8,13,0,10,0,14,0,0,0,0
1,1,482411,0,0,0,0,0,0,15,0,0,0
2,1,482411,12,3,0,9,7,8,0,0,0,0
1,1,482412,0,0,0,0,0,0,0,0,0,4
1,1,482413,0,0,0,0,11,9,20,0,0,13
0,1,482414,6,42,0,14,24,17,25,0,0,0
1,1,482414,13,13,13,13,13,13,13,13,13,13
1,1,482415,32,32,32,32,32,32,32,32,32,32
1,1,482416,0,0,0,12,14,5,0,0,10,14
1,1,482417,0,2,0,0,0,31,15,11,0,0
1,1,482418,20,20,20,20,20,20,20,20,20,20
1,1,482419,8,8,8,8,8,8,8,8,8,8
1,1,482420,13,13,13,13,13,13,13,13,13,13
1,1,482421,0,0,0,0,0,0,0,0,0,0
2,1,482421,0,0,0,0,11,0,0,0,0,0
1,1,482422,14,14,14,14,14,14,14,14,14,14
2,1,482422,0,0,0,0,0,0,0,0,0,0
1,1,482423,12,0,0,20,0,0,0,0,0,0
1,1,482424,16,0,0,0,0,0,0,0,0,0
1,1,482425,0,0,0,0,0,0,0,0,0,0
2,1,482425,0,0,26,12,0,4,0,14,19,0
0,1,482426,0,0,19,0,11,0,11,34,17,30
1,1,482426,0,10,6,0,0,0,0,0,0,20
1,1,482427,0,7,20,16,0,0,11,15,0,10
1,1,482428,0,0,0,0,0,0,0,0,0,0
1,1,482429,0,0,0,0,0,0,0,0,17,0
2,1,482429,0,0,0,0,0,0,0,0,0,0
3,1,482429,0,0,0,0,0,0,0,0,0,0
1,1,482430,10,10,10,10,10,10,10,10,10,10
1,1,482431,0,0,0,0,0,0,0,0,0,0
1,1,482432,33,33,33,33,33,33,33,33,33,33
1,1,482433,18,18,18,18,18,18,18,18,18,18
1,1,482434,9,6,21,29,36,22,32,17,22,10
1,1,482435,18,19,0,0,0,16,0,26,0,19
1,1,482436,0,0,0,0,0,0,0,0,0,0
2,1,482436,0,0,12,14,23,0,0,0,0,22
1,1,482437,17,17,17,17,17,17,17,17,17,17
1,1,482438,0,0,0,0,0,0,0,0,0,13
0,1,482439,0,0,10,0,0,0,0,9,0,0
1,1,482439,0,4,28,0,0,0,0,0,0,0
1,1,482440,30,20,9,24,0,0,11,15,11,21
1,1,482441,15,16,22,14,30,0,26,23,0,17
1,1,482442,0,0,0,0,0,0,0,31,0,0
1,1,482443,0,0,0,0,0,0,0,0,0,0
2,1,482443,0,0,0,0,0,0,0,0,0,0
3,1,482443,0,0,0,0,0,0,0,13,11,0
1,1,482444,0,0,0,0,0,0,0,0,0,0
0,1,482445,29,15,0,16,0,0,7,0,0,0
1,1,482445,0,0,0,0,27,0,0,26,0,0
1,1,482446,18,10,0,0,9,0,16,12,11,0
1,1,482447,0,0,0,0,0,0,0,0,0,0
2,1,482447,0,0,18,0,27,0,0,0,11,22
1,1,482448,0,0,0,0,0,0,0,0,0,0
2,1,482448,0,0,0,0,0,0,0,0,0,0
0,1,482449,34,34,34,34,34,34,34,34,34,34
1,1,482449,9,0,0,0,0,21,0,0,0,0
1,1,482450,18,21,27,9,18,13,27,19,21,12
1,1,482451,0,0,0,0,0,0,0,9,0,0
2,1,482451,4,0,0,15,0,0,0,0,0,6
1,1,482452,25,25,25,25,25,25,25,25,25,25
1,1,482453,0,0,18,19,17,6,13,0,0,24
1,1,482454,8,12,19,20,24,16,18,21,19,15
1,1,482455,18,18,18,18,18,18,18,18,18,18
2,1,482455,0,0,18,0,0,0,0,0,0,0
1,1,482456,15,15,15,15,15,15,15,15,15,15
1,1,482457,18,6,14,12,20,11,0,9,8,11
2,1,482457,0,4,18,0,0,0,0,0,0,0
1,1,482458,20,20,20,20,20,20,20,20,20,20
1,1,482459,0,0,10,14,12,0,16,19,0,0
1,1,482460,11,11,11,11,11,11,11,11,11,11
2,1,482460,0,0,0,5,0,0,0,14,13,13
0,1,482461,0,0,0,25,0,0,0,0,0,0
1,1,482461,0,12,0,0,0,0,0,0,10,22
0,1,482462,0,23,32,21,0,0,0,0,0,0
0,2,482462,0,0,0,0,0,0,0,0,0,0
1,1,482462,0,25,0,21,0,0,0,0,0,0
0,1,482463,0,36,0,0,0,0,0,0,0,14
1,1,482463,0,0,0,0,0,0,0,0,0,0
1,1,482464,0,0,0,0,0,0,14,10,0,0
1,1,482465,0,9,0,0,0,0,0,0,17,0
0,1,482466,0,16,0,0,43,55,15,0,16,26
1,1,482466,0,0,0,14,0,0,0,0,7,6
0,1,482467,25,5,22,0,29,0,0,0,0,6
1,1,482467,0,0,0,0,0,0,0,0,0,0
0,1,482468,0,0,0,14,18,0,0,0,0,24
1,1,482468,0,11,0,0,0,0,0,0,0,0
1,1,482469,0,0,0,0,0,0,0,0,0,0
2,1,482469,0,0,0,7,0,0,0,0,0,0
1,1,482470,0,0,0,0,0,0,0,0,22,23
1,1,482471,21,0,26,43,27,0,0,24,20,27
0,1,482472,47,47,47,47,47,47,47,47,47,47
1,1,482472,10,0,0,0,0,0,0,0,28,0
1,1,482473,0,0,0,0,0,0,0,0,0,0
2,1,482473,0,0,0,0,0,0,0,0,0,0
3,1,482473,0,0,0,0,0,0,0,0,0,0
1,1,482474,0,0,0,0,0,0,0,0,0,0
2,1,482474,0,0,0,0,0,0,0,9,9,0
1,1,482475,0,0,0,0,0,0,0,0,0,0
2,1,482475,0,0,0,0,0,0,0,0,0,0
1,1,482476,0,0,0,0,0,0,0,0,0,0
2,1,482476,0,0,0,0,0,0,0,0,0,0
1,1,482477,0,0,22,13,0,14,0,0,0,0
2,1,482477,0,0,0,0,0,0,0,0,0,0
1,1,482478,0,0,0,0,0,0,0,0,0,0
2,1,482478,25,0,0,0,6,0,11,0,0,17
3,1,482478,0,0,0,0,0,0,0,0,0,0
4,1,482478,0,13,0,0,0,0,11,0,0,0
1,1,482479,33,33,33,33,33,33,33,33,33,33
1,1,482480,0,0,0,27,0,20,0,0,0,0
2,1,482480,28,0,0,0,0,0,0,0,0,0
1,1,482481,8,20,30,26,8,0,13,14,19,20
1,1,482482,24,0,0,0,0,0,12,0,0,0
2,1,482482,17,0,0,0,2,0,0,0,0,0
1,1,482483,7,0,0,0,0,0,33,19,7,14
2,1,482483,0,8,10,0,0,0,0,19,22,12
1,1,482484,33,33,33,33,33,33,33,33,33,33
1,1,482485,0,0,0,0,0,0,0,0,0,0
1,1,482486,17,11,8,0,25,8,27,12,7,0
0,1,482487,0,0,16,17,0,12,0,10,0,0
1,1,482487,6,0,0,24,0,0,0,14,0,0
1,1,482488,0,0,0,0,0,0,0,0,0,0
1,1,482489,4,4,4,4,4,4,4,4,4,4
1,1,482490,0,0,0,0,0,0,0,0,0,0
1,1,482491,0,13,8,9,16,0,0,0,9,0
1,1,482492,0,0,0,0,0,0,0,0,0,0
2,1,482492,0,0,0,0,0,0,26,0,0,0
1,1,482493,23,23,23,23,23,23,23,23,23,23
2,1,482493,6,0,0,0,20,28,0,0,0,19
1,1,482494,0,0,8,0,0,9,0,17,0,11
1,1,482495,0,0,1,0,15,0,0,0,0,15
1,1,482496,0,0,0,0,0,0,0,0,0,0
2,1,482496,0,6,0,0,0,0,0,0,0,0
1,1,482497,0,0,0,0,0,0,0,0,0,0
2,1,482497,0,0,0,0,0,0,0,0,0,0
1,1,482498,0,0,16,15,0,0,10,0,0,0
1,1,482499,0,0,0,0,0,3,0,0,0,0
2,1,482499,0,0,0,0,0,0,0,0,0,0
1,1,482500,0,0,8,0,0,0,0,0,0,0
2,1,482500,0,0,0,0,0,0,0,0,0,0
3,1,482500,0,0,16,0,0,0,0,0,0,17
4,1,482500,0,0,0,0,0,7,0,0,0,0
0,1,482501,0,13,0,0,0,5,21,0,0,12
1,1,482501,0,0,0,0,0,0,0,0,0,0
1,1,482502,0,0,0,0,0,0,0,0,0,0
2,1,482502,5,0,41,0,0,0,11,0,0,0
1,1,482503,23,23,23,23,23,23,23,23,23,23
2,1,482503,0,0,0,4,15,0,0,0,0,9
3,1,482503,0,0,0,0,13,0,16,0,0,0
1,1,482504,0,0,17,0,0,0,0,0,0,20
0,1,482505,0,0,0,13,0,0,0,0,0,0
1,1,482505,0,0,0,0,0,0,0,0,0,0
1,1,482506,0,0,0,0,0,0,0,0,3,0
2,1,482506,0,3,0,0,0,0,0,0,0,0
1,1,482507,0,18,11,0,0,0,13,0,0,0
1,1,482508,31,31,31,31,31,31,31,31,31,31
1,1,482509,0,0,0,0,0,0,0,0,0,0
2,1,482509,0,0,0,0,0,0,0,17,0,0
3,1,482509,0,0,0,0,0,0,0,0,0,0
1,1,482510,0,0,0,0,0,0,0,0,0,0
1,1,482511,0,9,0,0,0,9,17,19,8,6
1,1,482512,14,14,14,14,14,14,14,14,14,14
2,1,482512,0,0,0,0,0,0,3,0,0,0
1,1,482513,0,0,0,0,0,0,0,0,0,0
1,1,482514,0,0,16,0,0,0,0,0,0,0
2,1,482514,0,7,0,0,0,0,0,0,0,0
3,1,482514,0,0,0,0,0,0,0,0,0,0
4,1,482514,0,0,0,0,13,0,0,0,0,0
5,1,482514,0,0,0,28,0,24,0,0,0,0
1,1,482515,0,0,0,0,0,0,0,0,0,0
2,1,482515,0,0,0,0,0,0,0,0,0,0
1,1,482516,0,0,0,0,0,0,0,0,0,0
2,1,482516,0,0,0,0,0,0,0,0,0,0
1,1,482517,0,19,0,0,0,7,0,0,0,0
2,1,482517,0,0,0,0,0,0,0,0,0,0
1,1,482518,0,0,0,0,0,0,0,20,0,0
2,1,482518,0,0,0,0,0,0,0,0,0,0
3,1,482518,0,0,0,0,0,0,0,0,0,0
4,1,482518,0,0,0,0,0,0,0,0,0,0
1,1,482519,2,0,0,22,11,0,0,0,0,0
2,1,482519,0,4,4,0,15,9,14,37,9,0
1,1,482520,18,18,18,18,18,18,18,18,18,18
1,1,482521,0,0,0,0,0,0,0,0,0,0
2,1,482521,0,0,0,3,0,0,0,0,0,0
1,1,482522,21,21,21,21,21,21,21,21,21,21
2,1,482522,0,0,0,0,0,0,0,0,0,0
1,1,482523,0,0,0,16,0,8,0,0,10,28
0,1,482524,27,27,27,27,27,27,27,27,27,27
1,1,482524,0,11,13,12,0,0,0,21,0,0
2,1,482524,22,15,22,0,13,0,0,11,16,0
1,1,482525,0,19,34,0,22,0,14,25,13,0
1,1,482526,0,18,0,0,23,0,0,0,0,0
2,1,482526,0,0,0,0,0,0,0,0,0,0
1,1,482527,12,0,7,0,23,12,0,0,13,0
2,1,482527,0,12,2,0,0,0,9,22,16,2
0,1,482528,6,22,0,6,20,0,14,28,0,0
1,1,482528,0,0,0,0,0,0,21,0,0,2
1,1,482529,0,11,4,0,0,0,0,0,0,0
1,1,482530,0,0,38,0,0,16,0,0,28,0
1,1,482531,0,0,0,0,0,0,0,0,0,0
2,1,482531,0,0,14,23,0,0,0,9,0,0
1,1,482532,0,0,0,18,0,0,0,0,0,0
2,1,482532,15,20,0,0,0,0,0,0,0,0
1,1,482533,20,17,16,31,0,0,0,27,18,16
0,1,482534,0,12,14,26,0,63,18,15,24,24
0,2,482534,15,8,32,34,15,26,18,20,0,3
1,1,482534,0,0,0,39,0,0,0,0,0,20
2,1,482534,12,13,0,0,0,0,0,0,0,0
1,1,482535,33,9,8,16,20,15,5,3,13,8
1,1,482536,15,19,20,12,38,17,14,0,0,19
2,1,482536,11,32,10,3,10,9,28,25,20,0
1,1,482537,0,7,13,6,9,0,0,15,3,8
2,1,482537,10,13,12,25,7,4,24,5,12,18
3,1,482537,0,17,22,0,0,10,24,0,0,0
1,1,482538,0,25,25,0,0,0,23,15,0,8
1,1,482539,0,0,0,0,0,0,0,0,0,0
2,1,482539,20,0,0,0,0,0,0,0,20,0
1,1,482540,3,0,10,11,0,17,0,0,0,15
0,1,482541,0,0,23,0,8,21,0,0,15,0
1,1,482541,15,15,15,15,15,15,15,15,15,15
1,1,482542,0,14,0,0,0,15,13,25,16,0
1,1,482543,0,0,0,0,0,0,0,0,0,0
1,1,482544,0,0,18,23,36,0,0,42,0,20
0,1,482545,0,0,20,15,10,0,0,0,19,6
1,1,482545,0,0,0,0,0,12,0,0,12,0
1,1,482546,0,0,0,0,0,0,0,0,0,0
2,1,482546,0,0,0,0,0,0,0,0,0,0
1,1,482547,0,0,0,0,0,0,0,0,0,0
1,1,482548,0,0,0,0,0,0,0,0,0,0
2,1,482548,0,0,10,12,0,15,0,0,0,0
1,1,482549,0,11,0,0,0,0,0,0,0,0
2,1,482549,0,0,0,0,18,0,0,0,23,0
1,1,482550,0,0,15,23,26,0,28,11,42,27
1,1,482551,0,0,0,15,23,21,0,25,0,0
1,1,482552,16,16,16,16,16,16,16,16,16,16
1,1,482553,0,10,0,0,0,0,0,0,0,0
2,1,482553,0,0,0,0,0,0,0,0,0,0
1,1,482554,34,0,0,0,26,16,40,36,18,34
1,1,482555,21,21,21,21,21,21,21,21,21,21
2,1,482555,0,0,0,0,0,0,0,0,0,0
3,1,482555,0,0,16,0,0,0,16,0,0,0
4,1,482555,0,0,0,0,0,0,0,0,0,0
5,1,482555,0,0,0,0,0,0,0,0,0,0
1,1,482556,0,0,29,0,0,0,16,0,26,0
1,1,482557,0,0,0,0,0,0,0,0,0,0
1,1,482558,0,0,0,14,17,20,0,0,0,0
2,1,482558,0,0,0,0,10,0,0,0,0,0
3,1,482558,0,0,0,11,0,0,0,0,0,0
4,1,482558,0,0,0,0,5,0,11,0,0,0
0,1,482559,18,0,0,22,20,31,19,41,0,18
1,1,482559,0,0,0,0,15,0,0,0,0,12
1,1,482560,0,0,0,0,0,0,0,0,0,0
2,1,482560,0,0,0,0,0,8,0,0,0,0
1,1,482561,0,0,0,0,0,0,0,0,0,6
2,1,482561,6,0,17,0,6,0,0,0,0,12
1,1,482562,0,0,0,0,0,0,0,0,0,0
2,1,482562,0,0,0,0,0,0,0,0,0,0
1,1,482563,43,13,10,8,12,14,19,14,13,0
1,1,482564,28,28,28,28,28,28,28,28,28,28
2,1,482564,0,0,0,0,0,0,0,0,0,0
0,1,482565,0,0,0,18,0,0,28,0,7,0
4,1,482565,14,0,0,7,26,0,15,0,9,0
1,1,482566,21,10,15,8,17,10,24,11,9,15
1,1,482567,27,0,0,0,13,16,0,0,23,0
1,1,482568,22,36,13,0,27,0,0,19,12,8
1,1,482569,20,19,42,8,20,15,6,22,31,11
1,1,482570,10,10,10,10,10,10,10,10,10,10
1,1,482571,0,0,0,0,0,0,0,0,0,0
2,1,482571,0,0,0,0,0,0,0,0,0,0
1,1,482572,0,0,0,0,0,0,0,0,0,0
1,1,482573,29,29,29,29,29,29,29,29,29,29
1,1,482574,0,17,7,0,13,24,0,20,15,0
2,1,482574,0,0,0,11,0,0,0,20,0,18
1,1,482575,0,22,13,32,28,7,14,16,0,0
1,1,482576,28,29,10,15,15,17,0,0,19,11
1,1,482577,0,0,0,0,0,0,0,0,0,0
2,1,482577,0,7,10,0,14,6,31,7,0,0
1,1,482578,14,17,19,8,13,0,13,12,11,23
1,1,482579,25,0,0,12,0,30,0,0,0,0
1,1,482580,24,24,24,24,24,24,24,24,24,24
2,1,482580,0,0,0,0,0,0,0,0,0,0
1,1,482581,0,0,0,0,0,0,0,0,0,0
2,1,482581,0,0,0,0,0,0,0,0,25,0
1,1,482582,22,0,0,22,15,0,17,0,5,20
2,1,482582,0,0,0,0,0,4,0,0,0,0
3,1,482582,0,0,0,0,0,0,0,0,0,0
1,1,482583,0,0,0,0,0,0,0,0,0,0
2,1,482583,0,0,0,0,0,0,13,0,0,0
1,1,482584,20,20,20,20,20,20,20,20,20,20
2,1,482584,8,0,0,0,0,0,0,0,5,0
1,1,482585,30,0,0,0,0,0,0,0,0,0
1,1,482586,0,0,0,0,15,10,0,15,0,17
2,1,482586,0,0,0,0,0,0,0,0,0,0
1,1,482587,0,10,0,6,20,32,26,16,3,24
0,1,482588,0,0,18,13,0,26,0,0,12,16
1,1,482588,12,0,10,8,0,0,0,0,14,12
0,1,482589,0,0,0,0,0,0,0,0,0,0
1,1,482589,0,0,0,32,0,0,0,0,0,0
1,1,482590,22,15,9,9,20,20,18,24,12,15
1,1,482591,0,11,0,0,0,0,0,0,0,13
2,1,482591,22,0,0,15,0,0,0,0,0,0