VEH_NO,PER_NO,ST_CASE,P1,P2,P3,P4,P5,P6,P7,P8,P9,P10
1,1,482592,0,20,9,23,0,14,18,7,0,0
1,1,482593,15,15,15,15,15,15,15,15,15,15
0,1,482594,19,0,0,0,0,0,0,0,0,0
1,1,482594,0,0,0,0,0,0,0,0,0,0
1,1,482595,0,0,0,0,0,0,0,0,0,0
2,1,482595,22,22,22,22,22,22,22,22,22,22
3,1,482595,0,0,0,13,0,0,0,0,0,0
1,1,482596,0,0,0,4,20,15,15,17,18,9
2,1,482596,0,2,0,0,0,0,0,0,0,0
1,1,482597,0,21,0,0,13,0,16,0,11,22
1,1,482598,0,0,0,0,0,0,5,0,12,0
0,1,482599,0,0,0,0,0,0,0,0,0,0
1,1,482599,0,0,0,0,14,0,0,12,0,0
1,1,482600,9,9,9,9,9,9,9,9,9,9
2,1,482600,0,0,0,2,0,0,0,0,0,0
1,1,482601,0,0,0,0,0,0,0,0,0,0
1,1,482602,0,0,0,0,0,0,0,0,0,0
2,1,482602,26,10,12,23,6,8,11,27,6,12
1,1,482603,0,0,0,0,0,0,0,0,0,0
2,1,482603,0,0,0,0,0,0,0,0,0,0
3,1,482603,0,31,0,12,0,0,0,0,0,13
1,1,482604,0,23,0,0,0,0,24,12,0,16
2,1,482604,22,0,0,14,0,0,0,13,0,0
0,1,482605,0,0,0,7,0,0,0,0,0,17
1,1,482605,0,0,0,0,0,4,0,0,0,0
1,1,482606,14,14,14,14,14,14,14,14,14,14
2,1,482606,0,0,0,0,0,0,10,0,0,16
1,1,482607,0,0,0,0,0,0,0,0,0,0
2,1,482607,7,0,0,0,0,0,7,0,5,0
0,1,482608,0,0,0,0,0,0,0,0,0,0
1,1,482608,0,13,0,0,22,7,18,19,0,24
1,1,482609,0,0,0,0,0,14,0,0,0,0
1,1,482610,0,0,0,0,7,0,19,0,0,14
1,1,482612,0,0,0,0,0,0,0,0,0,0
2,1,482612,0,0,0,0,21,0,0,0,0,0
3,1,482612,0,0,0,0,0,0,0,0,0,5
4,1,482612,7,0,0,0,0,0,0,0,0,0
5,1,482612,0,0,0,0,0,0,0,0,0,0
6,1,482612,0,0,0,0,0,0,0,0,0,0
7,1,482612,0,0,0,0,0,0,10,0,0,0
8,1,482612,0,0,0,0,0,0,0,0,0,0
1,1,482613,0,0,0,0,0,0,0,0,0,0
2,1,482613,0,3,19,0,0,0,0,0,0,0
1,1,482614,0,0,20,0,0,6,0,0,0,0
1,1,482615,0,9,0,0,20,0,0,31,0,0
2,1,482615,0,0,0,3,0,0,0,0,0,0
1,1,482616,7,38,22,18,17,5,0,18,23,6
1,1,482617,0,0,0,0,0,0,0,0,8,0
1,1,482618,18,18,18,18,18,18,18,18,18,18
0,1,482619,0,13,0,0,0,0,0,0,0,0
1,1,482619,23,23,23,23,23,23,23,23,23,23
0,1,482620,0,0,0,0,0,0,0,0,0,0
1,1,482620,0,0,0,0,0,0,0,0,0,0
1,1,482621,9,9,9,9,9,9,9,9,9,9
0,1,482622,0,0,0,0,0,0,0,0,0,0
1,1,482622,0,0,0,0,0,0,0,0,0,0
1,1,482623,0,0,0,0,0,0,0,0,0,0
2,1,482623,0,0,0,0,0,0,0,0,0,0
1,1,482624,13,24,26,16,8,14,19,11,27,11
1,1,482625,23,0,0,0,0,0,0,0,0,0
2,1,482625,14,0,0,0,0,0,9,0,0,0
1,1,482626,0,0,0,0,0,0,0,0,0,0
1,1,482627,20,33,27,16,0,8,12,0,33,23
1,1,482628,0,0,0,0,0,0,0,0,0,0
0,1,482629,0,0,0,0,0,19,0,18,0,0
1,1,482629,0,0,0,0,0,0,0,0,0,0
0,1,482630,27,27,27,27,27,27,27,27,27,27
1,1,482630,15,13,11,0,0,0,21,10,0,0
1,1,482631,20,4,4,17,17,17,6,16,11,0
1,1,482632,27,27,27,27,27,27,27,27,27,27
2,1,482632,7,0,0,0,8,0,0,15,0,0
0,1,482633,0,0,0,0,0,0,21,0,0,0
1,1,482633,0,0,0,0,0,0,0,0,0,0
1,1,482634,0,0,0,17,14,0,0,0,0,16
2,1,482634,0,0,0,0,0,0,0,0,0,0
0,1,482635,0,0,16,19,11,0,0,0,0,0
1,1,482635,0,0,0,0,0,0,0,0,0,0
1,1,482636,0,0,0,0,0,0,0,0,0,0
1,1,482637,24,24,24,24,24,24,24,24,24,24
2,1,482637,0,0,0,0,0,0,12,0,7,12
1,1,482638,0,0,0,10,0,0,0,5,0,0
1,1,482639,0,0,0,0,0,0,0,0,0,0
1,1,482640,0,0,0,0,0,0,0,0,0,0
2,1,482640,17,13,0,0,0,0,0,0,13,0
0,1,482641,18,16,35,0,22,0,27,0,0,0
1,1,482641,0,0,0,0,9,0,0,0,0,0
1,1,482642,0,12,0,11,13,15,0,7,25,7
1,1,482643,0,0,20,0,0,0,0,15,0,0
2,1,482643,0,0,15,17,0,0,22,0,0,0
1,1,482644,0,0,0,0,0,0,0,18,0,0
2,1,482644,14,0,0,0,0,0,0,0,0,0
1,1,482645,0,0,0,21,31,0,0,0,0,0
2,1,482645,0,0,0,0,0,0,0,0,0,0
3,1,482645,0,0,0,0,0,0,0,0,0,0
1,1,482646,0,0,0,0,0,0,0,0,0,0
2,1,482646,0,0,0,5,0,0,0,0,0,0
1,1,482647,22,22,22,22,22,22,22,22,22,22
1,1,482648,0,0,0,0,0,0,0,0,0,0
2,1,482648,17,17,17,17,17,17,17,17,17,17
0,1,482649,38,38,38,38,38,38,38,38,38,38
1,1,482649,0,0,10,0,6,15,0,19,0,0
2,1,482649,0,0,0,4,0,0,0,15,0,0
3,1,482649,12,0,0,0,20,0,0,0,0,17
1,1,482650,20,0,0,0,0,11,6,0,10,0
0,1,482651,0,17,0,29,13,0,0,0,15,27
1,1,482651,8,26,9,0,0,0,0,0,0,12
1,1,482652,0,0,17,44,44,0,0,14,12,6
1,1,482653,0,0,0,0,0,0,0,0,0,0
1,1,482654,5,15,0,10,0,18,0,0,0,6
2,1,482654,0,0,0,0,0,0,14,0,0,7
0,1,482655,0,0,0,0,0,0,0,0,0,0
1,1,482655,0,11,0,11,0,0,0,0,0,0
1,1,482656,0,0,0,0,0,0,0,0,0,0
1,1,482657,0,0,0,0,0,0,0,0,0,0
2,1,482657,0,0,0,0,0,0,0,0,0,0
1,1,482658,0,0,0,0,0,0,0,0,0,0
2,1,482658,0,0,0,0,0,0,0,0,0,0
0,1,482659,0,0,0,0,0,0,0,0,0,0
1,1,482659,0,0,0,0,0,0,0,0,0,0
1,1,482660,0,0,13,0,0,0,0,22,0,0
2,1,482660,17,8,14,28,22,0,14,13,20,11
0,1,482661,28,28,28,28,28,28,28,28,28,28
1,1,482661,0,0,3,12,7,0,0,0,14,0
1,1,482662,0,0,15,0,0,0,0,0,0,0
2,1,482662,0,0,8,0,0,0,0,0,0,0
1,1,482663,0,0,0,0,0,0,0,0,0,0
2,1,482663,0,22,0,12,0,8,0,0,0,0
1,1,482664,0,0,0,22,0,0,0,0,0,0
2,1,482664,0,0,0,0,0,14,0,0,11,0
1,1,482665,17,17,17,17,17,17,17,17,17,17
2,1,482665,0,0,0,0,0,0,0,0,0,0
1,1,482666,0,0,0,0,0,0,0,0,0,0
2,1,482666,0,0,0,0,0,0,0,0,16,11
1,1,482667,9,9,9,9,9,9,9,9,9,9
2,1,482667,0,0,0,0,0,0,0,0,0,0
1,1,482668,14,14,14,14,14,14,14,14,14,14
1,1,482669,0,0,0,0,0,0,0,0,0,0
2,1,482669,0,0,0,10,0,0,0,0,0,0
1,1,482670,0,0,23,0,0,0,0,0,0,0
1,1,482671,0,0,8,0,0,0,0,11,0,0
2,1,482671,0,0,0,0,0,0,13,0,0,0
1,1,482672,11,23,17,35,30,6,0,17,25,13
1,1,482673,0,0,0,0,0,0,0,0,0,0
2,1,482673,0,0,0,0,0,0,0,0,0,0
1,1,482674,0,0,0,0,0,0,0,0,0,0
2,1,482674,0,0,0,0,0,0,0,0,0,0
1,1,482675,0,0,0,19,0,0,0,0,0,0
2,1,482675,0,0,0,0,0,0,11,0,0,0
1,1,482676,0,0,6,0,0,0,0,0,0,12
2,1,482676,0,19,13,0,0,4,3,0,10,0
1,1,482677,32,27,0,0,27,28,14,0,0,0
2,1,482677,0,0,0,0,0,1,0,0,0,0
1,1,482678,0,0,0,0,0,0,0,0,0,29
2,1,482678,0,0,0,0,0,9,0,0,0,0
1,1,482679,0,0,0,0,0,0,0,0,0,0
2,1,482679,0,0,0,0,0,0,0,0,0,0
3,1,482679,0,0,0,0,0,0,0,0,0,0
1,1,482680,17,17,17,17,17,17,17,17,17,17
2,1,482680,0,0,0,6,0,0,0,0,0,5
1,1,482681,0,0,0,0,0,0,0,0,0,0
1,1,482682,0,0,0,0,0,0,0,0,0,0
2,1,482682,0,0,0,0,0,0,0,0,0,0
3,1,482682,0,0,0,0,0,12,0,0,0,0
1,1,482683,12,0,0,0,14,12,8,6,0,17
1,1,482684,0,0,0,0,0,0,0,0,0,0
1,1,482685,13,13,13,13,13,13,13,13,13,13
1,1,482686,11,0,0,0,0,31,0,0,8,10
2,1,482686,9,9,9,9,9,9,9,9,9,9
1,1,482687,14,14,14,14,14,14,14,14,14,14
1,1,482688,0,0,26,0,0,0,0,0,0,0
1,1,482689,1,1,1,1,1,1,1,1,1,1
2,1,482689,0,0,8,0,0,0,0,0,0,0
1,1,482690,0,0,0,0,0,0,0,0,0,0
1,1,482691,0,0,0,0,10,0,0,0,0,0
2,1,482691,0,0,0,23,0,0,10,0,0,0
1,1,482692,20,0,18,12,0,0,0,14,16,0
1,1,482693,1,1,1,1,1,1,1,1,1,1
1,1,482694,0,0,0,0,0,0,0,0,0,0
2,1,482694,0,0,0,0,0,16,0,0,0,3
1,1,482695,9,19,0,17,23,27,24,12,30,14
2,1,482695,24,0,18,0,0,0,0,23,0,0
1,1,482696,0,12,19,0,11,0,16,15,47,6
2,1,482696,6,0,0,0,0,0,0,27,0,0
1,1,482697,17,17,17,17,17,17,17,17,17,17
2,1,482697,0,0,0,0,8,0,0,0,0,0
1,1,482698,13,13,13,13,13,13,13,13,13,13
2,1,482698,0,0,0,0,0,0,0,14,0,0
3,1,482698,0,0,0,0,22,0,17,0,0,30
1,1,482699,0,0,13,0,0,0,0,0,0,0
2,1,482699,0,0,0,0,0,0,0,0,0,0
1,1,482700,11,0,0,0,7,23,0,0,17,0
1,1,482701,26,0,0,0,0,29,37,0,3,12
2,1,482701,0,0,0,0,0,4,0,7,0,0
1,1,482702,21,21,21,21,21,21,21,21,21,21
2,1,482702,0,0,0,21,25,36,7,0,0,0
1,1,482703,23,23,23,23,23,23,23,23,23,23
2,1,482703,21,21,21,21,21,21,21,21,21,21
3,1,482703,0,15,0,0,0,0,0,6,0,0
1,1,482704,0,0,0,15,0,0,0,0,10,0
2,1,482704,0,0,0,0,0,4,0,0,0,0
1,1,482705,0,0,0,0,0,0,0,0,0,0
2,1,482705,0,0,0,0,0,0,0,0,4,0
3,1,482705,0,0,25,0,8,0,0,0,0,0
1,1,482706,0,0,0,0,0,0,0,0,0,0
2,1,482706,0,2,0,0,0,0,0,0,0,0
1,1,482707,0,0,0,0,8,0,0,0,0,0
1,1,482708,0,0,0,0,0,0,0,0,0,0
1,1,482709,0,0,0,6,0,0,0,0,0,16
2,1,482709,8,0,0,0,0,0,0,0,0,0
1,1,482710,0,0,0,0,0,0,0,0,0,0
2,1,482710,0,0,0,0,0,0,0,0,0,0
1,1,482711,0,0,0,0,0,0,0,0,0,0
2,1,482711,0,0,0,0,0,0,0,0,0,0
1,1,482712,0,7,0,0,0,0,0,0,0,0
1,1,482713,0,0,0,35,0,0,0,0,0,21
1,1,482714,0,0,0,0,0,0,0,0,0,0
2,1,482714,0,0,0,11,0,0,0,0,0,0
1,1,482715,0,0,0,0,0,0,0,0,0,0
2,1,482715,0,0,0,0,0,0,0,0,12,0
1,1,482716,11,11,11,11,11,11,11,11,11,11
1,1,482717,0,0,0,0,0,0,0,0,0,0
2,1,482717,0,0,0,0,0,0,0,0,0,0
1,1,482718,0,0,0,0,0,0,0,0,11,7
0,1,482719,0,0,0,0,20,0,0,0,0,0
1,1,482719,0,0,17,0,11,0,0,0,18,0
1,1,482720,34,34,34,34,34,34,34,34,34,34
1,1,482721,15,15,15,15,15,15,15,15,15,15
0,1,482722,14,0,28,0,0,7,0,0,0,0
1,1,482722,0,0,0,24,0,0,0,0,0,26
1,1,482723,0,0,0,0,0,0,0,0,0,0
1,1,482724,0,0,0,0,0,0,0,0,0,0
2,1,482724,28,0,0,25,22,0,0,0,0,0
3,1,482724,0,0,0,0,0,0,0,0,0,0
1,1,482725,20,20,20,20,20,20,20,20,20,20
2,1,482725,0,0,24,0,0,27,0,0,0,0
1,1,482726,0,0,0,0,0,0,0,0,0,0
1,1,482727,0,0,0,0,0,0,17,0,0,0
1,1,482728,22,13,0,0,19,26,0,16,14,16
2,1,482728,12,6,0,0,0,0,0,0,0,8
1,1,482729,18,0,0,0,0,0,13,0,12,0
1,1,482730,8,0,25,21,21,12,0,37,0,0
0,1,482731,12,12,12,12,12,12,12,12,12,12
1,1,482731,0,0,0,4,0,0,0,0,0,0
1,1,482732,7,12,14,7,20,24,4,11,13,14
2,1,482732,0,0,0,0,0,0,14,0,0,0
1,1,482733,0,0,0,0,0,0,0,0,0,0
2,1,482733,21,16,8,12,9,2,10,9,20,13
1,1,482734,13,13,13,13,13,13,13,13,13,13
2,1,482734,0,13,13,0,0,0,0,20,13,0
0,1,482735,0,0,0,0,0,0,0,0,0,0
1,1,482735,0,0,31,0,0,0,7,16,6,8
1,1,482736,2,19,12,0,0,27,0,39,5,0
1,1,482737,0,0,0,0,0,0,0,0,0,0
1,1,482738,10,10,10,10,10,10,10,10,10,10
1,1,482739,25,25,25,25,25,25,25,25,25,25
1,1,482740,7,7,7,7,7,7,7,7,7,7
1,1,482741,0,0,0,0,0,0,0,0,0,0
2,1,482741,0,0,0,0,0,0,0,0,0,0
3,1,482741,0,0,0,0,14,0,0,0,0,0
1,1,482742,19,15,0,0,24,0,0,0,0,0
1,1,482743,0,23,0,0,10,0,0,0,0,0
2,1,482743,0,9,0,0,30,12,22,0,0,10
1,1,482744,22,22,22,22,22,22,22,22,22,22
2,1,482744,0,0,0,0,8,0,0,0,0,0
1,1,482745,19,19,19,19,19,19,19,19,19,19
1,1,482746,0,0,12,0,0,0,0,16,0,0
1,1,482747,0,0,0,0,0,0,0,17,0,0
2,1,482747,0,0,0,0,0,0,0,0,0,0
1,1,482748,0,0,0,0,0,0,0,0,23,0
2,1,482748,0,0,0,18,0,0,0,0,0,0
3,1,482748,0,0,0,0,0,0,0,0,0,0
1,1,482749,0,0,0,0,0,0,0,0,0,0
2,1,482749,0,0,0,21,0,12,0,0,0,0
1,1,482750,23,10,21,0,0,20,9,17,30,10
2,1,482750,0,0,0,0,0,0,0,0,0,0
1,1,482751,0,0,0,0,0,0,0,0,0,0
2,1,482751,0,0,7,0,0,0,0,0,13,0
0,1,482752,12,0,16,25,27,0,0,40,11,0
1,1,482752,0,0,6,0,0,0,13,0,13,0
1,1,482753,15,0,0,0,0,17,0,0,0,0
0,1,482754,0,0,0,0,0,0,0,0,0,0
1,1,482754,0,0,0,0,0,0,0,0,8,0
1,1,482755,0,0,4,0,0,0,0,0,0,0
0,1,482756,0,0,0,0,0,0,0,0,0,0
1,1,482757,16,16,16,16,16,16,16,16,16,16
0,1,482758,13,13,13,13,13,13,13,13,13,13
1,1,482758,0,0,0,0,0,0,0,0,0,0
1,1,482759,26,26,26,26,26,26,26,26,26,26
1,1,482760,0,0,0,0,0,0,0,0,8,0
2,1,482760,0,0,0,0,0,3,0,0,0,0
1,1,482761,0,0,0,0,0,0,0,0,0,0
2,1,482761,10,0,0,15,0,0,0,12,4,0
1,1,482762,0,0,0,0,0,0,0,0,0,0
2,1,482762,0,0,0,0,0,0,0,0,0,15
3,1,482762,0,0,0,0,0,0,0,0,0,0
1,1,482763,0,0,0,0,0,0,0,0,5,0
2,1,482763,0,0,0,0,0,0,0,0,0,0
1,1,482764,0,0,11,0,0,0,0,0,0,0
2,1,482764,0,0,14,0,0,0,0,25,0,0
1,1,482765,0,0,6,2,0,0,0,0,0,0
2,1,482765,0,0,0,0,0,8,5,8,0,0
1,1,482766,0,13,16,17,15,24,24,18,26,0
2,1,482766,10,2,16,0,31,0,7,9,0,0
1,1,482767,0,0,23,0,4,0,0,0,20,29
2,1,482767,13,0,0,16,13,21,0,12,0,0
1,1,482768,21,0,13,9,13,14,0,0,0,0
1,1,482769,0,0,0,0,0,0,0,0,0,0
2,1,482769,0,0,0,0,0,0,0,0,0,0
0,1,482770,0,38,0,0,0,0,0,39,15,0
1,1,482770,0,0,10,0,0,7,0,0,21,60
1,1,482771,0,19,21,3,6,0,0,18,0,0
1,1,482772,0,0,0,0,0,0,0,0,0,0
2,1,482772,0,0,0,0,0,0,0,0,0,0
1,1,482773,24,14,31,8,11,16,14,46,23,23
1,1,482774,0,0,0,0,0,0,0,0,0,0
2,1,482774,11,0,0,0,0,0,0,0,0,0
1,1,482775,0,0,0,0,0,0,0,0,0,0
2,1,482775,0,0,9,14,0,0,0,0,0,0
1,1,482776,19,15,28,0,35,19,0,22,7,6
1,1,482777,0,0,0,0,0,0,0,0,0,10
2,1,482777,0,0,0,0,0,0,0,0,0,11
3,1,482777,0,0,0,0,0,0,0,0,0,0
0,1,482778,0,0,0,0,7,0,0,0,0,0
1,1,482778,10,21,14,13,13,11,9,19,15,12
1,1,482779,12,12,12,12,12,12,12,12,12,12
2,1,482779,0,0,0,0,0,0,0,0,0,0
3,1,482779,0,0,0,0,0,0,0,0,0,0
1,1,482780,13,13,13,13,13,13,13,13,13,13
1,1,482781,11,11,11,11,11,11,11,11,11,11
2,1,482781,0,0,11,0,0,0,0,0,0,0
3,1,482781,0,2,18,0,0,9,0,0,2,0
1,1,482782,19,0,0,0,0,21,0,0,0,0
2,1,482782,0,0,0,0,0,0,0,9,0,9
3,1,482782,0,0,0,0,0,0,0,0,15,0
1,1,482783,7,0,0,15,0,10,0,0,15,0
2,1,482783,0,0,0,0,0,0,0,0,0,0
3,1,482783,16,0,16,0,0,9,16,0,0,0
1,1,482784,0,0,0,0,0,0,0,0,0,14
2,1,482784,0,0,0,0,0,0,0,0,0,0
0,1,482785,20,0,0,21,0,0,6,0,0,11
1,1,482785,0,0,10,0,0,20,19,0,0,0
1,1,482786,0,0,0,0,0,0,0,0,0,0
2,1,482786,14,0,0,0,0,0,0,0,0,0
1,1,482787,0,0,0,0,0,0,0,0,6,6
2,1,482787,0,0,0,0,0,0,0,0,0,0
1,1,482788,0,0,0,0,10,0,0,0,0,0
2,1,482788,0,0,0,0,0,0,0,0,0,0
1,1,482789,0,0,0,0,0,0,0,0,0,0
2,1,482789,0,0,0,0,0,23,11,0,0,0
1,1,482790,0,0,0,0,0,0,0,0,0,0
2,1,482790,0,0,0,0,0,0,0,0,0,0
1,1,482791,29,0,0,0,13,22,0,0,0,0
1,1,482792,0,0,0,0,0,0,0,0,0,0
2,1,482792,0,0,0,0,0,0,0,0,0,0
1,1,482793,0,0,0,0,0,0,0,0,0,0
2,1,482793,0,0,0,0,0,0,0,0,4,0
1,1,482794,0,0,0,0,0,0,0,0,6,0
2,1,482794,0,0,0,0,0,0,0,0,0,0
3,1,482794,0,0,0,0,0,0,0,0,0,0
1,1,482795,0,0,9,0,0,14,0,30,0,29
0,1,482796,0,0,40,24,0,24,17,0,0,16
1,1,482796,0,0,0,0,0,0,0,0,0,0
2,1,482796,0,0,22,0,0,0,0,0,0,0
1,1,482797,0,0,19,0,10,17,0,0,0,0
2,1,482797,0,0,0,0,0,29,0,0,31,0
1,1,482798,0,0,0,0,0,0,0,0,0,0
1,1,482799,0,0,0,0,5,0,0,0,0,0
2,1,482799,0,7,18,0,0,0,0,0,0,0
1,1,482800,0,0,0,0,0,0,0,0,0,0
2,1,482800,0,19,0,0,0,0,11,0,0,12
1,1,482801,11,27,12,0,12,15,13,0,28,32
1,1,482802,19,19,19,19,19,19,19,19,19,19
0,1,482803,0,0,0,0,5,0,0,0,0,2
1,1,482803,0,0,0,0,0,0,0,0,0,0
0,1,482804,0,7,0,8,0,15,15,12,18,0
1,1,482804,0,0,0,0,0,0,0,0,0,0
1,1,482805,24,0,0,0,0,14,0,0,0,0
2,1,482805,0,0,0,0,0,0,0,0,0,0
3,1,482805,0,12,0,0,0,22,0,0,0,0
0,1,482806,0,0,0,0,0,0,0,0,0,0
1,1,482806,0,3,24,0,0,9,0,0,18,0
1,1,482807,21,23,13,26,4,14,0,21,0,7
2,1,482807,0,0,0,6,0,0,4,0,0,0
1,1,482808,14,14,14,14,14,14,14,14,14,14
1,1,482809,20,20,20,20,20,20,20,20,20,20
1,1,482810,0,0,0,0,7,0,0,0,0,0
2,1,482810,0,0,0,0,0,0,0,0,0,0
3,1,482810,0,0,0,0,0,0,0,0,0,0
4,1,482810,0,0,0,0,0,0,0,0,0,0
5,1,482810,0,0,0,0,0,0,0,0,0,5
1,1,482811,0,12,0,31,30,0,30,19,0,0
2,1,482811,0,0,0,22,0,0,0,0,0,0
1,1,482812,0,0,0,0,0,0,0,0,0,0
2,1,482812,0,0,0,0,0,0,0,0,0,0
1,1,482813,26,26,26,26,26,26,26,26,26,26
2,1,482813,0,0,0,0,0,0,0,0,0,0
1,1,482814,18,9,8,22,12,13,4,24,30,6
1,1,482815,0,0,0,0,0,0,0,0,0,9
2,1,482815,0,0,0,0,0,0,0,0,0,0
1,1,482816,0,0,0,0,0,0,0,0,0,0
2,1,482816,0,0,0,0,0,0,0,0,0,0
1,1,482817,0,0,0,0,0,0,0,0,9,0
2,1,482817,0,0,0,0,0,0,0,0,0,0
3,1,482817,0,0,0,0,3,0,0,0,0,0
1,1,482818,9,22,18,4,11,11,20,13,14,13
1,1,482819,0,0,0,0,0,0,0,24,17,0
1,1,482820,0,0,0,0,0,0,0,0,4,0
2,1,482820,0,0,0,7,0,0,0,0,0,11
1,1,482821,0,0,0,0,0,0,0,0,0,0
2,1,482821,0,0,0,8,0,0,12,0,0,0
1,1,482822,0,0,0,0,0,0,0,0,0,0
2,1,482822,0,0,0,11,0,0,0,0,0,0
3,1,482822,0,0,0,0,0,0,0,0,0,0
1,1,482823,4,14,10,6,14,16,9,19,33,18
2,1,482823,0,0,0,0,0,0,0,0,19,0
1,1,482824,5,0,0,0,0,8,20,0,0,0
1,1,482825,24,0,0,0,0,0,9,0,0,0
2,1,482825,0,15,0,0,0,0,0,0,0,0
0,1,482826,0,0,0,0,21,14,0,0,0,21
1,1,482826,0,0,0,20,11,0,0,0,0,0
1,1,482827,0,0,0,0,0,0,0,0,0,0
2,1,482827,0,0,0,0,0,0,12,0,0,0
0,1,482828,0,20,0,0,0,0,0,0,0,0
1,1,482828,0,8,0,0,0,0,0,0,0,0
1,1,482829,7,9,12,15,10,18,19,9,21,19
1,1,482830,22,22,22,22,22,22,22,22,22,22
2,1,482830,17,15,21,32,0,19,0,0,12,0
1,1,482831,0,0,0,0,13,25,0,0,0,0
2,1,482831,0,0,0,0,0,0,13,0,0,0
1,1,482832,0,0,0,0,0,0,0,0,0,0
2,1,482832,0,0,0,0,0,0,0,0,0,0
1,1,482833,18,18,10,32,9,0,15,0,26,0
1,1,482834,0,0,0,8,0,0,6,0,0,0
2,1,482834,0,8,6,0,0,0,0,0,0,0
1,1,482835,5,19,16,10,23,14,15,10,5,18
0,1,482836,18,0,0,0,10,20,0,6,0,18
1,1,482836,0,25,14,0,0,12,21,0,0,0
1,1,482837,0,16,10,19,16,26,0,21,0,10
2,1,482837,0,0,0,8,0,0,0,0,0,0
0,1,482838,17,27,28,0,7,17,21,0,16,29
1,1,482838,17,13,5,0,31,20,0,10,15,4
1,1,482839,14,14,14,14,14,14,14,14,14,14
1,1,482840,9,9,9,9,9,9,9,9,9,9
1,1,482841,0,0,0,0,0,0,0,0,0,0
2,1,482841,0,0,0,0,0,0,0,17,0,9
3,1,482841,0,0,0,23,0,28,0,0,0,0
1,1,482842,15,0,0,0,0,11,0,17,10,0
2,1,482842,0,0,0,0,0,0,0,0,0,0
1,1,482843,0,0,0,0,0,0,0,0,0,0
1,1,482844,0,0,0,0,0,0,0,0,0,0
2,1,482844,0,0,0,0,0,0,0,0,0,0
3,1,482844,0,9,0,0,0,17,0,0,0,0
4,1,482844,0,0,0,0,0,0,0,0,0,20
1,1,482846,0,0,0,0,0,0,0,0,0,0
2,1,482846,0,0,0,0,0,0,0,0,0,0
1,1,482847,0,0,0,0,0,0,0,0,0,0
2,1,482847,0,0,0,0,0,0,0,0,0,0
1,1,482848,0,0,23,0,0,21,0,27,0,0
1,1,482849,0,0,0,0,0,0,0,0,0,0
0,1,482850,22,24,0,0,0,0,0,0,0,0
1,1,482850,0,0,0,0,0,0,0,0,0,0
1,1,482851,19,31,16,31,16,16,34,14,18,19
1,1,482852,0,0,0,0,0,0,0,0,0,0
2,1,482852,0,0,0,0,8,21,0,0,0,0
1,1,482853,0,0,0,13,0,0,10,0,0,0
1,1,482854,0,0,0,0,0,0,0,0,0,16
1,1,482855,23,0,26,24,6,14,0,0,33,10
1,1,482856,15,15,15,15,15,15,15,15,15,15
1,1,482857,51,14,0,16,18,32,29,19,13,0
1,1,482858,0,0,0,0,0,15,0,0,0,0
1,1,482859,22,22,22,22,22,22,22,22,22,22
1,1,482860,0,0,0,0,0,0,0,0,0,0
1,1,482861,0,0,2,0,0,0,0,0,13,0
1,1,482862,0,0,0,0,0,0,0,0,0,0
2,1,482862,0,0,0,0,0,0,0,0,0,0
3,1,482862,0,0,21,0,0,0,0,13,0,0
4,1,482862,0,0,0,0,0,0,0,0,0,0
5,1,482862,0,0,0,0,0,0,0,0,0,0
6,1,482862,0,0,0,0,0,0,0,15,0,0
1,1,482863,16,16,16,16,16,16,16,16,16,16
1,1,482864,0,0,0,0,0,0,0,0,0,0
2,1,482864,0,0,0,0,0,0,0,0,0,0
1,1,482865,13,13,13,13,13,13,13,13,13,13
2,1,482865,25,25,25,25,25,25,25,25,25,25
1,1,482866,27,0,6,5,0,18,0,14,18,3
1,1,482867,29,29,29,29,29,29,29,29,29,29
0,1,482868,0,0,0,0,0,0,0,0,0,0
1,1,482868,0,7,0,0,0,0,0,0,0,0
1,1,482870,0,0,0,0,0,0,0,0,0,0
2,1,482870,0,0,0,0,6,0,0,0,0,0
1,1,482871,22,22,22,22,22,22,22,22,22,22
1,1,482872,0,0,0,0,0,0,0,0,0,0
1,1,482873,0,0,0,0,0,0,0,0,0,0
2,1,482873,0,0,0,0,0,0,0,0,0,0
1,1,482874,0,0,0,15,0,0,0,0,0,0
1,1,482875,11,0,0,0,0,0,0,0,0,8
2,1,482875,0,0,0,0,0,0,0,0,0,0
1,1,482876,0,0,0,0,0,0,0,0,0,0
2,1,482876,0,0,0,0,0,0,4,0,0,0
1,1,482877,13,13,13,13,13,13,13,13,13,13
2,1,482877,0,14,0,0,0,0,0,10,0,0
3,1,482877,0,0,0,0,0,0,13,0,0,0
4,1,482877,0,0,24,0,0,0,0,0,0,0
1,1,482878,17,16,11,24,22,7,11,4,11,26
2,1,482878,12,3,4,14,2,7,18,15,4,20
3,1,482878,0,0,0,0,0,0,0,0,0,0
1,1,482879,0,0,0,0,0,0,0,0,5,0