VEH_NO,PER_NO,ST_CASE,P1,P2,P3,P4,P5,P6,P7,P8,P9,P10
0,1,482880,0,0,0,0,0,0,0,0,0,0
0,2,482880,0,0,0,0,0,0,0,0,0,0
1,1,482880,7,0,0,10,0,0,0,0,0,0
1,1,482881,0,0,0,0,0,0,0,0,0,0
1,1,482882,0,0,0,0,0,0,0,0,0,0
2,1,482882,0,0,0,0,0,0,0,0,0,0
1,1,482883,9,0,0,22,25,0,9,14,20,19
1,1,482884,5,27,16,11,19,0,30,0,27,0
1,1,482885,9,5,0,17,0,24,25,19,22,11
1,1,482886,22,22,22,22,22,22,22,22,22,22
1,1,482887,22,22,22,22,22,22,22,22,22,22
1,1,482888,0,0,0,0,0,4,0,0,0,0
2,1,482888,0,0,0,0,0,0,8,0,0,0
1,1,482889,0,0,0,0,0,0,0,0,0,0
2,1,482889,17,0,0,0,0,0,0,0,0,0
3,1,482889,0,0,0,0,0,0,0,0,0,0
1,1,482890,0,0,8,0,0,0,0,0,0,0
0,1,482891,0,0,0,0,0,0,0,0,0,0
1,1,482891,0,0,9,7,0,0,0,0,0,0
0,1,482892,0,0,0,0,0,0,0,0,11,41
1,1,482892,0,0,0,0,0,0,0,11,0,0
0,1,482893,0,0,0,0,0,0,0,0,0,0
1,1,482893,0,0,0,17,0,14,0,0,0,0
1,1,482894,0,14,0,18,21,22,21,0,0,0
1,1,482895,18,18,18,18,18,18,18,18,18,18
1,1,482896,23,0,0,0,0,0,0,0,12,0
2,1,482896,0,0,0,0,0,6,0,0,0,0
1,1,482897,12,12,12,12,12,12,12,12,12,12
0,1,482898,22,22,22,22,22,22,22,22,22,22
1,1,482898,10,10,10,10,10,10,10,10,10,10
0,1,482899,22,0,0,0,0,0,12,33,0,0
1,1,482899,0,5,21,22,12,11,9,15,10,21
1,1,482900,13,18,14,0,0,18,27,15,23,0
1,1,482901,0,13,0,0,0,0,14,0,0,10
0,1,482902,0,0,0,0,0,0,0,0,0,0
1,1,482902,0,13,16,23,0,12,10,11,0,18
1,1,482903,14,8,8,14,7,9,0,12,6,11
1,1,482904,0,0,0,0,0,0,0,0,0,0
2,1,482904,0,28,0,0,0,0,0,0,0,0
1,1,482905,12,29,11,16,0,14,16,0,22,10
1,1,482906,9,0,13,0,0,0,0,0,0,0
2,1,482906,0,0,0,0,0,0,0,5,0,0
1,1,482907,26,26,26,26,26,26,26,26,26,26
1,1,482908,10,0,0,0,0,0,15,0,0,0
1,1,482909,15,0,0,0,15,0,0,0,0,28
1,1,482910,0,0,0,0,0,0,0,0,0,0
2,1,482910,0,0,0,0,0,0,0,0,0,0
1,1,482911,0,0,0,7,0,40,19,0,0,0
2,1,482911,0,0,0,0,0,0,0,0,0,0
0,1,482912,0,0,0,0,0,0,18,0,15,19
1,1,482912,0,0,0,0,0,0,0,0,0,0
1,1,482913,0,0,0,0,0,0,0,0,0,0
2,1,482913,0,0,0,0,7,6,0,0,0,0
1,1,482914,0,0,11,0,0,0,0,0,14,0
2,1,482914,0,0,0,0,0,0,0,0,0,0
1,1,482915,0,22,0,15,53,27,14,25,16,23
1,1,482916,0,0,15,0,4,0,0,0,0,0
2,1,482916,0,0,0,0,0,16,0,0,10,0
1,1,482917,0,0,0,0,0,0,0,0,0,0
2,1,482917,0,0,0,0,0,0,0,0,0,0
1,1,482918,0,0,0,0,0,0,0,0,10,0
1,1,482919,0,0,0,0,0,0,0,0,0,0
0,1,482920,11,16,34,21,13,24,18,20,19,16
1,1,482920,0,0,0,0,0,0,0,0,0,0
1,1,482921,0,0,0,0,0,0,0,0,0,0
2,1,482921,0,16,0,0,0,9,14,0,8,14
3,1,482921,0,0,0,0,0,0,0,17,0,0
1,1,482922,16,0,8,0,0,0,0,6,7,6
2,1,482922,0,0,0,35,0,6,0,0,0,0
1,1,482923,13,0,14,25,18,30,35,29,19,23
1,1,482924,17,0,0,0,0,0,28,0,0,0
2,1,482924,0,0,0,0,0,0,0,0,0,0
3,1,482924,0,0,0,0,0,0,0,0,0,0
1,1,482925,0,0,0,0,0,0,0,0,0,18
2,1,482925,0,0,0,0,0,0,0,0,0,0
1,1,482926,0,0,0,17,0,25,0,10,14,12
1,1,482927,0,0,0,0,16,0,0,0,0,0
1,1,482928,0,0,0,0,0,11,0,0,16,0
2,1,482928,0,0,0,0,0,0,0,0,0,0
1,1,482929,13,6,18,11,12,22,17,0,15,18
1,1,482930,0,0,0,0,0,0,0,24,0,0
1,1,482931,0,0,0,25,0,19,0,0,0,19
1,1,482932,0,0,12,14,16,3,0,0,6,0
2,1,482932,0,0,0,0,0,0,0,0,0,0
3,1,482932,0,0,0,0,0,0,0,0,0,0
1,1,482933,0,17,0,0,23,15,28,0,19,14
1,1,482934,19,0,15,22,0,18,0,26,38,0
1,1,482935,0,0,0,0,0,0,0,0,0,26
2,1,482935,0,0,0,0,0,0,0,0,0,0
1,1,482936,13,5,0,13,17,13,15,18,11,15
1,1,482937,0,0,0,0,0,0,0,0,0,0
2,1,482937,0,0,0,0,0,0,0,0,0,0
3,1,482937,0,8,0,0,0,0,0,0,0,0
1,1,482938,0,0,0,0,0,0,0,0,0,0
2,1,482938,0,0,0,0,0,0,0,0,0,0
1,1,482939,0,29,6,0,19,35,19,26,21,26
1,1,482940,3,39,24,22,17,21,24,0,17,25
1,1,482941,19,26,17,17,20,33,10,14,13,7
1,1,482942,0,0,0,0,0,0,0,0,0,0
2,1,482942,20,9,25,14,12,12,22,5,15,21
0,1,482943,0,0,0,0,0,0,0,0,0,0
1,1,482943,0,6,0,0,0,14,0,18,0,17
1,1,482944,8,8,11,7,34,13,10,2,19,8
2,1,482944,19,0,0,0,6,13,0,0,0,0
1,1,482945,0,16,0,0,0,0,0,0,0,0
2,1,482945,21,0,0,16,7,13,0,0,17,0
1,1,482946,0,18,0,0,25,0,0,0,0,0
1,1,482947,0,0,0,0,18,15,0,9,0,23
2,1,482947,0,0,0,0,0,0,0,0,0,0
1,1,482948,0,0,0,0,0,0,0,0,0,0
1,1,482949,0,0,0,0,27,21,3,0,16,3
1,1,482950,0,0,0,0,0,0,0,4,0,0
2,1,482950,0,0,0,0,0,0,0,0,0,0
3,1,482950,0,0,0,0,0,0,0,0,0,0
4,1,482950,0,0,0,0,0,0,0,0,0,0
1,1,482951,0,0,0,0,0,0,0,0,0,0
1,1,482952,9,28,6,13,18,18,14,0,17,15
2,1,482952,0,18,5,0,10,0,0,0,0,18
1,1,482953,21,21,21,21,21,21,21,21,21,21
1,1,482954,10,10,10,10,10,10,10,10,10,10
2,1,482954,4,0,0,0,0,0,0,0,0,0
0,1,482955,0,0,0,0,0,0,0,0,0,0
1,1,482955,0,0,0,5,17,0,0,0,0,0
1,1,482956,0,0,0,0,0,0,0,0,0,0
1,1,482957,0,0,0,0,0,0,0,0,19,0
2,1,482957,0,14,18,0,15,16,9,0,18,21
0,1,482958,14,0,0,0,0,0,0,4,0,0
1,1,482958,0,0,0,0,0,0,0,0,0,0
1,2,482959,0,0,0,0,0,7,0,5,19,0
0,1,482960,22,22,22,22,22,22,22,22,22,22
1,1,482960,0,0,23,0,0,0,0,16,0,19
1,1,482961,12,6,0,17,5,0,15,0,0,0
2,1,482961,0,0,7,0,0,0,0,0,0,0
1,1,482962,21,0,0,0,0,17,0,0,8,0
0,1,482963,24,24,24,24,24,24,24,24,24,24
1,1,482963,0,0,0,0,0,0,0,0,0,0
1,1,482964,0,18,24,17,15,0,11,26,0,0
1,1,482965,13,19,0,0,0,16,0,0,0,29
2,1,482965,0,0,0,24,0,0,0,0,0,0
3,1,482965,0,0,0,10,0,0,0,0,0,0
1,1,482966,0,0,0,0,0,0,0,3,0,0
1,1,482967,27,0,0,0,0,0,0,0,0,0
2,1,482967,7,0,0,5,0,0,0,0,8,0
1,1,482968,0,0,9,0,9,0,0,0,0,0
1,1,482969,0,0,0,0,0,0,12,0,0,0
1,1,482970,24,24,24,24,24,24,24,24,24,24
1,1,482971,14,14,14,14,14,14,14,14,14,14
1,1,482972,13,13,13,13,13,13,13,13,13,13
1,1,482973,0,9,0,0,15,0,21,18,15,4
1,1,482975,0,0,17,28,0,0,0,0,0,3
1,1,482976,0,0,0,0,0,0,0,0,0,0
1,1,482977,10,10,10,10,10,10,10,10,10,10
1,1,482978,14,14,14,14,14,14,14,14,14,14
2,1,482978,0,0,0,0,0,0,0,0,0,0
1,1,482979,31,31,31,31,31,31,31,31,31,31
1,1,482980,0,0,0,0,0,0,0,0,0,0
2,1,482980,17,17,17,17,17,17,17,17,17,17
1,1,482981,5,5,5,5,5,5,5,5,5,5
2,1,482981,0,10,0,4,8,0,26,0,15,0
1,1,482982,17,17,17,17,17,17,17,17,17,17
0,1,482983,25,14,8,23,8,22,7,24,11,39
1,1,482983,0,8,20,24,5,0,0,7,20,18
1,1,482984,0,0,0,0,0,0,0,0,0,0
2,1,482984,0,0,0,0,15,0,0,0,0,0
3,1,482984,0,0,0,0,0,0,0,0,0,0
1,1,482985,0,0,0,0,20,0,0,0,0,0
2,1,482985,0,0,0,0,0,0,0,0,0,0
1,1,482986,3,3,3,3,3,3,3,3,3,3
0,1,482987,4,4,4,4,4,4,4,4,4,4
1,1,482987,0,0,0,0,0,0,0,0,0,0
2,1,482987,12,0,0,0,0,0,0,0,0,0
0,1,482988,12,12,0,13,0,0,0,4,22,19
1,1,482988,0,0,0,0,0,0,0,0,0,0
1,1,482989,5,5,5,5,5,5,5,5,5,5
1,1,482990,26,26,26,26,26,26,26,26,26,26
2,1,482990,0,0,0,0,0,0,0,0,0,0
1,1,482991,0,0,0,0,0,0,0,3,0,0
2,1,482991,0,0,0,0,0,0,0,0,0,0
1,1,482992,0,0,0,0,0,8,0,0,0,0
2,1,482992,18,0,0,0,0,0,0,0,0,0
1,1,482993,0,0,0,0,14,0,18,0,0,0
1,3,482994,11,11,11,11,11,11,11,11,11,11
2,1,482994,0,0,0,0,0,0,0,0,0,0
1,1,482995,0,0,0,0,0,0,0,7,0,24
1,1,482996,21,0,15,21,0,0,0,0,0,22
1,1,482997,23,23,23,23,23,23,23,23,23,23
2,1,482997,0,0,5,0,0,0,0,0,0,0
1,1,482998,0,0,10,0,0,23,7,0,0,0
1,1,482999,25,25,25,25,25,25,25,25,25,25
2,1,482999,10,0,6,0,0,0,0,0,0,0
0,1,483000,19,19,19,19,19,19,19,19,19,19
1,1,483000,0,0,0,21,6,0,16,0,0,0
1,1,483001,0,0,20,0,26,0,0,0,0,16
1,1,483002,4,25,18,0,0,0,16,26,8,0
2,1,483002,0,9,0,0,0,0,0,0,0,0
1,1,483003,14,0,26,0,0,0,10,0,0,0
1,1,483004,0,0,0,0,0,0,59,0,0,0
2,1,483004,0,0,0,0,0,0,0,0,0,0
1,1,483005,0,24,11,5,0,14,0,11,18,6
1,1,483006,19,0,27,0,0,0,18,24,12,0
1,1,483007,0,0,29,0,0,15,21,0,0,0
1,1,483008,0,0,10,20,0,0,0,10,0,0
0,1,483009,0,0,14,18,0,0,0,0,0,0
1,1,483009,0,11,0,0,0,6,0,0,13,0
1,1,483010,8,0,10,19,0,25,0,7,26,15
1,1,483011,0,0,0,0,0,0,0,0,0,0
1,1,483012,27,27,27,27,27,27,27,27,27,27
1,1,483013,2,26,0,15,0,9,0,11,0,14
2,1,483013,0,0,0,8,25,0,12,0,0,0
1,1,483014,13,0,0,0,0,0,15,0,45,14
1,1,483015,10,10,10,10,10,10,10,10,10,10
2,1,483015,23,10,0,0,25,0,0,16,17,0
3,1,483015,14,0,0,18,16,0,12,0,16,0
4,1,483015,7,0,0,0,0,5,0,17,13,0
1,1,483016,0,0,0,0,0,0,0,0,20,0
2,1,483016,0,0,0,0,0,0,0,0,0,0
1,1,483017,0,0,0,0,0,0,0,10,0,0
2,1,483017,0,0,0,0,0,0,0,0,0,0
1,1,483018,0,0,0,0,0,0,0,0,0,0
2,1,483018,0,0,0,0,0,0,0,0,0,0
3,1,483018,0,0,0,0,0,0,0,0,0,0
4,1,483018,0,0,0,0,0,0,0,0,0,0
0,1,483019,0,0,35,0,0,14,0,0,26,0
1,1,483019,0,0,0,4,0,0,0,0,0,0
1,1,483020,21,21,21,21,21,21,21,21,21,21
2,1,483020,19,0,19,0,20,0,0,0,0,25
3,1,483020,13,0,0,10,0,36,0,0,0,4
1,1,483021,0,0,0,0,0,0,0,0,0,0
2,1,483021,0,0,0,0,0,0,0,0,0,0
1,1,483022,0,0,10,0,0,0,0,0,0,0
2,1,483022,0,0,8,0,6,0,0,4,0,0
1,1,483023,0,3,2,0,0,4,0,0,0,0
1,1,483024,24,19,19,33,26,20,15,11,16,19
1,1,483025,0,0,0,12,0,0,0,0,0,0
1,1,483026,10,10,10,10,10,10,10,10,10,10
1,1,483027,0,0,0,0,0,0,0,0,0,0
1,1,483028,11,23,21,11,29,19,32,15,10,23
1,1,483029,24,30,0,18,19,0,31,0,25,18
1,1,483030,0,0,0,0,0,0,0,0,0,0
2,1,483030,0,0,0,0,0,0,0,4,0,0
1,1,483031,16,0,31,0,8,0,6,0,0,29
1,1,483032,27,27,27,27,27,27,27,27,27,27
1,1,483033,0,0,0,0,0,0,0,0,0,0
2,1,483033,0,0,0,0,0,0,0,0,5,0
0,1,483034,0,0,0,0,0,0,0,0,0,0
1,1,483034,11,0,0,0,0,29,31,0,0,8
2,1,483034,0,0,0,15,6,0,0,0,0,0
1,1,483035,0,0,0,0,10,0,0,0,0,0
2,1,483035,0,0,0,0,0,0,0,0,0,0
1,1,483036,0,0,0,0,0,0,0,0,0,0
2,1,483036,19,0,0,0,0,0,0,0,0,0
1,1,483037,4,4,4,4,4,4,4,4,4,4
2,1,483037,0,0,0,0,0,0,0,0,0,0
1,1,483038,0,0,0,0,0,0,0,0,0,0
1,1,483039,0,0,0,0,0,0,0,0,0,0
0,1,483040,0,0,0,0,0,0,0,0,0,0
3,1,483040,0,0,0,0,0,0,0,0,0,0
1,1,483041,7,0,0,0,4,0,22,0,10,0
1,1,483046,0,0,0,0,0,0,0,0,0,0
2,1,483046,0,0,0,0,0,0,0,0,0,0
1,1,483050,0,0,0,0,0,0,0,0,0,0
2,1,483050,0,0,21,0,0,0,0,13,15,0
1,1,483052,0,0,0,0,0,0,0,0,0,0
2,1,483052,0,8,0,0,5,0,0,0,0,0
1,1,483053,0,0,0,0,0,0,0,6,0,0
2,1,483053,0,0,0,0,3,0,0,0,0,0
1,1,483054,12,21,5,0,18,0,22,15,13,19
2,1,483054,0,0,0,0,0,16,0,0,0,0
1,1,483056,11,0,7,15,0,0,0,0,0,0
1,1,483059,0,3,0,0,0,0,0,0,0,0
1,1,483061,0,0,0,0,0,23,0,0,0,0
1,1,483062,11,0,0,0,0,10,0,0,0,0
1,1,483063,0,0,0,0,5,0,0,25,28,0
0,1,483064,0,0,0,0,0,0,0,0,0,0
1,1,483064,0,0,0,0,0,6,0,0,0,0
1,1,483068,0,0,0,0,0,0,0,0,0,0
2,1,483068,0,0,0,8,0,0,0,0,0,0
3,1,483068,23,0,0,0,16,0,0,0,0,0
4,1,483068,5,0,0,0,0,0,0,0,0,0
1,1,483070,0,0,0,0,0,0,0,0,0,0
2,1,483070,0,0,0,0,0,0,0,0,0,0
1,1,483072,0,0,0,24,0,0,0,0,0,0
2,1,483072,0,0,0,0,0,0,0,0,0,0
3,1,483072,0,0,0,0,0,0,13,0,13,0
1,1,483073,10,8,15,0,8,6,13,9,3,12
2,1,483073,0,0,6,9,14,11,10,0,0,0
1,1,483074,0,0,0,0,0,0,0,0,4,0
2,1,483074,27,0,17,15,23,8,31,6,14,9
1,1,483075,0,0,0,0,0,0,0,0,19,25
2,1,483075,23,0,0,0,0,0,0,15,0,0
1,1,483077,15,15,15,15,15,15,15,15,15,15
2,1,483077,0,0,0,0,0,0,0,0,0,0
0,1,483078,0,0,0,0,0,0,0,0,0,0
1,1,483078,0,0,0,0,0,0,0,0,0,0
1,1,483080,0,0,0,0,0,0,0,0,0,0
1,1,483082,0,15,0,0,0,4,12,0,0,0
1,1,483083,0,0,0,0,0,0,0,0,0,0
2,1,483083,0,0,0,0,0,0,0,0,0,0
1,1,483084,27,27,27,27,27,27,27,27,27,27
1,1,483085,18,0,0,0,0,21,16,0,0,0
1,1,483086,0,0,0,0,0,0,0,5,0,0
2,1,483086,0,0,0,0,0,0,0,0,0,0
3,1,483086,9,0,0,16,13,20,0,12,0,22
1,1,483087,17,17,17,17,17,17,17,17,17,17
1,1,483088,0,9,14,0,18,8,0,24,0,3
1,1,483089,0,0,0,0,0,0,0,0,0,0
1,1,483090,0,27,0,0,21,0,3,0,23,0
1,1,483091,0,17,0,17,3,0,5,20,0,11
0,1,483092,27,0,0,0,26,13,11,0,4,0
1,1,483092,0,0,0,0,0,0,0,0,0,0
1,1,483093,0,0,0,0,18,0,0,0,0,0
2,1,483093,0,0,0,10,0,9,28,10,0,0
3,1,483093,2,4,0,0,0,0,0,0,0,17
1,1,483094,15,0,0,0,9,0,41,0,0,0
1,1,483095,7,14,11,0,10,12,23,27,21,6
2,1,483095,0,17,0,0,0,0,0,10,9,0
1,1,483096,14,0,0,30,0,16,14,0,0,0
2,1,483096,7,7,7,7,7,7,7,7,7,7
1,1,483097,0,0,0,0,0,0,0,0,0,7
2,1,483097,0,6,0,0,0,0,0,0,0,0
3,1,483097,0,0,0,0,0,0,0,0,0,0
1,1,483098,0,0,6,0,0,0,0,0,0,0
2,1,483098,0,0,0,0,0,0,0,0,0,0
1,1,483099,0,6,11,0,0,0,20,0,12,0
2,1,483099,0,10,0,0,0,0,0,0,0,0
1,1,483100,0,0,0,0,11,0,18,11,12,0
1,1,483101,8,8,8,8,8,8,8,8,8,8
2,1,483101,0,0,0,0,0,0,0,0,0,0
3,1,483101,0,0,0,0,30,0,15,7,0,14
0,1,483102,19,19,19,19,19,19,19,19,19,19
1,1,483102,0,0,0,10,9,0,0,0,0,0
2,1,483102,0,0,34,10,0,18,23,0,0,0
3,1,483102,0,0,0,0,0,0,0,0,0,16
4,1,483102,8,0,0,0,3,0,0,0,0,14
5,1,483102,0,0,0,0,0,0,0,0,31,0
6,1,483102,0,0,0,0,0,0,0,23,0,23
0,1,483103,0,0,0,0,0,0,0,0,0,0
1,1,483103,0,0,17,0,0,0,0,0,0,16
2,1,483103,0,0,0,9,0,0,23,0,14,0
0,1,483104,9,9,9,9,9,9,9,9,9,9
1,1,483104,0,0,21,0,36,0,13,0,48,0
1,1,483105,0,0,0,13,0,0,0,0,0,0
2,1,483105,0,0,0,0,0,0,0,0,0,0
3,1,483105,0,0,0,0,0,0,0,0,0,0
1,1,483106,7,7,7,7,7,7,7,7,7,7
2,1,483106,0,0,0,0,0,0,0,0,0,0
1,1,483107,24,24,24,24,24,24,24,24,24,24
0,1,483108,0,0,0,0,0,0,0,0,0,0
1,1,483108,7,0,0,21,0,20,0,0,0,0
1,1,483109,0,0,0,0,0,0,0,0,0,0
2,1,483109,0,0,0,0,0,0,0,0,0,0
1,1,483110,19,19,19,19,19,19,19,19,19,19
2,1,483110,0,0,0,0,0,0,0,0,18,0
1,1,483111,13,13,13,13,13,13,13,13,13,13
1,1,483112,0,0,0,0,0,0,0,0,0,13
1,1,483113,0,0,0,10,23,0,0,0,0,0
0,1,483114,0,0,0,0,0,0,0,0,0,0
1,1,483114,0,0,11,20,0,0,12,0,0,0
1,1,483115,21,21,21,21,21,21,21,21,21,21
1,1,483116,0,0,0,0,0,0,0,8,0,0
2,1,483116,4,0,0,0,0,0,0,0,5,0
0,1,483117,0,0,0,0,0,0,0,0,0,0
1,1,483117,0,21,0,0,0,13,0,0,0,19
1,1,483118,3,3,3,3,3,3,3,3,3,3
2,1,483118,0,0,0,0,0,0,0,0,0,0
1,1,483119,22,0,0,0,0,0,0,16,0,0
1,1,483120,0,0,0,0,0,0,0,0,0,0
2,1,483120,0,0,0,0,0,0,0,0,0,0
1,1,483121,0,10,26,22,19,15,12,0,2,17
1,1,483122,0,0,0,0,0,0,0,0,0,0
2,1,483122,0,8,0,0,0,0,0,0,0,0
1,1,483123,0,0,0,15,16,18,0,0,0,0
2,1,483123,14,0,9,0,0,0,0,0,9,0
1,1,483124,0,0,0,0,0,0,0,0,0,0
2,1,483124,0,0,0,0,0,0,0,0,0,0
1,1,483125,0,0,0,0,0,0,13,0,0,0
2,1,483125,0,0,0,0,0,0,0,0,0,0
3,1,483125,0,0,0,0,0,0,0,0,0,0
4,1,483125,0,0,0,0,0,0,0,0,0,0
1,1,483126,0,0,0,0,0,0,0,0,0,0
1,1,483127,0,0,0,0,0,0,0,0,0,0
2,1,483127,0,0,0,0,0,0,0,14,0,9
1,1,483128,45,0,0,24,0,0,0,0,0,0
2,1,483128,0,0,0,4,0,0,0,16,0,0
1,1,483129,0,0,10,0,17,0,0,0,6,18
1,1,483130,0,0,0,0,0,0,0,0,0,0
2,1,483130,0,0,10,0,0,0,0,0,0,0
1,1,483131,0,22,0,16,0,0,0,6,0,11
0,1,483132,0,0,0,0,0,0,0,0,0,0
1,1,483132,0,0,0,0,0,0,0,5,20,28
1,1,483133,0,0,0,0,0,0,11,0,16,0
2,1,483133,12,12,25,16,13,7,10,0,19,21
1,1,483134,23,27,16,13,15,19,18,23,22,25
1,1,483135,0,0,0,0,0,0,0,0,0,13
2,1,483135,0,0,0,0,0,0,0,0,0,10
3,1,483135,0,0,0,0,0,0,0,0,0,0
1,1,483136,13,0,0,0,0,0,0,0,0,0
2,1,483136,0,0,0,0,0,0,0,0,0,0
1,1,483137,0,0,0,0,0,0,0,0,0,0
2,1,483137,0,12,0,0,0,9,0,0,0,0
3,1,483137,0,5,0,0,32,27,0,0,5,17
1,1,483138,0,0,0,0,0,0,0,0,0,0
1,1,483139,0,0,0,0,16,0,0,0,0,0
1,1,483140,0,0,0,0,0,0,0,0,0,0
2,1,483140,0,0,0,0,0,0,0,0,0,0
3,1,483140,0,0,0,0,0,0,0,0,3,0
1,1,483141,32,0,0,0,0,0,0,0,0,0
2,1,483141,0,0,0,0,0,0,17,0,0,0
1,1,483142,11,27,21,0,34,0,0,11,16,0
2,1,483142,0,0,0,0,0,0,0,0,0,6
1,1,483143,0,0,0,0,0,0,0,6,0,0
2,1,483143,0,0,0,0,0,0,0,0,0,0
1,1,483144,20,20,20,20,20,20,20,20,20,20
2,1,483144,0,0,0,26,0,0,0,0,0,0
1,1,483145,0,19,5,18,0,9,22,9,10,4
2,1,483145,0,0,18,0,13,6,17,0,0,8
1,1,483146,0,13,7,17,0,21,12,0,24,32
1,1,483147,0,0,0,15,0,0,0,0,17,0
2,1,483147,0,19,0,0,0,0,0,0,0,0
1,1,483148,5,0,0,0,9,0,0,0,9,0
0,1,483149,0,0,0,0,0,0,0,0,0,0
1,1,483149,0,0,0,0,0,0,0,0,15,0
1,1,483150,0,15,0,0,0,7,9,8,4,0
0,1,483151,0,0,0,0,0,0,0,0,0,0
1,1,483151,0,0,0,0,0,0,0,0,0,0
1,1,483152,0,0,0,0,0,0,0,0,0,0
1,1,490001,0,0,0,0,0,0,0,0,0,12
1,1,490002,0,0,0,0,0,0,0,0,0,0
2,1,490002,0,0,0,18,20,0,0,0,0,0
1,1,490003,0,0,0,0,0,0,0,0,0,0
0,1,490004,0,0,0,0,0,0,0,0,0,0
1,1,490004,0,0,0,0,0,0,0,0,0,0
2,1,490004,1,1,1,1,1,1,1,1,1,1
1,1,490005,0,0,0,0,0,0,0,0,0,0
2,1,490005,0,0,0,0,0,0,0,0,0,0
3,1,490005,0,0,0,0,0,0,0,0,0,3
1,1,490006,24,24,24,24,24,24,24,24,24,24
0,1,490007,12,0,0,0,0,27,0,0,0,0
1,1,490007,0,0,0,0,0,0,0,0,0,0
1,1,490008,0,0,0,0,0,0,0,0,0,0
1,1,490009,0,0,0,6,0,0,0,0,0,0
1,1,490010,0,0,17,17,0,0,0,0,0,0
1,1,490011,0,0,0,0,0,0,0,0,0,0
2,1,490011,0,0,0,0,0,0,0,0,0,0
1,1,490012,20,20,20,20,20,20,20,20,20,20
0,1,490013,0,0,0,0,0,0,0,0,0,0
1,1,490013,0,0,0,0,0,0,9,0,0,0
1,4,490014,10,18,0,14,13,0,7,21,0,16
1,1,490015,0,0,0,0,0,0,0,0,0,0
1,1,490016,0,0,0,0,0,0,0,0,0,0
2,1,490016,0,0,0,0,0,0,0,0,0,0
3,1,490016,0,0,0,0,0,0,0,0,0,0
1,1,490017,0,0,0,0,0,0,0,0,0,0
2,1,490017,0,0,0,0,0,0,0,0,0,0
1,1,490018,0,0,0,0,0,0,0,0,0,0
2,1,490018,2,2,2,2,2,2,2,2,2,2
1,1,490019,0,0,0,0,0,0,0,0,0,0
1,1,490020,12,12,12,12,12,12,12,12,12,12
1,1,490021,16,16,16,16,16,16,16,16,16,16
1,1,490022,19,19,19,19,19,19,19,19,19,19
1,1,490023,20,20,20,20,20,20,20,20,20,20
2,1,490023,0,0,0,0,0,0,0,0,0,0
1,1,490024,0,0,0,0,0,0,0,0,0,0
1,1,490025,0,0,0,0,0,0,0,0,0,0
1,1,490026,36,0,0,0,0,0,0,0,0,0
2,1,490026,0,0,0,0,0,0,0,0,0,0
1,1,490027,0,0,0,0,0,0,0,0,0,0
2,1,490027,0,0,0,0,0,0,0,0,0,0
1,1,490028,0,0,0,0,0,0,0,0,0,0
2,1,490028,0,0,0,0,0,0,0,0,0,0
0,1,490029,0,0,0,0,0,0,0,0,0,0
1,1,490029,0,0,0,0,0,0,0,0,0,0
0,1,490030,0,0,0,0,0,0,0,6,0,0
1,1,490030,0,0,0,0,0,0,0,0,0,0
1,1,490031,0,0,11,0,22,0,33,0,0,13
0,1,490032,0,0,0,0,0,0,0,10,26,11
1,1,490032,0,0,0,14,0,0,0,0,0,0
1,1,490033,0,0,0,0,0,0,0,0,0,0
2,1,490033,0,0,0,0,0,0,0,0,0,0
3,1,490033,0,0,0,0,0,0,0,0,0,0
4,1,490033,0,0,0,0,0,0,0,0,0,0
1,1,490034,0,0,0,0,0,0,0,0,0,0
0,1,490035,0,0,0,0,0,0,0,0,0,0
1,1,490035,0,0,0,0,0,0,0,0,0,0
1,1,490036,0,0,0,0,0,0,0,0,0,0
2,1,490036,0,0,0,0,0,0,0,0,0,0
1,1,490037,0,0,0,0,0,0,0,0,0,0
0,1,490038,0,0,0,0,0,0,0,0,0,0
1,1,490038,0,0,0,0,0,0,0,0,0,0
1,1,490039,9,0,0,0,0,0,25,0,8,0
1,1,490040,15,15,15,15,15,15,15,15,15,15
0,1,490041,0,0,0,0,17,0,0,0,0,8
1,1,490041,0,0,0,0,0,0,0,0,0,0
1,1,490042,0,0,0,0,0,0,0,0,0,0
2,1,490042,0,0,0,0,0,0,0,0,0,0
3,1,490042,0,0,0,0,0,0,0,0,0,0
1,1,490043,0,0,0,0,0,0,0,0,0,0
2,1,490043,11,0,0,0,0,0,0,0,0,0
0,1,490044,9,0,0,0,0,17,0,0,0,0
1,1,490044,0,0,0,0,0,0,0,0,0,0
1,1,490045,0,0,5,0,0,0,0,0,0,19
2,1,490045,16,0,0,0,0,0,0,0,0,0
3,1,490045,0,0,0,0,0,0,0,0,0,0
1,1,490046,0,0,0,0,0,0,0,0,0,0
2,1,490046,0,0,0,0,0,0,0,0,0,0
1,1,490047,0,0,0,0,0,0,0,0,0,0
1,1,490048,0,0,0,0,0,0,0,0,0,0
2,1,490048,0,0,0,0,0,0,0,0,0,0
0,1,490049,0,0,0,0,0,0,0,0,0,0