VEH_NO,PER_NO,ST_CASE,P1,P2,P3,P4,P5,P6,P7,P8,P9,P10
1,1,490049,0,0,0,0,0,0,0,0,0,0
1,1,490050,0,8,0,0,0,0,0,0,0,0
1,1,490051,0,0,0,0,0,0,0,0,0,0
1,1,490052,0,0,0,0,0,0,0,0,0,0
2,1,490052,0,0,0,0,0,0,0,0,0,0
1,1,490053,0,0,0,0,0,0,0,0,11,0
2,1,490053,0,0,0,0,0,0,0,0,0,0
0,1,490054,0,25,0,34,0,0,0,0,0,0
1,1,490054,0,0,0,0,0,0,0,0,0,0
1,1,490055,0,0,0,0,0,0,0,0,0,0
2,1,490055,0,0,0,0,0,0,0,0,0,0
1,1,490056,18,18,18,18,18,18,18,18,18,18
2,1,490056,0,0,0,0,0,0,0,0,11,0
1,1,490057,0,0,0,0,0,0,0,0,0,0
2,1,490057,0,0,0,0,0,0,0,0,0,0
1,1,490058,5,0,0,0,0,17,0,6,0,0
1,1,490059,0,0,0,0,0,0,0,0,0,0
2,1,490059,0,0,0,0,0,0,0,0,0,0
0,1,490060,0,0,0,0,0,0,0,0,0,0
1,1,490060,0,0,0,0,0,9,0,0,0,0
1,1,490061,0,16,6,14,17,10,0,0,0,17
1,1,490062,0,0,0,0,0,0,0,0,0,0
1,1,490064,0,0,0,0,0,0,0,0,0,0
1,1,490065,0,0,0,0,0,0,0,0,0,0
1,1,490066,9,9,9,9,9,9,9,9,9,9
0,1,490067,20,17,24,7,0,8,16,50,0,33
1,1,490067,0,0,0,0,0,0,0,0,0,0
1,1,490068,0,0,0,0,0,0,0,0,0,0
2,1,490068,0,0,7,0,0,0,0,0,0,0
3,1,490068,0,0,0,0,0,0,0,0,0,0
1,1,490069,0,0,0,0,0,0,0,0,0,0
1,1,490070,16,12,0,0,0,10,0,0,0,0
0,1,490071,8,0,0,48,0,0,0,0,0,15
1,1,490071,0,0,0,0,0,0,0,0,0,0
1,1,490072,0,0,0,0,0,0,12,0,0,0
1,1,490073,0,0,0,0,0,0,0,0,0,0
1,1,490074,0,11,0,13,0,0,0,0,0,0
1,1,490075,0,0,0,0,0,0,0,0,0,0
2,1,490075,0,0,0,0,0,0,0,0,0,0
1,1,490076,0,0,0,0,0,0,0,0,0,0
1,1,490077,13,13,13,13,13,13,13,13,13,13
1,1,490078,0,0,0,0,0,0,0,0,0,0
1,1,490079,0,0,0,9,0,0,0,0,0,0
1,1,490080,0,0,0,0,0,0,0,0,0,0
2,1,490080,0,0,0,0,0,0,0,0,0,0
1,1,490081,0,0,0,0,0,0,0,0,0,0
1,1,490082,15,0,0,0,0,0,0,14,0,0
1,1,490083,0,0,0,0,0,0,0,0,0,11
1,1,490084,20,20,20,20,20,20,20,20,20,20
1,1,490085,21,21,21,21,21,21,21,21,21,21
2,1,490085,23,23,23,23,23,23,23,23,23,23
1,1,490086,0,0,0,0,0,0,0,0,0,0
1,1,490087,0,0,0,0,0,0,0,0,0,0
1,1,490088,0,17,0,0,0,0,0,0,0,0
2,1,490088,0,0,0,0,0,0,0,0,0,0
0,1,490089,0,0,0,0,0,0,0,0,0,0
1,1,490089,0,0,0,0,0,0,0,0,0,0
1,1,490090,0,0,0,0,0,0,0,0,0,0
2,1,490090,0,0,0,13,0,0,0,0,0,3
1,1,490091,6,14,0,0,0,15,0,0,11,10
2,1,490091,0,0,0,0,0,0,0,0,0,0
1,1,490092,7,0,0,0,0,0,0,0,0,0
1,1,490093,0,0,0,0,0,0,0,0,0,0
1,1,490094,0,0,0,0,0,0,0,0,0,0
1,1,490095,0,0,0,0,0,0,0,0,0,0
2,1,490095,0,0,0,0,0,0,0,0,0,0
0,1,490096,0,0,0,0,0,0,0,0,0,0
1,1,490096,0,0,0,0,0,0,0,0,0,0
1,1,490097,0,0,0,0,0,0,0,0,0,0
1,1,490098,0,0,0,0,0,0,0,0,0,0
1,1,490099,20,20,20,20,20,20,20,20,20,20
2,1,490099,0,0,0,0,0,0,0,0,0,11
1,1,490100,0,0,0,0,0,0,0,0,0,0
2,1,490100,0,0,0,0,20,0,0,0,0,0
1,1,490101,0,0,0,0,0,0,0,0,0,0
2,1,490101,0,0,0,0,0,0,0,0,0,0
1,1,490102,15,0,0,0,0,0,0,0,0,0
1,1,490103,13,0,0,0,0,0,5,13,0,0
2,1,490103,0,0,0,0,0,0,0,0,0,0
1,1,490104,0,0,0,15,0,0,0,0,0,9
1,1,490105,0,0,0,0,0,0,0,0,0,0
0,1,490106,6,0,0,0,0,0,0,0,0,0
1,1,490106,0,0,0,0,0,0,0,0,0,0
1,1,490107,0,0,0,0,0,0,0,0,0,0
1,1,490108,0,0,0,0,0,0,0,0,0,0
2,1,490108,0,0,0,0,0,0,0,0,0,0
1,1,490109,6,6,6,6,6,6,6,6,6,6
2,1,490109,0,0,0,0,0,0,0,0,0,0
0,1,490110,0,0,0,0,0,0,0,0,0,0
1,1,490110,0,0,0,0,0,0,0,0,0,0
1,1,490111,0,0,2,0,0,0,0,0,0,0
1,1,490112,0,0,0,0,0,0,0,0,0,0
2,1,490112,0,0,0,0,0,0,0,0,0,0
3,1,490112,0,0,0,0,0,0,0,0,0,0
1,1,490113,0,0,0,0,0,0,0,0,0,0
2,1,490113,0,0,0,0,0,0,0,0,0,0
1,1,490114,0,0,0,0,0,0,22,0,11,0
1,1,490115,0,0,0,0,0,0,0,0,0,0
2,1,490115,0,0,0,0,0,10,0,0,0,0
1,1,490116,0,0,0,0,0,0,0,0,0,0
2,1,490116,0,0,0,0,0,0,0,0,0,0
1,1,490117,0,0,0,0,0,0,0,0,0,0
2,1,490117,0,0,0,0,0,0,0,0,0,0
1,1,490118,0,0,0,0,0,0,0,0,0,0
0,1,490119,0,0,0,0,0,0,0,0,0,0
1,1,490119,3,3,3,3,3,3,3,3,3,3
1,1,490120,0,0,0,0,0,0,0,0,18,0
2,1,490120,0,0,0,0,0,16,0,0,0,0
1,1,490121,9,0,0,0,0,0,0,0,0,0
2,1,490121,0,0,0,0,0,0,0,0,0,0
3,1,490121,0,0,0,0,0,0,0,0,0,0
0,1,490122,6,0,0,35,0,0,14,0,0,0
1,1,490122,0,0,0,0,0,0,11,0,0,0
1,1,490123,0,0,0,0,0,0,0,0,0,0
2,1,490123,0,0,0,0,0,0,0,0,0,0
3,1,490123,0,0,0,0,0,0,0,0,0,0
4,1,490123,0,0,0,0,0,0,0,0,0,0
1,1,490124,0,0,0,0,0,0,0,0,0,0
2,1,490124,0,0,0,0,0,0,0,0,0,0
1,1,490125,0,0,0,0,0,0,0,0,0,0
1,1,490126,0,0,0,0,0,0,0,0,6,0
2,1,490126,0,0,0,0,0,0,0,0,0,0
1,1,490127,0,5,0,0,0,0,0,0,0,0
1,1,490128,0,0,0,0,0,0,0,0,0,0
1,1,490129,0,0,0,0,0,0,0,0,0,0
2,1,490129,0,0,0,0,0,0,0,0,0,0
3,1,490129,0,0,0,0,0,0,0,0,0,0
1,1,490130,0,0,0,0,0,0,0,0,0,0
1,1,490131,23,23,23,23,23,23,23,23,23,23
1,1,490132,0,0,0,0,0,0,0,0,0,0
2,1,490132,0,0,0,0,0,0,0,0,0,0
1,1,490133,30,30,30,30,30,30,30,30,30,30
1,1,490134,0,0,0,0,0,0,0,0,0,0
1,1,490135,0,0,0,0,0,0,0,0,0,0
1,1,490136,0,0,0,12,0,0,14,0,0,0
2,1,490136,0,0,0,0,0,0,0,0,0,0
1,1,490137,0,0,0,0,0,0,0,0,0,0
1,1,490138,0,0,0,0,0,0,0,0,0,0
1,1,490139,23,23,23,23,23,23,23,23,23,23
0,1,490140,0,0,0,0,0,0,0,0,0,0
1,1,490140,0,0,0,0,0,0,0,0,0,0
1,1,490141,0,11,0,0,0,0,0,0,0,0
1,1,490142,0,0,0,0,0,0,0,0,0,0
2,1,490142,0,0,0,0,0,0,0,0,0,0
1,1,490143,0,0,0,0,0,0,0,0,0,0
1,1,490144,0,0,0,0,0,0,10,0,0,0
2,1,490144,0,0,0,0,0,0,0,0,0,0
1,1,490145,0,0,13,0,0,0,14,4,0,18
1,1,490146,16,16,16,16,16,16,16,16,16,16
2,1,490146,0,0,0,0,0,0,0,0,0,0
1,1,490147,0,0,15,0,0,0,0,0,0,0
1,1,490148,0,0,0,0,0,0,0,0,0,0
1,1,490149,0,0,0,0,0,0,0,0,0,0
1,1,490150,0,0,0,0,26,0,0,16,0,0
1,1,490151,0,0,0,13,0,0,0,0,0,14
1,1,490152,0,0,0,8,12,0,0,0,0,0
1,1,490153,0,0,0,0,4,0,0,24,0,18
1,1,490154,0,0,0,0,0,0,0,0,0,0
1,1,490155,0,0,0,0,0,0,0,0,0,0
2,1,490155,0,0,0,0,0,0,0,0,0,0
3,1,490155,0,0,0,0,0,0,0,0,0,0
1,1,490156,0,0,0,0,0,0,0,0,0,0
2,1,490156,0,0,0,0,0,0,0,12,0,0
1,1,490157,0,0,0,0,0,0,0,0,0,0
2,1,490157,0,0,0,0,0,0,0,0,0,0
1,1,490158,0,0,0,0,0,0,0,0,0,0
1,1,490159,0,0,0,0,0,0,0,0,0,0
2,1,490159,0,0,0,0,0,0,0,0,0,0
1,1,490160,0,0,22,0,0,16,0,0,20,15
1,1,490161,19,19,19,19,19,19,19,19,19,19
1,1,490162,0,0,0,0,0,0,0,0,0,0
2,1,490162,0,0,0,0,0,0,0,0,0,0
1,1,490163,7,0,0,30,0,0,17,0,0,0
2,1,490163,0,0,0,0,0,0,0,0,0,0
1,1,490164,0,0,0,0,0,0,0,0,0,0
2,1,490164,17,17,17,17,17,17,17,17,17,17
1,1,490165,0,0,0,0,0,0,0,0,0,0
2,1,490165,0,0,30,0,0,0,0,0,0,0
1,1,490166,0,0,0,0,0,0,0,0,0,0
1,1,490167,0,0,0,0,0,0,0,0,0,0
1,1,490168,0,0,0,0,0,0,0,0,0,0
1,1,490169,0,0,0,0,0,0,0,0,0,0
2,1,490169,0,0,0,0,0,0,0,0,0,0
3,1,490169,0,0,0,0,0,0,0,0,0,0
0,1,490170,0,0,0,0,0,0,0,0,0,41
1,1,490170,19,0,0,0,0,0,0,0,0,0
1,1,490172,0,0,0,0,0,0,0,0,0,0
0,1,490173,0,0,0,0,0,0,0,0,0,0
1,1,490173,0,0,0,0,0,0,0,0,0,0
0,1,490174,0,0,0,0,0,0,0,0,0,0
1,1,490174,0,0,0,0,0,0,0,0,0,0
1,1,490175,0,0,0,0,0,0,0,0,15,0
1,1,490176,0,0,0,0,0,0,0,0,0,0
1,1,490177,0,0,0,0,0,0,0,0,0,0
2,1,490177,0,0,0,0,0,0,0,0,0,0
3,1,490177,0,0,0,0,0,0,0,0,0,0
0,1,490178,0,0,0,0,0,0,0,0,0,0
1,1,490178,0,13,0,0,0,0,0,0,9,0
1,1,490179,36,36,36,36,36,36,36,36,36,36
2,1,490179,0,0,0,0,0,0,0,0,0,0
3,1,490179,5,0,0,0,0,0,0,0,0,0
1,1,490180,0,0,0,0,0,0,0,0,0,0
1,1,490181,0,0,0,0,0,0,0,0,0,0
2,1,490181,0,0,0,0,0,0,0,0,0,0
1,1,490182,2,2,2,2,2,2,2,2,2,2
1,1,490183,0,0,0,0,0,0,0,0,0,0
1,1,490184,14,14,14,14,14,14,14,14,14,14
1,1,490186,25,0,0,0,0,0,29,0,0,0
1,1,490187,0,0,21,0,11,0,0,0,11,29
1,1,490188,0,0,0,0,0,0,0,0,0,0
0,1,490189,0,0,0,0,0,0,0,0,0,0
1,1,490189,39,39,39,39,39,39,39,39,39,39
1,1,490190,0,0,0,0,0,0,0,0,0,0
2,1,490190,0,0,0,0,0,0,0,0,0,0
3,1,490190,0,0,0,0,0,0,0,0,0,0
1,1,490191,0,0,0,0,0,0,0,0,0,0
2,1,490191,0,0,0,0,0,0,0,0,0,0
1,1,490192,14,14,14,14,14,14,14,14,14,14
0,1,490193,12,0,20,0,0,0,0,0,0,0
1,1,490193,0,0,0,0,0,0,0,0,0,0
2,1,490193,0,0,0,0,0,0,0,0,0,0
1,1,490194,0,7,0,0,0,0,21,0,0,0
1,1,490195,0,0,0,0,0,0,0,0,0,0
1,1,490196,0,0,0,0,0,0,0,0,0,0
2,1,490196,0,0,0,0,0,0,0,0,0,0
1,1,490197,0,12,0,0,0,0,18,0,0,0
2,1,490197,0,0,0,0,0,0,0,0,0,0
1,1,490198,13,13,13,13,13,13,13,13,13,13
1,1,490199,11,11,11,11,11,11,11,11,11,11
2,1,490199,0,0,0,0,0,0,0,0,0,0
0,1,490200,0,0,0,0,0,0,0,0,0,0
1,1,490200,0,0,0,0,0,0,0,0,0,0
0,1,490201,0,0,0,0,0,0,0,0,0,0
0,2,490201,0,0,0,0,0,0,0,10,0,0
1,1,490201,0,0,7,0,0,0,0,0,0,0
1,1,490202,0,0,0,0,0,0,0,0,0,0
2,1,490202,0,0,0,8,0,0,0,0,0,0
1,1,490203,0,0,0,0,0,0,0,0,0,0
1,1,490204,0,0,0,0,0,0,0,0,0,0
2,1,490204,0,13,0,0,0,0,0,0,0,0
1,1,490205,0,0,0,0,0,0,0,0,0,0
2,1,490205,0,10,0,0,0,0,0,0,0,0
1,1,490206,0,0,0,0,0,0,0,0,0,0
2,1,490206,0,0,0,0,0,0,0,0,0,0
1,1,490207,0,0,0,0,0,0,0,0,0,0
2,1,490207,0,0,0,0,0,0,0,0,0,0
1,1,490208,18,18,18,18,18,18,18,18,18,18
2,1,490208,0,0,0,0,0,0,0,0,0,0
1,1,490209,0,0,0,0,0,0,0,0,0,0
2,1,490209,0,0,0,0,0,0,0,0,0,0
1,1,490210,0,0,0,0,0,0,0,0,0,0
1,1,490211,0,0,0,0,0,0,10,0,0,0
2,1,490211,0,0,0,0,0,0,0,0,0,0
1,1,490212,12,12,12,12,12,12,12,12,12,12
1,1,490213,0,0,0,0,0,0,0,0,0,0
2,1,490213,0,0,0,0,0,0,0,0,0,0
1,1,490214,0,34,0,0,15,14,0,16,0,0
1,1,490215,0,0,0,0,10,0,0,0,0,0
1,1,490216,21,0,0,0,0,0,8,0,0,0
2,1,490216,0,0,0,0,0,0,0,0,0,0
0,1,490217,0,0,0,0,0,0,0,0,0,0
1,1,490217,0,0,0,0,0,0,0,0,0,0
1,1,490218,0,0,0,0,0,0,0,0,0,0
2,1,490218,0,0,0,0,0,0,0,0,0,0
1,1,490219,0,0,0,0,0,0,0,0,0,0
2,1,490219,0,0,0,0,0,0,0,0,0,0
1,1,490220,0,0,0,0,0,0,0,0,0,0
0,1,490221,0,0,0,0,0,0,0,0,0,0
1,1,490221,0,0,0,0,0,0,0,0,0,0
1,1,490222,17,17,17,17,17,17,17,17,17,17
1,1,490223,0,0,0,18,0,7,0,0,0,0
1,1,490224,0,0,0,0,0,0,0,0,0,0
2,1,490224,0,0,0,0,0,0,0,0,0,0
1,1,490225,11,11,11,11,11,11,11,11,11,11
2,1,490225,0,0,0,0,0,0,0,0,0,0
1,1,490226,0,0,0,0,0,0,0,0,0,0
1,1,490227,0,0,0,0,0,0,0,0,0,0
1,1,490228,0,0,0,0,0,0,0,0,0,0
1,1,490229,0,0,0,0,11,0,0,0,0,0
2,1,490229,0,12,0,20,0,0,0,0,0,0
0,1,490230,9,0,0,0,0,14,0,0,0,34
1,1,490230,0,0,0,0,0,0,0,0,0,0
0,1,490231,0,0,0,0,0,0,0,0,0,0
1,1,490231,0,0,0,0,0,0,0,0,0,0
1,1,490232,17,17,17,17,17,17,17,17,17,17
2,1,490232,0,0,0,0,0,0,0,0,0,0
1,1,490233,0,0,0,0,0,0,0,0,0,0
2,1,490233,0,0,0,0,0,0,0,0,0,0
1,1,490234,0,0,0,0,0,0,0,0,0,0
2,1,490234,28,28,28,28,28,28,28,28,28,28
1,1,490235,0,0,0,0,0,0,0,0,0,0
2,1,490235,0,0,56,0,0,0,0,0,0,0
1,1,490236,0,0,0,0,0,0,0,0,0,0
2,1,490236,0,0,0,0,0,0,0,0,0,0
3,1,490236,0,0,0,0,0,0,0,0,0,0
0,1,490237,0,0,0,0,0,0,0,0,0,0
1,1,490237,0,0,0,0,0,0,0,0,0,0
1,1,490238,0,0,0,0,0,0,0,0,0,0
2,1,490238,0,0,0,0,0,0,0,0,0,0
1,1,490239,0,0,0,0,0,0,0,0,0,0
1,1,490240,0,0,0,0,0,0,0,0,0,0
2,1,490240,0,0,7,0,0,0,0,0,0,0
1,1,490241,19,19,19,19,19,19,19,19,19,19
2,1,490241,0,0,0,0,0,0,0,0,0,0
1,1,490242,0,0,0,0,0,0,0,0,0,0
2,1,490242,0,5,0,0,0,0,0,0,0,0
1,1,490243,0,0,0,0,0,0,0,0,0,0
0,1,490245,20,0,0,0,0,0,0,0,19,0
1,1,490245,5,14,9,18,2,12,10,19,32,21
1,1,490246,0,0,28,0,0,0,0,0,0,0
1,1,490247,19,31,22,10,15,22,15,23,0,27
0,1,490248,17,0,0,0,0,0,0,0,0,0
1,1,490248,0,0,0,0,0,17,0,0,0,0
0,1,490249,0,0,18,0,0,0,0,0,0,0
1,1,490249,0,0,0,0,0,0,0,0,0,0
1,1,490250,0,0,0,0,0,0,0,0,0,0
1,1,490251,0,0,0,0,0,0,0,0,0,0
2,1,490251,0,0,0,0,0,0,0,0,0,0
1,1,490252,0,6,0,0,0,0,0,0,0,0
2,1,490252,0,0,0,0,0,0,0,0,0,0
0,1,490253,0,0,14,0,0,0,0,0,0,0
1,1,490253,0,0,0,0,0,0,0,0,0,0
1,1,500002,0,0,0,9,0,0,0,6,0,0
2,1,500002,0,0,0,0,0,0,0,0,0,15
1,1,500003,0,0,0,0,0,0,0,0,0,0
1,1,500004,46,18,0,13,31,0,19,14,13,32
1,1,500005,0,0,0,0,0,0,0,0,0,0
1,1,500006,0,0,0,0,4,0,0,0,0,0
2,1,500006,0,0,0,0,0,0,0,0,0,0
1,1,500007,0,0,0,0,0,0,0,0,0,0
2,1,500007,0,0,0,0,0,0,0,0,0,0
1,1,500008,0,0,0,0,0,0,0,0,0,0
1,1,500009,0,0,0,0,0,0,0,0,0,0
2,1,500009,14,0,0,0,0,0,0,0,0,0
1,1,500010,0,0,0,0,0,0,0,0,0,0
1,1,500011,0,0,0,0,0,0,0,0,0,0
2,1,500011,0,0,0,0,0,0,0,0,0,0
1,1,500012,26,26,26,26,26,26,26,26,26,26
1,1,500013,0,0,0,0,0,0,0,0,0,0
2,1,500013,0,0,0,0,0,0,0,0,0,0
1,1,500014,11,11,11,11,11,11,11,11,11,11
1,1,500015,0,0,0,0,0,0,0,0,0,0
2,1,500015,0,0,0,0,0,0,0,0,0,0
1,1,500016,27,27,27,27,27,27,27,27,27,27
1,1,500017,0,0,0,0,0,0,0,0,0,0
2,1,500017,0,0,0,0,0,0,0,0,0,0
1,1,500018,0,0,2,0,0,0,0,0,0,0
1,1,500019,0,0,0,0,0,0,0,0,0,0
2,1,500019,0,0,0,0,0,0,0,0,0,0
1,1,500020,0,0,0,0,0,0,0,0,0,0
1,1,500021,22,22,22,22,22,22,22,22,22,22
1,1,500022,0,0,0,0,0,0,0,0,0,0
1,1,500023,0,0,0,0,0,0,0,0,0,0
1,1,500024,18,18,18,18,18,18,18,18,18,18
1,1,500025,0,0,0,0,0,0,0,0,0,0
1,1,500026,0,0,0,0,0,0,0,0,0,0
1,1,500027,0,0,0,0,0,0,0,0,0,0
1,1,500028,0,0,0,0,0,0,0,0,0,0
1,1,500029,10,10,10,10,10,10,10,10,10,10
1,1,500030,19,19,19,19,19,19,19,19,19,19
1,1,500031,20,20,20,20,20,20,20,20,20,20
1,3,500032,23,25,31,0,19,13,20,20,29,28
1,1,500033,0,0,0,0,0,0,0,0,0,0
1,1,500034,18,18,18,18,18,18,18,18,18,18
1,1,500035,0,0,0,0,0,0,0,0,0,0
1,1,500036,0,0,0,0,0,0,0,0,0,0
2,1,500036,0,0,0,0,0,0,0,0,0,0
1,1,500037,0,0,0,0,0,0,0,0,0,0
1,1,500038,0,0,0,0,0,0,0,0,0,0
2,1,500038,0,0,0,0,0,0,0,0,0,0
1,1,500039,0,0,0,0,0,0,0,0,0,0
2,1,500039,0,0,0,0,0,0,0,0,0,0
1,1,500040,0,0,0,0,0,0,0,0,0,0
1,1,500041,18,18,18,18,18,18,18,18,18,18
2,1,500041,0,0,0,0,0,0,0,0,0,0
1,1,500042,0,0,0,10,0,0,0,0,0,0
2,1,500042,0,0,0,0,0,0,0,0,0,0
1,1,500043,0,0,0,0,0,0,0,0,0,0
1,1,500044,0,0,0,0,0,0,0,0,0,0
2,1,500044,0,0,0,0,0,0,0,0,0,0
1,1,500045,3,3,3,3,3,3,3,3,3,3
1,1,500046,0,0,0,0,0,0,0,0,0,0
2,1,500046,0,0,0,0,0,0,0,0,0,0
1,1,500047,0,0,0,0,0,0,0,0,0,0
2,1,500047,0,0,0,0,0,0,0,0,0,0
1,1,500048,0,0,0,0,0,0,0,0,16,0
1,1,500049,0,0,0,0,0,0,0,0,0,0
1,1,500050,12,12,12,12,12,12,12,12,12,12
1,1,500051,0,0,0,0,0,0,0,0,0,0
1,1,500052,0,0,0,0,0,0,0,0,0,0
1,1,500053,22,22,22,22,22,22,22,22,22,22
1,1,500054,4,4,4,4,4,4,4,4,4,4
2,1,500054,0,0,0,0,0,0,0,0,0,0
1,1,500055,21,21,21,21,21,21,21,21,21,21
1,1,500056,0,0,0,0,0,0,0,0,0,0
1,1,500057,0,0,0,0,0,0,0,0,0,0
2,1,500057,0,0,0,0,0,0,0,0,0,0
1,1,500058,0,0,0,0,0,0,0,0,0,0
2,1,500058,15,0,0,0,0,0,0,0,0,0
1,1,500059,0,0,0,0,0,0,0,0,0,0
2,1,500059,0,0,0,0,0,0,0,0,0,0
1,1,500060,0,0,0,0,0,0,0,0,0,0
1,1,500061,0,0,0,0,0,0,0,0,0,0
1,1,500062,19,19,19,19,19,19,19,19,19,19
1,1,500063,15,15,15,15,15,15,15,15,15,15
1,1,500064,0,0,0,0,0,0,0,0,0,0
1,1,500065,0,0,0,0,0,0,0,0,0,0
2,1,500065,0,0,0,0,0,0,0,0,0,0
1,1,500066,0,0,0,0,0,0,0,0,0,0
2,1,500066,0,0,0,0,0,0,0,0,0,0
1,1,500067,16,16,16,16,16,16,16,16,16,16
1,1,500068,0,0,0,0,0,0,0,0,0,0
2,1,500068,0,0,0,0,0,0,0,0,0,0
1,1,500069,16,16,16,16,16,16,16,16,16,16
1,1,500070,25,25,25,25,25,25,25,25,25,25
1,1,500071,23,23,23,23,23,23,23,23,23,23
1,1,500072,17,17,17,17,17,17,17,17,17,17
2,1,500072,0,0,0,0,0,0,0,0,0,0
1,1,500073,0,0,0,0,0,0,0,0,0,0
1,1,500074,8,8,8,8,8,8,8,8,8,8
1,1,500075,0,0,0,0,0,0,0,0,0,0
2,1,500075,0,0,0,0,0,0,0,0,0,0
1,1,500076,0,0,0,0,0,0,0,0,0,0
2,1,500076,0,0,0,0,0,0,0,0,0,0
1,1,500077,0,0,0,0,0,0,0,0,0,0
2,1,500077,0,0,0,0,0,0,0,0,0,0
1,1,500078,0,0,0,0,0,0,0,0,0,0
2,1,500078,0,8,0,0,0,0,0,0,0,0
1,1,510001,22,22,22,22,22,22,22,22,22,22
1,1,510002,0,0,0,0,0,0,0,0,0,0
1,1,510003,8,30,17,23,22,13,26,0,28,26
1,1,510004,0,0,0,0,0,0,0,0,0,0
2,1,510004,0,0,0,0,0,0,0,0,9,0
0,1,510005,0,0,0,0,0,0,0,0,0,0
1,1,510005,20,28,22,24,10,10,28,14,6,0
2,1,510005,0,0,0,0,0,0,0,0,0,0
3,1,510005,0,0,0,0,0,0,16,0,0,0
1,1,510006,0,0,0,0,0,0,0,0,0,0
2,1,510006,0,0,0,0,0,0,0,0,0,0
3,1,510006,0,0,0,0,0,0,0,0,0,0
1,1,510007,0,0,0,0,0,0,0,0,0,0
1,1,510008,10,0,0,0,0,0,0,0,0,0
2,1,510008,0,0,0,0,0,0,0,0,0,0
1,1,510010,21,21,21,21,21,21,21,21,21,21
1,1,510011,21,21,21,21,21,21,21,21,21,21
1,1,510012,21,17,24,19,26,14,22,16,6,25
1,1,510013,0,6,0,0,0,30,0,14,0,11
1,1,510014,0,0,0,0,0,0,0,0,0,0
1,1,510015,0,0,0,0,0,0,0,0,0,0
2,1,510015,14,0,0,0,0,0,0,0,0,0
1,1,510016,0,0,0,0,0,0,0,0,0,0
2,1,510016,1,1,1,1,1,1,1,1,1,1
1,1,510017,5,11,16,27,25,7,40,21,10,15
1,1,510018,0,0,0,4,0,15,10,0,9,9
1,1,510019,0,0,0,0,0,0,0,0,0,0
2,1,510019,0,0,0,0,0,0,0,0,0,0
1,1,510020,0,0,0,0,17,10,0,0,0,0
2,1,510020,0,0,17,0,0,4,10,0,9,0
1,1,510021,15,0,0,0,0,0,0,16,0,0
2,1,510021,0,0,0,0,0,0,0,0,0,0
1,1,510022,0,0,0,0,0,0,0,0,0,0
1,1,510023,8,0,17,8,15,0,0,28,0,0
1,1,510024,19,19,19,19,19,19,19,19,19,19
1,1,510026,0,0,0,0,0,0,0,0,0,0
1,1,510028,0,0,0,0,0,0,0,0,0,0
1,1,510030,0,0,0,0,0,0,0,0,0,0
1,1,510031,24,24,24,24,24,24,24,24,24,24
1,1,510033,14,14,14,14,14,14,14,14,14,14
1,1,510034,0,0,0,0,0,0,0,0,0,0
2,1,510034,0,0,0,23,0,0,0,0,0,0
1,1,510035,0,0,0,0,0,0,0,0,0,0
2,1,510035,0,0,0,0,0,0,0,0,0,0
3,1,510035,0,0,0,0,0,0,0,0,0,0
4,1,510035,0,0,0,0,0,0,0,0,0,0
1,1,510037,20,20,20,20,20,20,20,20,20,20
1,1,510039,0,0,0,0,0,0,0,0,0,0
1,1,510040,15,16,19,7,30,22,27,30,12,20
1,1,510042,21,21,21,21,21,21,21,21,21,21
1,1,510043,8,20,0,0,0,0,0,17,0,0
1,1,510044,0,0,0,0,0,0,0,0,0,0
2,1,510044,0,0,0,0,0,0,0,0,0,0
1,1,510045,0,0,0,29,0,0,0,0,0,0
1,1,510047,0,0,0,0,0,0,0,0,0,0
1,1,510049,23,0,0,0,0,18,0,0,23,18
2,1,510049,0,0,23,0,0,0,0,0,0,26
0,1,510050,0,0,0,0,0,0,0,0,0,0
1,1,510050,0,16,0,9,0,0,0,0,10,15
1,1,510051,0,17,0,14,0,18,9,18,9,7
1,1,510052,0,0,0,0,0,0,0,0,29,0
2,1,510052,0,0,0,0,0,0,0,0,10,0
1,1,510053,0,0,0,0,0,0,0,0,0,0
2,1,510053,0,17,0,0,0,0,0,0,0,0
1,1,510054,0,13,0,19,23,0,21,0,21,25
1,1,510055,14,14,26,22,29,19,14,25,27,0
1,1,510056,0,0,0,0,0,0,0,0,0,0
1,1,510057,16,16,16,16,16,16,16,16,16,16
1,1,510058,0,0,0,0,0,0,0,0,0,0
1,1,510060,29,29,29,29,29,29,29,29,29,29
2,1,510060,0,0,0,0,0,0,0,0,0,0
1,1,510061,23,23,23,23,23,23,23,23,23,23
1,1,510062,0,0,0,0,0,0,0,0,0,0
2,1,510062,0,0,0,0,0,0,0,0,0,0
3,1,510062,0,0,0,0,0,0,0,0,0,0
1,1,510063,0,0,0,0,0,0,0,0,0,0
2,1,510063,0,0,0,0,0,0,0,0,0,0
1,1,510064,0,0,0,0,0,0,0,0,0,0
2,1,510064,0,0,0,0,0,0,0,0,0,0
1,1,510065,8,8,8,8,8,8,8,8,8,8
1,1,510066,0,0,0,0,0,0,0,0,0,0
2,1,510066,0,0,0,0,0,0,0,0,0,0
1,1,510067,24,24,24,24,24,24,24,24,24,24
2,1,510067,0,0,0,0,0,0,0,0,0,0
1,1,510068,19,19,19,19,19,19,19,19,19,19
1,1,510069,0,0,0,0,0,0,0,0,0,0
2,1,510069,0,16,0,0,0,0,0,0,0,4
1,1,510070,0,0,0,0,0,0,0,0,0,0
2,1,510070,0,0,0,0,0,0,0,0,0,0
1,1,510071,0,0,0,0,0,0,0,0,0,0