VEH_NO,PER_NO,ST_CASE,P1,P2,P3,P4,P5,P6,P7,P8,P9,P10
2,1,510399,0,0,0,0,0,0,0,0,0,0
3,1,510399,0,0,0,0,0,0,0,0,0,0
0,1,510400,0,0,0,0,0,0,0,0,0,0
1,1,510400,0,0,0,0,0,0,0,0,0,0
1,1,510401,26,34,20,16,32,15,5,0,13,30
2,1,510401,10,16,12,13,16,13,16,5,19,12
3,1,510401,0,0,0,0,0,0,0,0,0,0
4,1,510401,0,0,0,0,0,0,0,0,0,0
0,1,510402,0,0,0,0,0,0,0,0,0,0
1,1,510402,7,31,27,15,11,11,22,12,25,15
1,1,510403,0,0,0,0,0,0,0,0,0,0
2,1,510403,0,0,0,0,0,0,0,0,0,0
1,1,510404,0,0,0,0,0,0,0,0,0,0
1,1,510405,17,17,17,17,17,17,17,17,17,17
1,1,510406,0,0,0,0,0,0,0,0,0,0
1,1,510407,0,0,0,0,0,0,0,0,0,0
2,1,510407,0,0,0,13,0,0,0,0,0,0
0,1,510408,27,27,27,27,27,27,27,27,27,27
1,1,510408,0,12,22,0,0,0,5,0,0,0
1,1,510409,6,6,6,6,6,6,6,6,6,6
1,1,510410,0,0,0,0,0,0,0,0,0,0
2,1,510410,0,0,0,0,0,0,0,0,0,0
1,1,510411,0,0,0,0,0,0,0,11,0,0
1,1,510412,28,17,7,12,11,15,13,3,11,11
1,1,510413,0,0,0,0,0,0,0,0,0,0
0,1,510414,0,0,0,0,0,0,0,0,0,0
0,2,510414,8,0,9,0,0,0,0,17,34,0
0,3,510414,0,0,0,0,0,0,0,0,0,0
1,1,510414,0,0,0,0,0,0,0,0,0,0
1,1,510415,5,0,14,14,13,10,14,11,14,19
1,2,510416,0,0,0,0,0,0,0,0,0,0
1,1,510417,0,0,2,0,0,0,0,0,0,0
1,1,510418,2,2,2,2,2,2,2,2,2,2
1,1,510419,7,11,11,16,8,9,13,16,7,11
0,1,510420,22,44,12,24,42,25,11,34,14,35
1,1,510420,0,5,0,0,0,0,22,0,19,0
1,1,510421,0,0,0,0,0,0,0,0,0,0
2,1,510421,0,0,0,0,0,0,0,0,0,0
0,1,510422,0,0,0,0,0,0,0,0,0,0
1,1,510422,0,0,5,7,0,0,5,0,0,0
1,1,510423,0,0,0,0,0,0,0,0,0,0
1,1,510424,0,0,16,0,0,0,0,0,0,0
2,1,510424,0,0,0,0,0,0,0,0,0,0
1,1,510425,0,0,0,0,0,0,0,0,0,0
1,1,510426,0,0,0,0,0,0,0,0,0,0
0,1,510427,0,0,0,0,0,0,0,0,0,0
1,1,510427,0,0,0,0,0,0,0,0,0,24
1,1,510428,18,18,18,18,18,18,18,18,18,18
2,1,510428,0,0,0,0,0,0,0,0,0,0
1,1,510429,20,20,20,20,20,20,20,20,20,20
1,1,510430,0,0,0,0,0,0,0,0,0,0
1,1,510431,19,19,19,19,19,19,19,19,19,19
1,1,510432,0,0,0,0,0,0,0,0,0,0
1,1,510433,19,19,19,19,19,19,19,19,19,19
1,1,510434,0,0,0,0,0,0,0,0,0,0
1,1,510435,0,0,0,0,0,0,0,0,0,0
1,1,510436,0,0,0,0,0,0,0,0,0,0
2,1,510436,0,0,0,0,0,0,0,0,0,13
1,1,510437,7,33,15,17,14,24,20,0,18,6
2,1,510437,0,0,0,0,0,0,0,0,0,14
1,1,510438,0,0,0,0,0,0,0,0,0,0
1,1,510439,22,22,22,22,22,22,22,22,22,22
1,1,510440,0,0,0,0,0,0,0,0,0,0
2,1,510440,0,0,0,0,0,0,0,0,0,0
1,1,510441,19,10,18,0,0,0,7,8,9,5
1,1,510442,7,0,0,0,0,0,0,0,0,0
2,1,510442,0,0,0,0,27,0,0,0,26,0
1,1,510443,0,0,0,0,0,0,0,0,0,0
0,1,510444,0,0,0,0,0,0,0,0,0,0
1,1,510444,0,0,0,0,0,0,0,0,0,0
1,1,510445,0,0,0,0,0,0,0,0,0,0
1,1,510446,0,0,0,0,0,0,0,0,0,0
1,1,510447,5,5,5,5,5,5,5,5,5,5
1,1,510448,15,15,15,15,15,15,15,15,15,15
1,1,510449,0,0,0,0,0,0,0,0,0,0
2,1,510449,0,0,0,0,0,0,0,0,0,0
1,1,510450,0,0,0,0,0,0,0,0,0,0
2,1,510450,0,0,0,0,0,0,0,0,0,0
1,1,510451,0,0,0,0,0,0,0,0,0,0
2,1,510451,0,0,0,0,0,0,0,0,0,0
1,1,510452,0,0,0,0,0,0,0,0,0,0
2,1,510452,0,0,0,30,0,0,14,22,8,0
1,1,510453,0,0,0,0,0,0,0,0,0,0
2,1,510453,0,0,0,0,0,0,16,0,0,0
1,1,510454,11,11,12,28,19,14,24,15,10,12
1,1,510455,15,13,22,15,7,9,1,22,12,18
1,1,510456,0,0,0,0,0,0,0,0,0,0
2,1,510456,0,0,0,0,0,0,0,0,0,0
1,1,510457,0,0,0,0,0,0,0,0,0,0
2,1,510457,0,0,0,0,0,0,0,0,0,0
1,1,510458,0,0,0,0,0,0,0,0,0,0
2,1,510458,0,0,0,0,0,0,0,0,0,0
1,1,510459,0,0,0,0,0,0,0,0,0,0
2,1,510459,0,0,0,11,0,0,0,0,0,0
1,1,510460,0,0,0,0,0,0,0,0,0,0
2,1,510460,0,0,0,0,0,0,0,0,0,0
1,1,510461,0,0,0,0,0,0,0,0,0,0
2,1,510461,0,7,0,0,0,0,0,0,0,0
3,1,510461,0,0,0,0,0,0,0,0,0,0
1,1,510462,11,11,11,11,11,11,11,11,11,11
1,1,510463,0,0,0,0,0,0,0,0,0,0
2,1,510463,12,0,0,0,0,0,0,0,0,0
1,1,510464,0,29,14,13,12,18,22,13,6,16
1,1,510465,1,1,1,1,1,1,1,1,1,1
1,1,510466,28,28,28,28,28,28,28,28,28,28
1,1,510467,0,0,0,0,0,0,0,0,0,0
1,1,510468,27,8,0,15,15,20,0,0,17,0
2,1,510468,0,0,14,6,0,0,9,0,9,26
1,1,510469,20,24,15,25,12,27,26,22,30,22
1,1,510470,0,0,0,0,0,0,0,0,0,0
1,1,510471,0,0,0,0,0,0,0,0,0,0
2,1,510471,0,0,0,0,0,0,0,0,0,0
1,1,510472,14,14,14,14,14,14,14,14,14,14
1,1,510473,8,17,5,19,16,8,10,0,14,14
1,1,510474,0,0,0,0,0,0,0,0,0,0
2,1,510474,0,0,0,0,0,0,0,0,0,0
1,1,510475,0,0,0,0,0,0,0,0,0,0
1,1,510476,0,0,0,0,0,0,0,0,0,0
2,1,510476,0,0,0,0,0,0,0,0,0,0
1,1,510477,0,0,0,0,0,0,0,0,0,0
1,1,510478,0,0,0,0,0,0,0,0,0,0
2,1,510478,0,20,0,0,0,0,0,0,0,0
3,1,510478,0,0,0,0,0,0,0,0,0,0
4,1,510478,0,0,0,0,0,0,0,0,0,6
1,1,510479,19,19,19,19,19,19,19,19,19,19
1,1,510480,6,6,6,6,6,6,6,6,6,6
0,1,510481,18,18,18,18,18,18,18,18,18,18
1,1,510481,0,0,0,0,12,0,0,0,0,0
1,1,510482,0,0,0,0,0,0,0,0,0,0
1,1,510483,0,0,0,0,0,0,0,0,0,0
1,1,510484,0,0,0,0,0,0,0,0,0,0
2,1,510484,13,0,0,0,0,0,17,0,22,0
0,1,510485,0,0,0,0,13,0,0,0,0,0
1,1,510485,0,22,0,0,0,12,5,0,0,0
1,1,510486,0,0,0,0,0,0,0,0,17,0
2,1,510486,0,0,0,0,0,0,0,0,0,0
1,1,510487,0,0,0,0,0,0,0,0,0,0
2,1,510487,0,0,0,0,0,0,0,0,0,0
3,1,510487,0,0,0,0,0,0,0,0,0,0
1,1,510488,0,0,0,0,0,0,0,0,0,0
2,1,510488,0,0,0,0,0,0,0,0,0,0
1,1,510489,0,0,0,0,0,0,0,0,0,0
2,1,510489,0,0,0,0,0,0,15,0,0,0
1,1,510490,0,0,0,0,0,0,0,0,0,0
1,1,510491,19,19,19,19,19,19,19,19,19,19
1,1,510492,0,0,0,0,0,0,0,0,0,0
2,1,510492,0,0,0,0,0,0,0,0,0,0
1,1,510493,0,0,0,0,0,0,0,0,0,0
1,1,510494,24,24,24,24,24,24,24,24,24,24
1,1,510495,0,0,20,0,0,0,0,0,0,0
2,1,510495,0,0,0,0,0,0,0,0,0,0
1,1,510496,0,0,0,0,0,0,0,0,0,0
1,1,510497,0,0,0,0,0,0,0,0,0,0
2,1,510497,0,0,0,0,0,0,0,0,0,0
1,1,510498,9,9,9,9,9,9,9,9,9,9
1,1,510499,24,24,24,24,24,24,24,24,24,24
1,1,510500,0,0,0,0,0,0,0,0,0,0
1,1,510501,0,0,0,0,0,0,2,0,5,0
1,1,510502,0,0,0,0,0,0,0,0,0,0
1,1,510503,0,0,0,0,0,0,0,0,0,0
2,1,510503,0,12,0,0,0,0,0,0,0,14
1,1,510504,26,26,26,26,26,26,26,26,26,26
1,1,510505,0,0,0,0,0,0,0,0,0,0
1,1,510506,0,0,0,0,0,0,0,0,0,0
2,1,510506,0,0,0,0,0,0,0,0,0,0
3,1,510506,0,0,0,5,0,0,0,0,0,0
1,1,510507,21,21,21,21,21,21,21,21,21,21
1,1,510508,0,0,16,16,0,0,0,0,0,0
1,1,510509,0,0,0,0,0,0,0,0,0,0
2,1,510509,0,0,0,0,0,0,0,0,0,0
1,2,510510,9,0,0,38,13,0,14,0,7,15
1,1,510511,0,0,0,0,0,0,9,13,0,0
2,1,510511,0,0,0,0,0,0,0,0,0,0
0,1,510512,2,0,13,27,18,0,0,0,15,40
1,1,510512,0,0,0,14,0,0,0,0,19,0
1,1,510513,11,11,11,11,11,11,11,11,11,11
1,1,510514,10,11,0,22,11,23,0,24,0,0
2,1,510514,0,0,0,0,0,0,0,0,0,0
3,1,510514,0,16,0,0,0,0,0,0,0,0
4,1,510514,0,0,0,0,0,0,0,0,0,0
1,1,510515,0,0,0,0,0,0,0,0,12,0
1,1,510516,0,0,0,0,0,0,0,0,0,0
2,1,510516,15,0,0,0,0,0,34,45,0,0
1,1,510517,19,19,19,19,19,19,19,19,19,19
2,1,510517,0,0,0,0,0,0,0,0,0,0
1,1,510518,0,0,0,0,0,0,0,0,0,0
2,1,510518,0,0,0,0,0,0,0,0,0,0
1,1,510519,16,22,11,1,29,24,37,12,12,17
1,1,510520,6,0,0,7,0,0,0,0,0,0
2,1,510520,0,0,0,0,0,0,0,0,0,0
1,1,510521,0,0,0,0,0,0,0,0,0,0
1,1,510522,21,21,21,21,21,21,21,21,21,21
1,1,510523,0,0,0,0,0,12,0,0,0,0
1,1,510524,6,6,6,6,6,6,6,6,6,6
1,1,510525,22,22,22,22,22,22,22,22,22,22
0,1,510526,11,11,11,11,11,11,11,11,11,11
1,1,510526,0,11,0,0,0,0,0,18,0,0
1,1,510527,0,0,0,0,0,0,0,0,0,0
0,1,510528,23,23,23,23,23,23,23,23,23,23
1,1,510528,0,0,0,0,0,0,0,0,0,0
1,1,510529,0,0,0,0,0,0,0,0,0,0
2,1,510529,21,21,21,21,21,21,21,21,21,21
1,1,510530,0,0,0,0,0,0,0,0,0,0
2,1,510530,0,0,0,0,0,0,0,0,0,0
3,1,510530,0,0,0,0,0,0,11,0,0,0
1,1,510531,0,0,0,0,0,0,0,0,0,0
1,1,510532,32,32,32,32,32,32,32,32,32,32
1,1,510533,28,28,28,28,28,28,28,28,28,28
1,1,510534,24,24,24,24,24,24,24,24,24,24
0,1,510535,0,0,0,0,0,0,19,0,0,0
1,1,510535,0,0,0,0,0,0,0,0,0,0
1,1,510536,17,17,17,17,17,17,17,17,17,17
1,1,510537,19,19,19,19,19,19,19,19,19,19
0,1,510538,0,0,0,0,0,0,0,0,0,0
1,1,510538,0,0,0,0,0,0,0,0,0,0
1,1,510539,0,0,0,0,0,0,0,0,0,0
1,1,510540,0,0,0,0,0,0,0,0,0,0
1,1,510541,0,0,0,0,0,0,0,0,0,0
1,1,510542,15,0,12,11,10,15,12,0,20,8
2,1,510542,7,7,18,15,29,0,20,13,15,16
1,1,510543,14,14,14,14,14,14,14,14,14,14
1,1,510544,0,0,0,0,0,0,0,0,0,0
1,1,510545,15,0,0,0,0,0,13,0,10,0
1,1,510546,0,0,0,0,0,0,0,0,0,0
0,1,510547,0,0,0,0,0,0,0,0,0,0
1,1,510547,0,0,0,0,0,0,0,0,0,0
1,1,510548,3,10,3,14,18,19,5,18,7,4
0,1,510549,24,24,24,24,24,24,24,24,24,24
1,1,510549,0,0,0,7,0,0,0,0,0,0
1,1,510550,0,0,0,0,0,0,0,0,0,0
2,1,510550,0,0,0,0,0,0,0,0,0,0
1,1,510551,0,0,0,0,0,0,0,0,0,0
1,1,510552,0,0,0,0,0,0,0,0,0,0
2,1,510552,0,0,0,0,0,0,0,0,0,0
1,1,510553,0,0,0,0,0,0,0,0,0,0
2,1,510553,0,0,0,0,0,0,0,0,27,0
1,1,510554,0,0,0,0,0,0,0,0,0,0
1,1,510555,11,11,11,11,11,11,11,11,11,11
1,1,510556,18,18,18,18,18,18,18,18,18,18
1,1,510557,43,43,43,43,43,43,43,43,43,43
1,1,510558,0,0,0,0,0,0,0,0,0,0
2,1,510558,0,0,0,0,0,0,0,0,0,0
1,1,510559,0,0,0,0,0,0,0,0,0,0
1,1,510560,0,0,0,0,0,0,0,0,0,0
2,1,510560,0,0,0,0,0,0,0,0,0,0
3,1,510560,0,17,0,0,15,0,0,0,0,0
1,1,510561,0,0,0,0,0,0,0,0,0,0
2,1,510561,0,0,0,0,0,0,0,0,0,0
1,1,510562,0,0,0,0,0,0,0,0,0,0
1,1,510564,0,0,0,0,0,0,0,0,0,0
1,1,510565,16,20,22,6,17,20,25,26,8,16
1,1,510566,2,2,2,2,2,2,2,2,2,2
2,1,510566,0,0,0,21,0,0,0,0,0,10
3,1,510566,0,0,0,0,0,0,0,22,0,9
1,1,510567,0,6,14,0,17,10,0,0,0,0
1,1,510568,0,0,0,0,0,0,0,0,0,0
2,1,510568,0,0,0,0,0,0,10,0,0,0
1,1,510569,0,0,0,0,0,0,0,0,0,0
2,1,510569,0,0,0,0,0,0,0,0,0,32
1,1,510570,0,0,0,0,0,0,0,0,0,0
1,1,510571,0,0,0,0,0,0,0,0,0,0
2,1,510571,0,0,0,0,0,0,0,0,0,0
1,1,510572,32,32,32,32,32,32,32,32,32,32
2,1,510572,0,0,0,0,0,0,0,0,0,0
1,1,510573,0,0,14,0,0,0,0,0,0,0
1,1,510574,17,17,17,17,17,17,17,17,17,17
1,1,510575,27,21,0,28,18,21,24,25,17,34
1,1,510576,12,12,12,12,12,12,12,12,12,12
1,1,510577,0,0,0,0,0,0,0,21,0,15
1,1,510578,0,0,0,0,0,0,0,0,0,0
1,1,510579,0,0,0,0,0,0,0,0,0,0
1,1,510580,37,13,19,22,23,36,20,11,8,5
1,1,510581,0,0,0,0,0,0,0,0,0,0
1,1,510582,12,14,16,27,19,12,14,17,0,12
1,1,510583,0,8,9,16,18,12,17,5,17,7
2,1,510583,9,0,18,11,16,7,4,11,2,30
3,1,510583,3,3,3,3,3,3,3,3,3,3
4,1,510583,0,0,0,0,0,0,0,0,0,0
1,1,510584,11,11,11,11,11,11,11,11,11,11
1,1,510585,0,0,0,0,0,0,0,0,14,0
2,1,510585,0,0,0,0,12,0,0,0,0,0
1,1,510586,0,0,0,0,0,0,0,0,0,0
2,1,510586,20,0,0,0,0,11,12,0,0,37
3,1,510586,0,0,0,0,0,0,0,0,0,0
1,1,510587,0,0,0,0,0,0,0,0,0,0
1,1,510588,0,0,0,0,0,0,0,0,0,0
2,1,510588,0,0,0,0,0,0,0,0,0,0
1,1,510589,0,0,0,0,0,0,0,0,0,0
0,1,510590,0,0,0,0,0,0,0,0,0,0
1,1,510590,0,21,24,19,21,18,19,24,22,19
1,1,510591,12,12,12,12,12,12,12,12,12,12
1,1,510592,0,0,0,0,0,0,0,0,0,0
2,1,510592,0,0,0,0,0,0,0,0,0,0
1,1,510593,28,28,28,28,28,28,28,28,28,28
2,1,510593,0,0,0,0,0,0,0,0,0,0
1,1,510594,0,0,0,0,0,0,0,0,0,0
1,1,510595,22,22,22,22,22,22,22,22,22,22
1,1,510596,0,0,0,0,0,0,0,0,0,0
1,1,510597,1,1,1,1,1,1,1,1,1,1
1,1,510598,17,0,21,16,7,0,27,15,23,25
1,1,510599,0,0,0,0,0,0,0,0,0,0
1,1,510600,11,11,11,11,11,11,11,11,11,11
1,1,510601,13,13,13,13,13,13,13,13,13,13
1,1,510602,10,10,10,10,10,10,10,10,10,10
1,1,510603,0,0,0,21,0,0,0,5,0,0
1,1,510604,0,0,0,0,0,0,0,0,0,0
2,1,510604,0,0,0,0,24,0,0,0,0,0
1,1,510605,0,0,0,0,0,0,0,0,0,0
2,1,510605,0,0,0,0,0,0,0,0,0,0
1,1,510606,0,0,0,0,0,0,0,0,0,0
2,1,510606,0,4,0,0,0,0,0,0,0,0
1,1,510607,0,0,0,0,0,0,0,0,0,0
2,1,510607,0,0,0,0,0,0,0,0,0,0
1,1,510608,0,0,0,0,0,0,0,0,0,0
1,1,510609,0,0,0,0,0,0,0,0,0,0
1,1,510610,0,0,16,5,8,12,11,0,13,0
1,1,510611,0,12,24,8,8,11,13,19,4,25
1,1,510612,0,0,0,0,0,0,0,0,0,0
2,1,510612,0,0,0,0,0,0,0,0,0,0
1,1,510613,0,0,0,12,0,0,0,0,0,0
2,1,510613,0,0,0,0,0,0,0,0,0,0
1,1,510614,0,0,0,0,0,0,13,0,11,0
1,1,510615,0,0,0,0,0,0,0,0,0,0
2,1,510615,0,0,0,0,0,0,0,0,0,0
1,1,510616,19,7,6,19,5,17,6,10,2,12
2,1,510616,31,17,13,8,2,16,9,16,14,17
1,1,510617,0,0,0,0,0,0,0,0,0,0
1,1,510618,0,0,0,0,0,0,0,0,0,0
2,1,510618,0,0,0,0,0,0,0,4,11,0
0,1,510619,0,0,0,0,13,19,0,0,0,0
1,1,510619,16,22,0,0,0,0,0,0,16,0
1,1,510620,0,0,0,0,0,0,0,0,0,0
2,1,510620,0,0,0,0,0,0,0,0,0,0
1,1,510621,0,0,0,0,0,0,0,0,0,0
2,1,510621,0,0,0,0,0,0,0,0,0,0
0,1,510622,0,0,0,0,0,0,0,0,0,0
1,1,510622,0,0,0,0,3,0,0,13,0,0
1,1,510623,0,0,0,0,0,0,0,0,0,0
1,1,510624,0,0,0,9,0,0,0,0,0,0
2,1,510624,0,0,0,0,0,0,0,0,0,0
1,1,510625,0,0,0,0,0,0,0,0,0,0
2,1,510625,0,0,0,0,0,0,0,6,0,6
3,1,510625,0,0,0,0,0,0,0,0,0,0
1,1,510626,12,12,12,12,12,12,12,12,12,12
1,1,510627,0,0,0,23,4,0,0,0,21,0
1,1,510628,0,0,0,0,0,0,0,0,0,0
1,1,510629,0,0,0,0,0,0,0,0,0,0
1,1,510630,23,10,30,19,13,8,24,5,27,20
0,1,510631,3,3,3,3,3,3,3,3,3,3
1,1,510631,0,0,0,0,0,0,0,0,0,0
1,1,510632,0,0,0,0,0,0,0,0,0,0
1,1,510633,18,18,18,18,18,18,18,18,18,18
2,1,510633,0,0,0,0,0,0,0,0,0,0
3,1,510633,0,0,0,0,11,0,0,0,0,0
1,1,510635,0,0,0,0,0,0,0,0,0,0
2,1,510635,0,0,0,0,0,0,0,0,0,0
1,1,510636,0,0,0,0,0,0,0,0,0,0
1,1,510637,0,0,0,0,0,0,0,0,0,0
0,1,510638,0,0,0,0,0,0,0,0,0,0
1,1,510638,0,0,0,0,0,0,0,0,0,0
1,1,510639,0,0,0,0,0,0,6,22,0,0
0,1,510640,0,0,0,0,0,0,0,0,0,0
1,1,510640,0,0,0,0,0,0,0,0,0,0
1,1,510641,0,0,0,0,0,0,0,0,0,0
2,1,510641,3,3,3,3,3,3,3,3,3,3
3,1,510641,0,0,0,0,0,0,0,0,0,0
4,1,510641,0,0,0,0,0,0,0,0,0,0
5,1,510641,0,0,0,0,0,0,0,0,0,0
6,1,510641,0,0,0,0,0,0,0,0,0,25
1,1,510642,3,3,3,3,3,3,3,3,3,3
2,1,510642,0,0,8,0,11,0,0,6,0,13
1,1,510643,0,0,0,0,0,0,0,0,0,0
0,1,510644,0,0,0,0,0,0,0,0,0,0
1,1,510644,0,0,0,0,0,0,0,0,29,0
1,1,510645,0,0,0,0,0,0,0,0,0,0
2,1,510645,0,17,15,0,0,0,0,0,0,0
0,1,510646,0,0,0,0,0,0,0,0,0,0
1,1,510646,0,0,0,0,0,0,0,0,0,0
1,1,510647,0,0,0,0,0,0,0,0,0,0
1,1,510648,74,74,74,74,74,74,74,74,74,74
1,1,510649,0,0,0,0,0,0,0,0,0,0
2,1,510649,0,0,0,0,0,0,0,0,0,21
3,1,510649,0,0,0,0,0,0,0,0,0,0
4,1,510649,0,0,0,0,0,0,0,0,0,0
1,1,510650,0,0,0,0,0,0,0,0,0,0
2,1,510650,0,0,0,0,0,0,0,0,0,0
1,1,510651,15,16,29,10,18,11,13,14,15,6
1,1,510652,0,0,0,0,0,0,0,0,0,0
2,1,510652,0,0,0,0,0,0,0,0,0,0
3,1,510652,0,0,0,0,0,0,0,0,0,0
1,1,510653,0,0,0,0,0,0,0,0,0,0
2,1,510653,0,0,0,0,0,0,0,0,0,0
1,1,510654,13,9,16,28,29,23,20,28,12,18
1,1,510655,8,8,8,8,8,8,8,8,8,8
1,1,510656,0,0,0,0,0,0,0,0,0,0
2,1,510656,0,0,0,0,0,0,0,0,0,0
1,1,510657,0,0,0,0,0,0,0,0,0,0
2,1,510657,7,7,0,0,19,0,0,0,0,0
1,1,510658,0,0,0,0,0,0,0,0,0,0
1,1,510659,0,0,0,0,0,0,0,0,0,0
2,1,510659,0,0,0,0,0,0,0,0,0,0
1,1,510660,0,0,0,0,0,0,0,0,0,0
2,1,510660,0,0,31,0,0,0,0,8,0,0
1,1,510661,0,16,0,0,0,0,29,0,14,5
1,1,510662,0,0,0,0,0,0,0,0,0,0
2,1,510662,11,11,11,11,11,11,11,11,11,11
1,1,510663,11,11,11,11,11,11,11,11,11,11
1,1,510664,14,14,14,14,14,14,14,14,14,14
1,1,510665,0,0,0,0,0,0,0,0,0,0
2,1,510665,0,0,0,0,0,0,0,0,0,0
1,1,510666,0,0,0,0,0,0,0,0,0,0
1,1,510667,0,21,0,0,0,0,0,0,0,8
1,1,510668,0,0,0,0,0,0,0,0,0,0
2,1,510668,0,0,0,0,0,0,0,0,0,0
1,1,510669,0,0,0,0,0,15,0,0,0,0
2,1,510669,0,0,0,0,0,0,0,0,0,0
1,1,510670,0,0,0,0,3,0,18,0,0,0
1,1,510671,0,0,0,0,0,0,0,0,0,0
2,1,510671,0,0,0,0,0,0,0,0,0,0
1,1,510672,0,0,0,0,0,0,0,0,0,0
0,1,510673,0,0,0,0,0,0,0,0,0,0
1,1,510673,0,0,0,0,0,0,0,0,0,15
1,1,510674,0,0,3,17,11,0,0,18,0,0
1,1,510675,0,0,0,0,0,0,0,0,0,0
1,1,510676,0,0,0,0,0,0,0,0,0,0
0,1,510677,0,0,0,0,0,0,0,0,0,0
1,1,510677,0,0,0,0,0,0,0,0,0,0
1,1,510678,16,16,16,16,16,16,16,16,16,16
1,1,510679,0,0,0,0,0,0,0,0,0,0
0,1,510680,27,27,27,27,27,27,27,27,27,27
1,1,510680,0,0,0,0,0,0,0,0,0,0
2,1,510680,0,0,0,0,0,0,0,0,0,0
1,1,510681,0,0,0,0,0,0,0,0,0,0
1,1,510682,0,0,0,0,0,0,0,0,0,0
2,1,510682,30,0,0,0,0,0,0,0,0,0
1,1,510683,0,0,0,0,0,0,0,0,0,0
2,1,510683,0,0,0,0,0,0,0,0,0,0
0,1,510684,0,0,0,0,0,0,0,0,0,0
1,1,510684,0,0,9,0,0,17,0,0,11,0
1,1,510685,21,21,21,21,21,21,21,21,21,21
1,1,510686,19,14,11,9,25,14,20,17,0,21
2,1,510686,0,0,0,0,0,0,0,0,0,0
1,1,510687,0,0,0,0,0,0,0,0,0,0
1,1,510688,0,0,0,0,7,0,0,0,0,0
1,1,510689,0,16,0,0,0,0,0,0,0,0
1,1,510690,0,0,0,0,0,6,0,0,0,0
2,1,510690,0,0,0,0,0,0,0,0,0,0
1,1,510691,29,29,29,29,29,29,29,29,29,29
1,1,510692,0,0,0,0,11,0,27,7,14,0
2,1,510692,0,0,0,0,0,0,0,0,0,0
1,1,510693,0,0,0,0,0,0,0,0,0,0
2,1,510693,0,0,23,6,0,0,0,0,0,0
1,1,510694,0,0,0,0,0,0,0,0,0,0
2,1,510694,0,25,0,20,9,22,2,15,0,11
1,1,510695,0,0,0,0,0,0,0,0,0,0
2,1,510695,0,0,0,0,0,0,0,0,0,0
1,1,510696,0,0,0,0,0,0,11,0,0,0
0,1,510697,0,0,0,0,0,0,0,0,0,0
1,1,510697,0,0,0,0,0,0,0,0,0,0
1,1,510698,0,0,0,0,0,0,0,0,0,0
2,1,510698,0,0,0,0,0,0,0,0,0,0
1,1,510699,10,4,32,9,20,20,13,12,14,18
2,1,510699,0,0,0,0,0,0,0,0,0,0
1,1,510700,0,0,0,0,0,0,0,0,0,0
1,1,510701,0,0,0,0,0,0,0,0,0,0
1,1,510702,0,0,0,0,0,0,0,0,0,0
1,1,510703,0,0,0,0,0,0,0,0,0,0
1,1,510704,0,0,0,0,0,0,0,0,0,0
2,1,510704,0,0,0,0,0,0,0,0,0,0
1,1,510705,0,0,0,0,0,0,0,0,0,0
0,1,510706,0,0,0,0,0,0,0,0,0,0
1,1,510706,0,0,0,0,17,0,0,0,0,0
1,1,510707,0,0,0,0,0,0,0,0,0,0
1,1,510708,0,15,7,0,0,0,0,4,0,0
1,1,510709,0,0,0,0,0,0,0,0,0,0
2,1,510709,7,0,0,0,0,13,0,0,0,0
1,1,510710,22,11,9,0,0,0,0,0,0,0
1,1,510711,22,22,22,22,22,22,22,22,22,22
1,1,510712,0,0,0,0,0,0,0,0,0,0
1,1,510713,10,10,10,10,10,10,10,10,10,10
1,1,510714,19,19,19,19,19,19,19,19,19,19
1,1,510715,0,0,20,17,0,0,6,0,0,0
1,1,510716,19,11,7,45,22,9,21,13,34,43
1,1,510717,0,0,0,0,0,0,0,0,0,0
1,1,510718,0,0,0,9,0,0,0,0,0,0
2,1,510718,0,0,0,0,0,0,0,0,0,0
0,1,510719,0,0,0,0,0,0,0,0,0,0
1,1,510719,0,0,0,0,0,0,0,0,0,0
1,1,510720,0,0,9,0,0,0,0,0,0,0
2,1,510720,0,0,0,0,0,0,0,0,0,0
3,1,510720,0,0,0,0,0,0,0,0,0,0
1,1,510721,0,0,0,0,0,0,0,0,0,0
1,1,510722,0,0,0,0,0,0,0,0,0,0
2,1,510722,0,0,0,0,0,0,0,0,0,0
0,1,510723,0,0,0,0,0,0,0,0,0,0
1,1,510723,0,0,0,0,0,0,0,0,0,0
1,1,510724,0,0,0,0,0,0,0,0,0,0
2,1,510724,15,15,15,15,15,15,15,15,15,15
1,1,510725,0,0,0,0,0,0,0,0,0,0
2,1,510725,0,0,0,0,0,0,0,0,0,0
1,1,510726,0,17,16,15,6,18,0,10,24,18
2,1,510726,0,0,0,0,0,0,0,0,0,0
1,1,510727,0,0,0,0,0,0,0,0,0,0
2,1,510727,0,0,0,0,0,0,0,12,0,0
1,1,510728,0,0,0,0,0,0,0,0,0,0
2,1,510728,0,0,0,0,0,0,0,0,0,0
1,1,510729,26,26,26,26,26,26,26,26,26,26
1,1,510730,14,14,14,14,14,14,14,14,14,14
1,1,510731,22,22,22,22,22,22,22,22,22,22
1,1,510732,0,0,0,0,0,0,0,0,0,0
1,1,510733,7,20,20,16,25,0,28,21,7,9