VEH_NO,PER_NO,ST_CASE,P1,P2,P3,P4,P5,P6,P7,P8,P9,P10
2,1,510733,0,0,0,0,0,0,0,0,0,0
1,1,510734,0,0,0,0,0,0,0,0,0,0
2,1,510734,18,0,0,0,0,16,0,0,7,0
3,1,510734,0,0,0,0,0,0,0,0,0,0
1,1,510735,0,0,0,0,0,0,0,0,0,0
2,1,510735,0,0,0,0,0,0,0,0,0,0
1,1,510736,0,0,0,0,0,0,0,0,0,0
1,1,510737,0,0,0,0,0,0,0,0,12,7
1,1,510738,0,0,0,0,0,0,0,0,0,0
2,1,510738,13,21,4,2,14,11,9,14,10,17
1,1,510739,28,28,28,28,28,28,28,28,28,28
2,1,510739,0,0,0,0,0,0,0,0,0,0
0,1,510740,0,0,0,0,0,0,0,0,0,0
1,1,510740,28,0,0,0,0,14,15,0,0,0
1,1,510741,0,0,0,0,0,0,0,0,0,0
1,1,510742,7,0,0,0,25,12,0,0,0,5
2,2,510742,0,0,0,0,0,0,0,0,0,0
1,1,510743,0,0,0,26,0,0,0,0,0,0
2,1,510743,0,0,0,0,0,0,0,0,0,0
1,1,510744,0,0,8,0,0,0,0,0,0,0
1,1,510745,18,18,18,18,18,18,18,18,18,18
1,1,510746,14,14,14,14,14,14,14,14,14,14
2,1,510746,0,6,0,4,0,0,0,23,10,0
3,1,510746,0,0,22,15,0,0,0,0,0,0
1,1,510747,0,0,0,0,0,0,0,0,0,0
1,1,510748,2,0,15,0,0,0,0,15,0,0
2,1,510748,0,0,0,0,0,16,0,0,0,0
0,1,510749,0,0,0,0,0,0,0,0,0,0
1,1,510749,0,0,0,0,0,0,0,0,5,0
2,1,510749,0,0,0,0,0,0,0,0,0,0
1,1,510750,0,0,0,0,0,0,0,0,0,0
1,1,510751,0,0,0,0,0,0,0,0,0,0
1,1,510752,0,0,8,12,0,0,0,0,0,0
1,1,510753,19,22,7,12,18,10,16,24,6,20
1,1,510754,0,0,0,0,0,0,0,0,0,0
2,1,510754,0,0,0,0,0,0,0,0,0,0
1,1,510755,0,0,0,0,0,0,0,0,0,0
2,1,510755,0,0,0,0,0,0,0,0,0,0
1,1,510756,0,0,0,0,0,0,0,0,0,0
1,1,510757,0,0,0,0,0,0,0,0,0,0
1,1,510758,16,16,16,16,16,16,16,16,16,16
1,1,510759,11,4,0,16,18,19,20,15,0,18
2,1,510759,0,0,0,0,0,0,0,0,16,0
1,1,510760,0,0,0,0,0,0,0,0,0,0
2,1,510760,0,0,0,0,0,0,0,0,0,0
1,1,510761,0,0,0,0,0,0,0,0,0,0
2,1,510761,0,0,0,0,8,0,0,0,0,0
1,1,510762,0,0,0,0,0,0,0,0,0,0
1,1,510763,0,0,0,0,0,0,0,0,0,6
1,1,510764,0,11,25,15,16,13,0,0,0,0
1,1,510765,0,0,0,0,0,0,0,0,0,0
1,1,510766,0,0,0,0,0,0,0,0,0,0
1,1,510767,0,0,0,0,0,0,0,0,0,0
2,1,510767,0,0,0,0,0,0,0,0,0,0
3,1,510767,0,0,0,0,0,0,0,0,12,10
1,1,510768,0,0,0,0,0,0,0,0,0,0
0,1,510769,0,0,0,0,0,0,0,0,0,0
1,1,510769,0,0,0,5,0,0,0,0,0,0
2,1,510769,0,0,0,25,0,0,5,0,0,0
0,1,510770,14,27,16,29,16,15,16,16,31,13
1,1,510770,0,3,0,0,0,0,0,23,0,0
2,1,510770,0,0,0,0,0,0,0,0,0,0
3,1,510770,0,0,0,0,0,0,0,0,0,0
0,1,510771,0,0,0,0,0,0,0,0,0,0
1,1,510771,0,0,0,0,0,0,0,0,0,0
2,1,510771,0,0,0,0,0,0,0,0,0,0
3,1,510771,0,0,0,0,0,0,0,0,0,0
0,1,510772,27,25,20,22,21,29,39,34,13,16
1,1,510772,0,0,5,0,0,0,0,0,0,0
1,1,510773,12,12,18,33,11,19,19,4,11,14
1,1,510774,0,0,0,0,0,0,0,0,0,0
1,1,510775,0,0,0,0,0,0,7,16,0,17
1,1,510776,0,0,0,0,0,0,0,0,0,0
1,1,510777,0,0,0,0,0,0,0,0,0,0
1,1,510778,23,23,23,23,23,23,23,23,23,23
2,1,510778,0,0,0,0,0,0,0,0,0,0
0,1,510779,0,0,0,0,0,0,0,0,0,0
1,1,510779,0,0,0,0,0,11,0,7,0,0
1,1,510780,0,0,0,0,0,0,0,0,0,0
1,1,510781,16,16,16,16,16,16,16,16,16,16
1,1,510782,11,11,9,12,6,7,3,10,14,7
1,1,510783,30,30,30,30,30,30,30,30,30,30
1,1,510784,0,0,0,0,21,0,0,0,0,0
1,1,510785,0,0,0,0,0,0,0,0,0,0
1,1,510786,0,0,0,35,13,0,0,0,0,0
1,1,510787,20,20,20,20,20,20,20,20,20,20
1,1,510788,0,0,0,0,0,0,0,0,0,0
1,1,510789,0,0,0,0,0,0,0,0,0,0
2,1,510789,0,0,0,0,0,0,0,0,0,0
0,1,510790,26,26,26,26,26,26,26,26,26,26
1,1,510790,0,14,10,0,0,22,0,0,5,0
1,1,510791,7,7,7,7,7,7,7,7,7,7
1,1,510792,10,20,18,26,15,21,38,3,7,11
1,1,510793,0,0,0,0,0,0,0,0,0,0
0,1,510794,0,0,0,0,0,0,0,0,0,0
1,1,510794,0,0,0,0,0,0,0,0,0,0
1,1,510795,0,0,0,0,0,0,0,0,0,8
1,1,510796,0,0,0,0,14,10,0,0,0,0
1,1,510797,0,0,0,0,0,0,0,0,0,0
2,1,510797,0,0,0,0,0,0,0,0,0,0
1,1,510798,0,0,0,0,0,0,0,0,0,0
2,1,510798,0,0,0,0,0,0,0,0,0,0
1,1,510799,17,15,7,18,21,38,0,8,24,14
1,1,510800,19,22,10,0,14,19,19,10,5,10
1,1,510801,0,0,0,0,0,0,0,0,0,0
1,1,510802,0,0,0,0,0,0,0,11,0,0
2,1,510802,0,0,0,7,7,15,0,0,0,0
1,1,510803,0,0,0,0,0,0,0,0,0,0
1,1,510804,0,4,0,0,0,0,0,0,0,0
1,1,510805,15,14,7,17,0,25,18,9,34,15
1,1,510806,0,0,14,21,12,0,0,0,16,0
0,1,510807,12,12,12,12,12,12,12,12,12,12
1,1,510807,0,19,0,21,0,16,0,0,7,16
1,1,510808,21,21,21,21,21,21,21,21,21,21
0,1,510809,1,1,1,1,1,1,1,1,1,1
1,1,510809,0,0,0,0,0,0,0,0,0,0
1,1,510810,9,40,30,9,20,14,30,31,14,22
2,1,510810,0,0,0,0,0,0,0,0,0,0
1,1,510811,0,0,0,0,0,0,0,0,0,0
1,1,510812,0,0,0,0,0,0,0,0,0,0
1,1,510813,0,0,0,0,0,0,0,0,14,0
2,1,510813,0,13,13,5,10,16,20,3,15,13
1,1,510814,0,0,0,0,0,0,0,0,0,0
1,1,510815,7,14,16,18,21,26,5,11,10,17
1,1,510816,25,10,11,11,19,39,11,13,13,7
1,1,510817,0,0,0,0,0,0,0,0,0,0
1,1,510818,0,0,0,0,0,0,0,0,0,0
1,1,510820,0,0,0,0,0,0,0,0,0,0
1,1,510821,14,14,14,14,14,14,14,14,14,14
1,1,510822,15,9,10,0,17,20,23,12,20,22
1,1,510823,0,0,0,0,0,0,0,0,0,0
1,1,510824,0,0,0,0,0,0,0,0,0,0
2,1,510824,0,0,0,0,0,0,0,0,0,0
1,1,510825,0,0,0,0,0,0,0,0,0,0
1,1,510826,0,0,0,0,0,0,0,0,0,0
1,1,510827,0,0,0,0,0,0,0,0,0,0
2,1,510827,12,10,13,0,6,8,16,11,4,0
1,1,510828,12,13,30,7,14,25,33,25,30,25
0,1,510829,17,17,19,31,0,7,9,33,9,32
1,1,510829,0,0,0,0,0,0,0,0,0,0
1,1,510830,0,0,0,0,0,0,0,0,0,0
0,1,510831,16,22,33,33,22,26,14,50,17,27
1,1,510831,0,0,0,8,0,0,0,0,0,0
1,1,510832,0,0,0,0,0,0,0,0,0,0
1,1,510833,0,0,0,0,0,0,0,23,0,0
2,1,510833,28,0,0,5,0,0,20,0,0,0
3,1,510833,0,0,0,6,0,0,0,0,0,0
1,1,510834,0,0,0,0,0,0,0,0,0,0
1,1,510835,57,17,21,17,9,12,13,29,34,19
1,1,510836,0,0,24,0,0,0,0,0,0,0
2,1,510836,0,0,0,0,0,0,0,0,0,0
1,1,510837,0,0,0,0,0,0,0,0,0,0
0,1,510838,0,0,0,0,0,0,0,0,0,0
1,1,510838,12,10,15,20,17,0,39,0,19,16
1,1,510839,0,0,0,0,0,0,0,0,0,0
0,1,510840,0,0,0,0,0,0,0,0,0,0
1,1,510840,0,0,0,0,0,0,0,0,0,0
1,1,510841,0,0,0,0,0,0,0,0,0,0
2,1,510841,0,0,0,0,0,0,0,0,0,0
0,1,510842,0,0,0,0,0,0,0,0,0,0
1,1,510842,0,0,0,0,0,0,0,0,0,0
1,1,510843,0,0,0,0,0,0,0,0,0,0
0,1,510844,21,0,0,0,7,0,0,0,0,0
1,1,510844,0,3,0,0,0,0,0,27,0,9
1,1,510845,0,0,0,0,0,0,0,0,0,0
2,1,510845,0,0,0,0,0,0,0,0,0,0
3,1,510845,0,0,0,0,0,0,0,0,0,0
1,1,510846,0,0,0,0,23,0,0,0,0,0
1,1,510847,0,0,0,0,0,0,0,0,0,0
2,1,510847,0,0,0,0,0,0,0,0,0,0
0,1,510848,0,0,0,0,0,0,0,0,0,0
1,1,510848,25,23,15,28,11,16,12,35,0,19
1,1,510849,9,9,9,9,9,9,9,9,9,9
2,1,510849,0,0,8,0,0,0,0,0,0,0
1,1,510850,0,0,0,0,0,14,0,0,0,0
2,1,510850,0,0,0,0,0,0,0,0,0,0
1,1,510851,0,0,8,0,3,0,0,0,11,0
1,1,510852,0,0,0,0,0,0,0,0,0,0
1,1,510853,0,0,7,0,0,0,0,0,0,0
1,1,510854,21,21,21,21,21,21,21,21,21,21
2,1,510854,0,0,0,0,0,0,0,0,0,0
1,1,510855,0,0,0,0,0,0,0,0,0,0
2,1,510855,0,0,0,0,0,0,0,0,0,0
1,1,510856,0,0,0,0,0,12,0,0,0,0
2,1,510856,0,0,0,0,0,0,0,0,0,0
3,1,510856,0,0,0,0,0,0,0,0,0,0
1,1,510857,4,4,4,4,4,4,4,4,4,4
1,1,510858,0,0,0,0,0,0,0,0,0,0
2,1,510858,0,0,0,0,0,0,0,0,0,0
1,1,510859,0,0,0,0,0,0,0,0,0,0
2,1,510859,0,0,0,0,0,0,0,0,0,0
3,1,510859,0,0,0,0,0,0,0,0,0,0
1,1,510860,0,0,0,0,0,0,0,0,0,0
2,1,510860,0,0,0,0,0,0,0,0,0,0
1,1,510861,0,0,0,0,0,0,0,0,0,0
2,1,510861,0,0,0,0,0,0,0,0,0,0
3,1,510861,0,0,0,6,0,0,0,0,0,0
4,1,510861,0,0,0,0,0,0,0,0,0,0
1,1,510862,0,0,0,33,0,0,0,0,0,0
2,1,510862,0,0,39,0,0,0,0,0,20,15
1,1,510863,0,0,0,0,0,0,0,0,0,0
2,1,510863,0,0,0,0,0,0,0,0,0,0
1,1,510864,0,0,0,0,0,0,0,0,6,0
2,1,510864,0,0,0,0,0,0,0,0,0,0
0,1,510865,0,0,0,0,0,0,0,0,0,0
1,1,510865,0,6,10,0,6,0,0,0,4,0
1,1,510866,25,25,25,25,25,25,25,25,25,25
2,1,510866,0,0,13,0,0,0,0,0,13,0
1,1,510867,0,0,0,0,0,0,0,0,0,0
2,1,510867,0,0,0,0,0,0,0,0,0,0
0,1,510868,36,36,36,36,36,36,36,36,36,36
1,1,510868,0,0,0,0,0,0,0,0,0,0
1,1,510869,0,0,0,0,0,0,0,0,0,0
2,1,510869,0,0,0,9,0,0,0,0,0,0
0,1,510870,0,0,0,0,0,0,0,0,0,0
1,1,510870,0,0,0,0,0,0,0,0,0,0
1,1,510871,0,0,0,0,0,0,0,0,0,0
1,1,510872,0,0,0,0,0,0,0,0,0,17
2,1,510872,0,0,0,0,0,0,0,0,0,0
3,1,510872,11,7,0,0,0,0,0,0,0,0
1,1,510873,0,0,0,0,0,0,0,0,0,0
1,1,510874,0,0,0,0,0,0,0,0,0,0
2,1,510874,0,0,0,0,0,0,0,0,0,0
1,1,510875,0,0,0,0,0,0,0,6,0,0
2,1,510875,0,0,0,0,0,0,0,0,0,0
1,1,510876,0,0,0,0,0,0,0,0,0,0
2,1,510876,0,0,0,0,0,0,0,0,0,0
1,1,510877,0,0,0,0,0,0,0,0,0,0
1,1,510878,0,18,0,0,25,13,0,0,11,22
1,1,510879,0,0,0,0,0,0,0,0,0,0
1,1,510880,0,0,0,0,0,0,0,0,0,0
1,1,510881,0,0,0,0,17,0,0,0,0,14
1,1,510882,0,0,0,0,0,0,0,0,0,0
1,1,530001,19,21,5,12,9,25,0,21,15,18
2,1,530001,0,0,0,0,0,0,0,0,0,0
1,1,530002,0,0,0,0,0,0,0,0,0,0
2,1,530002,0,0,0,0,0,0,0,0,0,0
1,1,530003,24,24,24,24,24,24,24,24,24,24
1,1,530004,0,0,0,21,0,0,0,0,0,0
1,1,530005,0,0,0,0,0,0,0,0,0,0
2,1,530005,0,0,0,0,0,0,9,0,0,0
1,1,530006,8,8,8,8,8,8,8,8,8,8
1,1,530007,0,0,0,0,0,0,0,0,0,0
2,1,530007,0,0,0,0,0,0,0,0,0,0
1,1,530008,25,25,25,25,25,25,25,25,25,25
1,1,530009,0,0,0,0,0,0,0,0,0,0
2,1,530009,0,0,0,0,0,0,0,0,0,0
1,1,530010,0,0,0,0,0,0,0,0,0,0
2,1,530010,0,0,0,0,0,0,0,0,0,0
0,1,530011,0,0,0,0,0,0,0,0,0,0
1,1,530011,0,0,0,0,0,0,0,0,0,0
1,1,530012,0,0,0,0,0,0,0,0,0,0
2,1,530012,0,0,0,0,0,0,0,0,0,0
0,1,530013,23,23,23,23,23,23,23,23,23,23
1,1,530013,0,0,13,0,0,0,0,0,0,0
1,1,530014,23,23,23,23,23,23,23,23,23,23
1,1,530015,0,0,0,0,0,0,0,0,0,0
2,1,530015,0,0,0,0,0,0,0,0,0,0
3,1,530015,0,0,0,0,0,0,0,0,0,0
0,1,530016,0,0,0,0,0,0,0,0,0,0
1,1,530016,0,0,0,0,0,0,0,0,0,0
1,1,530017,17,17,17,17,17,17,17,17,17,17
1,1,530018,12,12,12,12,12,12,12,12,12,12
2,1,530018,0,0,0,0,0,0,0,0,0,0
1,1,530019,0,0,0,0,0,0,0,0,0,0
1,1,530020,0,0,0,0,0,0,0,0,0,0
2,1,530020,0,0,0,0,0,0,0,0,0,0
1,1,530021,0,0,0,0,0,0,0,0,0,0
1,1,530023,0,0,0,0,0,0,0,0,0,0
2,1,530023,0,0,0,0,0,0,0,0,0,0
0,1,530024,0,0,0,0,0,0,0,0,0,0
1,1,530024,0,0,0,0,0,0,0,0,0,0
0,1,530025,5,5,5,5,5,5,5,5,5,5
1,1,530025,0,0,0,0,0,0,0,0,0,0
0,1,530026,0,0,0,0,0,0,0,0,0,0
1,1,530026,0,0,0,0,0,0,0,0,0,0
1,1,530028,0,0,0,0,0,0,0,17,0,0
1,1,530029,22,22,22,22,22,22,22,22,22,22
1,1,530030,0,0,0,0,0,0,0,0,0,0
1,1,530031,8,8,8,8,8,8,8,8,8,8
1,1,530032,36,36,36,36,36,36,36,36,36,36
2,1,530032,0,0,0,0,14,0,0,2,0,0
1,1,530033,15,15,15,15,15,15,15,15,15,15
2,1,530033,0,0,0,0,0,0,0,0,0,0
0,1,530034,21,21,21,21,21,21,21,21,21,21
1,1,530034,7,7,7,7,7,7,7,7,7,7
1,1,530035,15,19,7,16,0,15,12,15,14,16
2,1,530035,2,2,2,2,2,2,2,2,2,2
0,1,530036,0,0,0,0,0,0,0,0,0,0
1,1,530036,0,0,0,0,0,0,0,0,0,0
1,1,530037,0,0,0,0,0,0,0,0,0,0
2,1,530037,0,0,0,0,0,0,0,0,0,0
1,1,530038,0,0,0,0,0,0,0,0,0,0
1,1,530039,0,0,0,0,0,0,0,0,0,0
1,1,530040,0,0,0,0,0,0,0,0,0,0
0,1,530041,0,0,0,0,0,0,0,0,0,0
1,1,530041,0,0,0,0,0,0,0,0,0,0
0,1,530042,21,21,21,21,21,21,21,21,21,21
1,1,530042,0,0,0,0,0,0,0,0,0,0
1,1,530043,14,14,14,14,14,14,14,14,14,14
2,1,530043,0,0,0,0,0,0,0,0,0,0
0,1,530045,0,0,0,0,0,0,0,0,0,0
1,1,530045,0,0,0,0,0,0,0,0,0,0
1,1,530046,8,8,8,8,8,8,8,8,8,8
1,1,530047,0,0,0,0,0,0,0,0,0,0
2,1,530047,0,0,0,0,0,0,0,0,0,0
1,1,530048,16,16,16,16,16,16,16,16,16,16
2,1,530048,0,0,0,0,0,0,17,0,0,0
3,1,530048,0,0,0,0,0,0,0,0,0,0
1,1,530049,0,0,0,0,0,0,0,0,0,0
1,1,530050,14,14,14,14,14,14,14,14,14,14
1,1,530051,0,0,0,0,0,0,0,0,0,16
2,1,530051,0,0,0,0,0,0,0,0,0,0
3,1,530051,17,0,0,0,0,0,0,0,0,0
0,1,530052,0,0,0,0,0,0,0,0,0,0
1,1,530052,0,0,0,0,0,0,0,0,0,0
1,1,530053,14,14,14,14,14,14,14,14,14,14
1,1,530054,0,0,0,0,0,0,0,0,0,0
0,1,530055,0,0,0,0,0,0,0,0,0,0
1,1,530055,0,0,0,0,0,0,0,0,0,0
1,1,530056,0,0,0,0,0,0,0,0,0,0
1,1,530057,5,5,5,5,5,5,5,5,5,5
1,1,530058,19,19,19,19,19,19,19,19,19,19
2,1,530058,0,0,0,0,0,0,0,0,0,0
1,1,530059,20,20,20,20,20,20,20,20,20,20
1,1,530060,23,23,23,23,23,23,23,23,23,23
2,1,530060,0,0,0,0,0,0,0,0,0,0
1,1,530061,0,0,0,0,0,0,0,0,0,0
1,1,530062,0,0,0,0,0,0,0,0,0,0
1,1,530063,32,32,32,32,32,32,32,32,32,32
2,1,530063,0,0,0,0,0,0,0,0,0,0
1,1,530064,12,12,12,12,12,12,12,12,12,12
1,1,530065,0,0,0,0,0,0,0,0,0,0
1,1,530066,13,13,13,13,13,13,13,13,13,13
1,1,530067,17,17,17,17,17,17,17,17,17,17
1,1,530068,36,36,36,36,36,36,36,36,36,36
1,1,530069,22,22,22,22,22,22,22,22,22,22
1,1,530070,9,9,9,9,9,9,9,9,9,9
1,1,530072,0,0,0,0,0,0,0,0,0,0
2,1,530072,0,0,0,0,0,0,0,0,0,0
3,1,530072,0,0,0,0,0,0,0,0,0,0
1,1,530074,0,0,0,0,0,0,0,0,0,0
2,1,530074,0,0,0,0,0,0,0,0,0,0
1,1,530075,0,0,0,0,0,0,0,0,0,0
1,1,530077,0,0,0,0,0,0,0,0,0,0
2,1,530077,0,0,0,6,0,0,0,0,0,17
1,1,530078,0,0,0,0,0,0,0,0,0,0
2,1,530078,0,18,0,0,0,0,0,0,0,0
1,1,530079,0,0,0,0,0,0,0,0,0,0
0,1,530080,0,0,0,0,0,0,0,0,0,0
1,1,530080,0,0,0,0,0,0,0,0,0,0
1,1,530081,0,0,0,0,0,0,0,0,0,0
1,1,530082,2,2,2,2,2,2,2,2,2,2
1,1,530083,0,0,0,0,0,0,0,0,0,0
1,1,530084,0,0,0,0,0,0,0,0,0,0
1,1,530085,24,24,24,24,24,24,24,24,24,24
1,1,530086,20,8,9,15,18,3,3,9,12,6
1,1,530087,0,0,0,0,0,0,0,0,0,0
2,1,530087,0,0,0,0,0,0,0,0,0,0
1,1,530088,0,0,0,0,0,0,0,0,0,0
0,1,530089,0,0,0,0,0,0,0,0,0,0
1,1,530089,0,0,0,0,0,0,0,0,0,0
0,1,530090,21,21,21,21,21,21,21,21,21,21
1,1,530090,0,0,0,0,0,0,0,0,0,0
1,1,530091,0,0,0,0,0,0,0,0,0,0
1,1,530092,12,12,12,12,12,12,12,12,12,12
2,1,530092,12,0,0,0,0,0,0,0,0,0
3,1,530092,0,0,12,0,6,0,0,0,7,11
1,1,530093,0,0,0,0,0,0,0,0,0,0
2,1,530093,0,0,0,0,0,0,0,0,0,0
1,1,530094,0,0,0,0,0,0,0,0,0,0
2,1,530094,0,0,0,0,0,0,0,0,0,0
1,1,530095,14,14,14,14,14,14,14,14,14,14
1,1,530096,0,0,0,0,0,0,0,0,0,0
2,1,530096,0,0,0,0,0,0,0,0,0,0
1,1,530097,0,0,0,0,0,0,0,0,0,0
1,1,530098,23,23,23,23,23,23,23,23,23,23
1,1,530099,6,6,6,6,6,6,6,6,6,6
1,1,530100,0,0,0,0,0,0,0,0,0,0
2,1,530100,5,5,5,5,5,5,5,5,5,5
1,1,530101,0,0,0,0,0,0,0,0,0,0
1,1,530102,0,0,0,0,0,0,0,0,0,0
2,1,530102,0,0,0,0,0,18,0,0,0,0
1,1,530103,0,0,0,0,0,0,0,0,0,0
2,1,530103,0,0,0,0,0,0,0,0,0,0
1,1,530104,0,0,0,0,0,0,0,0,0,0
0,1,530105,0,0,0,0,0,0,0,0,0,0
1,1,530105,0,0,0,0,0,0,0,0,0,0
0,1,530106,33,33,33,33,33,33,33,33,33,33
1,1,530106,0,0,0,0,0,0,0,0,0,0
1,1,530107,0,0,0,0,0,0,0,0,0,0
2,1,530107,0,0,0,0,0,0,0,0,0,0
3,1,530107,0,0,0,0,0,0,0,0,0,0
4,1,530107,17,0,0,0,0,0,0,32,0,0
1,1,530108,0,0,0,0,0,0,0,0,0,0
2,1,530108,0,0,0,0,0,0,0,0,0,0
3,1,530108,0,0,0,0,0,0,0,0,0,0
0,1,530109,0,0,0,0,0,0,0,0,0,0
1,1,530109,0,0,0,0,0,0,0,0,0,0
1,1,530110,6,6,6,6,6,6,6,6,6,6
2,1,530110,0,0,0,0,0,0,0,0,0,0
1,1,530111,0,0,0,0,0,0,0,0,0,0
2,1,530111,0,0,0,0,0,0,0,0,0,0
1,1,530112,0,0,0,0,0,0,0,0,0,0
2,1,530112,0,0,0,0,0,0,0,0,0,0
3,1,530112,0,0,0,0,0,0,0,0,0,0
1,1,530113,16,16,16,16,16,16,16,16,16,16
2,1,530113,8,0,0,0,3,13,0,6,0,0
1,1,530114,0,0,13,0,0,0,0,7,41,0
2,1,530114,0,0,0,0,0,0,0,0,0,0
1,1,530115,0,0,0,0,0,0,0,0,18,0
2,1,530115,0,0,0,0,0,0,0,0,0,0
1,1,530116,7,7,7,7,7,7,7,7,7,7
2,1,530116,0,0,0,0,0,0,0,0,0,0
1,1,530117,0,0,0,0,0,0,0,0,0,0
1,1,530118,0,0,21,18,17,0,15,24,14,4
2,1,530118,0,0,0,0,0,0,0,0,0,0
1,1,530120,14,14,14,14,14,14,14,14,14,14
1,1,530121,0,0,0,0,0,0,0,0,0,0
2,1,530121,0,0,0,0,0,0,0,0,0,0
1,1,530122,0,0,0,0,0,0,0,0,0,0
1,1,530123,0,0,0,0,0,0,0,0,0,0
2,1,530123,0,0,0,0,0,0,0,0,0,0
1,1,530124,25,25,25,25,25,25,25,25,25,25
1,1,530125,11,11,11,11,11,11,11,11,11,11
2,1,530125,0,0,0,0,0,0,0,0,0,0
1,1,530126,0,0,0,0,0,0,0,0,0,0
2,1,530126,0,0,0,0,0,0,0,0,0,0
1,1,530127,0,0,0,0,0,0,0,0,0,0
2,1,530127,0,0,0,0,0,0,0,0,0,0
1,1,530128,0,0,0,0,0,0,0,0,0,0
2,1,530128,0,0,0,0,0,0,0,0,0,0
1,1,530129,26,26,26,26,26,26,26,26,26,26
1,1,530130,0,0,0,0,0,0,0,0,0,0
2,1,530130,0,0,0,0,0,0,0,0,0,0
1,1,530131,0,0,0,0,0,0,0,0,0,0
2,1,530131,0,15,43,0,19,0,0,0,0,0
1,1,530132,24,24,24,24,24,24,24,24,24,24
1,1,530133,16,16,16,16,16,16,16,16,16,16
1,1,530134,10,10,10,10,10,10,10,10,10,10
1,1,530135,21,21,21,21,21,21,21,21,21,21
1,1,530136,23,23,23,23,23,23,23,23,23,23
0,1,530137,0,0,0,0,0,0,0,0,0,0
1,1,530137,0,0,0,0,0,0,0,0,0,0
1,1,530138,16,16,16,16,16,16,16,16,16,16
0,1,530139,0,0,0,0,0,0,0,0,0,0
1,1,530139,0,0,0,0,0,0,0,0,0,0
0,1,530140,0,0,0,0,0,0,0,0,0,0
1,1,530140,0,0,0,0,0,10,0,0,0,9
1,1,530141,0,0,0,0,0,0,0,0,0,0
2,1,530141,0,0,0,0,0,0,0,0,0,0
0,1,530142,0,0,0,0,0,0,0,0,0,0
1,1,530142,0,36,0,0,0,0,0,0,0,0
1,1,530143,0,0,0,0,0,0,0,0,0,0
1,1,530144,0,0,0,0,0,0,0,0,0,0
2,1,530144,0,0,0,0,0,0,0,0,0,0
1,1,530145,0,0,0,0,0,0,0,0,0,0
2,1,530145,0,0,0,0,0,0,0,0,0,0
1,1,530146,7,7,7,7,7,7,7,7,7,7
1,1,530147,24,24,24,24,24,24,24,24,24,24
2,1,530147,0,0,0,0,0,0,0,0,0,0
1,1,530148,9,9,9,9,9,9,9,9,9,9
1,1,530149,18,18,18,18,18,18,18,18,18,18
1,1,530150,7,7,7,7,7,7,7,7,7,7
2,1,530150,0,0,0,0,16,0,5,0,0,0
1,1,530151,0,0,0,0,0,0,0,0,0,0
1,1,530152,0,0,0,0,0,0,0,0,0,0
2,1,530152,0,0,0,0,0,0,0,0,0,0
1,1,530153,0,0,0,0,0,0,0,0,0,0
2,1,530153,0,0,0,0,0,0,0,0,0,0
3,1,530153,0,25,0,0,0,0,0,0,0,0
1,1,530154,0,0,0,0,0,0,0,0,0,0
2,1,530154,0,0,0,0,0,0,0,0,0,0
1,1,530155,0,0,0,0,0,0,0,0,0,0
0,1,530156,18,18,18,18,18,18,18,18,18,18
1,1,530156,0,0,0,0,0,0,0,0,0,0
1,1,530157,28,28,28,28,28,28,28,28,28,28
0,1,530158,0,0,0,0,0,0,0,0,0,0
1,1,530158,25,25,25,25,25,25,25,25,25,25
1,1,530159,4,4,4,4,4,4,4,4,4,4
1,1,530160,0,0,0,0,0,0,0,0,0,0
2,1,530160,0,0,0,0,0,0,0,0,0,0
3,1,530160,0,0,0,0,0,0,0,0,0,0
1,1,530161,0,0,0,0,0,0,0,0,0,0
1,1,530162,15,15,15,15,15,15,15,15,15,15
0,1,530163,3,3,3,3,3,3,3,3,3,3
1,1,530163,0,0,0,0,0,0,0,0,0,0
1,1,530164,13,13,13,13,13,13,13,13,13,13
1,1,530165,16,16,16,16,16,16,16,16,16,16
2,1,530165,0,0,12,0,0,0,0,0,0,0
0,1,530166,0,0,0,0,0,0,0,0,0,0
1,1,530166,0,0,0,0,0,0,0,0,0,0
1,1,530167,0,0,0,0,0,0,0,0,0,0
1,1,530168,0,0,0,0,0,0,0,0,0,0
2,1,530168,0,0,0,0,0,0,16,0,0,9
1,1,530169,0,0,0,0,0,0,0,0,0,0
2,1,530169,0,0,0,0,0,0,0,0,0,0
1,1,530170,16,16,16,16,16,16,16,16,16,16
2,1,530170,1,1,1,1,1,1,1,1,1,1
1,1,530171,16,16,16,16,16,16,16,16,16,16
1,1,530172,0,0,0,0,0,0,0,0,0,0
2,1,530172,0,0,0,0,0,0,0,0,0,0
3,1,530172,0,0,0,0,0,0,0,0,0,0
1,1,530173,0,0,8,13,0,24,0,19,0,2
1,1,530174,14,14,14,14,14,14,14,14,14,14
1,1,530175,19,19,19,19,19,19,19,19,19,19
2,1,530175,0,0,0,0,0,0,0,0,0,0
1,1,530176,0,0,0,0,0,0,0,0,0,0
2,1,530176,0,0,0,0,0,0,0,0,0,0
1,1,530177,26,26,26,26,26,26,26,26,26,26
1,1,530178,0,17,0,6,0,5,0,3,0,0
2,1,530178,0,0,0,0,0,0,0,0,0,0