VEH_NO,PER_NO,ST_CASE,P1,P2,P3,P4,P5,P6,P7,P8,P9,P10
3,1,530178,0,0,0,0,0,0,0,0,0,0
1,1,530179,31,31,31,31,31,31,31,31,31,31
1,1,530180,35,0,0,0,0,0,0,0,0,0
1,1,530181,0,0,0,0,0,0,0,0,0,0
2,1,530181,0,16,12,0,0,0,0,0,0,0
1,1,530182,0,0,0,0,0,0,0,0,0,0
2,1,530182,0,0,0,0,5,0,0,0,0,0
3,1,530182,0,0,0,0,0,0,0,0,0,0
1,1,530183,13,7,2,10,17,1,10,19,15,13
1,1,530184,17,17,17,17,17,17,17,17,17,17
0,1,530185,24,24,24,24,24,24,24,24,24,24
1,1,530185,0,0,0,0,0,0,0,0,0,0
1,1,530186,16,16,16,16,16,16,16,16,16,16
1,1,530187,0,0,0,0,0,0,0,0,0,0
1,1,530188,0,0,0,0,0,0,0,0,0,0
2,1,530188,0,0,0,0,0,0,0,0,0,0
3,1,530188,0,0,0,0,0,0,0,0,0,0
4,1,530188,0,0,0,0,0,0,0,0,0,0
5,1,530188,0,0,13,0,0,0,0,0,0,0
6,1,530188,0,0,0,0,0,0,0,0,0,0
1,1,530189,14,14,14,14,14,14,14,14,14,14
1,1,530190,9,9,9,9,9,9,9,9,9,9
1,1,530191,14,14,14,14,14,14,14,14,14,14
1,1,530192,13,13,13,13,13,13,13,13,13,13
1,1,530193,18,18,18,18,18,18,18,18,18,18
2,1,530193,0,0,0,0,0,0,0,0,0,0
3,1,530193,0,0,0,0,0,0,0,0,0,0
0,1,530194,8,8,8,8,8,8,8,8,8,8
1,1,530194,0,0,0,0,0,0,0,0,0,0
1,1,530195,11,11,11,11,11,11,11,11,11,11
1,1,530196,22,22,22,22,22,22,22,22,22,22
1,1,530197,0,0,0,0,0,0,0,0,0,0
1,1,530198,0,0,0,0,0,0,0,0,0,0
1,1,530199,14,14,14,14,14,14,14,14,14,14
1,1,530200,0,0,0,0,0,0,0,0,0,0
2,1,530200,0,0,0,0,0,0,0,0,0,0
1,1,530201,25,25,25,25,25,25,25,25,25,25
1,1,530202,4,4,4,4,4,4,4,4,4,4
2,1,530202,0,0,0,0,0,0,0,0,0,0
1,1,530203,0,0,0,0,0,0,0,0,0,0
1,1,530204,33,4,22,0,17,0,15,26,0,17
2,1,530204,0,0,0,0,0,0,0,0,0,0
0,1,530205,0,0,0,0,0,0,0,0,0,0
1,1,530205,0,19,0,0,0,0,0,0,5,23
1,1,530206,16,16,16,16,16,16,16,16,16,16
1,1,530207,0,0,0,0,0,0,0,0,0,0
1,1,530208,0,37,0,0,0,0,0,0,0,8
2,1,530208,0,0,0,0,0,0,0,0,0,0
1,1,530209,21,22,22,8,24,27,17,14,29,18
1,1,530210,0,0,0,0,0,0,0,0,0,0
2,1,530210,0,0,0,0,0,0,0,0,0,0
1,1,530211,0,0,15,0,0,13,19,0,10,7
0,1,530212,0,0,0,0,0,0,0,0,0,0
1,1,530212,23,6,17,0,13,10,15,37,4,25
1,1,530213,4,4,4,4,4,4,4,4,4,4
2,1,530213,0,0,0,0,0,10,0,0,0,0
1,1,530214,0,0,0,0,0,0,0,0,0,0
2,1,530214,0,0,0,0,0,0,0,0,0,0
1,1,530215,0,0,0,0,0,0,0,0,0,0
2,1,530215,0,4,0,0,0,0,0,0,0,0
0,1,530216,0,0,0,0,0,0,0,0,0,0
1,1,530216,0,0,0,3,0,0,8,0,0,0
1,1,530217,0,0,0,0,0,0,0,0,0,0
0,1,530218,5,5,5,5,5,5,5,5,5,5
1,1,530218,0,0,0,0,0,0,0,0,0,0
1,1,530219,4,4,4,4,4,4,4,4,4,4
2,1,530219,0,0,0,0,0,0,0,0,0,0
1,1,530220,16,16,16,16,16,16,16,16,16,16
2,1,530220,0,0,0,0,0,0,0,0,0,0
0,1,530221,0,0,0,0,0,0,0,0,0,0
1,1,530221,20,24,17,10,0,10,20,15,12,15
1,1,530222,15,15,15,15,15,15,15,15,15,15
1,1,530223,0,0,0,0,0,0,0,0,24,0
2,1,530223,0,0,0,0,0,0,0,0,0,0
1,1,530224,0,0,0,0,0,0,0,0,0,0
1,1,530225,23,23,23,23,23,23,23,23,23,23
1,1,530226,20,20,20,20,20,20,20,20,20,20
2,1,530226,0,0,0,0,0,0,0,0,0,0
1,1,530227,24,24,24,24,24,24,24,24,24,24
2,1,530227,0,0,0,0,0,0,0,0,0,0
3,1,530227,4,0,0,0,0,0,0,0,0,0
1,1,530228,0,0,0,0,0,0,0,0,0,0
2,1,530228,0,0,0,0,0,0,0,0,0,0
1,1,530229,16,16,16,16,16,16,16,16,16,16
1,1,530230,21,21,21,21,21,21,21,21,21,21
1,1,530231,8,8,8,8,8,8,8,8,8,8
2,1,530231,7,7,7,7,7,7,7,7,7,7
1,1,530232,0,0,0,0,0,5,0,0,0,0
2,1,530232,0,0,0,0,0,0,0,0,0,0
1,1,530233,0,0,0,0,0,0,0,0,0,0
1,1,530234,0,12,0,9,0,9,10,7,19,22
0,1,530235,28,28,28,28,28,28,28,28,28,28
1,1,530235,11,30,18,13,22,5,18,15,9,22
1,1,530236,0,0,0,0,0,0,0,0,0,0
2,1,530236,0,0,0,0,0,0,0,5,0,0
3,1,530236,0,0,0,0,0,0,0,0,0,0
1,1,530237,0,0,0,0,0,0,0,0,0,0
2,1,530237,0,17,0,0,0,0,0,0,0,0
1,1,530238,0,0,0,0,0,0,0,0,0,0
2,1,530238,0,0,0,0,0,0,0,0,0,0
3,1,530238,0,0,0,19,0,0,0,0,0,0
1,1,530239,17,17,17,17,17,17,17,17,17,17
1,1,530240,0,0,0,0,0,0,0,0,0,0
1,1,530241,0,0,0,0,0,0,0,0,0,0
1,1,530242,16,0,38,0,0,0,0,14,0,0
2,1,530242,0,0,0,0,0,0,0,0,0,0
1,1,530243,2,2,2,2,2,2,2,2,2,2
2,1,530243,0,0,15,0,0,13,0,0,0,0
1,1,530244,0,0,0,0,0,0,0,0,0,0
1,1,530245,20,20,20,20,20,20,20,20,20,20
1,1,530246,13,13,13,13,13,13,13,13,13,13
1,1,530247,15,15,15,15,15,15,15,15,15,15
0,1,530248,39,39,39,39,39,39,39,39,39,39
1,1,530248,0,0,0,7,0,0,17,0,0,0
0,1,530249,30,30,30,30,30,30,30,30,30,30
1,1,530249,0,0,0,0,0,0,0,0,0,0
1,1,530250,3,3,3,3,3,3,3,3,3,3
2,1,530250,0,0,0,0,0,0,0,0,0,0
1,1,530251,0,0,0,0,8,0,0,0,0,0
1,1,530252,0,0,0,0,0,0,0,0,0,0
0,1,530253,0,0,0,0,0,0,0,0,0,0
0,2,530253,24,14,13,17,30,0,24,0,27,21
1,1,530253,8,0,20,11,12,20,19,0,37,13
1,1,530254,0,0,0,0,0,0,0,0,0,0
2,1,530254,0,0,0,0,0,0,0,0,0,0
1,1,530255,10,10,10,10,10,10,10,10,10,10
2,1,530255,0,0,0,0,0,0,0,0,0,0
1,1,530256,0,0,0,0,0,0,0,0,0,0
2,1,530256,0,0,0,0,0,0,0,17,0,0
0,1,530257,0,0,0,0,0,0,0,0,0,0
1,1,530257,0,0,0,0,0,0,0,0,0,0
1,1,530258,0,0,0,0,0,0,0,0,0,0
2,1,530258,0,0,0,0,0,0,0,0,0,0
3,1,530258,0,0,0,0,0,0,0,0,0,0
1,1,530259,0,0,0,0,0,0,0,0,0,0
1,1,530260,0,0,0,0,0,0,0,0,0,0
2,1,530260,0,0,0,0,0,0,0,0,0,0
3,1,530260,0,0,0,0,0,0,0,0,0,0
1,1,530261,10,10,10,10,10,10,10,10,10,10
2,1,530261,0,0,0,0,0,0,0,0,0,0
1,1,530262,23,23,23,23,23,23,23,23,23,23
2,1,530262,0,0,0,0,0,0,0,0,0,0
0,1,530263,0,0,0,0,0,0,0,0,0,0
1,1,530263,0,0,0,0,0,0,0,0,0,0
1,1,530264,0,0,0,0,0,0,0,0,0,9
2,1,530264,0,0,0,0,0,0,0,0,0,0
0,1,530265,29,29,29,29,29,29,29,29,29,29
1,1,530265,0,0,0,0,0,0,0,12,0,0
1,1,530266,0,0,0,0,0,0,0,0,0,0
1,1,530267,18,18,18,18,18,18,18,18,18,18
2,1,530267,0,0,0,0,0,0,0,0,0,0
1,1,530268,0,0,0,0,0,0,0,0,0,0
1,1,530269,0,0,9,0,0,0,0,24,5,0
1,1,530270,10,10,10,10,10,10,10,10,10,10
1,1,530271,0,0,0,0,0,0,0,0,0,0
1,1,530272,0,0,0,0,0,0,0,0,0,0
2,1,530272,0,0,0,0,0,0,19,0,21,0
1,1,530273,0,0,0,0,0,0,0,0,0,0
2,1,530273,0,0,0,0,0,0,0,0,0,0
1,1,530274,0,0,0,0,0,0,0,0,0,0
2,1,530274,0,0,0,0,0,0,0,0,0,0
1,1,530275,18,18,18,18,18,18,18,18,18,18
0,1,530276,4,4,4,4,4,4,4,4,4,4
1,1,530276,0,5,0,0,0,2,7,0,0,9
1,1,530277,0,16,0,0,6,0,0,0,0,0
2,1,530277,0,0,0,11,0,0,0,5,0,0
3,1,530277,0,9,0,0,0,0,0,0,0,0
4,1,530277,0,0,0,0,0,0,0,0,0,0
1,1,530278,0,0,0,0,0,0,0,0,0,0
1,1,530279,0,0,0,0,0,0,0,0,0,0
2,1,530279,0,14,0,0,0,0,0,0,0,0
1,1,530280,0,0,0,0,0,0,0,0,0,0
1,1,530281,0,0,0,0,0,0,0,0,0,0
2,1,530281,0,0,0,0,0,0,0,0,0,0
1,1,530282,8,8,8,8,8,8,8,8,8,8
1,1,530283,0,0,0,0,0,0,0,0,0,0
1,1,530284,0,0,0,0,0,0,0,0,0,0
2,1,530284,0,0,9,0,0,0,0,0,0,0
1,1,530285,12,12,12,12,12,12,12,12,12,12
1,1,530286,21,21,21,21,21,21,21,21,21,21
2,1,530286,10,0,0,0,0,0,0,0,15,0
3,1,530286,0,0,0,0,0,0,0,0,0,0
1,1,530287,6,6,6,6,6,6,6,6,6,6
1,1,530288,0,0,0,0,0,0,0,0,0,0
2,1,530288,0,0,0,0,0,0,0,0,0,0
1,1,530289,2,2,2,2,2,2,2,2,2,2
1,1,530290,0,0,0,0,0,0,0,0,0,0
1,1,530291,25,25,25,25,25,25,25,25,25,25
2,1,530291,21,0,0,5,0,0,0,0,0,0
1,1,530292,17,17,17,17,17,17,17,17,17,17
1,1,530293,16,16,16,16,16,16,16,16,16,16
1,1,530294,0,17,12,0,0,0,0,0,0,0
2,1,530294,0,0,0,0,0,0,0,0,0,0
1,1,530295,17,17,17,17,17,17,17,17,17,17
2,1,530295,0,0,0,0,0,0,0,0,0,0
1,1,530296,22,22,22,22,22,22,22,22,22,22
2,1,530296,1,0,8,0,0,24,0,18,0,0
1,1,530297,14,14,14,14,14,14,14,14,14,14
1,1,530298,23,23,23,23,23,23,23,23,23,23
1,1,530299,20,20,20,20,20,20,20,20,20,20
2,1,530299,0,0,0,0,14,0,0,0,0,5
1,1,530300,0,0,0,0,0,0,0,0,0,0
2,1,530300,0,0,0,0,0,0,0,0,0,0
0,1,530301,0,0,0,0,0,0,0,0,0,0
1,1,530301,0,0,0,0,0,0,0,0,0,0
1,1,530302,7,7,7,7,7,7,7,7,7,7
1,1,530303,0,0,0,0,0,0,0,0,0,0
1,1,530304,0,0,0,0,0,0,0,0,0,0
1,1,530305,27,27,27,27,27,27,27,27,27,27
1,1,530306,0,0,0,0,0,0,0,0,0,16
1,1,530307,0,0,0,0,0,0,0,0,0,0
0,1,530308,0,0,0,0,0,0,0,0,0,0
1,1,530308,24,19,20,10,6,12,10,7,10,13
1,1,530309,0,0,0,0,0,0,0,0,0,0
2,1,530309,0,0,0,0,0,0,0,0,0,0
3,1,530309,0,0,0,0,0,0,0,0,0,0
1,1,530310,0,0,0,0,0,0,0,0,0,0
2,1,530310,0,0,0,0,0,0,0,0,0,0
3,1,530310,0,0,5,0,0,0,0,0,0,0
1,1,530311,0,0,0,0,0,0,0,0,0,0
1,1,530312,0,0,0,0,0,0,0,0,0,0
2,1,530312,20,20,20,20,20,20,20,20,20,20
1,1,530313,0,0,0,0,0,0,0,0,0,0
1,1,530314,0,0,0,0,0,0,0,0,0,0
1,1,530315,24,24,24,24,24,24,24,24,24,24
0,1,530316,0,0,0,0,15,0,0,0,0,0
1,1,530316,0,0,0,0,0,0,0,4,0,0
1,1,530317,24,24,24,24,24,24,24,24,24,24
1,1,530318,22,22,22,22,22,22,22,22,22,22
1,1,530319,0,0,0,0,0,0,0,0,0,0
2,1,530319,0,0,0,0,0,0,0,0,0,0
0,1,530320,8,8,8,8,8,8,8,8,8,8
1,1,530320,0,0,0,0,0,0,0,0,0,0
0,1,530321,0,0,0,6,0,0,0,0,0,0
1,1,530321,0,0,0,0,0,0,6,0,0,0
1,1,530323,0,0,0,0,0,0,0,0,0,0
2,1,530323,0,0,0,0,0,0,0,0,0,0
1,1,530324,0,0,0,0,0,0,0,0,0,0
2,1,530324,0,0,0,0,0,0,0,0,0,0
1,1,530325,0,0,0,0,0,0,0,0,0,0
2,1,530325,0,0,0,0,25,0,0,0,0,0
1,1,530326,0,0,0,0,0,0,0,0,0,0
2,1,530326,0,0,0,0,0,0,0,0,0,0
1,1,530327,0,0,0,0,0,0,0,0,0,0
1,1,530328,0,0,0,0,0,0,0,0,0,0
2,1,530328,0,0,0,0,0,0,0,0,0,0
3,1,530328,0,0,0,0,0,0,0,0,0,0
4,1,530328,0,0,0,0,0,0,0,0,0,0
1,1,530329,0,0,0,0,0,0,0,0,0,0
2,1,530329,0,0,0,0,0,0,0,0,0,0
3,1,530329,10,0,0,0,0,16,0,0,0,0
1,1,530330,25,25,25,25,25,25,25,25,25,25
1,1,530331,19,19,19,19,19,19,19,19,19,19
2,1,530331,0,0,0,0,0,0,0,0,14,0
1,1,530332,0,0,0,0,0,0,0,0,0,0
2,1,530332,3,3,3,3,3,3,3,3,3,3
1,1,530333,0,0,0,0,0,0,0,0,0,0
1,1,530334,14,14,14,14,14,14,14,14,14,14
1,1,530335,0,0,6,0,0,3,0,0,0,0
2,1,530335,0,0,0,0,0,0,0,0,0,0
1,1,530336,0,0,0,0,0,0,0,0,0,0
2,1,530336,0,0,0,0,0,0,0,0,0,0
1,1,530337,15,15,15,15,15,15,15,15,15,15
2,1,530337,0,0,0,0,0,0,0,0,0,0
1,1,530338,4,4,4,4,4,4,4,4,4,4
1,1,530339,25,10,16,0,0,35,0,0,0,0
1,1,530340,17,17,17,17,17,17,17,17,17,17
2,1,530340,0,0,0,0,0,0,0,0,0,0
1,1,530341,14,14,14,14,14,14,14,14,14,14
1,1,530342,13,0,0,0,0,0,0,0,0,0
1,1,530343,2,2,2,2,2,2,2,2,2,2
0,1,530344,29,29,29,29,29,29,29,29,29,29
1,1,530344,0,0,6,0,0,0,0,0,10,0
1,1,530345,0,5,0,0,0,0,0,0,0,0
2,1,530345,0,0,0,0,0,0,0,0,0,0
1,1,530346,0,0,0,0,0,0,0,0,0,0
2,1,530346,0,0,0,0,0,11,0,0,0,0
1,1,530347,0,7,22,0,18,0,0,0,19,0
2,1,530347,0,0,0,0,0,0,0,0,0,0
1,1,530348,26,26,26,26,26,26,26,26,26,26
0,1,530349,0,0,21,0,0,0,9,0,0,22
0,2,530349,0,7,0,0,14,0,0,0,0,0
1,1,530349,0,0,0,0,0,0,0,0,0,0
1,1,530350,0,0,0,0,0,0,0,0,0,0
1,1,530351,0,0,0,0,0,0,0,0,0,0
2,1,530351,0,0,0,0,0,0,0,0,0,0
1,1,530352,0,0,0,0,0,0,0,0,0,0
1,1,530353,0,0,0,0,0,7,0,0,0,0
1,1,530354,22,22,22,22,22,22,22,22,22,22
1,1,530355,20,20,20,20,20,20,20,20,20,20
1,1,530356,0,0,0,0,0,0,0,0,0,0
2,1,530356,22,0,0,0,0,0,0,0,0,0
1,1,530357,0,0,0,0,0,0,0,0,0,0
2,1,530357,0,0,0,0,0,0,0,0,0,0
1,1,530358,0,0,0,0,0,0,0,0,0,0
2,1,530358,0,0,0,0,0,0,0,0,0,0
0,1,530359,22,22,22,22,22,22,22,22,22,22
1,1,530359,0,0,0,0,0,0,0,0,0,0
1,1,530360,18,18,18,18,18,18,18,18,18,18
1,1,530361,13,13,13,13,13,13,13,13,13,13
1,1,530362,16,16,16,16,16,16,16,16,16,16
2,1,530362,4,4,4,4,4,4,4,4,4,4
1,1,530363,0,0,0,0,0,0,0,0,0,0
1,1,530364,14,14,14,14,14,14,14,14,14,14
1,1,530365,0,11,0,0,0,0,0,0,0,0
2,1,530365,0,0,0,0,0,0,0,0,0,0
1,1,530366,0,0,0,0,0,0,0,0,0,0
2,1,530366,0,0,0,0,0,0,0,0,0,0
3,1,530366,0,0,0,0,0,0,0,0,0,0
1,1,530367,26,26,26,26,26,26,26,26,26,26
1,1,530368,0,0,0,0,0,0,0,0,0,0
1,1,530369,0,0,0,0,0,0,0,0,0,0
1,1,530370,0,0,0,0,0,0,0,0,0,0
2,1,530370,0,0,0,0,0,0,0,0,0,0
1,1,530371,0,0,0,0,0,0,0,0,0,0
2,1,530371,0,0,0,0,0,0,0,0,0,0
1,1,530372,0,0,0,0,0,0,0,0,0,0
2,1,530372,0,0,0,0,0,0,0,0,0,0
1,1,530373,0,0,0,0,0,0,0,0,0,0
2,1,530373,0,0,6,0,0,0,0,0,0,0
1,1,530374,0,0,0,0,0,0,0,0,0,0
2,1,530374,21,0,0,0,0,0,15,0,0,0
1,1,530375,28,28,28,28,28,28,28,28,28,28
1,1,530376,0,0,0,0,0,0,0,0,0,0
1,1,530377,4,4,4,4,4,4,4,4,4,4
1,1,530378,0,0,0,0,0,0,0,0,0,12
0,1,530379,0,0,0,0,0,0,0,0,0,0
0,2,530379,0,0,0,0,0,12,0,0,0,0
1,1,530379,3,3,3,3,3,3,3,3,3,3
2,1,530379,0,0,14,0,15,0,0,10,0,14
1,1,530380,0,0,0,0,0,0,0,0,11,0
2,1,530380,0,0,0,0,0,0,0,0,0,0
1,1,530381,0,0,0,0,0,0,0,0,0,0
1,1,530382,0,0,0,0,0,0,0,9,0,0
2,1,530382,0,0,0,0,0,0,0,0,0,0
1,1,530383,0,0,0,0,0,0,0,0,0,0
1,1,530384,0,0,0,23,0,0,0,0,0,0
2,1,530384,0,0,0,0,0,0,0,0,0,0
1,1,530385,0,0,0,0,0,0,0,0,0,0
2,1,530385,0,0,0,0,0,0,0,0,0,0
1,1,530386,0,0,0,0,0,0,0,0,0,0
2,1,530386,0,0,0,0,0,0,0,0,0,0
1,1,530387,13,13,13,13,13,13,13,13,13,13
2,1,530387,0,0,0,0,0,0,0,0,0,0
1,1,530388,0,5,0,0,0,0,0,8,0,0
2,1,530388,0,0,0,0,0,0,0,0,0,0
0,1,530389,9,9,9,9,9,9,9,9,9,9
1,1,530389,0,0,0,0,0,0,0,0,0,0
1,1,530390,0,0,0,0,0,0,0,0,0,0
2,1,530390,0,0,0,0,0,0,0,0,0,0
1,1,530391,4,4,4,4,4,4,4,4,4,4
1,1,530392,0,0,0,0,0,0,0,0,0,0
1,1,530393,0,0,0,0,0,0,0,0,0,0
1,1,530394,12,12,12,12,12,12,12,12,12,12
1,1,530395,0,0,0,0,0,0,0,0,0,0
2,1,530395,9,0,0,0,0,0,0,0,0,0
1,1,530396,5,5,5,5,5,5,5,5,5,5
1,1,530397,15,14,0,11,20,28,37,7,13,3
1,1,530398,16,16,16,16,16,16,16,16,16,16
1,1,530400,3,27,15,24,15,15,8,0,0,0
0,1,530401,34,34,34,34,34,34,34,34,34,34
1,1,530401,0,0,0,0,0,0,0,0,0,0
0,1,530402,23,23,23,23,23,23,23,23,23,23
1,1,530402,0,0,0,0,0,0,0,0,0,0
1,1,530403,0,0,0,0,0,0,0,0,0,0
2,1,530403,0,0,0,0,0,0,0,0,0,0
3,1,530403,0,0,0,0,0,0,0,0,0,0
4,1,530403,0,0,0,0,0,0,0,0,0,0
1,1,530404,34,34,34,34,34,34,34,34,34,34
0,1,530405,0,0,0,0,0,0,0,0,0,0
1,1,530405,0,0,8,0,15,0,0,0,0,0
1,1,530406,20,20,20,20,20,20,20,20,20,20
1,1,530407,18,18,18,18,18,18,18,18,18,18
1,1,530408,32,14,14,16,0,0,5,14,0,5
1,1,530409,22,22,22,22,22,22,22,22,22,22
1,1,530410,0,0,0,0,0,0,0,0,0,0
2,1,530410,0,0,0,0,0,0,0,0,0,0
3,1,530410,12,12,12,12,12,12,12,12,12,12
1,1,530411,0,0,0,0,0,0,0,0,0,0
1,1,530412,0,0,0,0,0,0,0,0,0,0
2,1,530412,0,0,0,0,0,0,0,0,0,0
1,1,530413,12,12,12,12,12,12,12,12,12,12
1,1,530414,14,14,14,14,14,14,14,14,14,14
2,1,530414,0,0,0,0,0,0,0,0,0,0
1,1,530415,15,15,15,15,15,15,15,15,15,15
0,1,530416,31,31,31,31,31,31,31,31,31,31
1,1,530416,0,0,0,0,0,0,0,0,0,0
1,1,530417,18,18,18,18,18,18,18,18,18,18
2,1,530417,0,0,0,0,0,0,0,0,0,0
1,1,530418,9,0,0,0,0,0,0,0,0,0
2,1,530418,0,0,0,0,0,0,0,0,0,0
3,1,530418,0,0,0,0,0,0,0,0,0,0
1,1,530419,0,0,0,0,0,0,0,0,0,0
1,1,530420,0,0,0,0,0,0,0,0,0,0
2,1,530420,0,0,0,0,0,0,0,0,0,0
1,1,530421,0,0,0,0,0,12,0,0,0,0
1,1,530422,16,16,16,16,16,16,16,16,16,16
1,1,530423,0,0,0,0,0,0,0,0,0,0
1,1,530424,15,15,15,15,15,15,15,15,15,15
2,1,530424,0,0,0,0,0,0,0,0,0,0
1,1,530426,0,0,0,0,0,0,0,0,0,0
1,1,530428,21,21,21,21,21,21,21,21,21,21
1,1,530429,0,0,0,0,0,0,0,0,0,0
1,1,530430,0,0,0,0,0,0,0,0,0,0
2,1,530430,10,0,0,0,0,5,0,0,0,0
0,1,530431,0,0,0,0,0,0,0,0,0,0
1,1,530431,0,0,0,0,0,0,0,0,0,0
1,1,530432,0,0,0,0,0,0,0,0,0,0
0,1,530433,26,26,26,26,26,26,26,26,26,26
1,1,530433,0,0,0,0,0,9,0,0,0,0
1,1,530434,0,0,0,0,0,0,0,0,0,0
2,1,530434,0,0,0,0,0,0,0,0,0,0
3,1,530434,0,0,0,0,0,0,0,0,0,0
1,1,530435,0,0,0,0,0,0,0,0,0,0
1,1,530436,27,27,27,27,27,27,27,27,27,27
1,1,530437,0,0,0,0,0,0,0,0,0,0
2,1,530437,0,5,0,0,0,0,0,0,0,0
3,1,530437,0,0,0,0,0,0,0,0,0,0
4,1,530437,0,0,0,0,0,0,0,0,0,0
1,1,530438,3,3,3,3,3,3,3,3,3,3
1,1,530439,0,0,0,0,0,0,0,0,0,0
2,1,530439,0,0,0,0,0,0,0,0,0,0
1,1,530441,0,0,0,0,0,0,0,0,0,0
2,1,530441,0,0,7,0,0,0,0,0,0,0
1,1,530442,20,20,20,20,20,20,20,20,20,20
2,1,530442,7,7,7,7,7,7,7,7,7,7
1,1,530443,18,18,18,18,18,18,18,18,18,18
1,1,530444,8,8,8,8,8,8,8,8,8,8
1,1,530445,19,19,19,19,19,19,19,19,19,19
1,1,530446,0,0,0,0,0,0,0,0,0,0
0,1,530447,27,27,27,27,27,27,27,27,27,27
1,1,530447,15,15,15,15,15,15,15,15,15,15
0,1,530448,0,0,0,0,0,0,0,0,0,0
1,1,530448,0,0,0,0,0,0,0,0,0,0
1,1,530449,0,0,0,0,0,0,0,0,0,0
2,1,530449,0,0,0,0,0,0,0,0,0,0
1,1,530450,2,2,2,2,2,2,2,2,2,2
1,1,530451,15,15,15,15,15,15,15,15,15,15
1,1,530452,28,28,28,28,28,28,28,28,28,28
2,1,530452,0,0,0,0,0,0,0,0,0,0
0,1,530453,0,0,0,0,0,0,0,0,0,0
1,1,530453,0,0,0,0,7,0,0,12,0,0
1,1,530454,12,12,12,12,12,12,12,12,12,12
1,1,530455,0,0,0,0,0,0,0,0,0,0
2,1,530455,0,16,0,9,0,0,0,0,0,0
1,1,530456,6,6,6,6,6,6,6,6,6,6
1,1,530457,0,0,0,0,0,0,0,0,0,0
2,1,530457,0,0,0,0,0,0,0,0,0,0
1,1,530458,5,5,5,5,5,5,5,5,5,5
1,1,530459,0,0,0,0,0,0,0,0,0,0
2,1,530459,0,0,0,0,0,0,0,0,0,0
1,1,530460,24,24,24,24,24,24,24,24,24,24
1,1,530461,0,0,0,0,0,0,0,0,0,0
2,1,530461,0,0,0,0,0,0,0,0,0,0
1,1,530462,0,0,0,0,0,0,0,0,0,0
2,1,530462,0,0,0,0,0,0,0,0,0,0
1,1,530463,0,0,0,0,0,0,0,0,0,0
2,1,530463,0,0,0,0,0,0,0,0,0,0
1,1,530465,18,18,18,18,18,18,18,18,18,18
2,1,530465,0,0,0,0,0,0,0,0,0,0
1,1,530466,0,0,0,0,0,0,0,0,0,0
2,1,530466,0,0,0,0,0,0,0,0,0,0
1,1,530467,13,13,13,13,13,13,13,13,13,13
1,1,530468,14,14,14,14,14,14,14,14,14,14
1,1,530469,21,21,21,21,21,21,21,21,21,21
1,1,530470,0,0,0,0,0,0,0,0,0,0
2,1,530470,0,0,0,0,0,0,0,0,0,0
1,1,530471,12,12,12,12,12,12,12,12,12,12
1,1,530472,0,0,0,0,0,0,0,0,0,0
2,1,530472,0,0,0,0,0,0,0,0,13,0
3,1,530472,0,0,0,11,0,12,0,0,0,0
1,1,530473,23,23,23,23,23,23,23,23,23,23
1,1,530474,20,20,20,20,20,20,20,20,20,20
1,1,530475,23,23,23,23,23,23,23,23,23,23
2,1,530475,0,0,0,0,0,0,0,0,0,0
1,1,530476,0,0,0,0,0,0,0,0,0,0
0,1,530477,0,0,0,0,0,0,0,0,0,0
1,1,530477,0,0,0,0,0,0,0,0,8,0
0,1,530478,0,0,0,0,0,0,0,0,0,0
1,1,530478,0,0,0,0,0,0,0,0,0,0
1,1,530479,0,0,0,0,0,0,0,0,0,0
1,1,530480,0,0,0,0,0,0,0,0,0,0
2,1,530480,0,0,0,0,0,0,0,0,0,0
1,1,530481,19,19,19,19,19,19,19,19,19,19
1,1,530482,0,0,0,0,0,0,0,0,0,0
2,1,530482,0,0,0,0,0,0,0,0,0,0
1,1,530483,0,0,0,0,0,0,0,0,0,0
0,1,530484,0,0,0,0,0,0,0,0,0,0
1,1,530484,17,0,4,14,26,10,21,20,0,0
1,1,530485,13,0,14,0,0,0,0,0,9,0
2,1,530485,0,0,0,0,0,0,0,0,0,0
1,1,530486,19,19,19,19,19,19,19,19,19,19
1,1,530487,18,18,18,18,18,18,18,18,18,18
1,1,530488,0,0,0,0,0,0,0,0,0,0
2,1,530488,0,0,0,0,0,0,0,0,0,0
1,1,530489,7,7,7,7,7,7,7,7,7,7
1,1,530490,0,0,0,0,0,0,0,0,0,0
2,1,530490,0,0,0,0,0,0,0,0,0,0
1,1,530491,0,0,0,0,0,0,0,0,0,0
1,1,530492,19,19,19,19,19,19,19,19,19,19
1,1,530493,0,0,0,0,0,0,0,0,0,0
2,1,530493,0,0,0,0,0,0,0,0,0,0
1,1,530495,0,0,0,0,0,0,0,0,0,0
2,1,530495,0,0,0,0,0,0,0,0,0,0
3,1,530495,0,0,0,0,0,0,0,0,0,0