VEH_NO,PER_NO,ST_CASE,P1,P2,P3,P4,P5,P6,P7,P8,P9,P10
1,1,530496,0,0,0,0,0,0,0,0,0,0
2,1,530496,0,0,0,0,0,0,0,0,0,0
1,1,530497,0,0,0,0,0,0,0,0,0,0
2,1,530497,0,0,0,0,0,0,0,0,0,0
1,1,530498,16,16,16,16,16,16,16,16,16,16
1,1,530499,19,19,19,19,19,19,19,19,19,19
1,1,530500,0,0,0,0,0,0,0,0,0,0
1,1,530501,1,1,1,1,1,1,1,1,1,1
2,1,530501,0,0,0,0,0,0,20,0,0,7
3,1,530501,16,0,0,0,0,0,0,0,0,0
1,1,530502,0,0,0,0,0,0,0,9,0,0
2,1,530502,0,0,0,0,0,0,0,0,0,0
1,1,530503,24,24,24,24,24,24,24,24,24,24
1,1,530504,12,12,12,12,12,12,12,12,12,12
1,1,530505,0,0,0,0,0,0,0,0,0,0
2,1,530505,0,0,0,0,0,0,0,0,0,0
0,1,530506,0,0,0,0,0,0,0,0,0,0
1,1,530506,0,0,0,0,0,0,0,0,0,0
1,1,530507,0,0,0,0,0,0,0,0,0,0
1,1,530508,0,0,0,0,16,0,0,0,0,0
2,1,530508,0,0,0,0,0,0,0,0,0,0
0,1,530509,0,0,0,0,0,0,0,0,0,0
1,1,530509,0,0,0,0,0,0,0,0,0,0
1,1,530510,0,0,0,0,0,0,0,0,0,0
1,1,530511,0,0,0,0,0,0,0,0,0,0
0,1,530512,0,0,0,0,0,0,0,0,0,0
1,1,530512,15,0,0,0,0,0,9,0,0,0
0,1,530513,0,0,0,0,0,0,0,0,0,0
1,1,530513,0,0,0,0,0,0,0,0,0,0
1,1,530514,0,0,0,0,0,0,0,0,0,0
2,1,530514,0,0,0,0,0,0,0,0,0,0
1,1,530515,0,0,0,0,0,0,0,0,0,0
1,1,530516,0,0,0,0,0,0,0,0,0,0
1,1,530517,5,5,5,5,5,5,5,5,5,5
2,1,530517,0,0,0,0,0,0,0,0,0,0
1,1,530518,0,0,0,0,0,0,0,0,0,0
2,1,530518,0,0,0,0,0,0,0,0,0,0
1,1,530519,0,0,0,0,0,0,0,0,0,0
2,1,530519,0,0,0,0,0,0,0,0,0,0
3,1,530519,0,0,0,0,0,0,0,0,0,0
1,1,530520,0,0,0,0,0,0,0,0,0,0
2,1,530520,0,0,0,0,0,0,0,0,0,0
1,1,530521,0,0,0,0,0,0,0,0,0,0
1,1,530522,0,0,0,0,0,0,0,0,0,0
2,1,530522,0,0,0,0,0,0,0,0,0,0
1,1,530523,0,0,0,0,0,0,0,0,0,0
2,1,530523,0,0,0,0,0,0,0,0,0,0
1,1,530524,24,24,24,24,24,24,24,24,24,24
2,1,530524,0,0,0,0,0,0,0,0,9,0
0,1,530525,0,0,0,0,0,0,0,0,0,0
1,1,530525,0,0,0,0,0,0,0,0,0,0
1,1,530526,24,24,24,24,24,24,24,24,24,24
1,1,530527,0,0,0,0,0,0,0,0,0,0
1,1,530528,0,0,0,0,27,0,0,0,0,0
1,1,530529,0,0,0,0,0,0,0,0,0,0
1,1,530530,14,14,14,14,14,14,14,14,14,14
1,1,530531,28,28,28,28,28,28,28,28,28,28
1,1,530532,0,0,0,0,0,0,0,0,0,0
1,1,530533,0,0,0,0,0,0,0,0,0,0
1,1,530534,13,13,13,13,13,13,13,13,13,13
1,1,530535,19,19,19,19,19,19,19,19,19,19
1,1,530536,8,8,8,8,8,8,8,8,8,8
1,1,530537,0,0,0,0,0,0,0,0,0,0
2,1,530537,0,0,19,0,0,0,0,0,0,0
0,1,530538,31,31,31,31,31,31,31,31,31,31
1,1,530538,0,0,0,0,0,0,0,0,0,0
0,1,530539,14,14,14,14,14,14,14,14,14,14
1,1,530539,0,0,0,0,0,0,0,0,0,0
1,1,530540,0,0,0,0,0,0,0,0,0,7
1,1,530541,0,0,0,0,0,0,0,0,0,0
2,1,530541,0,0,0,0,0,0,5,0,0,0
3,1,530541,0,0,0,0,0,0,0,0,0,0
4,1,530541,0,0,0,0,0,0,0,0,0,0
5,1,530541,0,0,0,0,0,7,0,0,0,0
1,1,530542,22,22,22,22,22,22,22,22,22,22
0,1,530543,0,0,0,0,0,0,0,0,0,0
1,1,530543,0,0,0,0,0,0,0,30,0,0
1,1,530544,0,0,0,0,0,0,0,0,0,0
2,1,530544,0,0,0,0,0,0,0,0,0,0
1,1,530545,3,3,3,3,3,3,3,3,3,3
1,1,530546,33,33,33,33,33,33,33,33,33,33
2,1,530546,0,0,0,0,0,0,0,0,0,0
1,1,530547,0,0,0,0,0,0,0,0,0,0
1,1,530548,0,0,19,0,0,0,0,0,0,0
1,1,530549,0,0,0,0,0,0,0,0,0,0
1,1,530550,14,14,14,14,14,14,14,14,14,14
1,1,530551,24,24,24,24,24,24,24,24,24,24
2,1,530551,0,0,0,0,0,0,0,0,0,0
1,1,530552,0,5,0,0,0,0,0,0,0,0
2,1,530552,0,0,0,0,0,0,0,0,0,0
1,1,530553,0,0,0,0,0,0,0,0,0,0
2,1,530553,0,0,0,0,0,0,0,0,0,0
1,1,530554,14,14,14,14,14,14,14,14,14,14
1,1,530555,0,0,0,0,0,0,0,0,0,0
2,1,530555,0,0,4,0,0,0,0,0,0,0
1,1,530556,20,20,20,20,20,20,20,20,20,20
1,1,530557,10,10,10,10,10,10,10,10,10,10
2,1,530557,0,0,5,0,0,0,0,0,0,0
1,1,530558,0,0,0,0,0,0,0,0,0,0
2,1,530558,0,0,0,0,0,0,0,0,0,0
1,1,530559,13,13,13,13,13,13,13,13,13,13
1,1,530560,22,22,22,22,22,22,22,22,22,22
1,1,530561,0,0,0,0,0,0,0,0,0,0
2,1,530561,3,3,3,3,3,3,3,3,3,3
1,1,530562,0,0,0,0,0,0,0,0,0,0
0,1,530563,30,30,30,30,30,30,30,30,30,30
1,1,530563,0,0,0,0,0,0,0,0,0,0
1,1,530564,0,0,0,6,0,0,0,0,0,0
2,1,530564,0,0,0,13,0,10,0,0,0,0
1,1,530565,5,5,5,5,5,5,5,5,5,5
1,1,530566,11,11,11,11,11,11,11,11,11,11
2,1,530566,14,14,14,14,14,14,14,14,14,14
1,1,530567,16,16,16,16,16,16,16,16,16,16
1,1,530568,0,0,0,0,0,0,0,25,0,0
1,1,530569,14,14,14,14,14,14,14,14,14,14
0,1,530570,0,0,0,0,0,0,0,0,0,0
1,1,530570,0,0,0,0,0,0,0,0,0,0
1,1,530571,0,0,0,0,0,0,0,0,0,0
2,1,530571,0,0,33,0,0,0,0,0,0,0
1,1,530572,0,0,0,0,0,0,0,0,0,0
1,1,530573,0,0,0,0,0,0,0,0,0,0
2,1,530573,0,0,0,0,0,0,0,0,0,0
1,1,530574,0,0,0,0,0,0,0,0,0,0
2,1,530574,0,0,0,0,0,0,0,0,0,0
1,1,530575,0,0,0,0,0,0,0,0,0,0
0,1,530576,4,4,4,4,4,4,4,4,4,4
1,1,530576,0,0,0,0,0,0,0,0,0,0
0,1,530577,6,6,6,6,6,6,6,6,6,6
1,1,530577,17,0,0,0,16,0,0,0,10,0
1,1,530578,0,0,9,0,0,0,0,0,0,0
1,1,530579,22,22,22,22,22,22,22,22,22,22
2,1,530579,0,0,0,0,0,0,0,0,0,0
3,1,530579,0,0,0,0,0,0,0,0,11,0
4,1,530579,0,0,0,0,0,0,0,0,0,0
5,1,530579,0,0,0,0,0,0,0,0,0,0
1,1,530580,0,0,0,0,0,0,0,0,0,0
2,1,530580,0,0,0,0,0,0,0,0,0,0
0,1,530581,0,0,0,0,0,0,0,0,0,0
1,1,530581,0,0,0,0,0,0,0,0,0,0
0,1,530582,22,22,22,22,22,22,22,22,22,22
1,1,530582,0,0,0,0,0,0,0,0,0,0
0,1,530583,0,0,0,0,0,0,0,0,0,0
1,1,530583,0,0,0,0,0,0,0,0,0,0
1,1,530584,0,0,0,0,0,0,0,0,0,0
2,1,530584,0,0,0,0,0,0,0,0,0,0
1,1,530585,0,0,0,0,0,0,0,0,0,0
1,1,530586,0,0,0,0,0,0,0,0,0,0
2,1,530586,0,0,0,0,0,0,0,25,16,0
1,1,530587,0,0,0,0,0,0,0,0,0,0
2,1,530587,0,0,0,0,0,0,0,0,0,0
3,1,530587,0,0,0,0,0,0,0,0,0,0
0,1,530588,37,0,0,0,0,0,0,5,0,0
1,1,530588,3,3,3,3,3,3,3,3,3,3
0,1,530589,0,0,0,0,0,0,0,0,0,0
1,1,530589,0,0,0,0,0,0,0,0,0,0
1,1,530590,0,0,0,0,0,0,0,0,0,0
2,1,530590,0,0,0,0,0,0,0,0,0,0
1,1,530591,0,0,0,0,0,0,0,0,0,0
2,1,530591,0,0,0,0,0,0,0,0,0,0
3,1,530591,0,0,0,0,0,0,0,0,0,0
1,1,530592,27,27,27,27,27,27,27,27,27,27
2,1,530592,6,6,6,6,6,6,6,6,6,6
1,1,540001,0,0,0,0,0,0,0,0,0,0
2,1,540001,0,0,0,0,0,0,0,0,0,8
1,1,540002,0,0,0,0,0,0,0,0,0,0
2,1,540002,0,0,0,0,0,0,0,0,0,0
0,1,540003,0,0,0,0,0,0,0,0,0,0
1,1,540003,0,0,0,0,0,0,0,0,0,0
1,1,540004,18,18,18,18,18,18,18,18,18,18
2,1,540004,44,44,44,44,44,44,44,44,44,44
0,1,540005,0,0,0,0,0,0,0,0,0,0
1,1,540005,0,0,0,0,0,0,0,0,0,0
0,1,540006,0,0,0,0,0,0,0,0,0,0
1,1,540006,0,0,0,0,0,0,0,0,0,0
1,1,540007,0,0,0,0,0,0,0,0,0,0
1,1,540008,10,10,10,10,10,10,10,10,10,10
1,1,540009,17,7,0,0,0,0,10,23,0,14
2,1,540009,0,0,0,0,0,0,0,0,0,0
1,1,540010,0,0,0,0,0,0,0,0,0,0
1,1,540011,0,0,0,0,0,0,0,0,0,0
2,1,540011,0,0,0,0,0,0,0,0,0,0
1,1,540012,0,0,0,0,0,0,0,0,0,0
1,1,540013,22,22,22,22,22,22,22,22,22,22
1,1,540014,0,0,0,0,0,0,0,0,0,0
1,1,540015,17,17,17,17,17,17,17,17,17,17
1,1,540016,20,20,20,20,20,20,20,20,20,20
1,1,540017,0,0,0,0,0,0,0,0,0,0
2,1,540017,0,0,0,0,0,0,0,0,0,0
1,1,540018,0,0,0,0,0,0,0,0,0,0
2,1,540018,0,0,0,0,0,0,0,0,0,0
1,1,540019,0,0,0,0,0,0,0,0,0,0
2,1,540019,0,0,0,0,0,0,0,0,0,0
1,1,540020,0,0,0,0,0,0,0,0,0,0
1,3,540021,6,12,18,11,0,0,19,18,26,15
1,1,540022,0,0,0,0,0,0,0,0,0,0
1,1,540023,0,0,0,0,0,0,0,0,0,0
2,1,540023,0,0,0,0,0,0,0,0,0,0
1,1,540024,0,0,0,0,0,0,0,0,0,0
2,1,540024,0,0,0,0,0,0,0,0,0,0
1,1,540025,18,18,18,18,18,18,18,18,18,18
0,1,540026,0,0,0,0,0,0,0,0,0,0
1,1,540026,5,0,0,0,0,0,0,0,0,0
1,1,540027,0,0,0,0,0,0,0,0,0,0
1,1,540028,0,0,0,0,0,0,0,0,0,0
1,1,540029,0,0,0,0,0,0,0,0,0,0
2,1,540029,0,0,0,0,0,0,0,0,0,0
1,1,540030,0,0,0,0,0,0,0,0,0,0
1,1,540031,0,0,0,0,0,0,0,0,0,0
1,1,540032,0,0,0,0,0,0,0,0,0,0
1,1,540033,0,0,0,0,0,0,0,0,0,0
2,1,540033,0,0,0,0,0,0,0,0,0,0
1,1,540034,0,0,0,0,0,0,0,0,0,0
2,1,540034,0,0,0,0,0,0,0,0,0,0
3,1,540034,0,0,0,0,0,0,0,0,0,0
1,1,540035,0,0,0,0,0,0,0,0,0,0
2,1,540035,0,0,0,0,0,0,0,0,0,0
1,1,540036,0,0,0,0,0,0,0,0,0,0
1,1,540037,0,0,0,0,0,0,0,0,0,0
2,1,540037,0,0,0,0,0,0,0,0,0,0
1,1,540038,0,0,0,0,0,0,0,0,0,0
0,1,540039,0,0,0,0,0,0,0,0,0,0
1,1,540039,0,6,0,0,0,0,0,0,0,0
1,1,540040,10,10,10,10,10,10,10,10,10,10
1,1,540041,9,9,9,9,9,9,9,9,9,9
1,1,540042,0,0,0,0,0,0,0,0,0,0
1,1,540043,0,0,0,0,0,0,0,0,0,0
1,1,540044,3,3,3,3,3,3,3,3,3,3
2,1,540044,3,3,3,3,3,3,3,3,3,3
1,1,540045,0,0,4,22,0,0,0,0,0,0
1,1,540048,0,0,0,0,0,0,0,0,0,0
2,1,540048,0,0,0,0,0,0,12,0,0,0
1,1,540049,0,0,0,0,0,0,0,0,0,0
2,1,540049,0,0,0,0,0,0,0,0,0,0
3,1,540049,2,0,0,0,0,0,0,0,0,0
1,1,540050,0,14,0,0,0,12,0,0,0,0
1,1,540051,19,19,19,19,19,19,19,19,19,19
2,1,540051,0,0,0,0,0,0,0,0,0,0
1,1,540052,0,0,0,0,0,0,0,0,0,0
2,1,540052,0,0,0,0,0,0,0,0,0,0
1,1,540053,0,0,10,0,0,0,0,18,23,0
1,1,540054,0,0,0,0,0,0,13,0,0,0
2,1,540054,0,0,0,0,0,0,0,0,0,0
1,1,540055,0,0,0,0,0,0,0,0,0,0
2,1,540055,0,0,0,0,0,0,0,0,0,0
1,1,540056,0,0,0,0,0,0,0,0,0,0
1,1,540057,0,0,0,0,18,0,0,0,0,0
2,1,540057,0,0,0,0,0,0,0,0,0,0
1,1,540058,0,0,0,0,0,0,0,0,0,0
1,1,540059,0,0,0,0,0,0,0,0,0,0
1,1,540060,13,13,13,13,13,13,13,13,13,13
1,1,540061,0,0,0,0,0,0,0,0,0,0
2,1,540061,0,0,0,0,0,0,0,0,0,0
1,1,540062,0,0,0,0,0,0,0,0,0,0
2,1,540062,0,0,0,0,0,0,0,0,0,0
1,1,540063,19,19,19,19,19,19,19,19,19,19
1,1,540064,2,2,2,2,2,2,2,2,2,2
0,1,540065,30,30,30,30,30,30,30,30,30,30
1,1,540065,0,0,0,0,0,0,0,0,0,0
1,1,540066,0,0,0,15,0,0,0,0,0,0
2,1,540066,0,0,0,0,0,0,0,0,0,0
1,1,540067,11,11,11,11,11,11,11,11,11,11
2,1,540067,0,0,0,0,0,0,0,0,0,0
1,1,540068,0,0,0,0,0,0,0,0,0,0
0,1,540069,0,0,0,0,0,0,0,0,0,0
1,1,540069,13,13,13,13,13,13,13,13,13,13
1,1,540070,0,0,0,0,0,0,0,0,0,0
1,1,540071,0,0,0,0,0,0,0,0,0,0
1,1,540072,0,0,0,0,0,0,0,0,0,0
2,1,540072,0,0,0,0,0,0,0,0,0,0
1,1,540073,0,13,0,0,20,0,27,0,0,18
1,1,540074,0,0,0,0,0,0,0,0,0,0
2,1,540074,0,0,0,0,0,0,0,0,0,0
1,1,540075,12,0,0,0,0,0,0,0,0,10
0,1,540076,0,0,0,0,0,0,0,0,0,0
1,1,540076,0,0,0,0,0,0,0,0,0,0
0,1,540078,0,0,0,0,0,7,7,0,0,0
1,1,540078,0,0,0,0,0,0,0,0,0,19
1,1,540079,15,15,15,15,15,15,15,15,15,15
1,1,540081,0,0,0,0,0,0,0,0,0,0
1,1,540083,11,11,11,11,11,11,11,11,11,11
1,1,540085,12,12,12,12,12,12,12,12,12,12
1,1,540086,0,0,0,4,0,0,0,19,0,0
2,1,540086,0,0,0,0,0,0,0,0,0,0
1,1,540087,0,0,0,0,0,0,0,0,0,0
1,1,540088,0,0,0,0,0,0,0,0,0,0
0,1,540089,0,0,0,0,0,0,0,0,0,0
1,1,540089,0,0,0,0,0,19,0,0,0,6
1,1,540090,15,34,31,11,13,11,0,15,21,23
1,1,540091,0,0,0,0,0,0,0,0,0,0
1,1,540092,0,0,0,0,0,0,0,0,0,0
2,1,540092,0,0,0,0,0,0,0,0,0,0
1,1,540093,20,25,0,22,0,7,8,0,20,0
1,1,540094,19,19,19,19,19,19,19,19,19,19
1,1,540095,0,0,0,0,0,0,0,0,0,0
2,1,540095,4,0,0,17,0,0,0,17,0,0
1,1,540096,22,22,22,22,22,22,22,22,22,22
2,1,540096,0,0,0,0,0,0,0,0,0,0
1,1,540097,21,21,21,21,21,21,21,21,21,21
0,1,540098,0,0,0,0,0,0,0,0,0,0
1,1,540098,0,0,0,0,0,0,0,0,0,0
1,1,540099,0,0,0,0,0,0,0,0,0,0
2,1,540099,0,0,0,0,0,0,0,0,0,0
1,1,540100,0,0,0,11,0,0,0,0,0,0
1,1,540101,0,0,0,0,0,0,0,0,0,0
0,1,540102,0,0,0,0,0,0,0,0,0,0
1,1,540102,0,0,0,0,0,14,0,0,0,0
0,1,540103,0,0,0,0,0,0,0,0,0,0
1,1,540103,0,0,0,0,0,0,0,0,0,0
1,1,540104,0,0,0,0,0,0,0,0,0,0
2,1,540104,0,0,0,0,0,0,0,0,0,0
1,1,540105,0,0,0,0,0,0,0,0,0,0
2,1,540105,0,0,0,0,0,0,0,0,0,0
1,1,540107,25,25,25,25,25,25,25,25,25,25
1,1,540108,0,0,0,0,0,0,0,0,0,0
1,1,540109,12,12,12,12,12,12,12,12,12,12
1,1,540110,0,0,0,0,0,0,0,0,0,0
0,1,540111,0,0,0,0,0,0,0,0,0,0
0,2,540111,0,0,0,0,0,0,0,0,0,0
1,1,540111,0,0,0,0,0,0,0,0,0,0
1,1,540112,0,0,0,0,0,0,0,0,0,0
1,1,540113,15,15,15,15,15,15,15,15,15,15
2,1,540113,0,0,0,0,0,0,0,0,0,0
1,1,540114,0,0,0,22,0,9,0,0,0,15
1,1,540115,0,0,0,0,0,0,0,0,0,0
1,1,540116,0,18,0,15,0,0,25,0,19,0
2,1,540116,0,0,0,0,0,0,0,0,0,0
1,1,540117,0,0,0,0,0,0,0,0,0,0
2,1,540117,0,0,0,0,0,0,0,0,0,0
1,1,540118,0,0,0,0,0,0,0,0,0,0
2,1,540118,0,0,0,0,0,0,0,0,0,27
1,1,540119,0,0,9,0,0,0,0,0,0,0
2,1,540119,0,0,0,0,0,0,0,0,0,0
1,1,540120,0,0,0,0,0,0,0,0,0,0
1,1,540121,0,0,0,0,0,0,0,0,0,0
2,1,540121,17,17,17,17,17,17,17,17,17,17
1,1,540122,0,0,0,28,0,0,0,0,12,0
1,1,540123,0,0,0,0,0,0,0,0,0,0
1,1,540124,0,0,0,0,0,0,0,0,0,0
1,1,540125,10,10,10,10,10,10,10,10,10,10
1,1,540126,0,0,0,0,0,0,0,0,0,0
1,1,540127,0,0,0,0,0,0,0,0,0,0
2,1,540127,0,0,0,0,0,0,0,0,0,0
1,1,540128,0,0,0,0,0,0,0,0,0,0
1,1,540129,0,0,0,0,0,0,0,0,0,0
1,1,540130,19,19,19,19,19,19,19,19,19,19
1,1,540131,7,7,7,7,7,7,7,7,7,7
1,1,540132,4,27,10,17,13,24,28,22,13,22
1,1,540133,0,0,0,0,0,0,0,0,0,0
2,1,540133,0,0,0,0,0,0,0,0,0,0
1,1,540134,0,0,0,0,0,0,0,0,0,0
2,1,540134,0,0,0,0,0,0,0,0,0,0
1,1,540135,26,26,26,26,26,26,26,26,26,26
1,1,540136,0,0,0,0,0,0,0,0,0,0
2,1,540136,0,0,0,0,0,0,0,0,0,0
1,1,540137,0,0,0,0,0,0,0,0,0,0
1,1,540138,0,0,0,0,0,0,0,0,0,0
2,1,540138,0,0,0,0,0,0,0,0,0,0
1,1,540139,0,0,0,0,0,0,0,0,0,0
2,1,540139,0,0,0,0,0,0,0,0,0,0
1,1,540140,23,23,23,23,23,23,23,23,23,23
1,1,540141,7,7,7,7,7,7,7,7,7,7
1,1,540142,0,0,0,0,0,0,0,0,6,0
2,1,540142,0,0,0,0,0,0,0,0,0,0
1,1,540143,0,0,0,0,0,0,0,0,0,0
1,1,540144,0,0,0,0,0,0,0,0,0,0
1,1,540145,0,0,0,0,0,0,0,0,0,0
2,1,540145,0,0,0,0,0,0,0,0,0,0
1,1,540146,0,0,0,0,0,0,0,0,0,0
2,1,540146,0,0,0,0,0,0,0,0,0,0
1,1,540147,0,0,0,0,0,0,0,0,0,0
2,1,540147,0,0,0,0,0,0,0,0,0,0
3,1,540147,0,0,0,0,12,0,0,0,0,0
1,1,540148,0,0,0,0,0,0,0,0,0,0
1,1,540149,0,0,0,0,0,0,0,5,0,0
1,1,540150,0,0,0,0,0,0,0,0,0,0
0,1,540151,0,0,0,0,0,0,0,0,0,0
1,1,540151,0,0,0,0,0,0,0,0,0,0
1,1,540152,0,0,0,0,0,0,0,0,0,0
2,1,540152,0,0,0,0,0,0,0,0,0,0
1,1,540153,9,9,9,9,9,9,9,9,9,9
1,1,540154,0,0,0,0,0,0,0,0,0,0
1,1,540155,0,0,0,0,25,0,0,0,0,0
2,1,540155,0,0,0,0,0,0,0,0,0,0
1,1,540156,21,21,21,21,21,21,21,21,21,21
1,1,540157,0,0,0,0,0,0,0,0,0,0
1,1,540158,0,0,0,0,0,0,0,0,0,0
1,1,540159,6,6,6,6,6,6,6,6,6,6
1,1,540160,3,3,3,3,3,3,3,3,3,3
2,1,540160,0,0,0,0,0,0,0,0,0,0
1,1,540161,0,0,0,0,0,0,0,0,0,0
1,1,540162,0,0,0,0,0,0,0,0,0,0
1,1,540163,0,0,19,0,0,0,9,0,0,0
0,1,540164,0,0,0,0,0,0,0,0,0,0
1,1,540164,0,0,0,0,0,0,0,0,0,0
1,1,540165,20,20,20,20,20,20,20,20,20,20
1,1,540166,0,0,0,0,0,0,0,0,0,0
2,1,540166,0,0,0,0,0,0,0,0,0,0
3,1,540166,0,0,0,0,0,0,0,0,0,0
1,1,540167,0,0,0,0,0,0,0,0,0,0
2,1,540167,0,0,0,0,0,0,0,0,0,0
1,1,540168,0,3,29,0,8,0,9,18,10,7
2,1,540168,0,0,0,0,0,0,0,0,0,0
1,1,540169,19,19,19,19,19,19,19,19,19,19
1,1,540170,0,0,0,0,0,0,0,0,0,0
2,1,540170,0,0,0,0,0,0,0,0,0,0
1,1,540171,0,0,0,0,0,0,0,0,0,0
2,1,540171,0,0,0,0,0,0,0,0,0,0
1,1,540172,0,0,0,0,0,0,0,0,0,0
2,1,540172,0,0,0,0,0,0,0,0,0,0
1,1,540173,2,2,2,2,2,2,2,2,2,2
1,1,540175,0,0,0,0,0,0,0,0,0,0
1,1,540176,0,0,0,0,0,0,0,0,0,0
1,1,540177,0,0,0,0,0,0,0,0,0,0
2,1,540177,0,0,0,0,0,0,0,0,0,0
1,1,540178,0,0,0,0,0,0,0,0,0,0
2,1,540178,0,0,0,0,0,0,0,0,0,0
1,1,540179,15,15,15,15,15,15,15,15,15,15
1,1,540180,0,0,0,0,0,0,0,0,0,0
2,1,540180,0,0,0,0,0,0,0,0,0,0
1,1,540181,0,0,0,0,0,0,0,0,0,0
2,1,540181,0,0,0,0,0,0,0,0,0,0
1,1,540182,17,17,17,17,17,17,17,17,17,17
1,1,540183,0,0,0,0,0,0,0,0,0,0
2,1,540183,0,0,0,0,0,0,0,0,0,0
1,1,540184,0,0,0,0,0,0,0,0,0,0
1,1,540185,0,0,0,0,0,0,0,0,0,0
2,1,540185,27,27,27,27,27,27,27,27,27,27
1,1,540186,0,0,0,0,0,0,0,0,0,0
1,1,540187,10,10,10,10,10,10,10,10,10,10
1,1,540188,17,17,17,17,17,17,17,17,17,17
1,1,540189,13,13,13,13,13,13,13,13,13,13
1,1,540190,23,23,23,23,23,23,23,23,23,23
1,1,540191,0,0,0,0,0,0,0,0,0,0
1,1,540192,49,49,49,49,49,49,49,49,49,49
1,1,540193,15,15,15,15,15,15,15,15,15,15
1,1,540194,0,0,0,0,0,0,0,0,0,0
2,1,540194,0,0,0,0,0,0,0,0,0,0
1,1,540195,0,0,0,0,0,0,0,0,0,0
1,1,540196,0,0,0,0,0,0,0,0,0,0
2,1,540196,0,0,0,0,0,0,0,0,0,0
3,1,540196,0,0,0,0,0,0,0,0,0,0
1,1,540197,0,0,0,0,0,0,0,0,0,0
1,1,540198,0,0,0,0,0,0,0,0,0,0
2,1,540198,15,15,15,15,15,15,15,15,15,15
1,1,540199,0,0,0,0,0,0,0,0,0,0
2,1,540199,0,0,0,0,0,0,0,0,0,0
1,1,540200,11,11,11,11,11,11,11,11,11,11
2,1,540200,0,0,0,0,0,0,0,0,0,0
1,1,540201,0,0,0,0,0,0,0,0,0,0
2,1,540201,39,39,39,39,39,39,39,39,39,39
1,1,540202,0,0,0,0,0,0,0,0,0,0
2,1,540202,0,0,0,0,0,0,0,0,0,0
3,1,540202,0,0,0,0,0,0,0,0,0,0
1,1,540203,0,0,0,0,0,0,0,0,0,0
2,1,540203,0,0,0,0,0,0,0,0,0,0
1,1,540204,0,0,0,0,0,0,0,0,0,0
0,1,540206,0,0,0,0,0,0,0,0,0,0
1,1,540206,0,0,0,0,0,0,0,0,0,0
1,1,540207,0,0,0,0,10,0,0,0,0,0
2,1,540207,0,0,0,0,0,0,0,0,0,0
1,1,540208,0,0,0,0,0,0,0,0,0,0
2,1,540208,0,0,0,0,0,0,0,0,0,0
1,1,540209,0,25,0,18,12,0,12,15,14,0
1,1,540210,10,10,10,10,10,10,10,10,10,10
1,1,540211,0,0,0,0,0,0,0,0,0,0
1,1,540212,0,0,0,0,0,0,0,0,0,0
2,1,540212,0,0,0,0,0,0,0,0,0,0
1,1,540213,16,16,16,16,16,16,16,16,16,16
1,1,540214,0,0,0,0,0,16,0,0,0,0
1,1,540215,17,17,17,17,17,17,17,17,17,17
1,1,540217,2,2,2,2,2,2,2,2,2,2
1,1,540218,21,21,21,21,21,21,21,21,21,21
1,1,540219,0,0,0,0,0,0,0,0,0,0
2,1,540219,10,0,0,0,0,0,0,0,0,0
3,1,540219,0,0,5,0,0,0,0,0,0,0
4,1,540219,0,0,0,0,0,0,0,0,0,0
5,1,540219,0,0,0,0,0,0,0,0,0,0
6,1,540219,0,0,0,0,0,0,0,0,0,3
7,1,540219,0,0,0,0,0,0,0,0,0,0
1,1,540220,0,0,0,0,0,0,0,0,0,0
2,1,540220,0,0,0,0,0,0,0,0,0,0
0,1,540221,0,0,0,0,0,0,0,0,5,0
1,1,540221,0,0,0,0,0,0,0,0,0,0
1,1,540223,10,10,10,10,10,10,10,10,10,10
1,1,540224,0,0,0,0,0,0,0,0,0,0
2,1,540224,0,0,0,0,0,0,0,0,0,0
1,1,540225,0,0,0,0,0,0,0,0,0,0
2,1,540225,0,0,0,0,0,0,0,0,0,0
1,1,540227,22,22,22,22,22,22,22,22,22,22
1,1,540228,0,0,0,0,0,0,0,0,0,0
1,1,540229,0,0,0,0,0,0,0,0,0,0
2,1,540229,0,0,0,0,0,0,0,0,0,0
1,1,540230,0,0,0,0,0,0,0,0,0,0
2,1,540230,0,0,0,0,0,0,0,0,0,0
3,1,540230,0,0,0,0,0,0,0,0,17,0
1,1,540231,22,22,22,22,22,22,22,22,22,22
1,1,540232,0,0,0,0,0,0,0,0,0,0
2,1,540232,0,0,0,0,0,0,0,0,0,0
3,1,540232,0,0,0,0,0,0,0,0,0,0
1,1,540233,26,26,26,26,26,26,26,26,26,26
1,1,540234,0,0,0,0,0,0,0,0,0,0
1,1,540235,0,0,0,0,0,0,0,0,0,0
1,1,540236,0,0,0,0,0,0,0,0,0,0
2,1,540236,0,0,0,0,0,0,0,0,0,0
1,1,540237,0,9,6,11,6,16,12,7,14,10
1,1,540238,7,7,7,7,7,7,7,7,7,7
1,1,540239,0,2,0,0,0,0,12,0,0,0
1,1,540240,0,0,0,0,0,0,0,0,0,0
2,1,540240,0,0,0,0,0,0,0,0,17,0
1,1,540242,22,22,22,22,22,22,22,22,22,22
2,1,540242,0,0,0,0,0,0,0,0,0,0
1,1,540243,0,0,0,0,0,0,0,0,0,0
2,1,540243,0,1,0,0,0,0,0,0,0,0
1,1,540244,0,0,0,0,0,0,0,0,0,0
1,1,540245,0,0,0,0,0,0,0,0,0,0