VEH_NO,PER_NO,ST_CASE,P1,P2,P3,P4,P5,P6,P7,P8,P9,P10
2,1,540245,0,0,0,0,0,0,0,0,0,0
1,1,540246,0,0,0,0,0,0,0,0,0,0
1,1,540247,0,0,0,0,0,0,0,0,0,0
1,1,540248,0,0,0,0,0,0,0,0,0,0
1,1,540249,10,19,20,23,29,22,19,22,21,7
1,1,540250,0,0,0,0,0,0,0,0,0,0
1,1,540251,0,0,0,0,0,0,0,0,0,0
2,1,540251,0,0,0,0,0,0,0,0,0,0
1,1,540252,0,0,0,0,0,0,0,0,0,0
1,1,540253,9,0,18,36,5,24,7,14,19,10
1,1,540254,8,8,8,8,8,8,8,8,8,8
1,1,540255,7,7,7,7,7,7,7,7,7,7
1,1,540256,20,20,20,20,20,20,20,20,20,20
1,1,540257,0,0,0,0,0,0,0,0,0,0
2,1,540257,0,0,0,0,0,0,0,0,0,0
1,1,540258,0,0,0,0,0,0,0,0,0,0
2,1,540258,0,0,0,0,0,0,0,0,0,0
3,1,540258,0,0,0,0,0,0,0,0,0,0
1,1,540259,0,0,0,0,0,0,0,0,0,0
2,1,540259,0,0,0,0,0,0,0,0,0,0
1,1,540260,0,0,0,0,0,0,0,0,0,0
1,1,540261,24,24,24,24,24,24,24,24,24,24
1,1,540262,0,0,0,0,0,0,0,0,0,0
1,1,540263,0,0,0,0,0,0,0,0,0,0
2,1,540263,0,0,0,0,0,0,0,0,0,0
1,1,540264,21,21,21,21,21,21,21,21,21,21
1,1,540265,0,0,0,0,0,0,0,0,0,0
2,1,540265,0,0,0,0,0,0,0,0,0,0
1,1,540266,0,0,0,12,0,0,0,0,0,0
2,1,540266,16,16,16,16,16,16,16,16,16,16
1,1,540267,0,0,0,0,0,0,0,0,0,0
1,1,540268,0,0,0,0,0,0,0,0,0,0
2,1,540268,0,0,0,0,18,0,0,0,0,22
1,1,540269,0,0,0,0,0,0,0,0,0,0
1,1,540270,0,0,0,0,0,0,0,0,0,0
2,1,540270,0,0,0,0,0,0,0,0,0,0
1,1,540271,0,0,0,0,0,0,0,0,0,0
2,1,540271,0,0,0,0,0,0,0,0,0,0
1,1,540272,11,11,11,11,11,11,11,11,11,11
1,1,540273,19,14,24,12,16,15,14,13,17,28
1,1,540274,0,0,0,0,0,0,0,0,0,0
1,1,540276,0,0,0,0,0,0,0,0,0,0
2,1,540276,0,0,0,0,0,0,0,0,0,0
1,1,540277,12,12,12,12,12,12,12,12,12,12
2,1,540277,0,0,0,0,0,0,0,0,0,0
1,2,540280,0,0,0,0,0,0,0,0,0,0
2,1,540280,0,0,0,0,0,0,0,0,0,0
3,1,540280,0,0,0,0,0,0,0,0,0,0
1,1,540281,0,0,0,0,0,0,0,0,0,0
1,1,540282,13,13,13,13,13,13,13,13,13,13
1,1,540283,0,0,0,0,0,0,0,0,0,0
1,1,540284,0,0,0,0,0,0,0,0,0,0
1,1,540285,8,7,0,16,19,24,16,24,19,30
1,1,540286,0,0,0,0,0,0,0,0,0,0
1,1,540287,0,0,0,0,0,0,0,0,0,0
2,1,540287,0,0,0,0,0,0,0,0,0,0
1,1,540288,0,0,0,0,0,0,0,0,0,0
1,1,540289,0,0,0,0,0,0,0,0,0,0
1,1,540291,0,0,0,0,0,0,0,0,0,0
1,1,540292,0,0,0,0,0,0,0,0,0,0
1,1,540293,0,0,0,0,0,0,0,0,0,0
2,1,540293,0,0,0,0,0,0,0,0,0,0
1,1,540294,0,0,0,0,0,0,0,0,0,0
1,1,540295,0,0,0,0,0,0,0,0,0,0
1,1,540296,0,0,0,0,0,0,0,0,0,0
1,1,540297,0,0,0,0,0,0,0,0,0,0
1,1,540298,0,0,0,0,0,0,0,0,0,0
1,1,540299,0,0,0,0,0,0,0,0,0,0
1,1,540300,0,0,0,0,0,0,0,0,0,0
2,1,540300,0,0,0,0,0,0,0,0,0,0
1,1,540301,15,21,10,13,3,0,23,14,22,0
1,1,540302,0,0,0,0,0,0,0,0,0,3
2,1,540302,0,0,17,0,0,0,0,0,0,0
1,1,540303,0,0,0,0,0,0,0,0,0,0
1,1,540304,0,0,0,0,0,0,0,0,0,17
2,1,540304,0,0,0,0,0,0,0,0,0,0
1,1,540305,0,0,0,0,0,0,0,0,0,0
2,2,540305,0,0,0,0,0,0,0,0,0,0
1,1,540306,0,0,0,0,0,0,0,0,0,0
2,1,540306,0,0,0,0,0,0,0,0,0,0
1,1,540307,0,0,0,0,0,0,0,0,0,0
2,1,540307,0,0,0,0,0,0,0,0,0,0
1,1,540308,0,0,0,0,0,0,0,0,0,0
1,1,540309,0,0,0,0,0,0,0,0,0,0
2,1,540309,0,0,0,0,15,0,0,0,0,0
1,1,540310,0,0,0,0,0,0,0,0,0,0
1,1,540311,0,0,0,0,0,0,0,0,0,0
1,1,540312,0,0,0,0,0,0,0,0,0,0
1,1,540313,0,0,0,0,0,0,0,0,0,0
1,1,540314,14,0,0,0,0,0,0,13,24,0
1,1,540316,0,0,0,0,0,0,0,0,0,0
1,1,540317,0,0,0,0,0,0,0,0,0,0
1,1,540318,0,0,0,0,0,0,0,0,0,0
2,1,540318,0,0,0,0,0,0,0,0,0,7
1,1,540319,3,3,3,3,3,3,3,3,3,3
2,1,540319,0,0,0,0,0,0,0,0,0,0
1,1,540320,0,0,0,0,0,0,0,0,0,0
2,1,540320,0,0,0,0,0,0,0,0,0,0
1,1,540321,0,0,0,0,0,0,0,0,0,0
2,1,540321,0,0,0,0,0,0,0,0,0,0
1,1,540322,0,0,0,0,0,0,0,0,0,0
2,1,540322,0,0,0,0,0,0,0,0,0,0
1,1,540323,12,12,12,12,12,12,12,12,12,12
2,1,540323,0,0,0,0,0,0,19,0,0,8
3,1,540323,0,0,0,0,0,0,0,0,0,0
1,1,540324,6,6,6,6,6,6,6,6,6,6
2,1,540324,0,0,0,0,0,12,0,0,9,8
1,1,540325,0,0,0,0,0,0,0,0,0,0
2,1,540325,0,0,0,0,0,0,0,0,0,0
3,1,540325,0,0,0,0,0,0,0,0,0,0
1,1,540326,6,6,6,6,6,6,6,6,6,6
1,1,540327,0,19,0,0,0,0,0,0,0,0
1,1,540328,0,0,0,0,0,0,0,0,0,0
2,1,540328,0,0,0,0,0,0,0,0,0,0
1,1,540329,29,29,29,29,29,29,29,29,29,29
1,1,540330,24,24,24,24,24,24,24,24,24,24
2,1,540330,24,24,24,24,24,24,24,24,24,24
1,1,540331,0,0,0,0,0,0,0,0,0,0
1,1,540332,0,0,0,0,0,0,0,0,0,0
2,1,540332,0,0,0,0,0,0,0,0,0,0
1,1,540333,0,0,0,0,17,0,0,0,0,0
2,1,540333,0,0,0,0,0,0,0,0,0,0
1,1,540334,0,0,0,0,0,0,0,0,0,0
2,1,540334,14,14,14,14,14,14,14,14,14,14
0,1,540335,20,20,20,20,20,20,20,20,20,20
1,1,540335,0,0,0,0,5,0,0,0,0,0
1,1,540336,0,0,0,0,0,0,0,0,0,0
1,1,540337,0,0,0,0,0,0,0,0,0,0
2,1,540337,0,0,0,0,0,0,0,0,0,0
1,1,540338,0,0,0,0,0,0,0,0,0,0
0,1,540339,0,0,0,0,0,0,0,0,0,0
1,1,540339,0,0,0,0,0,0,0,0,0,0
1,1,540340,7,7,7,7,7,7,7,7,7,7
1,1,540341,23,23,23,23,23,23,23,23,23,23
1,1,540342,0,0,0,0,0,0,0,0,0,0
2,1,540342,0,0,0,0,0,0,0,6,0,0
1,1,540343,0,0,0,0,0,0,0,0,0,0
2,1,540343,0,0,0,0,0,0,0,0,0,0
3,1,540343,0,0,0,0,0,0,0,0,0,0
1,1,540344,26,26,26,26,26,26,26,26,26,26
2,1,540344,0,0,0,0,0,0,0,0,0,0
1,1,540345,0,0,0,0,0,0,0,0,0,0
1,1,540346,0,0,0,0,0,0,0,0,0,0
2,1,540346,0,0,0,0,0,0,0,0,0,0
1,1,540347,13,13,13,13,13,13,13,13,13,13
1,1,540348,16,16,16,16,16,16,16,16,16,16
1,1,540349,0,0,0,0,0,0,0,0,0,11
2,1,540349,0,0,0,0,0,0,0,0,0,0
1,1,540350,0,0,0,0,0,0,0,0,0,0
2,1,540350,0,0,0,0,0,0,0,0,0,0
3,1,540350,0,0,0,0,0,0,0,0,0,0
1,1,540352,7,7,7,7,7,7,7,7,7,7
1,1,540353,0,0,0,0,0,0,0,0,0,0
2,1,540353,13,13,13,13,13,13,13,13,13,13
1,1,540354,0,0,0,0,0,0,0,0,0,0
2,1,540354,0,0,0,0,0,0,0,0,0,0
1,1,540355,20,20,20,20,20,20,20,20,20,20
1,1,540356,0,0,0,0,0,0,0,0,0,0
2,1,540356,0,0,0,0,14,0,0,0,0,0
1,1,540357,0,0,0,0,0,0,0,0,0,0
1,1,540358,0,0,0,0,0,0,0,0,0,0
2,1,540358,0,0,0,0,0,0,0,0,0,0
1,1,540359,0,0,0,0,0,0,0,0,0,0
2,1,540359,0,0,0,0,0,0,0,0,0,0
1,1,540360,13,13,13,13,13,13,13,13,13,13
1,1,540361,0,0,0,0,0,0,0,0,0,0
1,1,540362,0,0,0,0,0,0,0,0,0,0
1,1,540363,0,0,0,0,0,0,0,0,0,0
1,1,540364,33,33,33,33,33,33,33,33,33,33
1,1,540365,0,0,0,0,0,0,0,0,0,0
2,1,540365,0,0,0,0,0,0,0,0,0,0
0,1,540366,0,0,0,0,0,0,0,0,0,0
1,1,540366,0,0,0,0,0,0,0,0,0,0
1,1,540367,0,0,0,0,0,0,0,0,0,0
2,1,540367,0,0,0,13,0,0,15,0,0,0
3,1,540367,0,0,0,0,0,0,0,0,0,0
4,1,540367,0,0,0,0,0,0,0,0,0,0
1,1,540368,0,0,0,0,0,0,0,0,0,0
2,1,540368,0,0,0,0,0,0,0,0,0,0
1,1,540369,0,0,0,0,0,0,0,34,0,0
2,1,540369,0,0,0,0,0,0,0,0,0,0
1,1,540370,8,8,8,8,8,8,8,8,8,8
1,2,540371,0,0,19,8,11,38,32,32,17,0
1,1,540372,0,0,0,0,0,0,0,0,0,0
2,1,540372,0,0,22,0,0,4,0,0,0,0
3,1,540372,0,0,0,0,0,0,0,0,0,0
1,1,540373,17,17,17,17,17,17,17,17,17,17
2,1,540373,0,0,0,0,0,10,0,0,0,0
3,1,540373,0,0,0,0,0,0,0,0,0,0
1,1,540374,0,0,0,0,0,0,0,0,0,0
1,1,540375,11,7,0,16,34,11,0,14,12,20
2,1,540375,11,11,11,11,11,11,11,11,11,11
1,1,540376,0,0,0,0,0,0,0,0,0,0
2,1,540376,0,0,0,0,0,0,0,0,0,0
1,1,540377,0,0,0,0,0,0,0,0,0,0
2,1,540377,0,0,0,0,0,0,0,0,0,0
1,1,540378,10,10,10,10,10,10,10,10,10,10
1,1,540379,18,18,18,18,18,18,18,18,18,18
1,1,540380,0,0,0,0,0,0,0,0,0,0
2,1,540380,23,23,23,23,23,23,23,23,23,23
1,1,540381,0,0,0,0,0,0,0,0,0,0
2,1,540381,0,0,0,0,0,0,0,0,0,0
1,1,540382,0,0,0,0,0,0,0,0,0,0
0,1,540383,34,16,18,20,12,16,20,28,20,16
1,1,540383,0,0,0,0,0,0,0,0,0,0
1,1,540384,0,0,0,0,0,0,0,0,0,0
1,1,540385,0,0,0,0,0,0,0,0,0,0
2,1,540385,0,37,34,13,0,0,12,21,31,11
1,1,540386,0,0,0,0,0,0,0,0,0,0
1,1,540387,0,0,0,0,0,0,0,0,0,0
0,1,540388,20,20,20,20,20,20,20,20,20,20
1,1,540388,0,0,0,0,0,0,0,0,0,0
2,1,540388,0,0,0,0,0,0,0,0,0,0
0,1,540389,0,0,0,0,0,0,0,0,0,0
1,1,540389,0,0,0,0,0,0,0,11,20,0
1,1,540390,0,0,0,0,0,0,0,0,0,0
2,1,540390,0,0,0,0,0,0,0,0,0,0
1,1,540391,0,0,0,0,0,0,0,0,0,0
2,1,540391,0,0,0,0,0,0,0,0,0,0
3,1,540391,0,0,0,0,0,0,0,0,0,0
1,1,550001,12,25,0,12,27,29,0,16,8,31
1,1,550002,0,0,0,0,0,0,0,0,0,0
2,1,550002,0,0,0,0,0,0,0,0,0,0
1,1,550003,0,0,0,0,0,0,0,0,0,0
1,1,550004,6,6,6,6,6,6,6,6,6,6
1,1,550005,0,0,0,0,0,0,0,0,0,0
2,1,550005,0,0,0,5,0,0,0,0,0,0
1,1,550006,26,26,26,26,26,26,26,26,26,26
2,1,550006,0,0,0,0,0,0,0,0,0,0
1,1,550007,0,0,0,0,0,0,0,0,0,0
2,1,550007,0,0,0,0,0,0,0,0,0,0
3,1,550007,0,0,0,0,0,0,0,0,3,0
0,1,550008,0,0,0,0,0,0,0,0,0,0
1,1,550008,0,6,0,0,0,0,0,0,0,0
1,1,550009,0,0,0,0,0,0,0,0,0,0
2,1,550009,0,0,0,0,0,0,0,0,0,0
1,1,550010,18,18,18,18,18,18,18,18,18,18
1,1,550011,0,0,0,0,0,0,0,0,0,0
2,1,550011,0,0,0,0,0,0,0,0,0,0
1,1,550012,23,23,23,23,23,23,23,23,23,23
1,1,550013,0,0,0,0,0,0,0,0,0,0
1,1,550014,0,0,0,0,0,0,0,0,0,0
2,1,550014,0,0,0,0,0,0,0,0,0,0
1,1,550015,0,7,0,4,23,0,0,0,0,0
1,1,550016,28,28,28,28,28,28,28,28,28,28
1,1,550017,0,0,0,0,0,0,0,0,0,0
2,1,550017,0,0,0,0,0,0,0,0,0,0
1,1,550018,0,0,0,0,0,0,0,0,0,0
2,1,550018,5,5,5,5,5,5,5,5,5,5
1,1,550019,17,17,17,17,17,17,17,17,17,17
1,1,550020,22,17,6,22,0,0,22,0,12,27
1,1,550021,15,15,15,15,15,15,15,15,15,15
1,1,550022,12,12,12,12,12,12,12,12,12,12
1,1,550023,23,23,23,23,23,23,23,23,23,23
2,1,550023,0,0,0,0,0,0,0,0,0,0
1,1,550024,22,22,22,22,22,22,22,22,22,22
1,1,550025,10,0,0,17,5,9,5,6,0,0
1,1,550026,0,0,0,0,0,0,0,0,0,0
2,1,550026,0,0,0,0,0,0,0,0,0,0
1,1,550027,22,22,22,22,22,22,22,22,22,22
1,1,550028,0,0,0,0,0,0,0,0,0,0
2,1,550028,0,0,0,0,0,0,0,0,0,0
1,1,550029,0,0,0,0,0,0,0,0,0,0
2,1,550029,0,0,0,0,0,0,0,0,0,0
1,1,550030,0,0,0,0,0,0,0,0,0,0
2,1,550030,0,0,0,0,0,0,0,0,0,0
1,1,550031,18,18,18,18,18,18,18,18,18,18
1,1,550032,27,27,27,27,27,27,27,27,27,27
1,1,550033,0,0,0,0,0,0,0,0,0,0
2,1,550033,0,0,0,0,0,0,0,0,0,0
1,1,550034,0,0,0,0,0,0,0,0,0,0
2,1,550034,0,0,0,0,0,0,0,0,0,0
1,1,550035,28,28,28,28,28,28,28,28,28,28
2,1,550035,0,0,0,0,0,0,0,0,0,0
1,1,550036,0,0,0,0,0,0,11,0,0,0
2,1,550036,5,5,5,5,5,5,5,5,5,5
1,1,550037,0,0,0,0,0,0,0,0,0,0
2,1,550037,0,0,0,0,0,0,0,0,0,0
1,1,550038,0,12,0,0,0,0,0,0,0,0
1,1,550039,26,26,26,26,26,26,26,26,26,26
1,1,550040,19,19,19,19,19,19,19,19,19,19
1,1,550041,16,16,16,16,16,16,16,16,16,16
2,1,550041,0,0,0,0,0,0,0,0,0,0
1,1,550042,19,19,19,19,19,19,19,19,19,19
2,1,550042,0,0,0,0,0,0,0,0,0,0
1,1,550043,0,0,0,0,0,0,0,0,0,0
1,1,550044,15,15,15,15,15,15,15,15,15,15
1,1,550045,0,0,0,0,0,0,0,0,0,0
1,1,550046,0,0,0,0,0,2,0,0,0,0
2,1,550046,0,0,0,0,0,0,0,0,0,0
3,1,550046,0,0,0,8,0,0,0,0,0,17
4,1,550046,0,0,0,0,0,0,0,0,0,0
5,1,550046,0,0,0,0,0,0,0,0,0,0
1,1,550047,0,3,0,0,0,0,0,0,0,0
1,1,550048,0,0,0,0,0,0,9,0,0,0
1,1,550049,0,0,0,0,0,0,0,0,0,0
1,1,550050,0,0,0,0,0,0,0,0,0,0
2,1,550050,0,0,0,0,0,0,0,0,0,0
1,1,550051,0,11,0,0,0,0,0,0,0,0
1,1,550052,0,0,0,0,0,0,0,0,0,0
1,1,550053,22,22,22,22,22,22,22,22,22,22
1,1,550054,4,4,4,4,4,4,4,4,4,4
1,1,550055,0,0,0,0,0,0,0,0,0,0
2,1,550055,0,0,0,0,0,0,0,0,0,0
1,1,550056,20,20,20,20,20,20,20,20,20,20
0,1,550057,0,0,0,0,0,0,0,0,0,0
1,1,550057,0,0,0,0,0,0,0,0,0,0
1,1,550058,27,27,27,27,27,27,27,27,27,27
2,1,550058,13,13,13,13,13,13,13,13,13,13
3,1,550058,0,0,0,0,0,0,0,0,0,0
1,1,550059,9,9,9,9,9,9,9,9,9,9
0,1,550060,18,18,18,18,18,18,18,18,18,18
1,1,550060,0,0,0,0,0,0,0,0,0,0
2,1,550060,0,0,0,20,0,0,0,0,0,4
1,1,550061,0,0,0,0,0,0,0,0,0,0
2,1,550061,37,37,37,37,37,37,37,37,37,37
1,1,550062,0,0,0,0,0,0,0,0,0,0
2,1,550062,25,0,0,0,0,0,0,0,0,0
1,1,550063,19,19,19,19,19,19,19,19,19,19
1,1,550064,0,0,0,0,0,0,0,0,0,0
1,1,550065,0,0,0,0,0,0,0,0,0,0
2,1,550065,0,0,0,0,0,0,0,0,0,0
1,1,550066,0,0,0,0,0,0,0,0,3,0
2,1,550066,0,0,0,0,0,0,0,0,0,0
1,1,550067,0,0,0,0,0,0,0,0,0,0
2,1,550067,0,20,0,0,0,0,0,0,0,0
1,1,550068,20,20,20,20,20,20,20,20,20,20
1,1,550069,13,13,13,13,13,13,13,13,13,13
1,1,550070,0,0,0,0,0,0,0,0,0,0
2,1,550070,0,0,0,0,0,0,0,0,0,0
1,1,550071,11,11,11,11,11,11,11,11,11,11
1,1,550072,15,15,15,15,15,15,15,15,15,15
1,1,550073,0,0,0,0,0,0,0,0,0,0
1,1,550074,15,15,15,15,15,15,15,15,15,15
0,1,550075,6,6,6,6,6,6,6,6,6,6
1,1,550075,0,0,0,0,0,0,0,0,0,0
1,1,550076,0,0,0,0,0,0,0,5,0,0
2,1,550076,0,0,0,0,0,0,0,0,0,0
3,1,550076,0,0,0,0,0,0,0,0,0,0
1,1,550077,0,0,0,0,0,0,0,0,0,0
1,1,550078,0,0,0,0,0,0,0,0,0,0
2,1,550078,0,0,0,0,0,0,0,0,0,0
1,1,550079,0,0,0,0,0,0,0,0,0,0
2,1,550079,0,0,0,0,0,0,0,0,0,0
1,1,550080,19,19,19,19,19,19,19,19,19,19
1,1,550081,0,0,0,0,0,0,0,0,0,0
2,1,550081,0,0,0,0,0,0,0,0,0,0
1,1,550082,23,23,23,23,23,23,23,23,23,23
2,1,550082,0,0,0,0,0,0,0,0,0,0
1,1,550083,0,0,0,0,0,0,0,0,0,0
2,1,550083,0,0,0,0,0,0,0,0,0,0
1,1,550084,4,4,4,4,4,4,4,4,4,4
1,1,550085,0,0,0,0,0,0,0,0,0,0
2,1,550085,0,0,0,0,0,0,0,0,0,0
1,1,550086,17,17,17,17,17,17,17,17,17,17
0,1,550087,16,16,16,16,16,16,16,16,16,16
1,1,550087,0,24,0,0,12,0,3,15,0,39
1,1,550088,21,21,21,21,21,21,21,21,21,21
1,1,550089,0,0,0,0,0,0,0,0,0,0
1,1,550090,32,32,32,32,32,32,32,32,32,32
1,1,550091,18,18,18,18,18,18,18,18,18,18
1,1,550092,0,0,0,0,0,0,0,0,0,0
2,1,550092,0,0,0,0,0,0,0,0,0,0
1,1,550093,0,0,0,0,0,0,0,0,0,0
2,1,550093,0,0,0,0,0,0,0,0,0,0
1,1,550094,0,0,0,0,0,0,0,0,0,0
2,1,550094,0,0,0,0,0,0,0,0,0,0
3,1,550094,0,0,0,0,0,0,0,0,0,0
1,1,550095,13,13,13,13,13,13,13,13,13,13
1,1,550096,0,0,0,0,0,0,0,0,0,0
2,1,550096,0,0,0,0,0,0,0,0,0,0
1,1,550097,0,0,0,6,0,0,0,0,0,0
2,1,550097,26,0,0,0,0,0,6,0,4,0
1,1,550098,0,0,0,0,0,0,0,0,0,0
1,1,550099,0,0,0,0,0,0,0,0,0,0
1,1,550100,0,0,0,0,0,0,0,0,0,0
2,1,550100,0,0,0,0,0,0,0,0,0,0
0,1,550101,0,0,0,0,0,0,0,0,0,0
1,1,550101,0,0,0,0,0,0,0,0,0,0
1,1,550102,16,16,16,16,16,16,16,16,16,16
1,1,550103,2,2,2,2,2,2,2,2,2,2
2,1,550103,0,0,0,0,0,0,0,0,0,0
0,1,550104,0,0,0,0,0,0,0,0,0,0
0,2,550104,0,0,0,0,0,0,0,0,0,0
1,1,550104,0,0,0,0,0,0,0,0,0,0
2,1,550104,0,0,0,0,0,0,0,0,0,0
1,1,550105,0,0,0,0,0,0,0,0,0,0
2,1,550105,0,0,0,0,0,0,0,0,0,0
1,1,550106,0,0,0,0,0,36,3,0,0,0
2,1,550106,0,0,0,0,0,0,0,0,0,0
1,1,550107,20,20,20,20,20,20,20,20,20,20
2,1,550107,0,0,0,0,0,0,0,0,0,0
0,1,550108,0,0,0,0,0,0,0,0,0,0
1,1,550108,0,0,0,0,0,0,0,0,0,0
1,1,550109,0,0,0,0,0,0,0,0,0,0
1,1,550110,0,0,12,0,0,0,0,0,0,0
2,1,550110,0,0,0,0,0,0,0,0,0,0
3,1,550110,0,0,0,0,0,0,0,0,0,0
1,1,550111,19,19,19,19,19,19,19,19,19,19
1,1,550112,15,15,15,15,15,15,15,15,15,15
1,1,550113,16,16,16,16,16,16,16,16,16,16
1,1,550114,19,19,19,19,19,19,19,19,19,19
1,1,550115,21,21,21,21,21,21,21,21,21,21
2,1,550115,0,0,0,7,0,12,0,0,17,0
1,1,550116,0,0,0,0,0,0,0,0,0,0
2,1,550116,0,0,0,0,0,0,0,0,0,0
1,1,550117,0,0,0,0,0,0,0,0,0,0
1,1,550118,0,0,0,0,0,0,0,0,0,0
2,1,550118,0,0,0,0,0,0,0,0,0,0
3,1,550118,0,0,0,0,0,0,0,0,0,0
1,1,550119,0,0,0,0,0,0,0,0,0,0
2,1,550119,0,0,0,0,0,0,0,0,0,0
0,1,550120,32,32,32,32,32,32,32,32,32,32
1,1,550120,0,0,0,14,0,0,13,0,0,0
1,1,550121,26,26,26,26,26,26,26,26,26,26
1,1,550122,0,0,0,0,0,0,0,0,0,0
2,1,550122,0,0,0,0,0,0,0,0,0,0
1,1,550123,0,0,0,0,0,0,0,0,0,0
2,1,550123,0,0,0,0,0,0,0,0,0,0
1,1,550124,2,2,2,2,2,2,2,2,2,2
0,1,550125,24,24,24,24,24,24,24,24,24,24
1,1,550125,9,0,0,0,0,0,0,0,0,6
1,1,550126,0,0,0,0,0,0,0,0,0,0
2,1,550126,0,0,0,0,0,0,0,0,0,0
1,1,550127,0,0,0,0,0,0,0,0,0,0
2,1,550127,0,0,0,0,0,0,0,0,0,0
1,1,550128,0,0,0,0,0,0,0,0,0,0
1,1,550129,23,23,23,23,23,23,23,23,23,23
2,1,550129,0,0,0,0,0,0,0,0,0,0
0,1,550130,0,0,0,0,0,0,0,0,0,0
0,2,550130,0,0,0,0,0,0,0,0,0,0
1,1,550130,0,0,8,0,0,0,0,0,0,0
1,1,550131,20,20,20,20,20,20,20,20,20,20
1,1,550132,0,0,0,0,10,0,0,0,0,0
2,1,550132,0,0,0,0,0,0,0,0,0,0
0,1,550133,0,0,0,0,0,0,0,0,0,0
1,1,550133,0,0,0,0,0,0,0,0,0,0
1,1,550134,18,18,18,18,18,18,18,18,18,18
1,1,550135,28,28,28,28,28,28,28,28,28,28
1,1,550136,19,19,19,19,19,19,19,19,19,19
2,1,550136,19,24,0,8,0,0,22,0,0,0
1,1,550137,0,24,0,0,12,0,0,0,0,0
1,1,550138,0,0,0,0,0,0,0,0,0,0
2,1,550138,0,0,0,0,0,0,0,0,0,0
1,1,550139,0,0,0,0,0,0,0,0,0,0
2,1,550139,0,0,0,0,0,0,0,0,0,0
1,1,550140,18,18,18,18,18,18,18,18,18,18
1,1,550141,19,19,19,19,19,19,19,19,19,19
1,1,550142,24,24,24,24,24,24,24,24,24,24
1,1,550143,27,32,22,20,1,13,38,12,9,39
1,1,550144,33,33,33,33,33,33,33,33,33,33
1,1,550145,22,22,22,22,22,22,22,22,22,22
1,1,550146,18,18,18,18,18,18,18,18,18,18
1,1,550147,0,0,0,0,0,0,0,0,0,0
1,1,550148,0,0,0,0,0,0,0,0,0,0
1,1,550149,16,16,16,16,16,16,16,16,16,16
1,1,550150,0,0,0,0,0,0,0,0,0,0
2,1,550150,20,20,20,20,20,20,20,20,20,20
1,1,550151,0,0,0,0,0,0,0,0,0,0
1,1,550152,0,0,0,0,0,0,0,0,0,0
2,1,550152,0,0,0,0,0,0,0,0,0,0
1,1,550153,23,23,23,23,23,23,23,23,23,23
1,1,550154,32,32,32,32,32,32,32,32,32,32
1,1,550155,10,10,10,10,10,10,10,10,10,10
1,1,550156,0,18,22,11,23,24,7,24,34,12
1,1,550157,0,0,0,0,0,0,0,0,0,0
2,1,550157,0,0,0,0,0,0,0,0,0,0
1,1,550158,0,0,0,0,0,0,0,0,0,0
2,1,550158,0,0,0,0,0,0,0,0,0,0
0,1,550159,12,12,12,12,12,12,12,12,12,12
1,1,550159,0,19,0,0,0,4,0,0,17,43
1,1,550160,11,11,11,11,11,11,11,11,11,11
1,1,550161,15,15,15,15,15,15,15,15,15,15
1,1,550162,21,21,21,21,21,21,21,21,21,21
1,1,550163,25,25,25,25,25,25,25,25,25,25
1,1,550164,0,0,0,0,0,0,0,0,0,0
2,1,550164,0,0,0,0,0,0,0,0,0,0
1,1,550165,0,0,0,0,0,0,0,0,0,0
2,1,550165,0,0,7,0,0,0,0,0,0,0
1,1,550166,0,0,0,0,0,0,0,0,0,0
2,1,550166,15,15,15,15,15,15,15,15,15,15
1,1,550167,0,0,0,0,0,0,0,0,0,0
1,1,550168,22,22,22,22,22,22,22,22,22,22
1,1,550169,17,17,17,17,17,17,17,17,17,17
1,1,550170,24,24,24,24,24,24,24,24,24,24
1,1,550171,27,27,27,27,27,27,27,27,27,27
1,1,550172,0,0,0,0,0,0,0,0,0,0
2,1,550172,0,0,0,0,0,0,0,0,0,0
0,1,550173,0,0,0,0,0,0,0,0,0,0
1,1,550173,0,0,0,0,0,0,0,0,0,0
1,1,550174,8,8,8,8,8,8,8,8,8,8
1,1,550175,0,0,0,0,0,0,0,0,0,0
2,1,550175,0,0,0,0,0,0,0,0,0,0
3,1,550175,0,0,0,0,0,0,0,0,0,0
1,1,550176,18,18,18,18,18,18,18,18,18,18
2,1,550176,0,0,0,0,0,0,0,0,0,0
3,1,550176,12,0,0,0,0,0,0,0,0,0
1,1,550177,27,27,27,27,27,27,27,27,27,27
1,1,550178,0,0,14,3,5,0,0,0,0,0
1,1,550179,16,16,16,16,16,16,16,16,16,16
1,1,550180,0,0,0,0,0,0,0,0,0,0
2,1,550180,0,0,0,0,0,0,0,0,0,0
1,1,550181,15,15,15,15,15,15,15,15,15,15
1,1,550182,0,0,0,0,0,0,0,0,0,0
2,1,550182,0,0,0,0,0,0,0,0,0,0
1,1,550183,24,24,24,24,24,24,24,24,24,24