VEH_NO,PER_NO,ST_CASE,P1,P2,P3,P4,P5,P6,P7,P8,P9,P10
1,1,550184,0,0,0,0,0,0,0,0,0,0
1,1,550185,10,10,10,10,10,10,10,10,10,10
1,1,550186,24,24,24,24,24,24,24,24,24,24
1,1,550187,0,0,0,0,0,0,0,0,0,0
1,1,550188,0,0,0,10,0,0,0,0,0,12
2,1,550188,21,21,21,21,21,21,21,21,21,21
1,1,550189,0,0,0,0,0,0,0,0,0,0
1,1,550190,0,0,0,0,0,0,0,0,0,0
1,1,550191,16,16,16,16,16,16,16,16,16,16
1,1,550192,21,21,21,21,21,21,21,21,21,21
1,1,550193,0,0,0,0,0,0,0,0,0,0
1,1,550194,25,25,25,25,25,25,25,25,25,25
2,1,550194,19,19,19,19,19,19,19,19,19,19
1,1,550195,6,6,6,6,6,6,6,6,6,6
1,1,550196,0,0,0,0,0,0,0,0,0,0
1,1,550197,20,20,20,20,20,20,20,20,20,20
2,1,550197,0,0,0,0,0,0,0,0,0,0
1,1,550198,19,19,19,19,19,19,19,19,19,19
1,1,550199,0,0,0,0,0,0,0,0,0,0
2,1,550199,0,0,0,0,0,0,0,0,0,0
1,1,550200,0,0,0,0,0,0,0,0,0,0
1,1,550201,18,18,18,18,18,18,18,18,18,18
1,1,550202,20,0,0,0,0,0,31,0,0,0
2,1,550202,0,0,0,0,0,0,0,0,0,0
1,1,550203,23,23,23,23,23,23,23,23,23,23
0,1,550204,15,15,15,15,15,15,15,15,15,15
1,1,550204,0,0,0,0,0,0,0,0,16,0
1,1,550205,9,9,9,9,9,9,9,9,9,9
1,1,550206,0,0,0,0,0,0,0,0,0,0
1,1,550207,23,23,23,23,23,23,23,23,23,23
1,1,550208,0,0,0,0,0,0,0,0,0,0
2,1,550208,0,0,0,0,0,0,0,0,0,0
1,1,550209,0,0,0,0,0,0,0,0,0,0
2,1,550209,0,0,0,0,0,0,0,0,0,0
1,1,550210,0,0,0,0,0,0,0,0,0,0
1,1,550211,0,5,0,0,0,0,0,0,0,12
2,1,550211,0,0,0,0,0,0,0,0,27,0
1,1,550212,23,23,23,23,23,23,23,23,23,23
2,1,550212,0,0,0,0,0,0,0,0,0,0
1,1,550213,27,27,27,27,27,27,27,27,27,27
1,1,550214,0,0,0,0,0,0,0,0,0,0
2,1,550214,2,2,2,2,2,2,2,2,2,2
1,1,550215,28,28,28,28,28,28,28,28,28,28
1,1,550216,14,14,14,14,14,14,14,14,14,14
2,1,550216,0,0,0,0,0,0,0,0,0,0
1,1,550217,0,0,0,0,0,0,0,0,0,0
1,1,550218,39,39,39,39,39,39,39,39,39,39
2,1,550218,2,2,2,2,2,2,2,2,2,2
1,1,550219,32,0,0,0,8,0,0,0,0,0
2,1,550219,0,0,0,0,0,0,0,0,0,0
3,1,550219,0,0,0,0,0,0,0,0,0,0
1,1,550220,0,0,0,0,0,0,0,0,0,0
2,1,550220,0,0,0,0,0,0,0,0,0,0
1,1,550221,12,12,12,12,12,12,12,12,12,12
1,1,550222,0,8,11,13,0,0,0,0,12,8
2,1,550222,0,0,0,0,0,0,0,0,0,0
3,1,550222,0,0,0,0,0,0,0,0,0,0
1,1,550223,17,17,17,17,17,17,17,17,17,17
1,1,550224,0,0,0,13,0,0,16,0,0,0
2,1,550224,0,0,0,0,0,0,0,0,0,0
1,1,550225,0,0,0,0,0,0,0,0,0,0
2,1,550225,16,16,16,16,16,16,16,16,16,16
1,1,550226,14,14,14,14,14,14,14,14,14,14
1,1,550227,0,0,0,0,0,0,0,0,0,0
2,1,550227,0,0,0,0,0,0,0,3,0,0
3,1,550227,0,0,0,0,0,0,0,0,0,0
1,1,550228,5,5,5,5,5,5,5,5,5,5
2,1,550228,0,0,0,0,0,0,0,0,0,0
1,1,550229,0,0,0,0,0,0,0,0,0,0
2,1,550229,0,0,0,0,0,0,0,0,0,0
1,1,550230,0,0,15,11,0,0,0,0,0,0
2,1,550230,0,0,0,0,0,0,0,0,0,0
1,1,550231,9,9,9,9,9,9,9,9,9,9
1,1,550232,14,14,14,14,14,14,14,14,14,14
1,1,550233,0,0,0,0,0,0,0,0,0,0
1,1,550234,2,2,2,2,2,2,2,2,2,2
1,1,550235,0,0,0,0,0,0,0,0,0,0
2,1,550235,0,0,0,0,0,0,0,0,0,0
1,1,550236,14,14,14,14,14,14,14,14,14,14
2,1,550236,20,20,20,20,20,20,20,20,20,20
1,1,550237,0,0,0,0,0,0,0,0,0,0
1,1,550238,4,4,4,4,4,4,4,4,4,4
1,1,550239,0,0,0,0,0,0,0,0,0,0
2,1,550239,0,0,0,0,0,0,0,0,0,0
1,1,550240,0,0,0,0,0,0,0,0,0,0
2,1,550240,0,0,0,0,0,0,0,0,0,0
1,1,550241,0,0,0,0,0,0,0,0,0,0
1,1,550242,0,0,0,0,0,0,0,0,0,0
2,1,550242,0,0,0,0,0,0,0,0,0,0
1,1,550243,7,7,7,7,7,7,7,7,7,7
1,1,550244,0,0,0,0,0,0,0,0,0,0
1,1,550245,0,0,0,0,0,0,0,0,0,0
2,1,550245,0,0,0,0,0,0,0,0,0,0
3,1,550245,0,0,0,0,0,0,0,0,0,0
1,1,550246,0,0,0,0,0,0,0,0,0,0
1,1,550247,5,5,5,5,5,5,5,5,5,5
1,1,550248,17,9,46,5,24,14,16,4,11,15
0,1,550249,0,0,0,0,0,0,0,0,0,0
1,1,550249,0,0,0,0,0,0,16,0,10,0
1,1,550250,3,3,3,3,3,3,3,3,3,3
1,1,550251,0,0,0,0,0,0,0,0,0,0
1,1,550252,19,19,19,19,19,19,19,19,19,19
2,1,550252,0,0,0,0,0,0,0,0,0,0
1,1,550253,0,0,0,0,0,0,0,0,0,0
2,1,550253,10,10,10,10,10,10,10,10,10,10
1,1,550254,0,0,0,0,0,0,0,0,0,0
2,1,550254,0,0,0,0,0,0,0,0,0,0
1,1,550255,0,0,0,0,0,0,0,0,0,0
1,1,550256,0,0,0,0,0,0,0,0,0,0
2,1,550256,0,0,0,0,0,0,0,0,0,0
0,1,550257,0,0,0,0,0,0,0,0,0,0
1,1,550257,0,0,0,0,0,0,0,0,0,0
1,1,550258,0,0,0,0,0,0,0,0,0,0
1,1,550259,0,0,0,0,0,0,0,0,0,0
1,1,550260,1,1,1,1,1,1,1,1,1,1
1,1,550261,0,0,0,0,0,0,0,0,0,0
2,1,550261,0,0,0,0,0,0,0,0,0,0
1,1,550262,0,0,0,0,0,0,0,0,0,0
1,1,550263,0,0,0,0,0,0,0,0,0,0
2,1,550263,0,0,0,0,0,0,0,0,0,0
1,1,550264,0,0,0,0,0,0,0,0,0,0
1,1,550265,0,0,0,0,0,0,0,0,0,0
1,1,550266,0,0,0,0,0,0,0,0,0,0
1,1,550267,21,21,21,21,21,21,21,21,21,21
1,1,550268,2,2,2,2,2,2,2,2,2,2
1,1,550269,21,21,21,21,21,21,21,21,21,21
1,1,550270,11,11,11,11,11,11,11,11,11,11
1,1,550271,10,10,10,10,10,10,10,10,10,10
1,1,550272,0,0,0,0,0,0,0,0,0,0
1,1,550273,0,0,0,0,0,0,0,0,0,0
1,1,550274,20,20,20,20,20,20,20,20,20,20
2,1,550274,0,0,0,0,0,0,0,0,0,0
1,1,550275,0,0,0,0,0,0,0,0,0,0
2,1,550275,0,0,0,0,0,0,0,0,0,0
3,1,550275,0,0,0,0,0,0,0,0,0,0
1,1,550276,0,0,12,22,0,0,0,0,25,0
2,1,550276,4,4,4,4,4,4,4,4,4,4
1,1,550277,0,0,0,0,0,0,0,0,0,0
1,1,550278,16,16,16,16,16,16,16,16,16,16
1,1,550279,0,0,0,0,0,0,0,0,0,0
2,1,550279,0,0,0,0,0,0,0,0,0,0
1,1,550280,4,4,4,4,4,4,4,4,4,4
1,1,550281,0,0,0,0,0,0,0,0,0,0
2,1,550281,0,0,0,0,0,0,0,0,0,0
1,1,550282,0,0,0,0,0,0,0,0,0,0
1,1,550283,0,0,0,0,0,0,0,0,0,0
2,1,550283,0,0,0,0,0,0,0,0,0,0
1,1,550284,0,0,0,0,0,0,0,0,0,0
2,1,550284,0,0,0,0,0,0,0,0,0,0
1,1,550285,0,0,0,0,0,0,0,0,0,0
1,1,550286,22,22,22,22,22,22,22,22,22,22
1,1,550287,0,0,0,0,0,0,0,0,0,0
1,1,550288,1,1,1,1,1,1,1,1,1,1
2,1,550288,0,0,0,0,0,0,0,0,0,0
1,1,550289,20,20,20,20,20,20,20,20,20,20
2,1,550289,0,0,0,0,0,0,0,0,0,0
1,1,550290,0,0,0,0,0,0,0,0,0,0
2,1,550290,0,0,0,0,0,0,0,0,0,0
1,1,550291,0,0,0,0,0,0,0,0,0,0
1,1,550292,16,16,16,16,16,16,16,16,16,16
1,1,550293,22,22,22,22,22,22,22,22,22,22
1,1,550294,0,0,0,0,0,0,0,0,0,0
2,1,550294,0,0,0,0,9,0,0,0,0,0
0,1,550295,0,0,0,0,0,0,0,0,18,0
1,1,550295,14,14,14,14,14,14,14,14,14,14
1,1,550296,0,0,0,0,0,0,0,0,0,0
2,1,550296,0,0,0,0,0,0,0,0,0,0
1,1,550297,9,9,9,9,9,9,9,9,9,9
1,1,550298,24,24,24,24,24,24,24,24,24,24
1,1,550299,0,0,0,0,0,0,0,0,0,0
1,1,550300,25,25,25,25,25,25,25,25,25,25
1,1,550301,0,0,0,0,0,0,2,0,0,0
1,1,550302,0,0,0,0,0,0,0,0,0,0
1,1,550303,0,0,18,20,0,11,13,0,0,9
1,1,550304,0,0,0,0,0,0,0,0,0,0
1,1,550305,15,15,15,15,15,15,15,15,15,15
1,1,550306,0,0,0,0,0,0,0,0,0,0
0,1,550307,0,0,0,0,0,0,0,0,0,0
1,1,550307,0,0,0,0,0,0,0,0,0,0
1,1,550308,20,20,20,20,20,20,20,20,20,20
1,1,550309,0,0,0,0,0,0,0,0,0,0
2,1,550309,0,0,0,0,0,0,0,0,0,0
1,1,550310,0,0,0,0,0,0,0,0,0,0
1,1,550311,0,0,0,0,0,0,0,0,0,0
2,1,550311,11,11,11,11,11,11,11,11,11,11
1,1,550312,0,0,0,0,0,0,20,0,5,0
1,1,550313,17,17,17,17,17,17,17,17,17,17
1,1,550314,0,0,0,0,0,0,0,0,0,0
2,1,550314,0,0,0,0,0,0,0,0,0,0
0,1,550315,0,0,0,0,0,0,0,0,0,0
1,1,550315,0,0,0,0,0,0,0,0,0,0
1,1,550316,13,13,13,13,13,13,13,13,13,13
1,1,550317,18,18,18,18,18,18,18,18,18,18
1,1,550318,0,0,0,0,0,0,5,18,9,14
2,1,550318,8,8,8,8,8,8,8,8,8,8
1,1,550319,0,0,0,0,0,0,0,0,0,0
1,1,550320,0,0,0,0,0,0,0,0,0,0
2,1,550320,0,0,0,0,0,0,0,0,0,0
1,1,550321,0,0,0,0,0,0,0,0,0,0
1,1,550322,36,36,36,36,36,36,36,36,36,36
1,1,550323,0,0,0,0,0,0,0,0,0,0
2,1,550323,0,0,0,0,0,0,0,0,0,0
3,1,550323,0,0,0,0,0,0,0,0,0,0
1,1,550324,2,2,2,2,2,2,2,2,2,2
2,1,550324,0,0,0,0,0,0,0,0,0,0
0,1,550325,0,0,0,0,0,0,0,0,0,0
1,1,550325,0,0,0,0,0,0,0,0,0,0
1,1,550326,0,0,0,0,0,0,0,0,0,0
1,1,550327,21,21,21,21,21,21,21,21,21,21
1,1,550328,0,0,0,0,0,0,0,0,0,0
2,1,550328,22,22,22,22,22,22,22,22,22,22
1,1,550329,0,0,0,0,0,0,0,0,0,0
2,1,550329,0,0,0,0,0,0,0,0,0,0
1,1,550330,0,0,0,0,0,0,0,0,0,0
2,1,550330,0,0,0,0,0,0,0,0,0,0
1,1,550331,0,0,0,0,0,0,0,0,0,0
1,1,550332,0,0,0,0,0,0,0,0,0,0
2,1,550332,0,0,0,0,0,0,0,0,0,0
1,1,550333,0,0,0,0,0,7,0,0,0,0
2,1,550333,0,8,0,0,0,0,0,4,0,0
1,1,550334,0,0,0,0,0,0,0,0,0,0
1,1,550335,18,18,18,18,18,18,18,18,18,18
1,1,550336,16,16,16,16,16,16,16,16,16,16
1,1,550337,0,0,0,0,0,0,0,0,0,0
2,1,550337,0,0,0,0,0,0,0,0,0,0
1,1,550338,0,0,0,0,0,0,0,0,0,0
1,1,550339,0,0,0,0,0,12,0,0,0,0
1,1,550340,0,0,0,0,0,0,0,0,0,0
2,1,550340,0,0,0,0,0,0,0,0,0,0
1,1,550341,0,0,0,0,0,0,0,0,0,0
2,1,550341,0,0,0,0,0,0,0,0,0,0
1,1,550342,0,0,0,0,0,0,0,0,0,0
2,1,550342,0,0,0,0,0,0,0,0,0,0
1,1,550343,0,0,0,0,0,0,0,0,0,0
2,1,550343,0,0,0,0,0,0,0,0,0,0
3,1,550343,0,0,0,0,0,0,0,0,0,0
1,1,550344,0,0,0,0,0,0,0,0,0,0
2,1,550344,0,0,0,0,0,0,0,0,0,0
1,1,550345,24,24,24,24,24,24,24,24,24,24
2,1,550345,6,0,0,0,0,0,0,0,0,0
1,1,550346,0,0,0,0,0,0,0,0,0,0
2,1,550346,0,0,0,0,0,0,0,0,0,0
1,1,550347,0,0,0,0,0,0,0,0,0,0
2,1,550347,0,8,0,0,0,0,0,20,0,0
1,1,550348,27,27,27,27,27,27,27,27,27,27
1,1,550349,0,0,0,0,0,0,0,0,0,0
1,1,550350,23,23,23,23,23,23,23,23,23,23
0,1,550351,14,0,0,0,0,0,0,0,0,0
1,1,550351,0,0,0,0,0,0,0,0,0,0
1,1,550352,0,0,0,0,0,0,0,0,11,0
2,1,550352,0,0,0,0,0,21,0,0,0,0
1,1,550353,19,19,19,19,19,19,19,19,19,19
1,1,550354,0,0,0,0,0,0,0,0,0,0
2,1,550354,0,0,0,0,0,0,0,0,0,0
3,1,550354,0,0,0,0,0,0,0,0,0,0
1,1,550355,0,0,0,0,0,0,0,0,0,0
2,1,550355,0,0,0,0,0,0,0,0,0,0
0,1,550356,0,0,0,0,0,0,0,0,0,0
1,1,550356,0,0,0,0,0,0,0,0,0,0
1,1,550357,0,0,0,0,0,0,0,0,0,0
2,1,550357,1,1,1,1,1,1,1,1,1,1
0,1,550358,0,0,0,0,0,0,0,0,0,0
1,1,550358,1,1,1,1,1,1,1,1,1,1
1,1,550359,0,0,0,0,0,8,0,0,0,0
2,1,550359,0,0,0,0,5,0,9,0,0,15
0,1,550360,0,0,0,0,0,0,0,0,0,0
1,1,550360,0,0,0,0,0,0,0,0,0,0
1,1,550361,10,18,15,8,17,23,23,6,15,26
2,1,550361,0,0,0,0,0,0,0,0,0,0
1,1,550362,0,0,0,0,0,0,0,0,0,0
1,1,550363,18,18,18,18,18,18,18,18,18,18
1,1,550364,0,23,0,0,0,0,16,0,10,0
2,1,550364,0,0,0,27,0,0,9,0,0,0
0,1,550365,14,14,14,14,14,14,14,14,14,14
1,1,550365,10,13,24,11,16,9,21,6,24,10
1,1,550366,12,12,12,12,12,12,12,12,12,12
1,1,550367,36,36,36,36,36,36,36,36,36,36
1,1,550368,0,0,0,0,0,0,0,0,0,0
1,1,550369,0,0,0,0,0,0,0,0,0,0
2,1,550369,0,0,0,0,0,0,0,0,0,0
1,1,550370,0,0,27,3,10,11,14,0,15,15
1,1,550371,0,0,0,0,0,0,0,0,0,0
1,1,550372,0,0,0,0,0,0,0,0,0,0
2,1,550372,0,0,0,0,0,0,0,0,0,0
1,1,550373,11,11,11,11,11,11,11,11,11,11
2,1,550373,10,0,0,5,16,0,0,0,0,0
0,1,550375,14,14,14,14,14,14,14,14,14,14
1,1,550375,21,21,21,21,21,21,21,21,21,21
1,1,550376,0,0,12,26,0,0,0,0,0,0
1,1,550377,0,0,0,0,0,0,0,0,0,0
2,1,550377,0,0,0,0,0,7,0,0,0,14
1,1,550378,32,17,18,15,11,22,14,19,8,11
1,1,550379,0,0,0,0,0,0,0,0,0,0
2,1,550379,0,0,0,0,0,0,0,0,0,0
1,1,550380,8,8,8,8,8,8,8,8,8,8
2,1,550380,0,0,0,0,0,0,0,0,0,0
1,1,550381,8,8,8,8,8,8,8,8,8,8
1,1,550382,17,17,17,17,17,17,17,17,17,17
2,1,550382,1,1,1,1,1,1,1,1,1,1
1,1,550383,11,11,11,11,11,11,11,11,11,11
1,1,550384,19,19,19,19,19,19,19,19,19,19
1,1,550385,0,0,0,0,0,0,0,0,0,0
0,1,550386,0,0,0,0,0,0,0,0,0,0
0,2,550386,0,0,0,8,0,0,0,0,0,0
2,1,550386,0,0,0,0,0,0,0,0,0,0
0,1,550387,0,0,0,0,0,0,0,0,0,0
1,1,550387,0,0,0,0,0,0,0,0,0,0
1,1,550388,0,0,0,0,0,0,0,0,0,0
2,1,550388,0,0,0,0,0,0,0,0,0,0
1,1,550389,0,0,0,0,0,0,0,0,0,0
2,1,550389,0,0,0,0,0,0,0,0,0,0
1,1,550390,19,19,19,19,19,19,19,19,19,19
2,1,550390,0,0,0,0,0,0,0,0,0,0
0,1,550391,0,0,0,0,0,0,0,0,0,0
1,1,550391,0,0,0,0,0,28,0,8,0,0
1,1,550392,0,0,0,0,0,0,0,0,0,0
1,1,550393,0,0,0,0,0,0,0,0,0,0
2,1,550393,0,0,0,0,0,0,0,0,0,0
1,1,550394,0,0,0,0,0,0,0,0,0,0
2,1,550394,0,0,0,0,0,0,0,0,0,0
0,1,550395,19,19,19,19,19,19,19,19,19,19
1,1,550395,0,0,27,20,0,0,0,0,0,19
1,1,550396,0,0,0,0,7,0,0,0,0,0
1,1,550397,0,0,0,14,0,0,0,18,0,0
1,1,550398,12,12,12,12,12,12,12,12,12,12
1,1,550399,2,2,2,2,2,2,2,2,2,2
2,1,550399,3,3,3,3,3,3,3,3,3,3
1,1,550400,0,0,0,0,0,0,0,0,0,0
1,1,550401,0,0,0,0,0,0,0,0,0,0
2,1,550401,0,0,0,0,0,0,0,0,0,0
1,1,550402,0,0,0,0,0,0,0,0,0,0
2,1,550402,0,0,0,0,0,0,0,0,0,0
1,1,550403,8,16,17,17,0,10,18,14,35,18
1,1,550404,20,20,20,20,20,20,20,20,20,20
2,1,550404,0,0,0,0,0,0,0,0,0,0
0,1,550405,0,0,0,0,0,0,0,0,0,0
1,1,550405,2,2,2,2,2,2,2,2,2,2
1,1,550406,0,0,0,0,0,0,0,0,0,0
1,1,550407,10,10,10,10,10,10,10,10,10,10
1,1,550408,14,14,14,14,14,14,14,14,14,14
2,1,550408,0,0,0,0,0,0,0,0,0,0
1,1,550409,13,13,13,13,13,13,13,13,13,13
1,1,550410,17,0,17,29,8,33,17,23,0,0
1,1,550411,4,4,4,4,4,4,4,4,4,4
1,1,550412,6,6,6,6,6,6,6,6,6,6
1,1,550413,0,0,0,0,0,0,0,0,0,0
2,1,550413,0,0,0,0,0,0,0,0,5,0
1,1,550414,0,0,0,0,0,0,0,0,0,0
2,1,550414,11,15,0,0,0,0,0,0,0,0
0,1,550415,0,0,0,0,0,0,0,0,0,0
1,1,550415,0,0,0,0,0,0,0,0,0,0
0,1,550416,27,27,27,27,27,27,27,27,27,27
1,1,550416,3,3,3,3,3,3,3,3,3,3
0,1,550417,0,0,0,0,0,0,0,0,0,0
1,1,550417,0,0,0,0,0,0,0,0,0,0
1,1,550418,22,22,22,22,22,22,22,22,22,22
1,1,550419,3,3,3,3,3,3,3,3,3,3
2,1,550419,0,0,0,0,0,0,0,0,0,0
1,1,550420,27,27,27,27,27,27,27,27,27,27
1,1,550421,10,10,10,10,10,10,10,10,10,10
1,1,550422,0,0,0,0,0,0,0,0,0,0
2,1,550422,7,7,7,7,7,7,7,7,7,7
1,1,550423,0,0,0,0,0,0,0,0,0,0
2,1,550423,0,0,0,0,0,0,0,0,0,0
0,1,550424,0,0,0,0,0,0,0,0,0,0
1,1,550424,0,0,0,0,0,0,0,0,0,0
1,1,550426,0,0,0,0,0,0,0,0,0,0
2,1,550426,0,0,0,0,0,0,0,0,0,0
1,1,550427,0,0,0,0,0,0,0,0,0,25
1,1,550428,0,0,0,0,0,0,0,0,0,0
1,1,550429,0,0,0,0,0,0,0,0,0,0
2,1,550429,0,0,0,0,0,0,0,0,0,0
3,1,550429,0,0,0,0,0,0,0,0,0,0
1,1,550430,13,13,13,13,13,13,13,13,13,13
1,1,550431,24,24,24,24,24,24,24,24,24,24
1,1,550432,18,18,18,18,18,18,18,18,18,18
1,1,550433,12,12,12,12,12,12,12,12,12,12
1,1,550434,25,25,25,25,25,25,25,25,25,25
2,1,550434,0,6,0,0,12,0,8,0,21,0
1,1,550435,0,0,0,0,0,0,0,0,0,0
2,1,550435,0,0,0,0,0,0,0,0,0,0
1,1,550436,0,11,0,0,0,15,0,22,0,0
2,1,550436,0,0,0,0,0,0,0,0,0,0
1,1,550437,0,0,0,0,0,0,0,0,0,0
2,1,550437,0,0,0,0,0,0,0,0,0,0
1,1,550438,20,20,20,20,20,20,20,20,20,20
1,1,550439,16,16,16,16,16,16,16,16,16,16
2,1,550439,0,0,0,0,0,0,0,0,0,0
1,1,550440,1,1,1,1,1,1,1,1,1,1
2,1,550440,1,1,1,1,1,1,1,1,1,1
1,1,550441,0,0,0,0,0,0,0,0,0,0
1,1,550442,16,16,16,16,16,16,16,16,16,16
2,1,550442,17,17,17,17,17,17,17,17,17,17
1,1,550443,0,0,0,0,0,0,0,0,0,0
2,1,550443,0,0,0,0,0,0,0,0,0,0
1,1,550444,26,26,26,26,26,26,26,26,26,26
1,1,550445,19,19,19,19,19,19,19,19,19,19
1,1,550446,13,13,13,13,13,13,13,13,13,13
0,1,550447,0,0,0,0,0,0,0,0,0,0
1,1,550447,0,0,0,0,0,0,0,0,0,0
1,1,550448,0,0,0,0,0,0,0,0,0,0
2,1,550448,0,0,0,0,0,0,0,0,0,0
1,1,550449,18,18,18,18,18,18,18,18,18,18
1,1,550450,0,0,0,0,0,0,0,0,0,0
2,1,550450,0,0,0,0,0,0,0,0,0,0
1,1,550451,0,0,0,0,0,0,0,0,0,0
1,1,550452,20,20,20,20,20,20,20,20,20,20
1,1,550453,24,24,24,24,24,24,24,24,24,24
2,1,550453,0,0,0,0,0,0,0,0,0,0
1,1,550454,31,31,31,31,31,31,31,31,31,31
1,1,550455,21,21,21,21,21,21,21,21,21,21
2,1,550455,10,10,10,10,10,10,10,10,10,10
1,1,550456,20,20,20,20,20,20,20,20,20,20
1,1,550457,27,27,27,27,27,27,27,27,27,27
1,1,550458,13,13,13,13,13,13,13,13,13,13
1,1,550459,0,0,0,0,0,0,0,0,0,0
2,1,550459,7,0,12,23,15,0,0,0,10,0
0,1,550460,11,11,11,11,11,11,11,11,11,11
1,1,550460,9,10,0,18,0,20,0,0,4,0
1,1,550461,24,9,25,22,22,20,11,28,17,41
1,1,550462,0,0,0,0,0,0,0,0,0,0
1,1,550463,0,0,0,0,0,0,0,0,0,0
2,1,550463,0,0,0,0,0,0,0,0,0,0
1,1,550464,0,0,0,0,0,0,0,0,0,0
2,1,550464,6,6,6,6,6,6,6,6,6,6
1,1,550465,16,16,16,16,16,16,16,16,16,16
1,1,550466,0,0,0,0,0,0,0,0,0,0
2,1,550466,0,0,0,0,0,0,0,0,0,0
1,1,550467,0,0,0,0,0,0,0,0,0,0
2,1,550467,0,0,0,0,0,0,0,0,0,0
1,1,550468,0,0,0,0,6,0,0,0,0,0
2,1,550468,0,0,0,0,0,0,0,0,0,0
1,1,550469,17,17,17,17,17,17,17,17,17,17
0,1,550470,0,0,0,0,0,0,0,0,0,0
1,1,550470,0,0,0,0,0,0,0,0,0,21
1,1,550471,21,21,21,21,21,21,21,21,21,21
1,1,550472,33,33,33,33,33,33,33,33,33,33
1,1,550473,26,26,26,26,26,26,26,26,26,26
1,1,550474,0,0,0,0,0,0,0,0,0,0
2,1,550474,0,0,0,0,0,0,0,0,0,0
1,1,550475,0,0,0,0,0,3,0,19,0,0
1,1,550476,0,0,0,0,0,0,0,0,0,0
2,1,550476,0,0,0,0,0,0,0,0,0,0
1,1,550477,5,5,5,5,5,5,5,5,5,5
2,1,550477,0,0,0,0,0,0,0,0,0,0
1,1,550478,0,0,0,0,0,0,0,0,0,0
2,1,550478,0,0,0,0,0,0,0,0,0,0
1,1,550479,0,0,0,0,0,0,0,0,0,0
2,1,550479,0,0,0,0,0,0,0,0,0,0
1,1,550480,0,0,0,0,0,0,0,0,0,0
1,1,550481,0,0,0,0,0,0,0,0,0,0
2,1,550481,0,0,0,0,0,0,0,0,0,0
1,1,550482,0,0,0,0,0,0,0,0,0,0
1,1,550483,0,0,0,0,0,0,0,0,0,0
2,1,550483,0,0,0,0,0,0,0,0,0,0
3,1,550483,0,0,0,0,0,0,0,0,0,14
1,1,550484,16,16,16,16,16,16,16,16,16,16
2,1,550484,3,3,3,3,3,3,3,3,3,3
3,1,550484,0,0,0,0,0,0,0,0,0,0
1,1,550485,3,3,3,3,3,3,3,3,3,3
1,1,550486,0,0,0,0,0,0,0,0,0,0
2,1,550486,0,0,0,0,0,0,0,0,0,0
3,1,550486,0,0,0,0,0,0,0,0,0,0
0,1,550487,0,0,0,0,0,0,0,0,0,0
1,1,550487,0,0,0,0,0,0,0,0,0,0
1,1,550488,25,25,25,25,25,25,25,25,25,25
1,1,550489,19,19,19,19,19,19,19,19,19,19
1,1,550490,0,0,0,0,0,0,0,0,0,0
2,1,550490,0,0,0,0,0,0,0,0,0,0
1,1,550491,0,0,0,0,0,0,0,0,0,0
2,1,550491,0,0,0,0,0,0,0,0,0,0
1,1,550492,0,0,0,0,0,0,0,0,0,0
2,1,550492,0,0,0,0,0,0,0,0,0,0
1,1,550493,0,0,0,0,0,0,0,0,0,0
1,1,550494,20,20,20,20,20,20,20,20,20,20
1,1,550495,5,11,15,11,18,11,24,15,16,16
1,1,550496,0,0,0,0,0,0,0,0,0,0
1,1,550497,17,17,17,17,17,17,17,17,17,17
0,1,550498,0,0,0,0,0,0,0,0,0,0
1,1,550498,0,0,0,0,0,0,0,0,0,0
1,1,550499,12,30,15,0,24,23,0,32,9,20
1,1,550500,33,33,33,33,33,33,33,33,33,33
1,1,550501,0,0,0,0,0,0,0,0,0,0
2,1,550501,0,0,0,0,0,0,0,0,0,0
1,1,550502,19,19,19,19,19,19,19,19,19,19
1,1,550503,0,0,0,0,0,0,0,0,0,0
2,1,550503,0,0,0,0,0,0,0,0,0,0
1,1,550504,0,0,0,0,0,0,0,0,0,0
2,1,550504,0,0,0,0,0,0,0,0,0,0
1,1,550505,5,5,5,5,5,5,5,5,5,5
2,1,550505,9,9,9,9,9,9,9,9,9,9
3,1,550505,7,7,7,7,7,7,7,7,7,7
1,1,550506,0,15,0,0,0,0,0,0,14,0
2,1,550506,0,0,0,0,0,0,0,0,0,0
1,1,550507,24,24,24,24,24,24,24,24,24,24
1,1,550508,0,0,0,0,0,0,0,0,0,0
2,1,550508,10,0,0,13,0,0,0,0,0,0
1,1,550509,0,0,0,0,0,0,0,0,0,0
1,1,550510,0,0,0,0,0,0,15,0,0,7
1,1,550511,0,0,0,0,0,0,0,0,0,0
1,1,550512,0,0,0,0,0,0,0,0,0,0
2,1,550512,0,0,0,0,0,0,0,0,0,0
1,1,550513,0,0,0,0,0,0,0,0,0,0
2,1,550513,0,0,0,0,0,0,0,0,0,0