VEH_NO,PER_NO,ST_CASE,P1,P2,P3,P4,P5,P6,P7,P8,P9,P10
3,1,550513,0,0,9,0,0,0,0,0,0,0
1,1,550514,23,23,23,23,23,23,23,23,23,23
1,1,550515,0,0,0,0,0,0,0,0,0,0
2,1,550515,8,8,8,8,8,8,8,8,8,8
1,2,550516,9,0,10,23,14,10,16,0,13,22
1,1,550517,3,3,3,3,3,3,3,3,3,3
1,1,550518,0,0,0,0,0,0,0,0,0,0
1,1,550519,0,0,0,0,0,0,0,0,0,0
2,1,550519,0,0,0,0,0,0,0,0,0,0
1,1,550520,5,5,5,5,5,5,5,5,5,5
1,1,550521,0,0,0,0,0,0,0,0,0,0
2,1,550521,0,0,0,0,0,0,0,0,0,0
1,1,550522,0,0,0,0,0,0,0,0,0,0
2,1,550522,0,0,0,0,0,0,0,0,0,0
1,1,550523,15,15,15,15,15,15,15,15,15,15
2,1,550523,0,0,0,0,0,0,0,0,0,0
0,1,550524,21,21,21,21,21,21,21,21,21,21
1,1,550524,0,0,0,0,0,0,0,0,0,0
1,1,550525,13,13,13,13,13,13,13,13,13,13
1,1,550526,6,6,6,6,6,6,6,6,6,6
0,1,550527,17,17,17,17,17,17,17,17,17,17
1,1,550527,0,0,0,0,0,0,0,0,0,0
1,1,550528,9,9,9,9,9,9,9,9,9,9
1,1,550529,0,0,0,0,0,0,0,0,0,0
1,1,550530,10,10,10,10,10,10,10,10,10,10
1,1,550531,0,0,0,0,19,0,0,0,0,0
2,1,550531,0,0,0,0,0,0,0,0,0,0
1,1,550532,0,0,0,0,0,0,0,0,0,0
1,1,550533,0,15,0,0,0,0,0,24,23,0
2,1,550533,0,0,0,0,0,0,0,0,0,0
1,1,550534,0,0,0,0,0,0,0,0,0,0
1,1,550535,20,20,20,20,20,20,20,20,20,20
1,1,550536,0,0,0,0,0,0,0,0,0,0
1,1,550537,13,13,13,13,13,13,13,13,13,13
1,1,550538,24,24,24,24,24,24,24,24,24,24
1,1,550539,17,17,17,17,17,17,17,17,17,17
1,1,550540,10,15,20,27,0,0,10,16,26,8
1,1,550541,0,0,0,0,0,0,0,0,0,0
2,1,550541,0,0,0,0,0,0,0,0,0,0
1,1,550542,13,13,13,13,13,13,13,13,13,13
1,1,550543,17,17,17,17,17,17,17,17,17,17
2,1,550543,0,0,0,0,0,0,0,0,0,0
1,1,550544,0,0,0,0,0,0,0,0,0,0
1,1,550545,0,0,0,0,0,0,0,0,0,0
2,1,550545,0,0,0,0,0,0,0,0,0,0
1,1,550546,10,10,10,10,10,10,10,10,10,10
1,1,550547,3,3,3,3,3,3,3,3,3,3
1,1,550548,0,0,0,0,0,0,0,0,0,0
2,1,550548,0,0,0,0,0,0,0,0,0,0
1,1,550549,23,23,23,23,23,23,23,23,23,23
1,1,550550,27,27,27,27,27,27,27,27,27,27
1,1,550551,0,0,0,0,0,0,0,0,0,0
2,1,550551,0,0,0,0,0,0,0,0,0,0
1,1,550552,13,13,13,13,13,13,13,13,13,13
2,1,550552,0,0,0,0,0,0,0,0,0,6
1,1,550553,0,0,0,0,0,0,0,0,0,0
1,1,550554,0,0,0,0,0,0,0,0,0,0
2,1,550554,0,0,0,0,0,0,0,0,0,0
1,1,550555,29,29,29,29,29,29,29,29,29,29
1,1,550556,18,18,18,18,18,18,18,18,18,18
1,1,550557,28,28,28,28,28,28,28,28,28,28
1,1,550558,0,0,0,0,0,0,0,0,0,0
1,1,550559,26,26,26,26,26,26,26,26,26,26
1,1,550560,0,0,0,0,0,0,0,14,0,0
1,1,550561,25,25,25,25,25,25,25,25,25,25
1,1,550562,35,35,35,35,35,35,35,35,35,35
1,1,550563,19,19,19,19,19,19,19,19,19,19
1,1,550564,25,25,25,25,25,25,25,25,25,25
1,1,550565,0,0,0,0,0,0,0,0,0,0
1,1,550566,0,0,0,0,0,0,0,0,0,0
2,1,550566,0,0,0,0,0,0,0,0,0,0
1,1,550568,22,22,22,22,22,22,22,22,22,22
0,1,550569,22,22,22,22,22,22,22,22,22,22
1,1,550569,0,0,0,0,0,0,0,0,0,0
1,1,550570,12,12,12,12,12,12,12,12,12,12
1,1,550571,0,0,0,0,0,0,0,0,0,0
2,1,550571,0,0,0,0,0,0,0,0,0,0
1,1,550572,27,27,27,27,27,27,27,27,27,27
0,1,550573,0,0,0,0,0,0,0,0,0,0
1,1,550573,0,0,0,0,10,0,0,0,0,0
1,1,550574,25,25,25,25,25,25,25,25,25,25
1,1,550575,24,24,24,24,24,24,24,24,24,24
2,1,550575,0,0,0,0,0,0,0,0,0,0
3,1,550575,0,0,0,12,0,0,0,0,0,0
1,1,550576,23,0,20,0,21,0,52,0,0,16
1,1,550577,0,0,0,0,0,0,0,0,0,0
2,1,550577,0,0,0,0,0,0,0,0,0,0
3,1,550577,0,0,0,0,0,0,0,0,0,0
1,1,550578,9,9,9,9,9,9,9,9,9,9
2,1,550578,0,0,0,0,0,0,0,0,0,0
2,1,550579,0,0,0,0,0,0,0,0,0,0
1,1,550580,0,0,0,0,0,0,0,14,22,0
2,1,550580,0,0,0,0,0,0,0,0,0,0
1,1,550581,11,11,11,11,11,11,11,11,11,11
1,1,550582,29,29,29,29,29,29,29,29,29,29
1,1,550583,0,0,0,0,0,0,0,0,0,0
2,1,550583,0,0,0,0,0,0,0,0,0,0
1,1,550584,14,14,14,14,14,14,14,14,14,14
1,1,550585,0,0,0,0,0,0,0,0,0,0
2,1,550585,0,0,0,0,0,0,0,0,0,0
3,1,550585,22,0,19,0,32,0,0,0,0,0
1,1,550586,0,0,0,0,0,0,0,0,0,0
2,1,550586,0,0,0,0,0,0,0,0,0,0
1,1,550587,3,3,3,3,3,3,3,3,3,3
1,1,550588,11,11,11,11,11,11,11,11,11,11
1,1,550589,20,20,20,20,20,20,20,20,20,20
1,1,550590,0,0,0,0,0,0,0,0,0,0
2,1,550590,0,0,0,0,0,0,0,0,0,0
3,1,550590,0,0,0,0,0,0,0,0,0,0
1,1,550591,19,19,19,19,19,19,19,19,19,19
1,1,550592,0,0,0,0,0,0,0,0,0,0
1,1,550593,0,0,0,0,0,0,0,0,0,0
2,1,550593,0,0,0,0,0,0,0,0,0,0
1,1,550594,0,0,0,0,0,0,0,0,0,0
2,1,550594,0,0,0,0,0,10,0,0,0,0
1,1,550595,18,18,18,18,18,18,18,18,18,18
1,1,550596,0,0,0,0,0,0,0,0,0,0
2,1,550596,0,0,0,0,0,0,0,0,0,0
1,1,550597,8,32,0,0,0,10,20,0,0,0
1,1,550598,30,30,30,30,30,30,30,30,30,30
1,1,550599,0,0,0,0,0,0,0,0,0,0
2,1,550599,0,0,0,0,0,0,0,0,0,0
1,1,550600,25,25,25,25,25,25,25,25,25,25
1,1,550601,0,0,0,0,0,0,0,0,0,0
2,1,550601,0,0,0,0,0,0,0,0,0,0
1,1,550602,0,0,0,0,0,0,0,0,0,0
1,1,550603,10,10,10,10,10,10,10,10,10,10
1,1,550604,7,7,7,7,7,7,7,7,7,7
2,1,550604,13,13,13,13,13,13,13,13,13,13
3,1,550604,6,6,6,6,6,6,6,6,6,6
1,1,550605,0,0,0,0,0,0,0,0,0,0
2,1,550605,0,0,0,0,0,0,0,0,0,0
1,1,550606,12,12,12,12,12,12,12,12,12,12
1,1,550607,14,14,14,14,14,14,14,14,14,14
1,1,550608,29,29,29,29,29,29,29,29,29,29
2,1,550608,0,0,0,0,0,0,0,0,0,0
0,1,550609,24,24,24,24,24,24,24,24,24,24
1,1,550609,4,4,4,4,4,4,4,4,4,4
1,1,550610,0,0,0,0,0,0,0,0,0,0
2,1,550610,12,0,0,15,0,0,0,24,3,16
1,2,550611,0,0,0,0,0,13,16,16,16,10
1,1,550612,0,0,0,0,0,0,0,0,0,0
2,1,550612,0,0,0,0,0,0,0,0,0,0
1,1,550613,21,21,21,21,21,21,21,21,21,21
2,1,550613,0,0,0,0,0,0,0,0,0,0
3,1,550613,0,9,16,0,0,0,0,0,0,0
0,1,550614,0,0,0,0,0,0,0,0,0,0
1,1,550614,0,0,0,0,0,0,0,0,0,0
0,1,550615,0,0,0,0,0,0,0,0,0,0
1,1,550615,0,0,0,0,0,0,0,0,0,8
1,1,550616,16,16,16,16,16,16,16,16,16,16
1,1,550617,19,19,19,19,19,19,19,19,19,19
2,1,550617,0,0,0,16,0,0,0,0,0,0
0,1,550618,0,0,0,0,0,0,0,0,0,0
1,1,550618,0,0,0,0,0,0,0,0,0,0
1,1,550619,24,24,24,24,24,24,24,24,24,24
0,1,550620,13,13,13,13,13,13,13,13,13,13
1,1,550620,0,0,0,0,0,0,0,0,0,0
1,1,550621,0,0,0,0,0,0,0,0,0,0
2,1,550621,0,0,0,0,0,0,0,0,0,0
1,1,550622,15,15,15,15,15,15,15,15,15,15
1,1,550623,0,0,0,0,0,0,0,0,0,0
2,1,550623,4,4,4,4,4,4,4,4,4,4
1,1,550624,18,18,18,18,18,18,18,18,18,18
1,1,550625,19,19,19,19,19,19,19,19,19,19
1,1,550626,23,23,23,23,23,23,23,23,23,23
1,1,550627,14,14,14,14,14,14,14,14,14,14
1,1,550628,30,30,30,30,30,30,30,30,30,30
0,1,550629,0,0,0,0,0,0,0,0,0,0
1,1,550629,0,0,0,0,0,0,0,0,0,0
0,1,550630,0,0,0,0,0,0,0,0,0,0
1,1,550630,0,0,0,0,0,0,0,0,0,0
1,1,550631,0,0,0,0,0,0,0,0,0,0
1,1,550632,0,0,0,0,0,0,0,0,0,0
2,1,550632,0,0,0,7,0,0,0,0,0,0
1,1,550633,19,19,19,19,19,19,19,19,19,19
0,1,550634,0,0,0,0,0,0,0,0,0,0
1,1,550634,0,0,0,0,0,0,0,0,0,0
0,1,550635,0,0,0,0,0,0,0,0,0,0
1,1,550635,0,0,0,0,0,0,0,0,0,0
1,1,550636,22,22,22,22,22,22,22,22,22,22
2,1,550636,0,0,0,0,0,0,0,0,0,0
1,1,550637,20,20,20,20,20,20,20,20,20,20
2,1,550637,15,0,31,7,3,11,19,28,17,15
0,1,550638,22,22,22,22,22,22,22,22,22,22
1,1,550638,13,13,13,13,13,13,13,13,13,13
0,1,550639,0,0,0,0,0,0,0,0,0,15
1,1,550639,0,0,0,0,0,0,0,0,0,0
0,1,550640,0,0,5,0,11,18,0,0,0,0
1,1,550640,0,0,0,0,0,0,0,0,0,0
1,1,550641,12,12,12,12,12,12,12,12,12,12
1,1,550642,0,0,0,0,0,0,0,0,0,0
2,1,550642,0,0,0,0,0,0,0,0,0,0
1,1,550643,0,0,0,0,0,0,0,0,0,0
2,1,550643,0,0,0,0,0,0,0,0,0,0
1,1,550644,16,14,0,0,0,25,16,7,0,0
1,1,550645,12,15,0,7,15,3,0,0,0,0
2,1,550645,16,16,16,16,16,16,16,16,16,16
1,1,550646,0,0,0,0,0,0,0,0,0,0
2,1,550646,0,0,0,0,0,0,0,0,0,0
1,1,550647,19,19,19,19,19,19,19,19,19,19
2,1,550647,16,16,16,16,16,16,16,16,16,16
1,1,550648,0,0,0,0,0,0,0,0,0,0
2,1,550648,0,0,0,0,0,0,0,0,0,0
0,1,550649,0,0,0,0,0,0,0,0,0,0
1,1,550649,0,0,0,0,0,0,0,0,0,0
1,1,550650,13,13,13,13,13,13,13,13,13,13
2,1,550650,6,0,7,13,0,0,13,0,18,0
1,1,550651,0,0,0,0,0,0,0,0,0,0
1,1,550652,0,0,0,0,0,0,0,0,0,0
2,1,550652,0,0,0,0,0,0,0,0,0,0
0,1,550653,0,0,0,0,0,0,0,0,0,0
0,2,550653,0,0,0,0,0,0,0,0,0,0
1,1,550653,0,0,0,0,0,0,0,0,0,0
1,1,550654,0,0,0,0,0,0,0,0,0,0
2,1,550654,0,0,0,0,0,0,0,0,0,0
0,1,550655,0,0,0,0,0,0,0,0,0,0
1,1,550655,0,0,0,0,0,0,0,0,0,0
1,1,550656,0,0,0,0,0,0,0,0,0,0
1,1,550657,28,28,28,28,28,28,28,28,28,28
1,1,550658,0,20,0,0,0,0,0,0,0,0
2,1,550658,9,0,0,0,0,0,0,0,0,0
0,1,550659,0,0,0,0,0,0,0,0,0,0
1,1,550659,0,0,0,0,0,0,0,0,0,0
1,1,550660,23,23,23,23,23,23,23,23,23,23
1,1,550661,0,0,0,0,0,0,0,0,0,0
1,1,550662,0,0,0,0,0,0,0,0,0,0
1,1,550663,0,0,0,0,0,0,0,0,0,0
1,1,550664,15,15,15,15,15,15,15,15,15,15
1,1,550665,13,13,13,13,13,13,13,13,13,13
1,1,550666,0,0,10,0,0,39,21,0,0,0
1,1,550667,6,6,6,6,6,6,6,6,6,6
1,1,550668,29,29,29,29,29,29,29,29,29,29
1,1,550669,14,14,14,14,14,14,14,14,14,14
1,1,550670,8,8,8,8,8,8,8,8,8,8
2,1,550670,0,0,0,0,0,0,0,0,0,0
1,1,550671,18,18,18,18,18,18,18,18,18,18
1,1,550672,24,24,24,24,24,24,24,24,24,24
1,1,550673,23,23,23,23,23,23,23,23,23,23
1,1,560001,5,0,0,0,0,0,0,0,17,0
2,1,560001,0,0,0,0,0,0,0,0,0,0
1,1,560002,9,9,9,9,9,9,9,9,9,9
2,1,560002,0,0,0,0,0,0,0,0,0,0
1,1,560003,0,0,0,0,0,0,0,0,0,0
2,1,560003,0,0,0,0,0,0,0,0,0,0
1,1,560004,0,0,0,0,0,0,0,0,0,0
1,1,560005,0,0,0,0,0,0,0,0,0,0
2,1,560005,0,0,0,0,0,0,0,0,0,0
1,1,560006,31,31,31,31,31,31,31,31,31,31
1,1,560007,0,0,0,0,0,0,0,0,0,0
2,1,560007,0,0,0,0,0,0,0,0,0,0
1,1,560008,0,0,0,0,0,0,0,0,0,0
2,1,560008,0,0,0,0,0,0,0,0,0,0
1,1,560009,22,22,22,22,22,22,22,22,22,22
2,1,560009,0,0,0,0,0,0,0,0,0,0
1,1,560010,14,14,14,14,14,14,14,14,14,14
2,1,560010,0,0,0,0,0,0,0,0,0,0
1,1,560011,3,3,3,3,3,3,3,3,3,3
1,1,560012,0,0,0,0,0,0,0,0,0,0
1,1,560013,0,0,0,0,0,0,0,0,0,0
1,1,560014,0,0,0,0,14,15,0,0,0,0
1,1,560015,0,0,0,0,0,0,0,0,0,0
1,1,560016,19,19,19,19,19,19,19,19,19,19
1,1,560017,0,0,0,0,0,0,0,0,0,0
2,1,560017,0,0,0,0,0,0,0,0,0,0
1,1,560018,0,0,0,0,0,0,0,0,0,0
1,1,560019,0,0,0,0,0,0,0,0,0,0
2,1,560019,5,0,0,0,0,0,0,0,0,0
3,1,560019,0,12,0,0,0,0,6,0,0,0
1,1,560020,17,17,17,17,17,17,17,17,17,17
1,1,560021,0,0,0,0,0,0,0,0,0,0
2,1,560021,0,0,0,0,0,0,0,0,0,0
1,1,560022,27,27,27,27,27,27,27,27,27,27
1,1,560023,0,0,0,0,0,0,0,0,0,0
1,1,560024,0,0,0,0,0,0,0,0,0,0
2,1,560024,0,0,0,0,0,0,0,0,0,3
1,1,560025,0,0,0,0,0,0,0,0,0,0
2,1,560025,0,0,0,0,0,0,0,0,0,0
3,1,560025,0,0,0,0,0,0,0,0,0,0
4,1,560025,0,0,0,0,0,0,0,0,0,0
5,1,560025,0,0,0,0,0,0,0,0,0,0
6,1,560025,0,0,0,0,0,0,0,0,22,0
1,1,560026,0,0,0,0,0,0,0,0,0,0
2,1,560026,0,0,0,0,0,0,0,0,0,0
1,1,560027,0,0,0,0,0,0,0,0,0,0
2,1,560027,0,0,0,0,0,0,0,0,0,0
0,1,560028,0,0,0,0,0,0,0,0,0,0
1,1,560028,0,0,0,0,0,0,0,0,0,0
2,1,560028,0,0,0,0,0,0,0,0,0,0
3,1,560028,0,0,0,0,0,0,0,0,0,0
4,1,560028,0,0,0,0,0,0,0,0,0,0
5,1,560028,0,0,0,0,0,0,0,0,0,0
6,1,560028,0,0,0,0,0,0,0,0,0,0
7,1,560028,0,0,0,0,0,0,0,0,0,0
9,1,560028,0,0,0,0,0,0,0,0,0,0
10,1,560028,0,0,0,0,0,0,0,0,0,0
11,1,560028,0,0,0,0,0,0,0,0,0,6
12,1,560028,0,0,0,0,0,0,0,0,0,0
13,1,560028,0,0,0,0,0,0,0,0,0,0
14,1,560028,0,0,0,0,0,0,0,0,0,0
15,1,560028,0,0,0,0,0,0,0,0,0,0
16,1,560028,0,0,0,0,0,0,0,0,0,0
17,1,560028,0,0,0,0,0,0,0,0,0,0
18,1,560028,0,0,0,0,0,0,0,0,0,0
19,1,560028,0,0,0,0,0,0,0,0,0,0
20,1,560028,0,0,0,0,0,0,0,0,0,11
21,1,560028,0,0,0,0,0,0,0,0,0,0
22,1,560028,0,0,0,0,0,0,0,0,0,0
1,1,560029,0,0,0,0,0,0,0,0,0,0
1,1,560030,0,0,0,0,0,0,0,0,0,0
1,1,560031,27,27,27,27,27,27,27,27,27,27
2,1,560031,10,10,10,10,10,10,10,10,10,10
1,1,560032,0,5,0,0,0,0,0,0,0,0
1,1,560033,0,0,0,0,0,0,0,0,0,0
1,1,560034,0,0,0,0,0,0,0,0,0,0
1,1,560035,0,0,0,0,0,0,0,0,0,0
2,1,560035,0,0,0,0,0,0,0,0,0,0
1,1,560036,0,0,0,0,0,0,0,14,0,0
1,1,560037,5,5,5,5,5,5,5,5,5,5
1,1,560038,0,0,0,0,0,0,0,0,0,0
1,1,560039,0,0,0,0,0,0,0,0,0,0
1,1,560040,23,23,23,23,23,23,23,23,23,23
1,1,560041,18,18,18,18,18,18,18,18,18,18
0,1,560042,35,35,35,35,35,35,35,35,35,35
1,1,560042,0,0,0,0,0,0,0,0,0,0
1,1,560043,0,0,0,0,0,0,0,0,0,0
1,1,560044,0,0,0,0,6,0,0,20,0,0
1,1,560045,24,24,24,24,24,24,24,24,24,24
1,1,560046,16,16,16,16,16,16,16,16,16,16
1,1,560047,22,22,22,22,22,22,22,22,22,22
1,1,560048,24,24,24,24,24,24,24,24,24,24
1,1,560049,13,13,13,13,13,13,13,13,13,13
1,1,560050,0,0,0,0,0,0,0,0,0,0
1,1,560051,0,0,0,0,0,0,0,0,0,0
2,1,560051,0,0,0,0,0,0,0,0,18,0
3,1,560051,0,0,0,0,0,0,0,0,0,0
1,1,560052,17,0,21,0,24,25,0,0,14,0
1,1,560053,25,25,25,25,25,25,25,25,25,25
1,1,560054,20,20,20,20,20,20,20,20,20,20
1,1,560055,6,6,6,6,6,6,6,6,6,6
2,1,560055,0,0,0,0,0,12,0,0,0,0
1,1,560056,0,0,0,0,0,0,0,0,0,0
1,1,560057,14,14,14,14,14,14,14,14,14,14
1,1,560058,0,0,0,0,0,0,0,0,0,0
2,1,560058,0,0,0,0,0,0,0,0,0,0
1,1,560059,0,0,0,0,0,0,0,0,0,0
1,1,560060,22,22,22,22,22,22,22,22,22,22
1,1,560061,32,32,32,32,32,32,32,32,32,32
1,1,560062,0,0,0,0,0,0,0,0,0,0
0,1,560063,32,32,32,32,32,32,32,32,32,32
1,1,560063,0,0,0,0,0,0,0,0,0,0
1,1,560064,0,0,0,0,0,0,0,0,0,0
2,1,560064,0,0,0,0,0,0,0,0,0,0
1,1,560065,0,0,0,0,0,0,0,0,0,0
2,1,560065,11,11,11,11,11,11,11,11,11,11
1,1,560066,0,0,0,0,0,0,0,0,0,0
1,1,560067,0,0,0,0,0,0,0,0,0,0
1,1,560068,3,3,3,3,3,3,3,3,3,3
1,1,560069,8,8,8,8,8,8,8,8,8,8
1,1,560070,0,0,0,0,0,0,0,0,0,0
2,1,560070,0,0,0,0,0,0,0,0,0,0
3,1,560070,0,0,0,0,0,0,0,0,0,0
1,1,560071,13,13,13,13,13,13,13,13,13,13
1,1,560072,10,10,10,10,10,10,10,10,10,10
1,1,560073,24,24,24,24,24,24,24,24,24,24
1,1,560074,0,12,6,0,0,0,0,0,3,0
1,1,560075,0,0,0,0,0,0,0,0,0,0
1,1,560076,0,0,0,0,0,0,0,0,0,0
1,1,560077,0,0,0,0,0,0,0,0,0,0
2,1,560077,0,0,0,0,0,0,0,0,0,0
3,1,560077,0,0,0,0,0,0,0,0,0,0
1,1,560078,0,0,0,0,0,0,0,0,0,0
2,1,560078,0,0,0,0,0,0,0,0,0,0
1,1,560079,0,0,0,0,0,0,0,0,0,0
2,1,560079,0,0,0,0,0,0,0,0,0,0
1,1,560080,0,7,0,0,0,13,0,0,0,0
1,1,560081,20,20,20,20,20,20,20,20,20,20
1,1,560082,0,0,0,0,0,0,0,0,0,0
1,1,560083,0,0,0,0,0,0,0,0,0,0
1,1,560084,0,0,0,0,0,0,0,0,0,0
2,1,560084,0,0,0,0,0,0,0,0,4,0
1,1,560085,25,25,25,25,25,25,25,25,25,25
1,1,560086,17,17,17,17,17,17,17,17,17,17
1,1,560087,0,0,0,0,0,0,20,0,0,0
1,1,560088,0,0,0,0,0,0,0,0,0,0
1,1,560089,0,0,0,0,0,0,0,8,0,0
1,1,560090,0,0,0,0,0,0,0,0,0,0
2,1,560090,0,0,0,0,0,0,0,0,0,0
1,1,560091,0,0,0,0,0,0,0,0,0,0
1,1,560092,0,0,0,0,0,0,0,0,0,0
1,1,560093,15,15,15,15,15,15,15,15,15,15
1,1,560094,0,0,0,0,0,0,0,0,0,0
2,1,560094,0,0,0,0,0,0,0,0,0,0
1,1,560095,0,0,0,0,0,0,0,0,0,0
1,1,560096,26,26,26,26,26,26,26,26,26,26
1,1,560097,0,0,0,0,0,0,0,0,0,0
1,1,560098,0,0,0,0,0,0,0,0,0,0
2,1,560098,0,0,0,0,0,0,0,0,0,0
3,1,560098,0,0,0,0,0,0,0,0,0,0
1,1,560099,15,15,15,15,15,15,15,15,15,15
1,1,560100,0,0,0,0,0,0,0,0,0,0
2,1,560100,0,0,0,0,0,0,0,0,0,0
1,1,560101,0,5,0,0,0,0,0,0,0,0
2,1,560101,0,0,0,0,0,0,0,0,0,0
1,1,560102,0,0,0,0,0,0,0,0,0,0
1,1,560103,0,0,0,0,0,0,0,0,0,0
2,1,560103,0,0,0,0,0,0,0,0,0,0
1,1,560104,0,0,0,0,0,0,0,0,0,0
1,1,560105,0,0,0,0,0,0,0,0,0,0
1,1,560106,0,0,0,0,0,0,0,0,0,0
1,1,560107,25,25,25,25,25,25,25,25,25,25
1,1,560108,32,32,32,32,32,32,32,32,32,32
1,1,560109,0,0,0,0,0,0,0,0,0,0
2,1,560109,0,0,0,0,0,0,0,0,0,0
1,1,560110,5,5,5,5,5,5,5,5,5,5
2,1,560110,0,0,0,0,0,0,0,0,0,0
1,1,560111,0,0,0,5,0,0,0,0,0,0
2,1,560111,0,0,0,0,0,0,0,0,0,0
1,1,560112,0,0,0,0,0,0,0,0,0,0
0,1,560113,0,0,0,0,0,0,0,0,0,0
0,2,560113,0,0,0,0,0,0,0,0,0,0
0,3,560113,0,0,0,0,0,0,0,0,0,0
1,1,560113,0,0,0,0,0,0,0,0,0,0
1,1,560114,0,0,0,0,0,0,0,13,34,0
1,1,560115,0,0,0,0,0,0,0,0,0,0
1,1,560116,0,0,0,0,0,0,0,0,0,0
2,1,560116,0,0,0,0,0,0,0,0,0,0
1,1,560117,0,0,0,0,0,0,0,0,0,0
2,1,560117,0,0,0,0,0,0,0,0,0,0
1,1,560118,0,0,0,0,0,0,0,0,0,0
1,1,560119,26,26,26,26,26,26,26,26,26,26
2,1,560119,0,0,0,0,27,0,0,21,0,0
1,1,560120,0,0,0,0,0,0,0,0,0,0
1,1,560121,2,2,2,2,2,2,2,2,2,2
1,1,560122,25,25,25,25,25,25,25,25,25,25
1,1,560123,0,0,0,0,0,0,0,0,0,0
1,1,560124,0,0,0,0,0,0,0,0,0,0
1,1,560125,0,0,0,0,16,0,0,0,0,0
1,1,560126,23,23,23,23,23,23,23,23,23,23
1,1,560127,18,18,18,18,18,18,18,18,18,18
1,1,560128,0,0,0,0,0,0,0,0,0,0
1,1,560129,25,25,25,25,25,25,25,25,25,25
1,1,560130,0,0,0,0,12,22,0,0,0,0
1,1,560131,0,0,0,0,0,0,0,0,0,0
2,1,560131,0,0,0,0,0,0,0,0,0,0
1,1,560132,0,0,0,0,0,0,0,0,0,0
1,1,560133,0,0,0,0,0,0,0,0,0,20
1,1,560134,11,16,19,12,19,19,12,11,22,28
1,1,560135,15,15,15,15,15,15,15,15,15,15
2,1,560135,0,0,7,0,0,0,0,0,13,0
3,1,560135,0,0,0,0,12,0,0,0,0,0
1,1,560136,2,2,2,2,2,2,2,2,2,2
1,1,560137,0,0,0,11,0,0,0,0,0,0
1,1,560138,0,0,0,0,0,0,0,0,0,0
1,1,560139,0,0,0,0,0,0,0,0,0,0
2,1,560139,25,25,25,25,25,25,25,25,25,25
1,1,560140,0,0,0,0,0,0,0,0,0,0
2,1,560140,0,0,0,0,0,0,0,0,0,0
1,1,560141,0,0,0,0,0,0,0,0,0,0
2,1,560141,17,17,17,17,17,17,17,17,17,17
1,1,560142,20,20,20,20,20,20,20,20,20,20
1,1,560143,0,0,0,0,0,0,0,0,0,0
1,1,560144,0,0,0,7,0,0,0,0,0,0
2,1,560144,0,0,0,0,0,0,0,0,0,0
1,1,560145,0,0,0,0,0,0,0,0,0,0
2,1,560145,0,0,0,0,0,0,0,0,0,0
1,1,560146,27,27,27,27,27,27,27,27,27,27
1,1,560147,13,13,13,13,13,13,13,13,13,13
1,1,560148,0,0,0,0,0,0,0,0,0,0
1,1,560149,0,0,0,0,0,0,6,0,0,0
1,1,560150,0,0,0,0,0,0,0,0,0,0
1,1,560151,0,0,0,0,0,0,0,0,0,0
2,1,560151,0,0,0,0,0,0,0,0,0,0
1,1,560152,15,15,15,15,15,15,15,15,15,15
1,1,560153,0,0,0,0,0,0,0,0,0,0
2,1,560153,1,1,1,1,1,1,1,1,1,1
1,1,560154,0,0,0,0,0,0,0,0,0,0
2,1,560154,0,0,0,0,0,0,0,0,0,0
1,1,560155,22,22,22,22,22,22,22,22,22,22
1,1,560156,0,0,0,0,0,0,0,0,0,0
2,1,560156,0,0,0,0,0,0,0,0,0,0
1,1,560157,14,14,14,14,14,14,14,14,14,14
1,1,560158,0,0,0,0,0,15,0,0,0,0
1,1,560159,0,0,8,0,0,0,0,0,0,0
2,1,560159,0,0,0,0,0,0,0,0,0,0
1,1,560160,0,0,0,0,0,0,0,0,0,0
0,1,560161,0,0,0,0,0,0,0,0,0,0
1,1,560161,0,0,0,0,0,0,0,0,0,0
1,1,560162,0,19,0,0,0,12,0,11,0,13
2,1,560162,0,0,0,0,0,0,0,12,0,0
1,1,560163,0,0,0,0,0,0,0,0,0,0
1,1,560164,0,0,0,0,0,0,0,0,0,0
2,1,560164,0,0,0,0,0,0,0,0,0,0
1,1,560165,22,22,22,22,22,22,22,22,22,22
1,1,560166,0,0,0,0,0,0,0,0,0,0
2,1,560166,0,0,0,0,0,0,5,0,0,14
1,1,560167,0,0,0,0,0,0,0,0,0,0
1,1,560168,0,4,0,0,0,0,0,6,0,0
2,1,560168,0,0,0,0,0,0,0,0,0,0
1,1,560169,26,26,26,26,26,26,26,26,26,26