VEH_NO,PER_NO,ST_CASE,P1,P2,P3,P4,P5,P6,P7,P8,P9,P10
0,1,60290,0,0,0,0,0,0,0,0,0,0
1,1,60290,0,0,0,0,0,0,0,0,0,0
1,1,60291,0,0,0,0,0,0,0,0,0,0
2,1,60291,0,0,0,0,0,0,0,0,0,0
1,1,60292,0,0,0,0,0,0,0,0,0,0
1,1,60293,36,36,36,36,36,36,36,36,36,36
2,1,60293,0,0,0,0,0,0,0,0,0,0
0,1,60294,0,0,0,0,0,0,0,0,0,0
1,1,60294,0,0,0,0,0,23,0,0,0,0
1,1,60295,0,0,0,0,0,0,0,0,0,0
1,1,60296,0,0,0,0,0,0,0,0,0,0
2,1,60296,0,0,0,0,0,0,0,0,0,0
1,1,60297,0,0,0,0,0,0,0,0,0,0
1,1,60298,0,0,0,0,0,0,0,0,0,0
1,1,60299,0,0,0,13,3,0,0,0,0,0
2,1,60299,0,0,0,0,0,0,0,0,0,0
0,1,60300,0,0,0,0,0,0,0,0,0,0
1,1,60300,0,0,0,0,0,0,0,0,0,0
1,1,60301,0,0,0,0,0,0,0,0,0,0
0,1,60302,0,0,0,0,0,0,0,0,0,0
1,1,60302,0,0,0,0,22,0,11,0,0,0
0,1,60303,0,0,0,12,13,13,0,0,0,14
1,1,60303,0,0,0,0,0,0,0,0,0,0
1,1,60304,0,0,0,0,0,0,0,0,0,0
0,1,60305,0,0,0,0,0,0,0,0,0,0
1,1,60305,0,0,0,0,0,0,0,0,0,0
1,1,60306,0,0,0,0,0,0,0,0,0,0
2,1,60306,0,0,0,0,0,0,0,0,0,0
3,1,60306,0,0,0,0,0,0,0,0,0,0
1,1,60307,32,32,32,32,32,32,32,32,32,32
2,1,60307,0,0,0,0,0,0,0,0,0,0
0,1,60308,6,6,6,6,6,6,6,6,6,6
1,1,60308,0,0,0,0,0,0,0,0,0,0
1,1,60309,9,8,25,8,17,14,10,20,0,27
0,1,60310,0,0,0,0,0,0,0,0,0,0
1,1,60310,29,9,0,0,0,6,7,0,0,14
2,1,60310,0,0,0,0,0,0,0,0,0,0
1,1,60311,15,15,15,15,15,15,15,15,15,15
0,1,60312,8,8,8,8,8,8,8,8,8,8
1,1,60312,0,0,0,0,14,0,0,0,0,8
1,1,60313,8,8,8,8,8,8,8,8,8,8
1,1,60314,0,0,0,0,0,0,0,0,0,0
1,1,60315,0,0,0,0,0,0,0,0,0,0
1,1,60316,12,12,12,12,12,12,12,12,12,12
2,1,60316,0,0,0,0,0,0,0,0,0,0
1,1,60317,0,0,0,0,0,0,0,0,0,0
2,1,60317,0,0,0,0,0,0,0,0,0,0
1,1,60318,0,0,0,0,0,0,0,0,0,0
1,1,60319,0,0,0,0,0,0,0,0,0,0
2,1,60319,0,0,0,0,0,0,0,0,0,0
1,1,60320,0,17,10,0,4,0,0,0,0,0
2,1,60320,0,0,0,0,0,0,0,0,0,0
1,1,60321,0,0,0,0,0,0,0,0,0,0
2,1,60321,0,19,0,0,0,0,0,0,0,0
1,1,60322,0,0,0,0,0,0,0,0,0,0
2,1,60322,0,0,0,0,0,0,0,0,0,0
0,1,60323,0,0,0,0,0,0,0,0,0,0
1,1,60323,16,16,16,16,16,16,16,16,16,16
1,1,60324,0,0,0,0,0,0,0,0,0,0
2,1,60324,0,0,0,0,0,0,0,0,0,0
1,1,60325,0,22,0,0,0,0,0,0,0,0
1,1,60326,2,2,2,2,2,2,2,2,2,2
1,1,60327,2,2,2,2,2,2,2,2,2,2
0,1,60328,41,41,41,41,41,41,41,41,41,41
1,1,60328,0,18,0,0,0,0,0,0,0,0
1,1,60329,7,7,7,7,7,7,7,7,7,7
1,1,60330,20,20,20,20,20,20,20,20,20,20
1,1,60331,12,12,12,12,12,12,12,12,12,12
1,1,60332,0,0,0,0,0,0,0,0,0,0
1,1,60333,26,26,26,26,26,26,26,26,26,26
2,1,60333,0,0,0,0,0,0,0,0,0,0
0,1,60334,0,0,0,0,0,0,0,0,0,0
1,1,60334,0,0,0,0,0,0,0,0,0,0
1,1,60335,0,0,0,0,0,0,0,0,0,0
1,1,60336,0,0,0,0,0,0,0,0,0,0
1,1,60337,0,0,0,0,0,0,0,0,0,0
0,1,60338,0,0,0,0,0,0,0,0,0,0
1,1,60338,0,0,0,0,0,0,0,0,0,0
1,1,60339,0,0,0,0,0,0,0,0,0,0
2,1,60339,0,0,0,0,0,0,0,0,0,0
1,1,60340,0,0,0,0,0,0,0,0,0,0
2,1,60340,0,0,0,0,14,0,0,0,0,0
1,1,60341,0,0,0,0,0,0,0,0,0,0
1,1,60342,0,0,0,0,0,0,0,0,0,0
2,1,60342,0,0,0,0,0,0,0,0,0,0
0,1,60343,0,0,0,0,0,0,0,0,0,0
1,1,60343,0,0,0,0,0,0,0,0,0,0
0,1,60344,0,0,27,0,0,0,14,0,0,0
1,1,60344,0,0,0,0,0,0,0,0,0,0
0,1,60345,0,0,0,0,0,0,0,0,0,0
1,1,60345,0,0,0,0,0,0,0,0,0,0
0,1,60346,0,0,0,0,0,0,0,0,0,0
1,1,60346,4,0,0,0,0,0,0,0,0,0
0,1,60347,21,25,13,20,23,18,25,11,27,20
1,1,60347,31,0,0,0,19,0,0,0,0,0
0,1,60348,22,22,22,22,22,22,22,22,22,22
1,1,60348,3,0,0,0,0,13,0,0,0,0
1,1,60349,0,0,0,0,0,0,0,0,0,0
2,1,60349,0,0,0,0,0,0,0,0,0,0
1,1,60350,0,0,0,0,0,0,0,0,0,0
2,1,60350,0,0,0,0,0,0,0,0,0,0
1,1,60351,0,0,0,0,0,0,0,0,0,0
2,1,60351,0,0,0,0,0,0,0,0,0,0
0,1,60352,0,0,10,0,0,0,0,0,0,0
1,1,60352,0,14,0,0,0,19,0,0,0,0
0,1,60353,0,0,0,0,0,0,0,0,0,0
1,1,60353,0,0,0,0,15,0,0,0,0,0
1,1,60354,9,23,21,15,16,20,22,25,24,12
1,1,60355,13,14,9,16,26,8,8,15,31,25
2,1,60355,0,0,0,0,0,0,0,0,0,0
1,1,60356,0,0,0,0,0,0,0,0,0,0
2,1,60356,0,0,0,0,0,0,0,0,0,0
3,1,60356,0,0,0,0,0,0,0,0,0,0
1,1,60357,0,0,0,0,0,0,0,0,0,0
2,1,60357,0,0,0,0,0,0,0,0,0,0
1,1,60358,12,12,12,12,12,12,12,12,12,12
1,1,60359,14,0,30,0,0,0,0,0,0,19
1,1,60360,15,3,17,18,10,4,3,20,17,17
1,1,60361,15,10,14,7,0,8,0,14,14,6
2,1,60361,0,0,0,0,0,0,0,0,0,0
0,1,60362,22,22,22,22,22,22,22,22,22,22
1,1,60362,0,0,0,0,0,0,0,0,0,0
1,1,60363,0,0,0,0,0,0,0,0,0,0
2,1,60363,0,0,0,0,0,0,0,0,0,0
3,1,60363,0,0,0,0,0,0,0,0,0,0
1,1,60364,0,0,0,0,0,28,0,0,0,13
1,1,60365,0,0,0,0,0,0,0,0,0,0
2,1,60365,0,0,0,0,0,0,0,0,0,0
3,1,60365,0,0,0,0,0,0,0,0,0,0
0,1,60366,21,21,21,21,21,21,21,21,21,21
1,1,60366,0,0,0,0,0,0,0,0,0,0
2,1,60366,0,0,0,0,0,0,0,0,0,0
1,1,60367,0,0,0,0,8,0,0,0,0,0
0,1,60368,37,37,37,37,37,37,37,37,37,37
1,1,60368,0,0,0,0,0,0,0,0,0,0
0,1,60369,26,38,19,20,33,12,24,28,3,31
0,2,60369,18,18,18,18,18,18,18,18,18,18
1,1,60369,0,0,0,0,0,12,16,0,0,0
1,1,60370,19,19,19,19,19,19,19,19,19,19
1,1,60371,0,0,0,0,0,0,0,0,0,0
1,1,60372,15,15,15,15,15,15,15,15,15,15
1,1,60373,0,0,0,0,0,0,0,0,0,0
2,1,60373,0,0,0,0,0,0,0,0,0,0
0,1,60374,0,0,0,0,0,0,0,0,0,0
1,1,60374,0,0,0,0,0,0,0,0,0,0
1,1,60375,0,0,0,0,11,0,0,0,0,0
2,1,60375,0,0,0,0,0,0,0,0,0,0
0,1,60376,0,0,0,0,0,0,0,0,0,0
1,1,60376,0,0,0,0,0,0,0,0,0,0
1,1,60377,0,0,0,0,0,0,0,0,0,0
1,1,60378,0,0,0,0,0,0,0,0,0,0
1,1,60379,7,7,7,7,7,7,7,7,7,7
2,1,60379,13,13,13,13,13,13,13,13,13,13
1,1,60380,17,17,17,17,17,17,17,17,17,17
1,1,60381,0,0,0,0,0,0,0,0,0,0
1,1,60382,0,0,0,0,0,0,0,0,0,0
1,1,60383,0,0,0,0,0,0,0,0,0,0
2,1,60383,0,0,7,0,0,0,0,9,0,0
1,1,60384,9,9,9,9,9,9,9,9,9,9
2,1,60384,0,0,0,0,0,0,0,0,0,0
1,1,60385,17,17,17,17,17,17,17,17,17,17
0,1,60386,0,0,0,0,0,0,0,0,0,0
1,1,60386,0,0,0,0,0,0,0,0,0,0
1,1,60387,0,0,4,0,22,0,11,5,0,0
2,1,60387,0,0,0,0,0,0,0,0,0,0
0,1,60388,31,31,31,31,31,31,31,31,31,31
1,1,60388,0,0,0,23,0,0,21,0,0,0
1,1,60389,27,24,13,19,23,15,20,30,41,15
1,1,60390,0,0,0,0,0,0,0,0,0,0
1,1,60391,0,0,0,0,0,0,0,0,0,0
2,1,60391,0,0,0,0,0,0,0,0,0,0
1,1,60392,0,0,0,0,0,0,0,0,0,0
1,1,60393,0,0,0,0,0,0,0,0,0,0
2,1,60393,19,19,19,19,19,19,19,19,19,19
1,1,60394,0,0,0,0,0,0,0,0,0,0
1,1,60395,0,0,0,4,0,0,0,0,18,0
1,1,60396,0,0,0,0,0,0,0,0,0,0
1,1,60397,0,0,0,0,0,0,0,0,0,0
1,1,60398,0,0,0,0,0,0,0,0,0,0
2,1,60398,0,0,0,0,0,18,0,0,0,0
1,1,60399,0,0,0,0,0,0,0,0,0,0
2,1,60399,0,0,0,0,0,0,0,0,0,0
1,1,60400,0,0,0,0,0,0,0,0,0,0
2,1,60400,0,0,0,0,0,0,0,0,0,0
1,1,60401,0,0,0,0,0,0,0,5,0,0
2,1,60401,0,0,0,0,0,0,0,0,0,0
1,1,60402,20,20,20,20,20,20,20,20,20,20
0,1,60403,2,2,2,2,2,2,2,2,2,2
1,1,60403,15,15,15,15,15,15,15,15,15,15
1,1,60404,0,0,0,0,0,0,0,0,0,0
2,1,60404,0,0,0,0,0,0,0,0,0,0
3,1,60404,0,0,16,0,6,0,0,0,0,0
0,1,60405,0,0,0,0,0,0,0,0,0,0
1,1,60405,22,22,13,10,11,21,12,21,25,24
2,1,60405,0,0,0,0,0,0,0,0,0,0
0,1,60406,0,0,0,0,0,0,0,0,0,0
1,1,60406,0,0,0,0,0,0,0,0,0,0
1,1,60407,0,19,0,0,0,0,0,15,0,0
2,1,60407,4,4,4,4,4,4,4,4,4,4
3,1,60407,0,0,0,0,0,0,0,0,0,0
1,1,60408,0,0,0,0,0,0,0,0,0,0
2,1,60408,0,0,0,0,0,0,0,0,0,0
0,1,60409,0,0,0,0,0,0,0,0,0,0
0,2,60409,0,0,0,0,0,0,0,0,0,0
1,1,60409,0,0,0,0,0,0,0,0,0,0
2,1,60409,0,0,0,0,0,0,0,0,0,0
0,1,60410,1,1,1,1,1,1,1,1,1,1
0,2,60410,0,0,0,11,0,0,0,0,0,0
0,3,60410,0,0,0,0,0,0,0,12,0,0
1,1,60410,0,0,0,0,0,0,0,0,0,0
2,1,60410,6,0,0,0,0,0,0,0,0,0
1,1,60411,0,0,0,0,0,0,0,0,0,0
2,1,60411,0,0,0,0,0,0,2,0,0,0
0,1,60412,0,0,0,0,0,0,0,0,0,0
1,1,60412,0,24,10,0,0,0,0,8,22,22
0,1,60413,0,15,10,26,0,11,25,7,0,24
1,1,60413,0,0,0,0,37,0,4,0,0,0
1,1,60414,19,19,19,19,19,19,19,19,19,19
1,1,60415,0,0,0,0,0,0,0,0,0,0
0,1,60416,0,0,0,0,0,0,0,0,0,0
1,1,60416,0,20,0,0,0,0,0,0,33,0
0,1,60417,0,0,0,0,0,0,0,0,0,0
1,1,60417,12,12,12,12,12,12,12,12,12,12
1,1,60418,16,16,16,16,16,16,16,16,16,16
1,1,60419,0,0,0,0,0,0,0,0,0,0
2,1,60419,0,0,0,0,13,0,0,0,0,0
3,1,60419,0,0,0,0,0,0,0,0,0,0
1,1,60420,0,0,0,0,0,0,0,0,0,0
2,1,60420,0,0,0,0,0,0,0,0,0,0
1,1,60421,0,0,0,0,0,0,0,0,0,0
1,1,60422,27,27,27,27,27,27,27,27,27,27
1,1,60423,0,0,0,0,0,0,0,0,0,0
2,1,60423,0,0,0,0,0,0,0,0,0,0
3,1,60423,0,0,0,0,0,0,0,0,0,0
1,1,60424,0,0,0,0,0,0,0,0,0,0
2,1,60424,7,7,7,7,7,7,7,7,7,7
3,1,60424,0,0,0,0,0,0,0,0,0,0
1,1,60425,7,7,7,7,7,7,7,7,7,7
0,1,60426,0,0,0,0,0,0,0,0,0,0
0,2,60426,0,0,0,0,0,0,0,0,0,0
1,1,60426,0,0,0,0,0,0,0,0,0,0
1,1,60427,0,0,0,0,0,0,0,0,0,0
0,1,60428,8,8,8,8,8,8,8,8,8,8
1,1,60428,0,0,0,0,0,0,0,0,0,0
0,1,60429,0,0,0,0,0,0,0,0,0,0
1,1,60429,0,0,0,0,0,0,0,0,0,0
0,1,60430,0,0,0,0,0,0,0,0,0,0
1,1,60430,0,0,0,0,0,0,0,0,0,0
0,1,60431,10,0,0,0,0,36,0,0,11,0
1,1,60431,0,0,0,0,4,0,0,0,0,0
1,1,60432,0,0,20,0,0,0,0,0,0,0
1,1,60433,0,0,0,0,0,0,0,0,0,0
2,1,60433,0,0,0,0,0,0,0,0,0,0
1,1,60434,0,0,0,0,0,0,0,0,0,0
2,1,60434,6,6,6,6,6,6,6,6,6,6
1,1,60435,8,8,8,8,8,8,8,8,8,8
1,1,60436,7,7,7,7,7,7,7,7,7,7
0,1,60437,8,8,8,8,8,8,8,8,8,8
1,1,60437,0,16,0,0,0,0,14,0,0,20
1,1,60438,21,21,21,21,21,21,21,21,21,21
1,1,60439,16,16,16,16,16,16,16,16,16,16
1,1,60440,0,0,0,0,0,0,0,0,0,0
1,1,60441,0,0,0,0,0,0,0,0,0,0
1,1,60442,10,10,10,10,10,10,10,10,10,10
2,1,60442,0,0,0,0,0,0,13,0,0,0
3,1,60442,0,0,0,0,0,0,0,0,0,0
0,1,60443,0,0,0,0,0,0,0,0,0,0
1,1,60443,0,0,0,0,0,0,0,0,0,0
1,1,60444,5,8,16,3,12,12,8,3,9,11
2,1,60444,0,0,0,0,0,23,0,0,0,0
1,1,60445,2,2,2,2,2,2,2,2,2,2
1,1,60446,8,10,27,12,8,9,17,18,12,16
2,1,60446,0,0,0,0,0,0,0,0,0,0
0,1,60447,3,3,3,3,3,3,3,3,3,3
1,1,60447,0,0,0,0,0,0,0,0,0,0
0,1,60448,40,40,40,40,40,40,40,40,40,40
1,1,60448,0,0,0,0,0,6,0,0,0,0
1,1,60449,1,1,1,1,1,1,1,1,1,1
1,1,60450,23,23,23,23,23,23,23,23,23,23
2,1,60450,0,0,8,0,12,0,0,0,0,12
0,1,60451,0,0,0,0,0,0,0,0,0,0
1,1,60451,0,0,0,0,0,0,4,0,0,0
1,1,60452,0,0,0,0,0,0,0,0,0,0
2,1,60452,0,0,0,0,0,0,0,0,0,0
1,1,60453,0,0,0,0,0,0,0,0,0,0
2,1,60453,0,0,0,0,0,0,0,0,0,0
1,1,60454,7,7,7,7,7,7,7,7,7,7
1,1,60455,48,4,16,13,20,16,12,0,7,0
2,1,60455,0,0,0,0,0,0,2,0,0,0
1,1,60456,0,0,0,0,0,0,0,0,0,0
2,1,60456,0,0,0,0,0,0,0,0,0,0
1,1,60457,0,0,0,0,0,0,0,0,0,0
2,1,60457,0,0,0,0,14,0,0,0,0,0
0,1,60458,0,0,0,0,0,0,0,0,0,0
1,1,60458,0,0,0,0,0,0,0,0,0,0
1,1,60459,0,0,0,0,0,0,0,0,0,0
2,1,60459,0,0,0,0,0,0,0,0,0,0
1,1,60460,0,0,0,0,0,0,0,0,0,0
2,1,60460,0,0,0,0,0,0,0,0,0,0
1,1,60461,26,26,26,26,26,26,26,26,26,26
1,1,60462,24,23,10,21,15,17,0,14,24,8
1,1,60463,18,11,14,18,26,20,24,17,10,24
1,1,60464,0,0,0,0,0,0,0,0,0,0
1,1,60465,0,0,0,0,0,0,0,0,0,0
2,1,60465,3,3,3,3,3,3,3,3,3,3
0,1,60466,0,0,0,0,0,0,0,0,0,0
1,1,60466,0,0,0,0,0,0,0,0,0,0
1,1,60467,0,0,0,0,0,0,0,0,0,0
2,1,60467,0,0,0,0,5,0,0,0,0,0
1,1,60468,23,23,23,23,23,23,23,23,23,23
1,1,60469,13,13,13,13,13,13,13,13,13,13
0,1,60470,33,33,33,33,33,33,33,33,33,33
1,1,60470,0,0,0,0,0,0,0,0,0,0
0,1,60471,0,0,0,0,0,0,0,0,0,0
1,1,60471,0,0,0,0,0,0,0,0,0,0
1,1,60472,10,10,10,10,10,10,10,10,10,10
0,1,60473,21,21,21,21,21,21,21,21,21,21
1,1,60473,0,0,0,0,0,0,0,0,0,0
1,1,60474,0,0,0,0,0,0,0,0,0,0
2,1,60474,0,0,0,0,0,0,0,0,0,0
1,1,60475,0,0,0,0,0,0,0,0,0,0
2,1,60475,0,0,0,0,0,0,0,0,0,0
1,1,60476,0,0,0,0,0,0,0,0,0,0
1,1,60477,0,0,0,0,0,0,0,0,0,0
2,1,60477,0,0,0,0,0,0,0,0,0,0
1,1,60478,0,0,0,0,0,7,0,0,0,8
1,1,60479,14,14,14,14,14,14,14,14,14,14
2,1,60479,0,0,0,0,0,0,0,0,0,0
0,1,60480,0,0,0,0,0,0,0,0,0,0
1,1,60480,0,0,0,0,0,0,0,0,0,0
0,1,60481,17,17,17,17,17,17,17,17,17,17
1,1,60481,17,0,0,25,0,0,0,0,0,0
3,1,60481,0,0,0,0,0,14,21,0,0,7
0,1,60482,16,16,16,16,16,16,16,16,16,16
0,2,60482,19,0,21,0,24,0,29,0,14,19
1,1,60482,0,10,0,17,0,0,18,6,14,0
1,1,60483,11,16,0,22,0,0,32,0,0,0
0,1,60484,25,25,25,25,25,25,25,25,25,25
1,1,60484,0,0,0,0,9,0,0,0,0,0
1,1,60485,0,0,0,0,0,0,0,0,0,0
2,1,60485,0,0,0,0,0,0,0,0,0,0
1,1,60486,0,0,0,0,0,0,0,0,0,0
2,1,60486,0,0,0,9,0,0,0,0,0,0
0,1,60487,0,0,0,0,0,0,0,0,0,0
1,1,60487,0,0,0,0,0,0,0,0,0,0
1,1,60488,0,0,0,0,0,0,0,0,0,0
1,1,60489,0,0,0,0,0,0,0,0,0,0
2,1,60489,0,0,0,0,0,0,0,0,0,0
0,1,60490,19,19,19,19,19,19,19,19,19,19
1,1,60490,14,14,14,14,14,14,14,14,14,14
1,1,60491,0,0,0,0,0,0,0,0,0,0
2,1,60491,0,0,0,0,0,0,0,0,0,0
1,1,60492,0,0,12,5,0,0,0,14,9,0
2,1,60492,10,10,10,10,10,10,10,10,10,10
1,1,60493,0,0,0,0,0,0,0,0,0,0
0,1,60494,0,0,0,0,0,0,0,0,0,0
1,1,60494,0,0,14,0,0,0,0,0,0,0
2,1,60494,0,0,0,0,0,0,0,10,0,0
3,1,60494,12,17,0,0,0,0,0,8,18,0
1,1,60495,16,16,16,16,16,16,16,16,16,16
1,1,60496,15,15,15,15,15,15,15,15,15,15
1,1,60497,0,0,35,0,0,0,0,0,0,0
0,1,60498,0,0,0,0,0,0,0,0,0,0
1,1,60498,0,0,0,0,0,0,0,0,0,0
1,1,60499,17,17,17,17,17,17,17,17,17,17
1,1,60500,0,0,0,0,0,0,0,0,0,0
2,1,60500,0,0,0,0,0,0,0,0,0,0
1,1,60501,0,0,0,0,0,0,0,0,0,0
2,1,60501,0,0,0,0,0,0,0,0,0,0
1,1,60502,0,0,0,0,0,0,0,0,0,0
2,1,60502,0,0,9,0,0,0,0,0,0,0
3,1,60502,0,0,12,0,0,0,0,0,0,0
4,1,60502,0,0,0,0,0,0,0,0,0,0
5,1,60502,0,0,0,0,0,8,0,0,0,0
1,1,60503,21,21,21,21,21,21,21,21,21,21
2,1,60503,0,0,0,0,17,0,0,0,0,0
0,1,60504,0,0,0,0,0,0,0,0,0,0
1,1,60504,0,0,0,0,0,0,0,0,0,0
1,1,60505,0,0,0,0,0,0,0,0,0,0
0,1,60506,0,0,0,0,0,0,0,0,0,0
1,1,60506,0,0,0,0,0,12,0,10,0,6
0,1,60507,15,30,0,0,0,0,0,22,0,15
1,1,60507,0,0,0,0,0,0,0,0,0,0
0,1,60508,0,0,0,0,0,0,0,0,0,0
1,1,60508,0,0,0,0,0,0,0,0,0,0
0,1,60509,0,0,0,0,0,0,0,0,0,0
1,1,60509,0,30,10,0,0,0,16,14,0,0
0,1,60510,0,0,0,0,0,0,0,0,0,0
1,1,60510,0,0,0,0,0,0,0,0,0,0
1,1,60511,0,0,0,0,0,0,0,0,0,0
2,1,60511,28,0,0,0,0,0,13,0,0,0
3,1,60511,0,0,0,0,0,0,0,0,0,0
4,1,60511,0,0,0,0,0,0,0,0,0,0
5,1,60511,12,0,0,0,0,0,0,0,0,0
1,1,60512,0,0,28,0,18,0,0,12,0,0
1,1,60513,7,7,7,7,7,7,7,7,7,7
1,1,60514,0,0,0,0,0,0,0,0,0,0
2,1,60514,0,0,0,0,0,0,0,0,0,0
1,1,60515,15,0,0,0,10,0,0,0,0,0
2,1,60515,0,0,0,0,13,0,15,9,21,0
1,1,60516,24,8,12,12,16,21,16,0,33,13
2,1,60516,0,0,0,0,0,0,0,0,0,0
3,1,60516,0,0,0,0,0,0,0,0,0,0
4,1,60516,0,0,0,7,0,0,0,0,0,0
0,1,60517,21,21,21,21,21,21,21,21,21,21
1,1,60517,0,0,0,0,0,0,0,0,0,0
1,1,60518,0,0,10,0,0,15,16,0,0,0
0,1,60519,0,0,0,0,0,0,0,0,0,0
0,2,60519,0,0,0,0,0,0,0,0,0,0
0,3,60519,0,0,0,0,0,0,0,0,0,0
0,4,60519,0,0,0,0,0,0,0,0,0,0
0,5,60519,0,0,0,0,0,0,0,0,0,0
0,6,60519,0,0,0,0,0,0,18,0,0,0
0,7,60519,0,0,0,0,0,0,0,0,0,0
0,8,60519,0,0,0,0,0,0,0,0,0,0
0,9,60519,0,0,0,0,0,0,0,0,0,0
1,1,60519,0,0,0,0,0,0,0,0,0,0
1,1,60520,0,0,0,0,0,0,0,0,0,0
2,1,60520,0,0,0,0,0,0,0,0,0,9
1,1,60521,0,0,0,0,0,0,0,0,0,0
2,1,60521,19,19,19,19,19,19,19,19,19,19
0,1,60522,0,0,0,0,0,0,0,0,0,0
1,1,60522,0,0,0,0,0,0,0,0,0,0
2,1,60522,0,0,0,0,0,0,0,0,0,0
1,1,60523,0,0,0,0,0,0,0,0,0,0
2,1,60523,0,0,0,28,0,0,0,0,0,0
3,1,60523,0,0,0,0,0,0,0,0,0,0
1,1,60524,0,0,0,0,0,0,0,0,0,0
2,1,60524,0,0,0,0,0,0,0,0,0,0
1,1,60525,0,0,0,0,0,0,0,0,0,0
2,1,60525,0,0,0,0,0,0,0,0,0,0
1,1,60526,0,0,0,0,0,0,0,0,0,0
2,1,60526,0,0,0,0,0,0,0,0,0,0
1,1,60527,16,21,13,34,12,0,12,22,5,5
0,1,60528,0,9,28,17,25,24,14,33,11,0
0,2,60528,21,12,15,31,49,21,22,30,0,32
1,1,60528,7,10,20,12,9,6,5,11,17,12
1,1,60529,0,0,0,0,0,0,0,0,0,0
1,1,60530,14,28,17,12,26,9,16,14,10,21
1,1,60531,28,28,28,28,28,28,28,28,28,28
0,1,60532,0,0,0,0,0,0,0,0,0,0
1,1,60532,0,0,5,0,0,0,8,0,18,0
1,1,60533,25,25,25,25,25,25,25,25,25,25
1,1,60534,0,0,0,17,0,0,0,0,0,17
2,1,60534,0,0,0,0,0,0,0,0,0,0
1,1,60535,0,0,0,0,0,0,0,0,0,0
2,1,60535,0,0,0,0,0,0,0,0,0,0
0,1,60536,0,0,0,0,0,0,0,0,0,0
1,1,60536,0,0,0,0,0,0,0,0,0,0
0,1,60537,0,0,0,0,0,0,0,0,0,0
1,1,60537,0,0,0,0,0,0,0,0,0,0
1,1,60538,0,0,0,12,0,0,0,0,0,0
2,1,60538,0,0,0,0,0,0,0,0,0,0
1,1,60539,0,0,0,0,0,0,0,0,0,0
1,1,60540,0,0,0,0,0,0,0,0,0,0
2,1,60540,0,0,0,0,0,0,0,0,0,0
1,1,60541,0,0,0,0,0,0,0,0,0,0
1,1,60542,0,0,0,0,0,0,0,0,0,0
2,1,60542,0,0,0,0,0,0,0,0,0,0
0,1,60543,0,0,0,0,0,0,0,0,0,0
1,1,60543,0,0,0,0,0,0,0,0,0,0
0,1,60544,0,0,0,0,0,0,0,0,0,0
1,1,60544,0,0,0,0,0,0,0,0,0,0
1,1,60545,0,0,0,0,0,0,0,0,0,0
2,1,60545,0,0,0,0,0,0,0,0,0,0
1,1,60546,0,0,0,0,0,0,0,0,0,0
2,1,60546,0,0,0,0,0,0,0,0,0,0
1,1,60547,5,5,5,5,5,5,5,5,5,5
2,1,60547,0,0,0,0,0,0,0,0,0,0
1,1,60548,0,0,0,0,0,0,0,0,0,0
2,1,60548,0,0,0,0,0,0,0,0,0,0
1,1,60549,0,0,0,0,0,0,0,0,0,0
2,1,60549,0,0,0,0,0,0,0,0,0,18
0,1,60550,3,3,3,3,3,3,3,3,3,3
1,1,60550,12,0,0,0,0,0,0,0,0,0
1,1,60551,12,12,12,12,12,12,12,12,12,12
1,1,60552,0,0,0,0,0,0,0,0,0,0
1,1,60553,0,0,0,0,0,0,0,0,0,0
1,1,60554,0,0,0,0,0,0,0,0,0,0
2,1,60554,0,0,0,0,0,0,0,0,0,0
1,1,60555,14,14,14,14,14,14,14,14,14,14
1,1,60556,7,11,0,15,14,13,5,14,20,26
2,1,60556,0,0,0,0,10,0,0,0,0,0
1,1,60557,14,14,14,14,14,14,14,14,14,14
2,1,60557,0,0,0,0,0,0,0,9,0,0
1,1,60558,10,10,10,10,10,10,10,10,10,10
1,1,60559,0,0,0,0,0,0,0,0,0,0
2,1,60559,0,0,0,0,0,0,0,0,0,0
1,1,60560,0,0,0,0,0,0,0,0,0,0
0,1,60561,20,0,0,0,22,21,27,0,0,0
1,1,60561,0,0,0,18,0,0,0,0,0,0
1,1,60562,20,11,21,7,16,14,17,12,8,5
2,1,60562,0,0,0,0,0,0,0,0,0,0
1,1,60563,0,0,18,0,0,0,15,0,0,0
2,1,60563,5,5,5,5,5,5,5,5,5,5
0,1,60564,3,3,3,3,3,3,3,3,3,3
1,1,60564,7,5,26,0,4,21,0,0,0,0
0,1,60565,16,16,16,16,16,16,16,16,16,16
1,1,60565,0,0,0,0,0,0,0,0,0,0
1,1,60566,0,0,0,0,0,0,0,0,21,0
1,1,60567,15,15,15,15,15,15,15,15,15,15
1,1,60568,12,12,12,12,12,12,12,12,12,12
1,1,60569,15,15,15,15,15,15,15,15,15,15
1,1,60570,0,0,0,0,0,0,0,0,0,0
0,1,60571,38,38,38,38,38,38,38,38,38,38
1,1,60571,28,14,10,23,14,15,12,2,15,22
1,1,60572,17,15,6,5,22,11,17,6,6,11
2,1,60572,7,7,7,7,7,7,7,7,7,7
1,1,60573,23,23,23,23,23,23,23,23,23,23
2,1,60573,0,0,0,0,0,0,0,0,0,0
1,1,60574,0,0,0,0,0,0,0,0,0,0
2,1,60574,30,30,30,30,30,30,30,30,30,30
1,1,60575,0,0,0,0,0,0,0,0,0,0
1,1,60576,0,0,0,0,0,0,0,0,0,0
2,1,60576,0,0,0,0,0,0,0,0,0,0
1,1,60577,16,16,16,16,16,16,16,16,16,16
2,1,60577,0,0,0,0,0,0,0,0,0,0
1,1,60578,12,12,12,12,12,12,12,12,12,12