VEH_NO,PER_NO,ST_CASE,P1,P2,P3,P4,P5,P6,P7,P8,P9,P10
1,1,60863,0,19,0,0,0,0,0,0,12,22
1,1,60864,19,9,0,6,9,8,14,25,28,6
2,1,60864,0,7,0,0,0,0,0,0,0,0
1,1,60865,0,0,0,0,0,0,0,0,0,0
2,1,60865,33,0,0,0,0,0,0,0,25,0
1,1,60866,14,14,14,14,14,14,14,14,14,14
1,1,60867,0,0,0,0,0,0,0,0,0,0
2,1,60867,11,26,24,7,36,12,5,34,17,16
1,1,60868,0,0,0,0,0,0,0,0,0,0
1,1,60869,0,0,0,0,0,0,0,0,0,0
2,1,60869,0,0,0,0,0,0,0,0,0,0
1,1,60870,0,0,0,0,0,0,0,0,0,0
2,1,60870,0,0,0,0,10,0,0,0,0,0
1,1,60871,0,0,0,0,0,0,0,0,0,0
2,1,60871,0,0,0,0,0,0,0,0,0,0
1,1,60872,23,23,23,23,23,23,23,23,23,23
1,1,60873,22,22,22,22,22,22,22,22,22,22
1,1,60874,0,0,0,0,0,0,0,0,0,0
1,1,60875,20,20,20,20,20,20,20,20,20,20
2,1,60875,0,0,0,0,0,0,0,0,0,0
1,1,60876,19,19,19,19,19,19,19,19,19,19
1,1,60877,5,5,5,5,5,5,5,5,5,5
1,1,60878,0,0,0,0,0,0,0,0,0,0
0,1,60879,25,25,25,25,25,25,25,25,25,25
1,1,60879,0,0,0,0,0,0,0,0,0,0
0,1,60880,0,0,0,0,0,0,0,0,0,0
0,2,60880,0,0,0,0,0,0,0,0,0,0
0,3,60880,0,0,0,0,0,0,0,0,0,0
1,1,60880,0,0,13,0,0,0,0,0,0,0
1,1,60881,0,0,0,0,0,0,0,0,0,0
2,1,60881,9,0,0,0,0,0,0,0,0,0
1,1,60882,16,16,16,16,16,16,16,16,16,16
3,1,60882,0,0,0,0,0,0,0,0,0,0
4,1,60882,0,0,0,0,0,0,0,0,0,0
1,1,60883,22,22,22,22,22,22,22,22,22,22
2,1,60883,0,0,0,0,0,0,0,0,0,0
0,1,60884,0,0,0,0,0,0,0,0,0,0
1,1,60884,0,0,0,0,0,13,0,0,0,0
1,1,60885,11,11,11,11,11,11,11,11,11,11
2,1,60885,0,0,0,27,0,0,0,0,0,0
3,1,60885,5,5,5,5,5,5,5,5,5,5
1,1,60886,0,6,0,0,0,0,0,0,8,0
2,1,60886,0,0,0,0,0,0,0,0,0,0
3,1,60886,0,0,0,0,0,0,0,0,0,0
1,1,60887,3,3,3,3,3,3,3,3,3,3
2,1,60887,0,0,0,0,9,0,0,0,0,0
3,1,60887,0,0,0,0,0,0,0,0,0,0
1,1,60888,0,0,0,0,0,0,0,0,0,0
2,1,60888,0,0,0,0,0,0,8,0,0,0
3,1,60888,0,0,0,0,0,0,0,0,0,0
4,1,60888,0,0,0,0,0,0,0,0,0,0
1,1,60889,0,0,0,0,0,0,0,0,0,0
2,1,60889,0,0,0,0,0,0,0,0,0,0
1,1,60890,0,0,0,0,0,0,14,0,0,0
2,1,60890,0,0,0,0,0,0,0,0,0,0
3,1,60890,0,16,0,0,0,0,0,0,0,14
1,1,60891,0,0,0,0,0,0,0,0,0,0
2,1,60891,0,0,0,0,0,0,0,0,0,0
1,1,60892,0,0,0,0,0,0,0,0,0,0
2,1,60892,0,0,0,0,0,0,0,0,0,0
1,1,60893,0,0,0,0,0,0,0,0,0,0
0,1,60894,14,14,14,14,14,14,14,14,14,14
1,1,60894,0,0,0,0,0,0,18,0,0,0
1,1,60895,0,0,0,0,0,0,0,0,0,0
2,1,60895,0,0,0,0,0,0,0,0,0,0
1,1,60896,0,0,0,0,0,0,0,0,0,4
1,1,60897,15,15,15,15,15,15,15,15,15,15
0,1,60898,0,0,0,0,0,0,0,0,0,0
1,1,60898,0,11,0,0,0,0,0,0,32,0
1,1,60899,0,0,0,0,0,0,0,0,0,0
2,1,60899,12,14,10,0,18,20,9,13,0,23
1,1,60900,0,0,0,0,0,0,0,0,0,0
0,1,60901,0,0,0,0,0,0,0,0,0,0
1,1,60901,0,0,0,0,0,0,0,0,0,0
0,1,60902,0,0,0,0,0,0,0,0,0,0
1,1,60902,0,0,0,0,7,0,0,0,0,0
0,1,60903,0,0,0,0,0,0,0,0,11,0
1,1,60903,0,0,0,0,0,0,0,0,0,0
1,1,60904,0,0,0,0,0,0,0,0,0,0
2,1,60904,0,0,0,0,0,0,0,0,0,0
1,1,60905,15,15,15,15,15,15,15,15,15,15
1,1,60906,0,0,0,0,0,0,0,0,0,0
2,1,60906,0,0,0,0,0,0,0,0,0,0
1,1,60907,10,10,10,10,10,10,10,10,10,10
2,1,60907,0,0,0,0,0,0,0,0,0,0
1,1,60908,0,0,0,0,0,0,0,0,0,0
2,1,60908,0,0,0,0,0,0,0,0,0,0
0,1,60909,0,0,0,0,0,0,0,0,0,0
1,1,60909,0,0,0,0,0,0,0,0,0,0
1,1,60910,0,0,0,0,0,0,0,0,0,0
2,1,60910,0,0,0,0,0,0,0,0,0,0
1,1,60911,27,27,27,27,27,27,27,27,27,27
2,1,60911,0,0,0,0,0,0,0,0,0,0
1,1,60912,0,0,0,0,0,0,0,0,0,0
2,1,60912,0,0,0,0,0,0,0,12,0,0
1,1,60913,0,0,0,0,0,0,0,0,0,0
2,1,60913,0,0,0,0,0,0,0,0,0,0
1,1,60914,15,0,0,17,13,0,0,13,24,12
2,1,60914,0,12,0,0,0,0,0,0,0,0
1,1,60915,25,25,25,25,25,25,25,25,25,25
1,1,60916,15,15,15,15,15,15,15,15,15,15
1,1,60917,0,0,0,0,0,0,0,0,0,0
2,1,60917,0,0,0,0,0,0,0,0,0,0
1,1,60918,0,0,0,0,0,0,0,0,0,0
2,1,60918,0,0,0,0,0,0,0,0,0,0
1,1,60919,0,0,0,0,0,0,0,0,0,0
2,1,60919,0,0,0,0,0,0,0,0,0,0
1,1,60920,0,0,0,0,0,0,0,0,0,0
1,1,60921,0,0,0,0,0,0,0,0,0,0
2,1,60921,0,0,0,0,0,0,0,0,0,0
1,1,60922,0,0,0,0,0,0,0,0,0,0
1,1,60923,0,0,0,0,0,0,0,0,0,0
2,1,60923,0,0,0,0,21,0,0,0,0,0
1,1,60924,32,22,17,41,17,37,11,20,14,13
2,1,60924,12,12,12,12,12,12,12,12,12,12
1,1,60925,0,0,0,0,0,0,0,0,0,0
2,1,60925,0,0,0,0,0,0,0,0,0,0
1,1,60926,0,0,0,0,0,0,0,0,0,0
2,1,60926,0,0,0,0,0,0,12,0,0,0
1,1,60927,0,0,0,0,0,0,0,0,0,0
2,1,60927,0,19,0,0,0,0,15,13,0,15
1,1,60928,0,0,0,0,0,0,0,9,0,0
1,1,60929,0,0,0,0,0,0,0,0,0,0
2,1,60929,0,0,0,0,0,0,0,0,0,0
0,1,60930,0,0,0,0,0,0,0,0,0,0
1,1,60930,0,0,0,0,0,0,0,0,0,0
1,1,60931,0,0,0,0,0,0,0,0,0,0
2,1,60931,0,0,0,0,0,0,0,0,0,0
3,1,60931,0,0,0,27,0,0,0,0,0,0
1,1,60932,0,0,0,0,0,0,0,0,0,0
2,1,60932,0,0,0,23,0,0,0,0,0,0
1,1,60933,0,0,0,0,0,0,0,0,0,0
1,1,60934,22,22,22,22,22,22,22,22,22,22
1,1,60935,14,14,14,14,14,14,14,14,14,14
1,1,60936,0,0,0,0,0,0,0,0,0,0
1,1,60937,0,0,0,0,0,0,0,0,0,0
2,1,60937,0,0,0,0,0,0,0,0,0,0
1,1,60938,0,0,0,0,0,0,0,0,0,0
2,1,60938,0,0,0,0,0,0,0,0,0,0
1,1,60939,0,0,0,0,0,0,0,0,0,0
1,1,60940,0,0,0,0,0,0,0,0,0,0
0,1,60941,0,0,0,0,0,0,0,0,0,0
1,1,60941,0,0,0,0,0,0,0,0,0,0
1,1,60942,12,12,12,12,12,12,12,12,12,12
1,1,60943,0,0,0,0,0,0,0,0,0,0
2,1,60943,0,0,0,0,0,0,0,0,0,0
1,1,60944,0,0,0,0,0,0,0,0,0,0
2,1,60944,0,0,0,0,0,0,0,0,0,0
3,1,60944,0,0,0,17,0,0,0,0,0,0
1,1,60945,0,0,0,0,0,0,11,0,0,0
2,1,60945,0,0,0,0,0,0,0,0,0,0
1,1,60946,0,0,0,0,0,0,0,0,0,0
2,1,60946,0,0,0,0,0,0,0,0,0,0
1,1,60947,0,18,19,8,8,0,0,0,0,17
1,1,60948,24,24,24,24,24,24,24,24,24,24
0,1,60949,0,0,0,0,0,0,0,0,0,0
1,1,60949,0,16,0,0,0,0,0,0,0,0
1,1,60950,0,0,0,0,0,0,0,0,0,0
2,1,60950,0,0,0,0,0,0,0,0,0,0
0,1,60951,0,0,0,0,0,0,0,0,0,0
0,2,60951,22,36,10,41,31,5,8,34,21,27
1,1,60951,21,21,21,21,21,21,21,21,21,21
1,1,60952,0,0,0,0,0,0,0,0,0,0
1,1,60953,0,0,0,0,0,0,0,0,0,0
2,1,60953,0,0,0,0,0,0,0,0,0,0
1,1,60954,27,27,27,27,27,27,27,27,27,27
2,1,60954,0,0,0,0,0,13,0,0,0,0
1,1,60955,25,25,25,25,25,25,25,25,25,25
2,1,60955,0,0,0,0,0,0,0,0,0,0
3,1,60955,0,0,0,0,0,0,0,0,0,0
1,1,60956,2,2,2,2,2,2,2,2,2,2
0,1,60957,0,0,0,0,0,0,0,0,0,0
1,1,60957,0,0,0,0,0,0,0,0,0,0
0,1,60958,24,24,24,24,24,24,24,24,24,24
1,1,60958,0,0,0,0,0,0,0,0,0,0
1,1,60959,0,0,0,0,0,0,0,0,0,0
2,1,60959,16,10,15,9,31,0,6,21,0,0
1,1,60960,0,0,0,0,0,0,0,0,0,0
2,1,60960,0,0,0,0,0,0,0,0,0,0
1,1,60961,12,12,12,12,12,12,12,12,12,12
2,1,60961,0,0,0,0,0,0,0,0,0,0
1,1,60962,0,0,0,0,0,0,0,0,0,0
2,1,60962,0,0,0,0,0,0,0,0,0,0
0,1,60963,0,0,0,0,0,0,0,0,0,0
1,1,60963,11,0,0,24,0,0,0,0,0,0
1,1,60964,20,20,20,20,20,20,20,20,20,20
2,1,60964,0,0,0,0,0,0,0,0,0,0
1,1,60965,4,4,4,4,4,4,4,4,4,4
2,1,60965,0,0,0,0,0,0,0,0,0,0
1,1,60966,0,0,0,0,0,0,0,0,0,0
2,1,60966,0,0,0,0,0,0,0,0,0,0
0,1,60967,0,0,0,0,0,0,0,0,0,0
1,1,60967,0,0,0,0,14,32,0,0,0,0
1,1,60968,0,0,0,0,0,0,0,0,0,0
2,1,60968,0,0,0,0,0,0,0,0,0,0
1,1,60969,0,0,0,0,0,0,0,0,0,0
0,1,60970,39,39,39,39,39,39,39,39,39,39
1,1,60970,0,0,0,0,0,0,0,0,0,0
0,1,60971,22,22,22,22,22,22,22,22,22,22
1,1,60971,0,0,0,0,0,0,0,0,0,0
1,1,60972,0,0,0,0,0,0,0,0,0,0
1,1,60973,0,0,0,0,0,0,0,0,0,0
0,1,60974,9,9,9,9,9,9,9,9,9,9
1,1,60974,0,0,0,0,0,0,0,0,0,0
1,1,60975,0,0,0,0,0,0,0,0,0,0
2,1,60975,0,0,0,0,0,0,0,0,0,0
3,1,60975,12,0,0,0,0,0,0,0,0,0
0,1,60976,0,0,0,0,0,0,0,0,0,0
1,1,60976,10,4,12,23,10,15,17,26,27,39
1,1,60977,14,14,14,14,14,14,14,14,14,14
0,1,60978,1,1,1,1,1,1,1,1,1,1
1,1,60978,0,0,0,0,0,0,0,0,0,0
1,1,60979,0,0,0,0,0,0,0,0,0,0
1,1,60980,0,0,0,0,0,0,0,0,0,0
2,1,60980,0,0,0,0,0,0,0,0,0,0
3,1,60980,0,0,0,0,0,0,0,0,0,0
1,1,60981,0,0,0,0,0,0,0,0,0,0
2,1,60981,0,0,0,0,0,0,0,0,0,0
1,1,60982,0,0,21,0,0,0,0,0,0,0
1,1,60983,17,17,17,17,17,17,17,17,17,17
2,1,60983,0,0,0,0,0,0,0,0,0,0
0,1,60984,0,0,0,0,0,0,0,0,0,0
1,1,60984,0,0,0,0,0,0,0,0,0,0
1,1,60985,36,36,36,36,36,36,36,36,36,36
1,1,60986,0,0,0,0,11,0,0,0,6,0
2,1,60986,0,0,0,0,0,0,0,0,0,0
1,1,60987,16,16,16,16,16,16,16,16,16,16
2,1,60987,6,6,6,6,6,6,6,6,6,6
1,1,60988,12,10,20,26,6,21,16,22,17,11
1,1,60989,0,0,0,0,0,0,0,0,0,0
2,1,60989,0,0,0,0,0,0,0,0,0,0
1,1,60990,0,0,0,0,0,0,0,0,0,0
1,1,60991,0,0,0,0,0,0,0,0,0,0
2,1,60991,0,0,0,0,0,0,0,0,0,0
1,1,60992,0,0,0,0,0,0,0,0,0,0
1,1,60993,0,0,0,0,0,0,0,0,0,0
2,1,60993,0,0,0,0,0,0,0,0,0,0
1,1,60994,13,13,13,13,13,13,13,13,13,13
1,1,60995,18,18,18,18,18,18,18,18,18,18
2,1,60995,0,0,0,0,0,0,0,0,0,0
1,1,60996,20,20,20,20,20,20,20,20,20,20
2,1,60996,0,0,0,0,0,0,0,0,0,0
1,1,60997,15,15,15,15,15,15,15,15,15,15
1,1,60998,0,0,0,0,0,0,0,0,0,0
2,1,60998,0,12,0,0,0,0,0,0,0,0
0,1,60999,0,0,0,0,0,0,0,0,0,0
1,1,60999,1,1,1,1,1,1,1,1,1,1
0,1,61000,0,0,0,0,0,0,0,0,0,0
1,1,61000,26,0,0,0,0,0,0,23,0,19
1,1,61001,21,21,21,21,21,21,21,21,21,21
0,1,61002,0,0,0,0,0,0,0,0,0,0
1,1,61002,0,0,0,0,0,0,0,0,0,0
1,1,61003,13,0,14,0,0,0,0,0,0,0
1,1,61004,0,0,0,0,0,0,0,0,0,0
2,1,61004,0,0,0,0,0,0,0,0,0,0
1,1,61005,0,0,0,0,0,0,0,0,0,0
2,1,61005,0,18,0,0,0,0,0,13,17,0
1,1,61006,18,18,18,18,18,18,18,18,18,18
2,1,61006,0,0,0,0,0,0,0,0,0,0
1,1,61007,0,0,0,0,0,0,0,0,0,0
2,1,61007,0,0,0,0,0,0,0,0,0,0
1,1,61008,0,0,0,0,0,0,0,0,0,0
2,1,61008,0,0,0,0,0,0,0,0,0,0
3,1,61008,0,0,0,0,0,0,0,0,0,0
0,1,61009,0,0,0,0,0,0,0,0,0,0
1,1,61009,0,0,0,0,0,0,0,0,0,0
1,1,61010,0,0,0,0,0,0,0,0,0,0
0,1,61011,13,13,13,13,13,13,13,13,13,13
1,1,61011,0,0,0,0,0,0,0,0,0,0
1,1,61012,0,0,0,0,0,0,0,0,0,0
2,1,61012,0,0,0,0,0,0,0,0,0,0
1,1,61013,12,12,12,12,12,12,12,12,12,12
2,1,61013,11,11,11,11,11,11,11,11,11,11
1,1,61014,14,14,14,14,14,14,14,14,14,14
2,1,61014,0,0,0,0,0,0,0,0,0,0
1,1,61015,13,2,0,34,0,0,0,0,0,0
2,1,61015,0,0,0,0,0,0,0,0,0,0
0,1,61016,27,27,27,27,27,27,27,27,27,27
1,1,61016,0,0,0,0,0,0,0,0,0,0
0,1,61017,0,0,0,0,0,0,0,0,0,0
0,2,61017,0,0,0,0,0,0,0,0,0,0
1,1,61017,0,0,0,0,0,0,0,0,0,0
0,1,61018,0,0,0,0,0,0,0,0,0,0
1,1,61018,0,0,0,0,0,0,0,0,0,0
1,1,61019,0,0,0,0,0,0,0,0,0,0
2,1,61019,0,0,0,0,0,0,0,0,0,0
1,1,61020,0,0,0,37,0,0,0,0,0,0
1,1,61021,0,0,0,0,0,0,0,0,0,0
1,1,61022,8,8,8,8,8,8,8,8,8,8
1,1,61023,0,0,0,0,0,0,0,0,0,0
1,1,61024,0,0,0,0,0,0,0,0,0,0
2,1,61024,0,0,0,0,0,0,0,2,0,0
1,1,61025,0,0,0,0,21,27,0,6,22,10
2,1,61025,0,0,0,0,0,0,0,0,0,0
1,1,61026,16,16,16,16,16,16,16,16,16,16
1,1,61027,0,0,0,0,0,0,0,0,0,0
2,1,61027,16,0,0,0,8,0,0,0,0,0
1,1,61028,9,9,9,9,9,9,9,9,9,9
2,1,61028,0,0,0,0,0,0,0,0,0,0
1,1,61029,0,0,0,0,0,0,0,0,0,0
0,1,61030,0,0,0,0,0,0,0,0,0,0
1,1,61030,0,0,16,3,5,2,0,5,25,12
1,1,61031,0,0,0,0,0,0,0,0,0,0
0,1,61032,0,0,0,0,0,0,0,0,0,0
1,1,61032,0,0,28,25,0,0,0,0,0,0
1,1,61033,0,0,0,0,0,0,0,0,0,0
1,1,61034,0,0,0,0,0,0,0,0,0,0
1,1,61035,28,28,28,28,28,28,28,28,28,28
0,1,61036,7,7,7,7,7,7,7,7,7,7
1,1,61036,0,0,28,7,0,0,0,0,0,0
1,1,61037,22,22,22,22,22,22,22,22,22,22
2,1,61037,14,14,14,14,14,14,14,14,14,14
1,1,61038,0,0,0,0,0,0,0,0,0,0
0,1,61039,0,0,0,0,0,0,0,0,0,0
1,1,61039,0,0,0,0,0,0,5,0,0,13
0,1,61040,0,0,0,0,0,0,0,0,0,0
1,1,61040,0,19,0,0,7,0,22,11,13,0
1,1,61041,19,19,19,19,19,19,19,19,19,19
1,1,61042,16,16,16,16,16,16,16,16,16,16
0,1,61043,26,26,26,26,26,26,26,26,26,26
1,1,61043,0,0,0,11,0,0,0,0,0,0
1,1,61044,11,11,11,11,11,11,11,11,11,11
1,1,61045,0,0,0,0,0,0,0,0,0,0
2,1,61045,0,0,0,0,0,15,18,0,0,0
1,1,61046,30,30,30,30,30,30,30,30,30,30
1,1,61047,0,0,0,0,0,0,0,0,0,0
0,1,61048,0,0,0,0,0,0,0,0,0,0
1,1,61048,0,0,0,0,0,0,0,0,0,0
1,1,61049,0,0,0,0,0,0,0,0,0,0
1,1,61050,12,12,12,12,12,12,12,12,12,12
1,1,61051,0,0,0,0,0,0,0,0,0,0
2,1,61051,0,0,0,0,0,0,0,0,0,0
0,1,61052,5,5,5,5,5,5,5,5,5,5
1,1,61052,0,0,0,0,0,0,0,0,0,0
1,1,61053,0,0,0,0,0,0,0,0,0,0
2,1,61053,0,0,0,10,20,0,0,0,0,0
1,1,61054,0,0,0,0,0,0,0,0,0,0
2,1,61054,0,0,0,0,0,0,0,0,0,0
1,1,61055,0,0,0,0,0,0,0,0,0,0
1,1,61056,0,0,0,0,0,0,0,0,0,0
2,1,61056,0,0,0,0,0,0,0,0,0,0
1,1,61057,0,0,0,0,0,0,0,0,0,0
1,1,61058,11,11,11,11,11,11,11,11,11,11
1,1,61059,0,0,0,0,0,0,0,0,0,0
2,1,61059,2,2,2,2,2,2,2,2,2,2
1,1,61060,0,0,0,0,0,0,0,0,0,24
1,1,61061,0,0,0,0,0,0,0,0,0,0
1,1,61062,12,0,8,0,0,0,0,28,0,0
2,1,61062,0,0,0,0,0,0,0,0,0,0
1,1,61063,0,0,0,0,0,0,0,0,0,0
1,1,61064,0,0,0,0,0,0,0,0,0,0
1,1,61065,0,0,0,0,0,0,0,0,0,0
2,1,61065,0,0,0,0,0,0,0,0,0,0
1,1,61066,19,19,19,19,19,19,19,19,19,19
1,1,61067,0,0,0,0,0,0,0,0,0,0
1,1,61068,25,25,25,25,25,25,25,25,25,25
0,1,61069,0,0,0,0,0,0,0,0,0,0
1,1,61069,0,0,0,0,0,0,0,0,0,0
1,1,61070,0,0,0,0,0,0,0,0,0,0
1,1,61071,15,15,15,15,15,15,15,15,15,15
2,1,61071,0,0,0,0,0,0,0,0,0,0
1,1,61072,9,9,9,9,9,9,9,9,9,9
2,1,61072,21,0,17,0,0,0,0,0,0,0
1,1,61073,25,25,25,25,25,25,25,25,25,25
2,1,61073,0,0,0,0,0,0,0,0,0,0
1,1,61074,0,0,0,0,0,0,0,0,0,0
2,1,61074,0,0,0,0,0,0,0,0,0,0
1,1,61075,18,18,18,18,18,18,18,18,18,18
1,1,61076,16,16,16,16,16,16,16,16,16,16
1,1,61077,0,0,0,0,0,0,0,0,0,0
1,1,61078,14,14,14,14,14,14,14,14,14,14
1,1,61079,0,0,0,0,0,0,0,0,0,0
1,1,61080,17,27,16,8,16,13,26,11,11,11
1,1,61081,0,0,0,0,0,0,0,0,0,0
2,1,61081,0,0,0,0,0,0,0,0,0,0
1,1,61082,0,0,0,0,0,0,0,0,0,0
1,1,61083,0,0,7,0,0,6,0,0,0,0
2,1,61083,0,0,0,0,0,0,0,0,0,0
1,1,61084,0,0,0,0,0,0,0,0,0,0
2,1,61084,0,0,0,0,0,0,0,0,0,0
1,1,61085,0,0,0,0,0,0,0,0,0,0
1,1,61086,0,0,0,0,0,0,0,0,0,0
1,1,61087,0,0,0,0,0,0,0,0,0,0
1,1,61088,0,0,0,0,0,0,0,0,0,0
2,1,61088,0,0,0,0,0,0,6,10,6,0
1,1,61089,0,0,0,0,0,0,0,0,0,0
1,1,61090,0,0,0,0,0,0,0,0,0,0
2,1,61090,0,0,0,0,0,0,0,0,0,0
0,1,61091,0,0,0,0,0,0,0,0,0,0
1,1,61091,0,0,0,0,0,0,0,0,0,0
1,1,61092,0,0,0,0,0,0,0,0,0,0
2,1,61092,0,0,0,0,0,0,0,0,5,7
3,1,61092,0,0,0,0,0,0,0,0,0,15
4,1,61092,0,0,0,0,17,0,0,0,0,0
5,1,61092,0,0,32,0,0,0,0,17,0,14
1,1,61093,0,0,0,0,0,0,0,0,0,0
2,1,61093,0,0,0,0,0,0,0,0,0,0
3,1,61093,0,0,0,0,0,0,0,0,0,0
1,1,61094,0,0,0,0,0,0,0,0,5,12
1,1,61095,0,0,0,0,0,0,0,0,0,0
2,1,61095,0,0,0,0,0,0,0,0,0,0
0,1,61096,0,0,0,0,0,0,0,0,0,0
1,1,61097,12,12,12,12,12,12,12,12,12,12
2,1,61097,0,0,0,0,0,0,0,0,0,0
1,1,61098,9,9,9,9,9,9,9,9,9,9
1,1,61099,0,0,0,0,0,0,0,0,0,0
1,1,61100,0,0,0,0,0,0,0,0,0,0
1,1,61101,0,2,0,0,0,0,0,0,0,0
2,1,61101,0,0,0,0,0,0,0,0,0,0
0,1,61102,0,0,0,0,0,0,0,0,0,0
1,1,61102,0,0,0,0,0,0,0,0,0,15
0,1,61103,0,0,0,0,0,0,0,0,0,0
1,1,61103,0,0,0,0,0,0,0,0,0,0
1,1,61104,0,0,0,0,0,7,0,0,8,0
2,1,61104,0,0,0,0,0,0,0,0,0,0
3,1,61104,0,0,0,0,0,0,0,0,0,0
1,1,61105,0,0,0,0,0,20,0,0,8,0
1,1,61106,0,0,0,0,0,0,0,0,0,0
0,1,61107,0,0,0,0,0,0,0,0,0,0
1,1,61107,0,0,0,0,0,8,0,0,0,0
1,1,61108,22,22,22,22,22,22,22,22,22,22
1,1,61109,15,15,15,15,15,15,15,15,15,15
2,1,61109,0,0,0,0,0,0,0,0,0,0
1,1,61110,0,0,0,0,0,0,0,0,0,0
1,1,61111,0,0,19,0,0,0,0,0,0,0
2,1,61111,0,0,0,0,0,0,0,0,0,0
1,1,61112,0,0,0,0,0,0,0,0,0,0
1,1,61113,0,0,0,0,0,0,0,0,0,0
2,1,61113,0,0,0,0,0,0,0,0,0,0
0,1,61114,0,0,0,0,0,0,0,0,0,0
1,1,61114,3,3,3,3,3,3,3,3,3,3
1,1,61115,18,18,18,18,18,18,18,18,18,18
1,1,61116,0,0,0,0,0,0,0,0,0,0
1,1,61117,5,5,5,5,5,5,5,5,5,5
1,1,61118,0,0,0,0,0,0,0,0,0,0
2,1,61118,0,0,9,0,0,0,10,0,0,0
1,1,61119,0,0,0,0,0,0,0,0,0,0
2,1,61119,0,0,0,0,0,0,0,0,0,0
1,1,61120,12,0,0,0,0,0,0,30,0,10
0,1,61121,0,0,0,0,0,0,0,0,0,0
1,1,61121,0,4,0,0,0,0,11,0,0,0
1,1,61122,0,0,0,0,0,0,0,0,0,0
2,1,61122,0,0,10,0,0,0,0,0,0,0
0,1,61123,28,28,28,28,28,28,28,28,28,28
1,1,61123,0,0,0,0,0,0,0,0,0,0
0,1,61124,0,0,0,0,0,0,0,0,0,0
1,1,61124,0,0,0,0,0,14,16,0,0,0
1,1,61125,21,21,21,21,21,21,21,21,21,21
1,1,61126,8,8,8,8,8,8,8,8,8,8
1,1,61127,12,12,12,12,12,12,12,12,12,12
1,1,61128,17,0,0,0,15,0,0,0,0,0
0,1,61129,0,0,0,0,0,0,0,0,0,0
1,1,61129,0,0,0,0,0,0,0,0,0,3
1,1,61130,0,0,0,0,0,0,0,0,0,0
1,1,61131,24,24,24,24,24,24,24,24,24,24
2,1,61131,0,0,0,0,0,0,0,0,0,0
1,1,61132,11,11,11,11,11,11,11,11,11,11
1,1,61133,0,0,0,0,0,0,0,0,0,0
2,1,61133,0,0,0,0,0,0,0,0,0,0
1,1,61134,0,0,0,0,0,0,0,0,0,0
1,1,61135,0,0,0,0,0,0,0,0,0,0
2,1,61135,0,0,0,0,0,0,0,0,0,0
3,1,61135,0,0,0,0,0,0,0,0,0,0
1,1,61136,0,0,0,0,0,0,0,0,0,0
2,1,61136,0,0,0,11,0,0,0,0,0,0
1,1,61137,0,0,0,0,0,0,0,0,0,0
2,1,61137,0,0,0,0,0,0,0,0,0,0
1,1,61138,0,0,0,0,0,0,0,0,0,0
1,1,61139,0,0,0,0,0,0,0,0,0,0
1,1,61140,0,0,0,0,0,0,0,0,0,0
2,1,61140,0,0,0,0,0,0,0,0,0,0
1,1,61141,0,0,0,0,0,0,0,0,0,0
2,1,61141,0,0,0,0,0,0,0,0,0,0
1,1,61142,0,0,0,0,0,0,0,0,0,0
2,1,61142,0,0,0,0,0,0,0,0,0,0
0,1,61143,0,0,0,0,0,0,0,0,0,0
1,1,61143,0,0,0,0,0,0,0,0,0,0
1,1,61144,0,0,0,0,0,0,0,0,0,0
2,1,61144,0,0,0,0,0,0,0,0,0,0
1,1,61145,0,0,0,0,0,0,0,0,0,0
2,1,61145,0,0,0,0,0,0,0,0,0,0
1,1,61146,0,0,0,0,0,0,0,0,0,0
1,1,61147,0,0,0,0,0,0,0,0,0,0
2,1,61147,0,0,0,0,0,0,0,0,0,0
3,1,61147,0,0,0,0,0,0,0,0,0,0
1,1,61148,0,0,0,0,0,0,0,0,0,0
1,1,61149,19,19,19,19,19,19,19,19,19,19
1,1,61150,0,0,0,0,0,0,0,0,0,0
1,1,61151,9,9,9,9,9,9,9,9,9,9
2,1,61151,0,0,0,0,0,0,0,0,0,0
1,1,61152,0,0,0,0,0,0,0,22,0,0
2,1,61152,0,0,0,0,0,0,0,0,0,0
1,1,61153,0,0,0,0,0,0,0,0,0,0
2,1,61153,0,0,0,0,0,0,0,0,0,0
1,1,61154,16,0,0,0,0,0,0,16,0,0
1,1,61155,25,25,25,25,25,25,25,25,25,25
0,1,61156,29,29,29,29,29,29,29,29,29,29
1,1,61156,0,0,0,0,0,0,0,6,0,0
1,1,61157,10,10,10,10,10,10,10,10,10,10
2,1,61157,0,0,0,0,0,0,0,0,0,0
0,1,61158,4,4,4,4,4,4,4,4,4,4
1,1,61158,10,0,25,27,12,10,39,11,16,22
1,1,61159,23,23,23,23,23,23,23,23,23,23
1,1,61160,0,0,0,0,0,0,0,0,0,0
1,1,61161,0,0,0,0,0,0,0,0,0,0
1,1,61162,17,17,17,17,17,17,17,17,17,17
1,1,61163,0,11,0,0,0,0,0,0,0,0
2,1,61163,0,0,0,0,0,0,0,0,0,0
0,1,61164,23,23,23,23,23,23,23,23,23,23
1,1,61164,15,0,0,9,0,0,0,0,7,0
1,1,61165,0,0,0,0,0,0,0,0,0,0
2,1,61165,0,0,0,0,0,0,0,0,0,0
1,1,61166,14,0,0,0,0,0,0,0,0,0
2,1,61166,0,0,0,0,0,0,0,0,0,0
1,1,61167,33,33,33,33,33,33,33,33,33,33
1,1,61168,0,5,0,0,0,10,5,0,0,0
2,1,61168,0,0,0,0,0,0,0,0,0,0
1,1,61169,19,19,19,19,19,19,19,19,19,19
2,1,61169,0,0,0,0,0,0,0,0,0,0