VEH_NO,PER_NO,ST_CASE,P1,P2,P3,P4,P5,P6,P7,P8,P9,P10
2,1,61170,0,0,0,0,0,0,0,0,0,0
3,1,61170,0,12,0,0,0,0,0,15,0,0
4,1,61170,0,0,0,0,0,0,0,0,0,0
1,1,61171,11,11,11,11,11,11,11,11,11,11
1,1,61172,9,9,9,9,9,9,9,9,9,9
1,1,61173,32,32,32,32,32,32,32,32,32,32
1,1,61174,0,0,0,0,0,0,0,0,0,0
1,1,61175,18,18,18,18,18,18,18,18,18,18
1,1,61176,0,0,0,0,0,0,0,0,0,0
2,1,61176,0,0,0,0,0,0,0,0,0,0
1,1,61177,10,10,10,10,10,10,10,10,10,10
1,1,61178,0,0,0,1,0,0,0,0,0,0
1,1,61179,0,0,0,0,0,0,0,0,0,0
2,1,61179,0,0,0,0,0,0,0,0,0,13
0,1,61180,0,0,0,0,0,0,0,0,0,0
1,1,61180,0,0,0,0,0,0,0,0,0,0
1,1,61181,0,0,0,0,0,0,0,0,0,0
2,1,61181,0,0,0,0,0,0,0,0,0,0
0,1,61182,31,31,31,31,31,31,31,31,31,31
1,1,61182,0,0,0,19,0,0,0,0,0,0
0,1,61183,0,0,0,0,0,0,0,0,0,0
1,1,61183,0,0,0,0,0,0,0,0,15,0
1,1,61184,0,0,0,0,0,12,0,0,0,0
2,1,61184,0,0,0,0,0,0,0,0,0,0
0,1,61185,2,2,2,2,2,2,2,2,2,2
1,1,61185,0,0,0,0,0,0,0,0,0,0
1,1,61186,16,16,16,16,16,16,16,16,16,16
1,1,61187,12,12,12,12,12,12,12,12,12,12
0,1,61188,31,31,31,31,31,31,31,31,31,31
1,1,61188,22,10,0,10,3,0,0,13,10,19
1,1,61189,13,13,13,13,13,13,13,13,13,13
1,1,61190,24,24,24,24,24,24,24,24,24,24
0,1,61191,0,0,0,0,0,0,0,0,0,0
1,1,61191,21,12,9,25,15,21,14,0,19,7
1,1,61192,22,22,22,22,22,22,22,22,22,22
1,1,61193,0,0,0,0,0,5,0,0,0,0
1,1,61194,0,0,0,0,0,0,0,0,0,0
1,1,61195,13,13,13,13,13,13,13,13,13,13
1,1,61196,13,13,13,13,13,13,13,13,13,13
1,1,61197,0,0,0,0,0,0,0,10,0,0
0,1,61198,0,0,0,0,0,0,0,0,0,0
1,1,61198,0,0,9,5,7,0,0,0,0,0
1,1,61199,0,0,0,0,0,0,0,14,0,0
1,1,61200,0,0,0,0,0,0,0,0,0,0
1,1,61201,0,0,0,0,0,0,0,0,0,0
1,1,61202,16,16,16,16,16,16,16,16,16,16
1,1,61203,0,0,0,0,0,0,0,0,0,9
1,1,61204,0,0,0,0,0,0,0,0,0,0
1,1,61205,0,0,0,0,0,0,0,0,0,0
1,1,61206,17,17,17,17,17,17,17,17,17,17
1,1,61207,0,0,0,0,0,0,0,0,0,0
1,1,61208,0,14,0,0,0,0,0,0,0,0
2,1,61208,0,0,0,0,0,0,0,0,0,0
3,1,61208,12,0,0,0,15,0,2,0,0,28
4,1,61208,0,0,0,0,20,9,0,0,0,0
5,1,61208,0,0,0,2,0,0,0,0,0,0
1,1,61209,0,0,0,0,0,0,0,0,0,0
1,1,61210,0,0,0,0,0,0,0,0,0,0
1,1,61211,0,0,0,0,0,0,0,0,0,0
2,1,61211,0,0,0,0,0,0,0,0,0,0
0,1,61212,0,0,0,0,0,0,0,0,0,0
1,1,61212,7,0,0,0,0,0,0,0,0,0
1,1,61213,16,16,16,16,16,16,16,16,16,16
1,1,61214,0,0,0,0,0,0,0,0,0,0
1,1,61215,0,0,0,0,0,0,0,0,0,0
2,1,61215,0,0,0,0,0,0,0,0,0,0
3,1,61215,0,0,0,0,0,0,0,0,0,0
4,1,61215,0,0,0,0,0,0,0,0,0,0
1,1,61216,0,0,0,0,0,0,0,0,0,0
1,1,61217,9,9,9,9,9,9,9,9,9,9
2,1,61217,0,0,0,0,0,0,0,0,0,0
1,1,61218,20,20,20,20,20,20,20,20,20,20
2,1,61218,0,0,0,0,0,0,0,0,0,0
3,1,61218,4,0,5,0,0,0,0,0,0,0
4,1,61218,0,0,0,0,0,0,0,0,0,0
1,1,61219,0,0,0,0,0,0,0,0,0,0
2,1,61219,0,0,0,0,0,0,0,0,0,0
1,1,61220,15,0,0,0,10,0,20,0,0,6
1,1,61221,18,18,18,18,18,18,18,18,18,18
2,1,61221,0,0,0,0,0,0,0,0,0,0
1,1,61222,9,0,0,0,0,0,0,0,0,0
1,1,61223,0,0,0,0,0,0,0,0,0,0
2,1,61223,0,0,0,0,0,0,0,0,0,0
0,1,61224,25,25,25,25,25,25,25,25,25,25
1,1,61224,0,0,0,0,0,0,0,0,0,18
1,1,61225,0,0,0,0,0,0,0,0,0,0
1,1,61226,0,0,0,0,0,0,0,0,0,0
2,1,61226,0,0,0,0,0,0,0,0,0,0
1,1,61227,0,0,0,0,0,0,0,0,0,0
2,1,61227,0,0,0,0,0,0,0,0,0,0
3,1,61227,0,0,0,0,0,0,0,0,0,0
4,1,61227,0,0,0,0,0,0,0,0,0,0
1,1,61228,0,0,0,0,0,0,0,0,0,0
2,1,61228,0,0,0,0,0,0,0,0,0,0
0,1,61229,0,0,0,0,0,0,0,0,0,0
1,1,61229,0,0,0,0,0,0,0,0,0,0
1,1,61230,0,0,0,0,0,0,0,0,0,0
1,1,61231,12,7,37,13,0,0,12,0,0,13
0,1,61232,0,0,0,0,0,0,0,0,0,0
1,1,61232,0,0,0,0,0,0,0,0,0,0
2,1,61232,0,0,0,0,0,0,0,0,0,0
0,1,61233,0,0,0,0,0,0,0,0,0,0
0,2,61233,0,0,28,0,0,0,0,0,0,0
1,1,61233,0,0,0,0,0,0,0,0,0,0
2,1,61233,0,0,0,0,0,0,0,0,0,0
1,1,61234,0,0,0,0,0,0,0,0,0,0
2,1,61234,0,0,0,0,0,0,0,0,0,0
1,1,61235,0,0,0,0,0,0,0,0,0,0
2,1,61235,0,0,0,0,0,0,0,0,0,0
1,1,61236,9,9,9,9,9,9,9,9,9,9
2,1,61236,0,24,0,0,0,0,0,0,0,0
3,1,61236,0,0,0,0,0,0,0,0,0,0
1,1,61237,0,0,0,0,0,0,0,0,0,0
2,1,61237,27,27,27,27,27,27,27,27,27,27
1,1,61238,12,22,0,0,0,0,0,23,0,0
2,1,61238,0,7,0,0,4,14,0,0,0,0
1,1,61239,18,18,18,18,18,18,18,18,18,18
0,1,61240,6,6,6,6,6,6,6,6,6,6
1,1,61240,0,22,14,14,0,0,0,0,0,0
1,1,61241,22,22,22,22,22,22,22,22,22,22
0,1,61242,0,0,0,0,0,0,0,0,0,0
1,1,61242,0,0,0,0,0,0,0,0,0,0
0,1,61243,0,0,0,0,0,0,0,0,0,0
1,1,61243,0,0,0,0,0,0,0,0,0,0
1,1,61244,0,11,10,21,0,0,0,0,11,0
1,1,61245,18,18,18,18,18,18,18,18,18,18
1,1,61246,0,0,0,0,0,0,0,0,0,0
0,1,61247,25,25,25,25,25,25,25,25,25,25
1,1,61247,0,0,0,0,0,0,0,0,0,0
0,1,61248,2,2,2,2,2,2,2,2,2,2
0,2,61248,26,0,0,0,46,0,0,0,18,0
1,1,61248,0,0,0,0,0,7,0,0,0,26
0,1,61249,20,20,20,20,20,20,20,20,20,20
1,1,61249,0,0,0,0,0,0,14,0,0,0
1,1,61250,13,13,13,13,13,13,13,13,13,13
1,1,61251,10,10,10,10,10,10,10,10,10,10
1,1,61252,0,0,0,0,0,0,0,0,0,0
0,1,61253,14,14,14,14,14,14,14,14,14,14
1,1,61253,0,0,0,0,0,0,0,0,0,0
1,1,61254,32,32,32,32,32,32,32,32,32,32
2,1,61254,0,0,15,0,0,0,0,0,0,0
1,1,61255,0,0,0,0,0,0,0,0,0,0
2,1,61255,16,32,18,18,25,15,13,0,6,13
3,1,61255,0,0,0,0,0,0,0,0,0,0
0,1,61256,0,0,0,0,0,0,0,0,0,0
1,1,61256,12,16,21,20,11,19,9,0,29,12
0,1,61257,46,46,46,46,46,46,46,46,46,46
1,1,61257,4,4,4,4,4,4,4,4,4,4
1,1,61258,0,0,0,0,0,0,0,0,0,9
1,1,61259,17,17,17,17,17,17,17,17,17,17
1,1,61260,6,6,6,6,6,6,6,6,6,6
2,1,61260,0,17,0,0,0,0,0,0,0,0
1,1,61261,10,10,10,10,10,10,10,10,10,10
0,1,61262,0,0,0,0,0,0,0,0,0,0
1,1,61262,0,0,0,0,0,0,0,0,0,0
1,1,61263,0,0,0,0,0,0,0,0,0,0
1,1,61264,0,0,0,0,0,0,0,0,0,0
2,1,61264,0,0,0,0,0,0,0,0,0,0
1,1,61265,0,0,0,0,0,0,0,0,0,0
2,1,61265,6,18,7,13,17,10,4,8,29,10
1,1,61266,0,0,0,0,0,0,0,0,0,0
2,1,61266,0,0,10,0,0,0,0,5,0,0
3,1,61266,0,0,0,0,0,0,0,0,0,0
1,1,61267,8,8,8,8,8,8,8,8,8,8
1,1,61268,18,18,18,18,18,18,18,18,18,18
1,1,61269,0,0,0,0,0,0,0,0,0,0
0,1,61270,0,0,0,0,0,0,0,0,0,0
1,1,61270,0,0,0,0,0,0,0,0,0,0
1,1,61271,0,0,0,0,0,0,0,0,0,0
0,1,61272,22,22,22,22,22,22,22,22,22,22
1,1,61272,0,25,7,0,12,0,0,0,0,6
1,1,61273,16,23,19,20,14,9,6,23,0,18
2,1,61273,0,0,0,0,0,0,0,0,0,0
1,1,61274,52,52,52,52,52,52,52,52,52,52
1,1,61275,42,42,42,42,42,42,42,42,42,42
2,1,61275,0,0,0,0,0,0,0,0,0,0
0,1,61276,8,8,8,8,8,8,8,8,8,8
1,1,61276,0,0,11,13,0,0,7,0,0,0
0,1,61277,10,10,10,10,10,10,10,10,10,10
1,1,61277,10,10,10,10,10,10,10,10,10,10
0,1,61278,26,36,27,0,9,0,0,7,8,16
1,1,61278,0,0,0,0,0,0,0,4,0,13
1,1,61279,0,0,0,0,0,0,0,0,0,0
2,1,61279,0,0,0,0,0,0,0,0,0,0
1,1,61280,0,0,0,0,0,0,0,0,0,0
1,1,61281,0,0,0,0,0,0,0,0,0,0
2,1,61281,0,0,0,0,19,0,0,0,0,0
1,1,61282,5,21,8,7,19,13,4,3,16,7
2,1,61282,0,0,0,0,0,0,0,0,0,0
1,1,61283,1,1,1,1,1,1,1,1,1,1
2,1,61283,0,0,0,0,0,0,0,0,0,0
1,1,61284,0,0,0,0,0,0,0,0,0,0
1,1,61285,0,0,0,0,0,0,0,0,0,0
1,1,61286,0,0,0,21,0,0,0,0,0,0
2,1,61286,0,0,0,0,0,0,0,0,0,0
1,1,61287,0,0,0,0,0,0,0,0,0,0
2,1,61287,5,5,5,5,5,5,5,5,5,5
0,1,61288,7,7,7,7,7,7,7,7,7,7
1,1,61288,3,3,3,3,3,3,3,3,3,3
1,1,61289,26,26,26,26,26,26,26,26,26,26
1,1,61290,29,0,0,0,24,24,0,0,0,0
2,1,61290,0,0,0,0,0,26,0,0,0,0
1,1,61291,0,0,0,0,0,0,0,0,0,0
2,1,61291,0,0,0,0,0,0,0,0,0,0
1,1,61292,0,0,0,0,0,0,0,0,0,0
1,1,61293,0,0,0,0,0,0,0,0,0,0
1,1,61294,0,11,9,25,10,0,7,17,14,0
2,1,61294,0,0,0,0,0,0,0,0,0,0
3,1,61294,0,0,0,0,0,0,0,0,0,0
4,1,61294,0,0,0,0,0,0,0,0,0,0
5,1,61294,0,0,0,0,0,0,0,0,0,0
6,1,61294,0,0,0,0,0,0,0,0,0,0
1,1,61295,0,0,0,0,0,0,0,0,0,0
1,1,61296,0,0,0,0,0,0,0,0,0,0
0,1,61297,0,0,0,0,0,0,30,0,0,0
1,1,61297,0,0,0,0,0,0,0,0,0,0
1,1,61298,0,0,0,0,11,0,0,6,0,0
1,1,61299,3,3,3,3,3,3,3,3,3,3
1,1,61300,0,0,0,0,0,0,0,0,0,0
2,1,61300,6,6,6,6,6,6,6,6,6,6
1,1,61301,14,14,14,14,14,14,14,14,14,14
2,1,61301,0,0,0,0,0,0,0,0,0,0
3,1,61301,0,0,0,0,0,0,0,0,0,0
1,1,61302,11,11,11,11,11,11,11,11,11,11
2,1,61302,0,0,0,0,0,0,0,0,0,0
3,1,61302,0,0,0,0,0,0,0,0,0,0
1,1,61303,17,17,17,17,17,17,17,17,17,17
1,1,61304,15,15,15,15,15,15,15,15,15,15
0,1,61305,0,0,0,0,0,0,0,0,0,0
1,1,61305,0,0,0,0,0,0,0,0,0,0
0,1,61306,0,0,0,0,0,0,0,0,0,0
1,1,61306,0,0,0,0,0,0,0,0,0,0
1,1,61307,9,9,9,9,9,9,9,9,9,9
1,1,61308,11,6,0,18,0,8,0,0,19,11
1,1,61309,0,0,0,0,0,0,0,0,0,0
2,1,61309,0,8,0,0,0,0,0,0,0,0
1,1,61310,0,0,0,0,0,0,0,0,0,0
1,1,61311,0,0,0,0,0,0,0,0,0,0
1,1,61312,0,12,20,11,26,0,11,6,0,0
2,1,61312,0,0,10,0,0,0,0,0,0,0
1,1,61313,0,0,0,0,0,0,0,0,0,0
2,1,61313,0,0,0,0,0,0,0,0,0,0
0,1,61314,0,0,0,0,0,0,0,0,0,0
1,1,61314,0,0,15,0,12,0,0,15,0,14
1,1,61315,0,3,0,0,0,0,0,6,18,0
1,1,61316,16,16,16,16,16,16,16,16,16,16
2,1,61316,7,7,7,7,7,7,7,7,7,7
1,1,61317,0,0,0,0,0,0,0,0,0,0
2,1,61317,0,0,0,0,0,0,0,0,0,0
1,1,61318,14,14,14,14,14,14,14,14,14,14
2,1,61318,0,0,0,0,0,0,0,0,0,0
0,1,61319,0,0,0,0,0,0,0,0,0,0
1,1,61319,19,13,0,25,25,0,32,0,0,27
1,1,61320,0,0,0,0,0,0,0,0,0,0
0,1,61321,0,0,0,0,0,0,0,0,0,0
1,1,61321,11,11,11,11,11,11,11,11,11,11
1,1,61322,13,13,13,13,13,13,13,13,13,13
0,1,61323,0,16,0,0,24,0,19,0,0,0
1,1,61323,0,0,0,0,0,0,0,0,0,0
1,1,61324,0,0,0,0,0,0,0,0,0,0
1,1,61325,0,0,0,0,0,0,0,0,0,0
0,1,61326,4,4,4,4,4,4,4,4,4,4
1,1,61326,0,0,0,0,0,0,0,0,0,0
1,1,61327,9,9,9,9,9,9,9,9,9,9
0,1,61328,0,0,0,0,0,0,0,0,0,0
1,1,61328,0,0,0,0,0,0,0,0,0,0
1,1,61329,0,0,12,0,19,24,22,5,0,0
2,1,61329,0,0,0,0,0,0,0,0,0,0
1,1,61330,0,0,10,17,7,0,0,0,0,0
2,1,61330,0,0,0,0,0,0,0,0,0,0
0,1,61331,0,0,0,0,0,0,0,0,0,0
1,1,61331,0,0,0,0,0,0,0,0,0,0
0,1,61332,29,29,29,29,29,29,29,29,29,29
1,1,61332,0,0,0,0,0,0,0,0,0,0
1,1,61333,19,19,19,19,19,19,19,19,19,19
1,1,61334,0,0,0,0,0,0,0,0,0,0
1,1,61335,0,0,0,0,0,0,0,0,0,10
2,1,61335,0,0,0,0,0,0,0,0,0,0
0,1,61336,0,0,0,0,0,0,0,0,0,0
1,1,61336,0,0,0,0,0,0,0,0,0,0
1,1,61337,0,0,0,0,0,0,0,0,0,0
2,1,61337,0,0,0,0,0,0,0,0,0,0
1,1,61338,0,9,0,0,10,0,0,0,18,0
2,1,61338,23,0,0,0,0,0,0,0,0,0
3,1,61338,0,0,0,0,0,0,0,0,0,0
1,1,61339,0,13,0,16,29,21,0,0,0,20
0,1,61340,0,0,0,0,0,0,0,0,0,0
0,2,61340,0,0,0,0,0,0,0,0,0,0
1,1,61340,0,0,0,0,0,0,0,0,0,0
0,1,61341,0,12,0,0,0,0,0,0,12,0
0,2,61341,0,0,0,2,0,0,0,0,0,9
0,3,61341,0,0,0,0,0,0,0,0,0,0
1,1,61341,0,0,0,0,0,0,0,0,0,0
1,1,61342,0,0,0,0,0,0,0,0,0,0
1,1,61343,5,0,0,0,0,0,0,0,0,13
2,1,61343,0,0,0,0,0,0,0,0,0,0
1,1,61344,0,0,0,0,0,0,0,0,0,7
2,1,61344,0,0,0,0,0,0,0,0,0,0
3,1,61344,0,0,0,0,0,0,0,0,0,0
1,1,61345,0,0,0,0,0,0,0,0,0,0
2,1,61345,0,0,0,0,0,0,0,0,0,0
1,1,61346,0,0,0,0,0,0,0,0,0,0
0,1,61347,0,0,0,0,0,0,0,0,0,0
1,1,61347,0,0,0,0,0,0,0,0,0,0
1,1,61348,25,25,25,25,25,25,25,25,25,25
2,1,61348,0,0,0,0,0,0,0,0,0,0
1,1,61349,0,0,0,0,0,0,0,0,0,0
2,1,61349,0,0,0,0,0,0,0,0,0,0
1,1,61350,16,16,16,16,16,16,16,16,16,16
2,1,61350,0,0,0,0,0,0,0,0,0,0
1,1,61351,0,0,0,0,0,0,0,0,0,0
2,1,61351,0,0,0,0,0,0,0,0,0,0
1,1,61352,0,0,0,0,0,0,0,0,0,0
2,1,61352,0,0,0,0,0,0,0,0,0,0
1,1,61353,9,0,0,0,13,0,18,0,0,0
2,1,61353,0,0,0,0,15,13,0,0,0,0
1,1,61354,0,0,0,0,0,0,0,0,0,0
2,1,61354,0,0,0,0,0,0,0,0,0,0
1,1,61355,0,0,0,0,0,0,0,0,0,0
2,1,61355,0,0,0,0,0,0,0,0,0,0
1,1,61356,0,0,0,0,0,21,0,0,0,14
2,1,61356,0,0,0,0,0,0,0,0,0,0
3,1,61356,0,0,0,0,0,0,0,0,0,11
4,1,61356,0,0,0,0,0,0,0,0,0,0
1,1,61357,0,0,0,0,0,0,0,0,0,0
2,1,61357,0,0,0,0,0,0,0,0,0,0
1,1,61358,22,22,22,22,22,22,22,22,22,22
2,1,61358,0,0,0,0,0,0,0,0,0,0
1,1,61359,3,3,3,3,3,3,3,3,3,3
1,1,61360,16,16,16,16,16,16,16,16,16,16
1,1,61361,12,12,18,25,9,15,8,26,16,26
2,1,61361,11,11,11,11,11,11,11,11,11,11
1,1,61362,0,3,0,0,0,0,4,0,19,0
1,1,61363,10,10,10,10,10,10,10,10,10,10
1,1,61364,19,21,17,0,7,14,11,17,19,0
1,1,61365,0,0,0,0,0,0,0,0,0,0
2,1,61365,0,0,0,0,0,0,0,0,0,0
1,1,61366,0,0,0,0,0,0,0,0,0,0
2,1,61366,0,0,0,0,0,0,0,0,0,22
1,1,61367,0,0,8,0,10,0,20,14,0,22
1,1,61368,0,0,0,0,0,0,0,0,0,0
1,1,61369,13,13,13,13,13,13,13,13,13,13
1,1,61370,0,0,0,0,0,0,0,0,0,0
2,1,61370,0,0,0,0,0,0,0,0,0,0
1,1,61371,0,0,0,0,0,0,0,0,0,0
1,1,61372,0,0,0,0,0,0,0,0,0,0
2,1,61372,0,0,0,0,0,0,0,0,7,0
1,1,61373,0,10,0,0,0,0,0,0,0,0
1,1,61374,32,32,32,32,32,32,32,32,32,32
0,1,61375,0,0,0,0,0,0,0,0,0,0
1,1,61375,0,0,0,0,0,0,0,0,0,0
1,1,61376,0,0,0,0,0,0,0,0,0,0
2,1,61376,0,0,0,0,0,0,0,0,0,0
3,1,61376,0,0,0,0,0,0,0,0,0,0
1,1,61377,0,0,0,0,0,0,0,0,0,0
1,1,61378,16,16,16,16,16,16,16,16,16,16
2,1,61378,0,0,0,0,0,0,0,0,0,0
1,1,61379,0,0,0,0,0,0,0,0,0,0
2,1,61379,0,0,0,0,0,0,0,0,0,0
1,1,61380,19,19,19,19,19,19,19,19,19,19
1,1,61381,2,2,2,2,2,2,2,2,2,2
1,1,61382,0,8,0,11,0,0,0,0,0,0
1,1,61383,0,0,0,0,0,0,0,0,0,0
2,1,61383,0,0,0,0,0,0,0,0,0,0
1,1,61384,0,0,0,0,0,0,0,0,0,0
1,1,61385,0,0,0,0,0,0,0,0,0,0
1,1,61386,0,0,0,0,0,0,0,0,0,0
1,1,61387,0,0,0,0,0,0,0,0,0,0
0,1,61388,0,13,0,0,0,0,0,0,16,8
1,1,61388,0,0,0,0,0,0,0,0,0,0
1,1,61389,0,0,0,0,0,0,0,0,0,0
2,1,61389,0,0,0,0,0,0,0,0,0,0
3,1,61389,0,0,0,0,0,0,0,0,0,0
4,1,61389,0,0,0,0,0,0,0,0,0,0
1,1,61390,0,0,0,0,0,0,0,0,0,0
1,1,61391,27,27,27,27,27,27,27,27,27,27
2,1,61391,0,0,0,0,0,0,0,0,0,0
3,1,61391,0,0,0,0,0,0,0,0,0,0
4,1,61391,0,0,0,0,0,0,0,0,0,0
0,1,61392,0,0,0,0,0,0,0,0,0,0
1,1,61392,0,0,0,0,0,0,0,0,0,0
0,1,61393,0,0,0,0,0,0,0,0,0,0
1,1,61393,0,0,0,0,0,0,0,0,0,0
1,1,61394,0,0,0,0,0,0,0,0,0,0
1,1,61395,0,0,0,0,0,0,0,0,0,0
1,1,61396,23,23,23,23,23,23,23,23,23,23
2,1,61396,0,15,0,0,0,11,0,0,0,0
1,1,61397,17,17,17,17,17,17,17,17,17,17
1,1,61398,0,0,0,0,0,0,0,0,0,0
2,1,61398,0,0,0,0,0,0,0,0,0,0
1,1,61399,0,0,21,0,0,10,9,19,0,0
1,1,61400,0,0,0,0,0,0,0,0,0,0
2,1,61400,0,0,0,0,0,0,0,0,0,0
0,1,61401,31,31,31,31,31,31,31,31,31,31
1,1,61401,0,0,0,0,0,0,0,0,0,0
1,1,61402,0,0,0,15,0,0,0,0,0,0
2,1,61402,0,0,0,0,0,0,0,0,0,0
1,1,61403,0,0,0,0,0,0,0,0,0,0
2,1,61403,0,0,0,0,0,0,0,0,0,0
1,1,61404,19,13,9,18,17,16,18,12,0,0
1,1,61405,28,28,28,28,28,28,28,28,28,28
2,1,61405,10,0,0,0,0,0,9,0,0,28
3,1,61405,0,0,0,0,0,0,0,0,0,13
0,1,61406,9,9,9,9,9,9,9,9,9,9
1,1,61406,0,0,0,0,0,0,0,0,0,0
1,1,61407,17,17,17,17,17,17,17,17,17,17
1,1,61408,22,22,22,22,22,22,22,22,22,22
1,1,61409,0,0,0,0,0,0,0,0,0,0
2,1,61409,0,0,0,0,0,0,0,0,0,0
1,1,61410,0,0,0,0,0,0,0,0,0,0
2,1,61410,0,0,0,0,0,7,0,0,0,0
1,1,61411,21,21,21,21,21,21,21,21,21,21
2,1,61411,0,0,0,0,0,0,0,0,0,8
1,1,61412,21,21,21,21,21,21,21,21,21,21
2,1,61412,0,0,0,31,0,0,0,0,0,0
1,1,61413,0,0,0,0,0,0,0,0,0,0
2,1,61413,0,0,0,0,0,0,0,0,0,0
0,1,61414,16,16,16,16,16,16,16,16,16,16
1,1,61414,0,0,0,0,0,0,0,0,0,0
0,1,61415,23,23,23,23,23,23,23,23,23,23
1,1,61415,0,0,0,0,0,0,0,0,0,0
1,1,61416,0,0,0,0,0,0,0,0,0,0
1,1,61417,0,0,0,0,0,0,0,0,0,0
0,1,61418,0,0,0,0,0,0,0,0,0,0
1,1,61418,0,0,0,0,0,0,0,0,0,0
0,1,61419,0,0,0,0,0,0,0,0,0,0
1,1,61419,0,0,0,0,0,0,0,0,0,0
1,1,61420,0,0,0,0,0,0,0,0,0,0
1,1,61421,21,21,21,21,21,21,21,21,21,21
2,1,61421,0,0,0,0,0,0,0,0,0,0
1,1,61422,0,0,0,0,0,0,0,0,0,0
2,1,61422,0,0,0,0,0,0,0,0,0,0
1,1,61423,9,9,9,9,9,9,9,9,9,9
2,1,61423,0,0,0,0,0,0,0,0,0,0
1,1,61424,17,17,17,17,17,17,17,17,17,17
1,1,61425,19,19,19,19,19,19,19,19,19,19
1,1,61426,10,10,10,10,10,10,10,10,10,10
1,1,61427,26,26,26,26,26,26,26,26,26,26
1,1,61428,11,11,11,11,11,11,11,11,11,11
1,1,61429,0,0,0,0,0,0,0,0,0,0
1,1,61430,0,0,0,0,0,0,0,0,0,0
1,1,61431,0,0,0,0,9,0,0,0,0,0
2,1,61431,0,0,0,0,0,0,0,0,0,0
3,1,61431,0,0,0,0,0,0,10,0,0,0
1,1,61432,17,17,17,17,17,17,17,17,17,17
1,1,61433,19,0,0,27,0,0,0,0,0,0
2,1,61433,9,9,9,9,9,9,9,9,9,9
0,1,61434,0,0,0,0,0,0,0,0,0,0
1,1,61434,0,0,0,12,0,0,0,0,13,0
1,1,61435,20,20,20,20,20,20,20,20,20,20
0,1,61436,0,0,0,0,0,0,0,0,0,0
1,1,61436,0,7,0,12,0,0,0,0,0,0
1,1,61437,0,0,0,0,0,0,0,0,0,0
2,1,61437,0,0,0,0,0,0,0,0,0,0
3,1,61437,0,0,0,0,0,0,0,0,0,0
1,1,61438,0,0,0,0,0,0,0,0,0,0
2,1,61438,0,0,0,0,0,0,0,0,0,0
1,1,61439,0,0,0,0,0,0,0,0,0,0
2,1,61439,0,0,0,0,0,0,0,0,0,0
3,1,61439,0,0,0,0,0,0,0,12,0,0
1,1,61440,0,0,0,0,0,0,0,0,0,0
2,1,61440,0,0,0,0,0,0,0,0,0,0
1,1,61441,0,0,0,0,0,0,0,0,0,11
0,1,61442,0,0,0,0,0,0,0,0,0,0
0,2,61442,0,0,0,0,0,0,0,0,0,0
1,1,61442,0,0,0,0,0,0,0,0,0,0
1,1,61443,0,0,0,0,0,0,0,0,0,0
1,1,61444,0,0,0,0,0,0,0,0,0,0
2,1,61444,0,0,0,0,0,0,0,0,0,0
1,1,61445,0,0,0,0,0,0,0,0,0,0
0,1,61446,0,0,0,0,0,0,0,0,0,0
1,1,61446,0,0,28,0,0,0,0,0,0,0
1,1,61447,10,0,0,0,0,0,0,0,0,0
1,1,61448,0,0,0,0,0,0,0,0,0,0
2,1,61448,0,0,0,0,0,0,0,0,0,0
1,1,61449,3,3,3,3,3,3,3,3,3,3
1,1,61450,0,0,0,0,0,0,0,0,0,0
1,1,61451,0,0,0,0,0,0,0,0,0,0
2,1,61451,0,0,0,0,0,0,0,0,0,0
1,1,61452,22,22,22,22,22,22,22,22,22,22
1,1,61453,0,0,0,0,0,0,0,0,0,0
2,1,61453,14,18,15,38,19,0,6,24,15,16
1,1,61454,0,0,0,0,0,0,0,0,0,0
1,1,61455,0,0,0,0,0,0,0,0,0,0
2,1,61455,8,8,8,8,8,8,8,8,8,8
1,1,61456,0,0,0,0,0,0,0,0,0,0
1,1,61457,9,9,9,9,9,9,9,9,9,9
2,1,61457,0,0,0,0,0,0,0,0,0,0
1,1,61458,22,22,22,22,22,22,22,22,22,22
1,1,61459,7,7,7,7,7,7,7,7,7,7
1,1,61460,0,0,0,0,0,0,0,0,0,0
0,1,61461,0,0,0,0,0,0,0,0,0,0
1,1,61461,0,0,0,0,0,0,0,0,0,0
2,1,61461,0,0,0,0,0,0,0,0,0,8
1,1,61462,30,30,30,30,30,30,30,30,30,30
1,1,61463,0,0,33,0,0,0,15,0,0,0
1,1,61464,0,0,0,0,0,0,0,0,0,0
1,1,61465,0,0,0,0,0,0,0,0,0,0
2,1,61465,0,0,0,0,0,0,0,0,0,0
0,1,61466,0,0,0,0,0,0,0,0,0,0
1,1,61466,0,0,0,0,0,0,0,0,0,10
0,1,61467,15,0,8,0,0,3,13,0,28,0
0,2,61467,0,0,0,0,0,0,0,0,0,0
0,3,61467,0,0,0,0,0,0,0,0,0,0
1,1,61467,0,0,0,0,0,0,0,0,0,0
1,1,61468,0,0,13,0,0,0,0,0,0,16
1,1,61469,26,26,26,26,26,26,26,26,26,26
1,1,61470,23,23,23,23,23,23,23,23,23,23
0,1,61471,0,0,0,0,0,0,0,0,0,0
1,1,61471,0,0,0,0,29,0,0,28,11,0
1,1,61472,25,25,25,25,25,25,25,25,25,25
0,1,61473,0,0,0,0,0,0,0,0,0,0
1,1,61473,0,0,0,0,8,0,0,0,0,0
1,1,61474,0,0,0,0,0,0,0,0,0,0
2,1,61474,0,0,0,0,0,0,0,0,0,0