VEH_NO,PER_NO,ST_CASE,P1,P2,P3,P4,P5,P6,P7,P8,P9,P10
1,1,61475,0,0,0,0,0,0,0,0,0,0
2,1,61475,3,3,3,3,3,3,3,3,3,3
1,1,61476,0,0,0,0,0,0,0,0,0,0
1,1,61477,0,0,0,0,0,0,0,0,0,0
2,1,61477,0,12,0,0,0,0,0,0,0,0
1,1,61478,36,36,36,36,36,36,36,36,36,36
1,1,61479,0,0,0,0,0,0,0,0,0,0
2,1,61479,0,0,0,0,0,0,0,0,0,0
1,1,61480,0,0,0,0,0,0,0,0,0,0
2,1,61480,0,0,0,0,0,0,0,0,0,0
1,1,61481,0,0,0,0,0,0,0,0,0,0
2,1,61481,0,7,0,0,0,0,0,0,0,0
1,1,61482,7,7,7,7,7,7,7,7,7,7
2,1,61482,0,0,0,0,0,0,0,0,0,0
0,1,61483,22,16,12,31,28,15,24,30,40,27
1,1,61483,0,0,0,0,0,0,0,0,17,0
1,1,61484,10,10,10,10,10,10,10,10,10,10
2,1,61484,0,0,0,0,0,0,0,0,0,0
1,1,61485,36,36,36,36,36,36,36,36,36,36
1,1,61486,0,0,0,0,0,0,0,0,0,0
1,1,61487,0,0,0,0,0,0,0,0,0,0
1,1,61488,0,0,0,0,0,0,0,0,0,0
2,1,61488,0,0,0,0,0,0,0,0,0,26
1,1,61489,0,0,0,0,0,0,0,0,0,0
2,1,61489,0,0,11,0,0,0,0,0,0,0
0,1,61490,0,0,0,0,0,0,0,0,0,0
1,1,61490,0,0,0,0,0,0,0,0,0,0
1,1,61491,0,0,0,0,0,0,0,0,0,0
1,1,61492,11,11,11,11,11,11,11,11,11,11
1,1,61493,18,18,18,18,18,18,18,18,18,18
1,1,61494,13,13,13,13,13,13,13,13,13,13
0,1,61495,0,0,0,0,0,0,0,0,0,0
1,1,61495,0,0,0,0,0,0,0,12,0,0
1,1,61496,0,0,0,0,0,0,0,0,0,0
1,1,61497,20,20,20,20,20,20,20,20,20,20
1,1,61498,24,24,24,24,24,24,24,24,24,24
1,1,61499,0,0,0,0,0,0,0,0,0,6
2,1,61499,9,9,9,9,9,9,9,9,9,9
1,1,61500,9,9,9,9,9,9,9,9,9,9
2,1,61500,0,0,0,0,0,0,0,0,0,0
0,1,61501,0,0,0,0,0,0,0,0,0,0
1,1,61501,0,0,0,0,0,0,0,0,0,0
1,1,61502,0,0,0,0,0,0,0,0,0,0
2,1,61502,0,0,0,0,0,0,0,0,0,0
3,1,61502,9,0,0,0,0,0,10,0,0,0
1,1,61503,25,25,25,25,25,25,25,25,25,25
1,1,61504,0,0,0,0,0,0,0,0,0,0
0,1,61505,0,0,0,0,0,0,0,0,0,0
1,1,61505,2,0,5,0,0,0,0,6,0,0
1,1,61506,0,0,0,0,0,0,0,0,0,0
2,1,61506,0,0,0,0,0,0,0,0,0,0
0,1,61507,0,0,0,0,0,0,0,0,0,0
1,1,61507,10,10,10,10,10,10,10,10,10,10
1,1,61508,0,0,0,0,0,0,0,0,0,0
1,1,61509,0,0,0,0,0,0,0,0,0,0
2,1,61509,0,0,0,0,0,0,0,0,0,0
0,1,61510,0,0,0,0,0,0,0,0,0,0
0,2,61510,0,0,0,0,0,0,0,0,0,0
1,1,61510,0,0,0,0,0,0,0,0,0,0
1,1,61511,0,0,0,0,0,0,0,0,0,0
2,1,61511,0,0,0,0,0,0,0,0,0,0
0,1,61512,11,11,11,11,11,11,11,11,11,11
1,1,61512,0,0,0,0,0,0,0,24,0,0
1,1,61513,12,0,0,21,20,14,0,9,13,0
2,1,61513,0,0,0,0,0,0,0,0,0,0
1,1,61514,0,0,0,0,0,0,0,0,0,0
1,1,61515,0,0,0,0,0,0,0,3,0,0
1,1,61516,0,0,0,0,0,0,0,0,0,0
1,1,61517,0,0,0,0,0,0,0,0,0,0
1,1,61518,0,0,0,0,0,0,0,0,0,0
2,1,61518,0,0,0,0,0,0,0,0,0,0
1,1,61519,0,0,0,0,0,0,0,0,0,0
0,1,61520,0,0,0,0,0,0,0,0,0,0
1,1,61520,0,0,0,0,36,0,0,0,6,0
2,1,61520,0,0,0,0,0,0,0,0,0,0
0,1,61521,0,0,0,0,0,0,0,0,0,0
1,1,61521,0,0,0,0,0,0,12,0,0,0
1,1,61522,0,0,0,0,0,0,0,0,0,0
2,1,61522,0,0,0,3,0,0,0,0,0,0
1,1,61523,0,0,0,0,0,0,0,0,0,0
2,1,61523,0,0,0,0,0,0,0,0,0,0
1,1,61524,1,1,1,1,1,1,1,1,1,1
2,1,61524,0,0,0,0,0,0,0,0,0,0
1,1,61525,0,0,0,0,0,0,0,0,0,0
2,1,61525,0,0,0,14,0,0,18,0,0,0
0,1,61526,2,2,2,2,2,2,2,2,2,2
1,1,61526,0,0,0,0,0,0,0,0,0,0
1,1,61527,23,23,23,23,23,23,23,23,23,23
1,1,61528,0,0,0,0,0,0,0,0,0,0
1,1,61529,0,0,0,0,0,4,0,0,0,0
2,1,61529,0,0,0,0,0,0,0,0,0,0
1,1,61530,28,28,28,28,28,28,28,28,28,28
1,1,61531,13,13,13,13,13,13,13,13,13,13
1,1,61532,0,13,7,0,0,0,0,0,0,0
2,1,61532,0,0,0,0,0,0,0,0,0,0
1,1,61533,0,0,0,0,0,0,0,0,0,0
2,1,61533,0,0,13,0,0,0,0,0,0,0
3,1,61533,0,0,0,0,0,0,0,0,0,0
1,1,61534,0,0,0,0,0,0,0,0,0,0
2,1,61534,0,0,8,0,0,0,0,0,0,0
1,1,61535,0,0,0,0,0,0,0,0,0,0
1,1,61536,0,0,0,0,0,0,6,18,0,0
1,1,61537,0,0,0,0,0,0,0,0,0,0
2,1,61537,0,0,0,0,0,0,0,0,0,0
1,1,61538,0,0,0,0,0,0,0,0,0,0
2,1,61538,0,0,0,0,0,0,0,0,0,0
0,1,61539,0,0,0,0,0,0,0,0,0,0
1,1,61539,0,0,0,0,0,0,0,6,0,0
1,1,61540,0,0,0,0,0,0,0,0,0,0
0,1,61541,0,0,0,0,0,0,0,0,0,0
1,1,61541,0,0,0,0,0,0,0,0,0,0
1,1,61542,0,0,0,0,0,0,0,0,0,0
2,1,61542,0,0,0,0,0,0,0,0,0,0
1,1,61543,0,0,0,0,0,0,0,0,0,0
2,1,61543,0,0,0,0,0,0,0,0,0,0
3,1,61543,0,0,0,0,0,0,0,0,0,0
1,1,61544,17,17,17,17,17,17,17,17,17,17
2,1,61544,0,0,0,0,0,0,0,0,0,0
1,1,61545,0,0,0,0,0,0,0,0,0,0
1,1,61546,0,0,0,0,0,21,13,0,0,0
1,1,61547,15,0,0,14,0,0,0,0,0,0
1,1,61548,0,0,0,0,0,0,0,0,0,0
1,1,61549,0,0,0,7,11,0,0,0,0,0
0,1,61550,0,0,0,0,0,0,0,0,0,0
1,1,61550,0,0,0,0,0,0,0,0,0,0
1,1,61551,0,0,0,0,0,0,0,0,0,0
2,1,61551,0,0,0,0,0,0,0,0,0,0
3,1,61551,0,0,0,0,0,0,0,0,0,0
4,1,61551,0,0,0,0,0,0,0,18,0,0
1,1,61552,16,16,16,16,16,16,16,16,16,16
1,1,61553,0,0,0,0,0,0,0,0,0,0
2,1,61553,0,0,0,0,0,0,0,0,0,0
1,1,61554,0,0,0,0,0,0,0,0,0,0
2,1,61554,17,0,0,0,0,0,0,0,0,0
1,1,61555,0,0,0,0,0,0,0,0,0,0
2,1,61555,0,0,0,0,0,0,0,0,0,0
1,1,61556,9,0,0,0,0,0,0,0,0,0
2,1,61556,0,0,0,0,0,0,0,0,0,0
1,1,61557,0,0,0,0,0,0,0,0,0,0
2,1,61557,0,0,0,0,0,0,0,0,0,0
0,1,61558,21,21,21,21,21,21,21,21,21,21
1,1,61558,0,0,20,0,0,0,0,0,0,0
1,1,61559,0,0,0,0,0,0,0,0,0,0
1,1,61560,0,0,0,0,0,0,0,3,0,0
1,1,61561,15,15,15,15,15,15,15,15,15,15
1,1,61562,31,31,31,31,31,31,31,31,31,31
1,1,61563,34,34,34,34,34,34,34,34,34,34
1,1,61564,0,0,0,0,0,0,0,0,0,0
2,1,61564,0,0,0,0,0,0,0,0,0,0
1,1,61565,0,0,0,0,0,0,0,0,0,0
2,1,61565,0,0,0,0,0,0,0,0,0,0
3,1,61565,0,0,0,0,0,0,0,0,0,0
1,1,61566,23,23,23,23,23,23,23,23,23,23
1,1,61567,0,0,0,0,0,0,0,0,0,0
1,1,61568,8,8,8,8,8,8,8,8,8,8
1,1,61569,0,0,0,0,0,0,0,0,0,0
2,1,61569,0,0,0,0,0,0,0,0,0,0
1,1,61570,9,9,9,9,9,9,9,9,9,9
2,1,61570,31,0,0,0,0,0,0,0,0,0
0,1,61571,0,0,0,0,0,0,0,0,0,0
1,1,61571,0,0,0,0,0,0,0,0,0,0
1,1,61572,13,13,13,13,13,13,13,13,13,13
1,1,61573,0,0,0,0,12,0,0,0,0,17
1,1,61574,15,13,20,6,26,12,18,20,0,15
1,1,61575,0,0,0,0,0,0,8,0,9,0
1,1,61576,14,14,14,14,14,14,14,14,14,14
0,1,61577,8,8,8,8,8,8,8,8,8,8
1,1,61577,0,0,0,0,0,0,0,0,0,0
0,1,61578,14,0,12,26,0,0,0,0,21,7
1,1,61578,0,0,0,0,0,0,0,0,0,0
1,1,61579,0,0,0,0,4,0,0,0,0,0
1,1,61580,0,0,0,0,0,0,0,0,0,0
1,1,61581,19,19,19,19,19,19,19,19,19,19
2,1,61581,0,0,12,0,0,0,0,0,0,14
1,1,61582,0,0,0,0,0,0,0,0,0,0
2,1,61582,0,0,0,0,0,0,0,0,0,0
1,1,61583,0,0,11,0,0,0,0,0,0,0
1,1,61584,0,0,0,0,0,0,0,0,0,0
2,1,61584,0,0,0,0,0,0,0,0,0,0
1,1,61585,12,12,12,12,12,12,12,12,12,12
1,1,61586,14,14,14,14,14,14,14,14,14,14
1,1,61587,0,0,0,0,0,0,0,0,0,0
1,1,61588,3,3,3,3,3,3,3,3,3,3
0,1,61589,0,0,0,0,0,0,0,0,0,0
1,1,61589,0,0,0,0,0,0,0,0,0,0
0,1,61590,4,4,4,4,4,4,4,4,4,4
1,1,61590,0,0,0,0,0,0,0,0,0,0
1,1,61591,0,0,0,0,0,0,0,0,0,13
2,1,61591,0,0,0,0,3,0,13,25,0,0
1,1,61592,3,3,3,3,3,3,3,3,3,3
1,1,61593,19,19,19,19,19,19,19,19,19,19
1,1,61594,24,24,24,24,24,24,24,24,24,24
1,1,61595,11,11,11,11,11,11,11,11,11,11
1,1,61596,0,0,0,0,0,0,0,0,0,0
1,1,61597,19,19,19,19,19,19,19,19,19,19
0,1,61598,0,0,0,0,0,0,0,0,0,0
1,1,61599,19,19,19,19,19,19,19,19,19,19
1,1,61600,11,12,0,0,0,0,8,0,0,8
2,1,61600,0,10,0,0,22,8,7,12,8,4
0,1,61601,22,22,22,22,22,22,22,22,22,22
1,1,61601,0,0,28,0,9,4,0,11,12,0
1,1,61602,18,18,18,18,18,18,18,18,18,18
2,1,61602,0,0,6,0,0,0,15,0,0,0
1,1,61603,0,0,0,0,0,0,0,0,0,0
2,1,61603,0,0,0,0,0,0,0,3,0,0
1,1,61604,0,0,0,11,0,11,0,0,0,0
2,1,61604,0,20,0,0,0,0,0,0,0,0
3,1,61604,0,0,0,0,0,0,0,0,0,0
1,1,61605,0,0,0,0,0,0,0,0,0,0
2,1,61605,0,0,0,0,0,0,0,0,0,0
1,1,61606,0,0,0,0,0,0,0,0,0,0
2,1,61606,0,0,0,0,0,0,0,0,0,0
0,1,61607,0,0,0,0,0,0,0,0,0,0
1,1,61607,0,0,0,0,0,0,0,0,0,0
1,1,61608,0,0,0,0,0,0,0,0,0,0
1,1,61609,27,27,27,27,27,27,27,27,27,27
1,1,61610,0,0,0,0,0,0,0,0,0,0
1,1,61611,0,0,0,0,0,0,0,0,0,0
2,1,61611,0,0,0,0,0,0,0,0,0,0
1,1,61612,0,0,0,0,0,0,0,0,0,0
2,1,61612,0,0,0,0,0,0,0,0,0,0
3,1,61612,0,0,0,0,0,0,0,0,0,0
4,1,61612,0,0,0,0,0,0,0,0,0,0
5,1,61612,0,0,0,0,0,0,0,0,0,0
6,1,61612,0,0,0,0,0,0,0,0,0,0
7,1,61612,0,0,0,0,0,0,0,0,0,0
8,1,61612,0,0,0,0,11,0,0,0,0,0
9,1,61612,0,0,0,0,0,0,0,0,0,0
1,1,61613,0,0,0,0,0,0,0,0,0,0
1,1,61614,0,0,0,0,0,0,0,0,0,0
1,1,61615,0,0,0,0,0,0,0,0,0,0
2,1,61615,0,0,0,0,0,0,0,0,0,0
3,1,61615,0,0,0,0,0,0,0,0,0,11
4,1,61615,0,0,0,0,0,0,13,0,0,0
1,1,61616,19,19,19,19,19,19,19,19,19,19
1,1,61617,5,5,5,5,5,5,5,5,5,5
1,1,61618,24,23,9,18,17,26,22,23,36,15
1,1,61619,4,4,4,4,4,4,4,4,4,4
1,1,61620,0,0,0,0,0,0,0,0,0,0
2,1,61620,0,0,0,0,0,0,0,0,0,0
1,1,61621,0,0,0,0,0,0,0,0,0,0
1,1,61622,0,0,0,0,0,0,0,0,0,0
1,1,61623,0,0,0,0,0,0,0,0,0,0
1,1,61624,0,0,0,0,0,0,0,0,0,0
1,1,61625,0,0,0,0,0,0,0,0,0,0
2,1,61625,0,0,0,0,0,0,0,0,0,0
1,1,61626,0,0,0,0,0,0,0,0,0,0
1,1,61627,0,0,0,18,0,0,0,0,0,0
1,1,61628,0,0,0,0,0,0,0,0,0,0
2,1,61628,0,0,0,0,0,0,0,0,0,0
3,1,61628,0,0,0,0,0,0,0,0,0,0
4,1,61628,0,0,0,0,0,0,0,0,0,0
5,1,61628,0,0,0,0,0,0,0,0,0,0
6,1,61628,0,0,0,0,0,0,0,0,0,0
7,1,61628,0,0,0,0,0,0,0,0,0,0
0,1,61629,14,14,14,14,14,14,14,14,14,14
1,1,61629,0,0,0,0,0,0,0,0,0,0
1,1,61630,0,0,0,0,0,0,0,0,0,0
2,1,61630,0,17,24,0,0,0,0,0,0,0
0,1,61631,0,0,0,0,0,0,0,0,0,0
1,1,61631,0,0,0,0,0,0,0,0,0,0
1,1,61632,0,0,22,0,14,13,31,10,9,0
2,1,61632,0,0,0,0,0,0,0,0,0,0
0,1,61633,6,6,6,6,6,6,6,6,6,6
0,2,61633,0,0,0,0,0,0,0,0,0,0
1,1,61633,25,25,25,25,25,25,25,25,25,25
1,1,61634,18,18,12,13,15,18,25,5,7,0
0,1,61635,25,25,25,25,25,25,25,25,25,25
1,1,61635,0,0,0,0,0,0,0,0,0,0
0,1,61636,0,0,0,0,0,0,0,0,0,0
1,1,61636,0,0,0,0,13,0,0,0,0,0
1,1,61637,0,0,0,0,0,0,0,0,0,0
1,1,61638,12,12,12,12,12,12,12,12,12,12
2,1,61638,5,5,5,5,5,5,5,5,5,5
1,1,61639,0,0,0,0,0,0,0,0,0,0
2,1,61639,0,0,0,0,0,0,0,0,0,0
1,1,61640,0,0,0,0,0,0,0,0,0,0
2,1,61640,0,8,0,0,0,0,0,0,0,0
3,1,61640,0,0,0,0,0,0,0,0,0,0
0,1,61641,0,0,0,0,0,0,0,0,0,0
1,1,61641,0,0,0,0,15,0,18,0,0,18
0,1,61642,6,6,6,6,6,6,6,6,6,6
1,1,61642,0,0,12,0,12,0,0,0,0,0
1,1,61643,26,26,26,26,26,26,26,26,26,26
2,1,61643,0,0,0,0,0,0,0,0,0,0
3,1,61643,0,0,0,0,0,0,0,0,0,0
0,1,61644,0,0,0,0,0,0,0,0,0,0
1,1,61645,18,18,18,18,18,18,18,18,18,18
1,1,61646,19,19,19,19,19,19,19,19,19,19
1,1,61647,31,31,31,31,31,31,31,31,31,31
0,1,61648,25,25,25,25,25,25,25,25,25,25
1,1,61648,22,0,17,0,7,0,0,7,6,14
1,1,61649,0,0,0,0,0,0,0,0,0,0
1,1,61650,0,0,0,0,0,10,13,0,0,0
2,1,61650,0,0,0,0,0,0,0,0,0,0
1,1,61651,0,0,0,0,0,0,0,0,0,0
2,1,61651,0,0,0,0,0,0,0,0,0,0
1,1,61652,0,0,0,0,0,0,0,0,0,0
2,1,61652,0,0,0,0,0,0,0,0,0,0
1,1,61653,16,16,16,16,16,16,16,16,16,16
0,1,61654,35,35,35,35,35,35,35,35,35,35
1,1,61654,0,0,0,0,0,0,0,0,0,0
0,1,61655,20,20,20,20,20,20,20,20,20,20
1,1,61655,0,0,0,0,0,0,0,0,0,0
2,1,61655,0,0,0,0,0,0,0,0,0,0
1,1,61656,17,17,17,17,17,17,17,17,17,17
1,1,61657,15,15,15,15,15,15,15,15,15,15
0,1,61658,18,18,18,18,18,18,18,18,18,18
1,1,61658,7,0,0,0,3,0,0,0,0,0
1,1,61659,9,9,9,9,9,9,9,9,9,9
2,1,61659,4,9,5,14,11,11,14,9,6,3
1,1,61660,0,0,16,0,0,0,0,0,0,0
1,1,61661,0,0,0,0,0,0,0,0,0,0
1,1,61662,0,0,0,0,0,0,0,0,0,0
2,1,61662,0,0,0,0,0,0,0,0,0,0
1,1,61663,0,0,0,0,0,0,0,0,0,0
2,1,61663,0,0,0,0,9,0,0,0,0,0
3,1,61663,0,0,0,0,0,0,0,0,0,0
0,1,61664,0,0,0,0,0,0,0,0,0,0
1,1,61664,0,0,0,0,0,0,0,0,0,0
1,1,61665,0,0,0,0,0,0,0,0,0,0
2,1,61665,0,0,0,0,0,0,0,0,0,0
1,1,61666,0,0,0,19,0,0,0,0,0,0
1,1,61667,25,25,25,25,25,25,25,25,25,25
0,1,61668,0,0,0,0,0,0,0,0,0,0
1,1,61668,0,10,0,0,8,0,0,0,0,0
1,1,61669,3,3,3,3,3,3,3,3,3,3
1,1,61670,3,3,3,3,3,3,3,3,3,3
0,1,61671,20,20,20,20,20,20,20,20,20,20
1,1,61671,0,0,0,0,0,0,0,0,0,0
1,1,61672,0,0,0,0,0,0,0,0,0,0
2,1,61672,0,0,0,0,0,0,0,0,0,0
3,1,61672,0,0,0,0,0,0,0,0,0,0
1,1,61673,0,0,0,0,0,0,0,0,0,0
2,1,61673,0,0,0,0,0,0,0,0,0,0
1,1,61674,0,0,0,0,0,0,0,0,0,0
2,1,61674,0,0,0,0,0,0,0,0,0,0
1,1,61675,21,21,21,21,21,21,21,21,21,21
2,1,61675,0,0,0,0,0,0,0,0,0,0
1,1,61676,9,9,9,9,9,9,9,9,9,9
1,1,61677,12,12,12,12,12,12,12,12,12,12
2,1,61677,0,0,0,0,0,0,0,0,0,0
1,1,61678,0,0,0,0,0,0,0,0,0,0
2,1,61678,0,0,0,0,0,0,0,0,0,0
1,1,61679,0,0,0,0,0,0,0,0,0,0
2,1,61679,0,0,0,0,0,0,0,0,0,0
1,1,61680,0,0,0,0,0,0,0,0,0,0
2,1,61680,9,0,0,0,0,0,0,10,0,0
1,1,61681,0,0,0,0,0,0,0,0,0,0
2,1,61681,0,0,0,0,0,11,24,0,0,0
3,1,61681,0,0,0,0,0,0,0,0,0,0
4,1,61681,0,0,0,0,0,0,0,0,0,0
5,1,61681,0,0,0,0,0,0,0,0,0,0
1,1,61682,0,0,0,0,0,0,0,0,0,0
2,1,61682,0,0,0,0,0,0,0,0,0,0
1,1,61683,0,0,0,0,0,0,0,0,0,0
2,1,61683,0,0,0,0,0,0,0,0,0,0
2,1,61684,0,0,0,0,0,0,0,0,0,0
1,1,61685,0,0,0,0,0,0,0,0,0,0
2,1,61685,0,0,0,0,0,0,0,0,0,0
3,1,61685,0,0,0,0,0,0,0,0,0,0
1,1,61686,16,16,16,16,16,16,16,16,16,16
2,1,61686,0,0,0,0,0,0,0,0,0,0
1,1,61687,0,0,0,0,0,0,0,0,0,0
2,1,61687,0,0,0,0,0,0,0,0,0,0
1,1,61688,0,0,0,0,0,0,0,0,0,0
2,1,61688,0,0,0,0,0,0,0,0,0,0
1,1,61689,18,18,18,18,18,18,18,18,18,18
2,1,61689,0,0,0,0,0,0,0,0,0,0
1,1,61690,18,18,18,18,18,18,18,18,18,18
1,1,61691,0,0,0,0,0,0,0,0,0,0
1,1,61692,0,0,16,0,0,0,0,0,0,0
2,1,61692,0,0,0,0,0,0,0,0,0,0
1,1,61693,2,2,2,2,2,2,2,2,2,2
0,1,61694,0,0,0,0,0,0,0,0,0,0
1,1,61694,0,0,0,0,0,0,0,0,0,0
1,1,61695,0,0,0,0,0,0,0,0,14,0
1,1,61696,23,23,23,23,23,23,23,23,23,23
1,1,61697,1,1,1,1,1,1,1,1,1,1
1,1,61698,12,12,12,12,12,12,12,12,12,12
1,1,61699,0,0,0,0,0,0,0,0,0,0
2,1,61699,0,0,0,0,0,0,0,0,0,0
1,1,61700,0,0,0,0,0,0,0,0,0,0
2,1,61700,0,0,0,0,0,0,0,0,0,0
3,1,61700,0,0,0,0,0,0,0,0,0,0
0,1,61701,0,0,0,0,0,0,0,0,0,0
1,1,61701,0,0,0,0,0,0,0,0,0,0
1,1,61702,0,0,0,0,0,0,0,0,0,0
2,1,61702,0,0,0,0,0,0,0,0,0,0
1,1,61703,0,0,0,0,0,0,0,0,0,0
1,1,61704,0,0,0,21,0,0,0,8,0,0
2,1,61704,0,0,0,0,0,0,0,0,0,0
1,1,61705,0,0,0,0,0,0,0,0,0,0
1,1,61706,0,0,0,0,0,0,0,0,0,0
1,1,61707,24,24,24,24,24,24,24,24,24,24
2,1,61707,0,9,0,0,0,5,4,0,0,0
1,1,61708,8,8,8,8,8,8,8,8,8,8
1,1,61709,0,0,0,0,0,0,0,0,0,0
1,1,61710,0,0,0,0,0,0,0,0,0,0
1,1,61711,20,20,20,20,20,20,20,20,20,20
1,1,61712,19,19,19,19,19,19,19,19,19,19
2,1,61712,0,0,0,0,0,0,0,0,0,0
0,1,61713,22,28,19,25,23,32,17,30,28,23
1,1,61713,19,19,19,19,19,19,19,19,19,19
1,1,61714,0,0,0,0,0,0,0,0,0,0
1,1,61715,12,12,12,12,12,12,12,12,12,12
2,1,61715,0,0,0,0,0,0,0,0,0,0
0,1,61716,0,0,0,0,0,0,0,0,0,0
1,1,61716,0,0,0,0,0,0,0,0,0,0
0,1,61717,0,0,0,0,0,0,0,0,0,0
1,1,61717,0,0,0,0,0,0,0,0,0,0
1,1,61718,0,0,0,0,0,0,0,0,0,0
2,1,61718,0,0,0,0,0,0,0,0,0,0
1,1,61719,0,16,0,0,0,0,0,0,0,22
2,1,61719,0,0,0,0,0,0,0,0,0,0
1,1,61720,0,0,0,0,0,0,0,0,0,0
1,1,61721,13,13,13,13,13,13,13,13,13,13
1,1,61722,11,11,11,11,11,11,11,11,11,11
2,1,61722,0,0,0,0,0,0,0,0,0,0
3,1,61722,0,0,0,0,0,0,0,0,0,0
4,1,61722,0,0,0,0,0,0,0,0,0,0
1,1,61723,27,27,27,27,27,27,27,27,27,27
2,1,61723,0,0,10,0,0,0,0,0,10,0
1,1,61724,0,0,0,0,0,0,0,0,0,0
2,1,61724,0,0,0,0,0,0,0,0,0,0
1,1,61725,0,0,0,0,0,0,0,0,0,0
1,1,61726,2,2,2,2,2,2,2,2,2,2
2,1,61726,0,0,0,0,0,0,0,0,0,0
1,1,61727,0,0,0,0,0,0,0,0,0,0
2,1,61727,0,0,0,0,0,0,0,0,0,0
1,1,61728,14,14,14,14,14,14,14,14,14,14
1,1,61729,0,0,0,0,0,0,0,0,0,0
1,1,61730,0,0,0,0,0,0,0,0,0,0
2,1,61730,0,0,0,0,0,0,0,0,0,0
3,1,61730,0,0,0,0,0,0,0,0,0,0
1,1,61731,0,0,0,0,0,0,0,0,0,0
2,1,61731,0,0,0,0,0,0,0,0,0,0
1,1,61732,0,0,0,0,0,0,0,0,0,0
1,1,61733,0,0,0,0,0,0,0,0,0,0
2,1,61733,0,0,0,0,0,0,0,0,0,0
1,1,61734,11,11,11,11,11,11,11,11,11,11
1,1,61735,0,0,0,0,0,0,0,0,0,0
1,1,61736,0,0,0,0,0,0,0,0,0,0
2,1,61736,0,0,0,0,0,0,0,0,0,0
1,1,61737,0,0,0,0,0,0,0,0,0,0
1,1,61738,0,0,0,0,0,0,0,0,0,0
2,1,61738,0,0,0,0,0,0,0,0,14,0
0,1,61739,17,17,17,17,17,17,17,17,17,17
1,1,61739,0,0,0,0,0,0,0,0,0,0
1,1,61740,30,30,30,30,30,30,30,30,30,30
1,1,61741,0,0,0,0,0,0,0,0,0,0
1,1,61742,28,28,28,28,28,28,28,28,28,28
1,1,61743,4,4,4,4,4,4,4,4,4,4
1,1,61744,0,0,0,0,0,0,0,0,0,0
1,1,61745,0,0,0,0,0,0,0,0,0,0
2,1,61745,0,0,0,0,0,0,0,0,0,0
1,1,61746,10,10,10,10,10,10,10,10,10,10
1,1,61747,0,0,0,0,0,0,0,0,0,0
1,1,61748,0,0,0,0,0,0,0,0,0,0
2,1,61748,0,0,0,0,0,0,0,0,0,0
3,1,61748,0,0,0,0,0,0,0,0,0,0
1,1,61749,0,0,0,0,0,0,0,0,0,0
2,1,61749,0,0,0,0,0,0,0,0,0,0
1,1,61750,0,0,0,0,0,0,0,0,0,0
2,1,61750,0,0,0,0,0,0,0,0,0,4
1,1,61751,0,0,0,0,0,0,0,0,0,0
1,1,61752,0,0,0,0,0,0,0,0,0,0
1,1,61753,0,0,0,0,0,0,0,0,0,0
2,1,61753,0,0,0,0,0,0,0,0,0,0
1,1,61754,0,0,0,0,0,0,0,0,0,0
2,1,61754,0,0,0,0,0,0,0,0,0,0
1,1,61755,0,0,0,0,0,0,0,0,0,0
1,1,61756,0,0,0,0,0,0,0,0,0,0
2,1,61756,0,0,0,0,0,0,0,0,0,0
1,1,61757,17,17,17,17,17,17,17,17,17,17
1,1,61758,0,0,0,0,0,0,0,0,0,0
0,1,61759,0,0,0,0,0,0,0,0,0,0
1,1,61759,14,14,14,14,14,14,14,14,14,14
0,1,61760,0,0,0,0,0,0,0,0,0,0
1,1,61760,0,0,0,0,0,0,0,0,0,0
2,1,61760,0,0,0,0,0,0,0,18,0,0
1,1,61761,11,28,0,0,0,9,23,4,0,0
2,1,61761,0,0,0,0,0,0,0,0,0,0
1,1,61762,19,19,19,19,19,19,19,19,19,19
2,1,61762,0,0,0,0,0,0,0,0,0,0
0,1,61763,0,0,0,0,0,0,0,0,0,0
1,1,61763,0,0,0,0,0,0,0,0,0,0
2,1,61763,0,0,0,0,0,0,0,0,0,0
1,1,61764,0,0,0,0,0,0,0,0,0,0
2,1,61764,0,0,0,0,0,0,0,0,0,0
3,1,61764,0,0,7,0,0,0,0,0,0,0
1,1,61765,0,0,0,0,0,0,0,0,0,0
2,1,61765,0,0,0,0,0,0,0,0,0,0
1,1,61766,0,0,0,0,0,0,0,0,0,0
1,1,61767,12,12,12,12,12,12,12,12,12,12
1,1,61768,17,17,17,17,17,17,17,17,17,17
2,1,61768,0,0,0,0,0,0,0,0,0,0
1,1,61769,0,0,0,0,0,0,0,0,0,0
1,1,61770,2,2,2,2,2,2,2,2,2,2
2,1,61770,0,0,0,0,0,0,0,0,0,0
1,1,61771,0,0,0,0,0,0,0,0,0,0
1,1,61772,0,0,11,0,0,0,0,0,0,0
1,1,61773,22,22,22,22,22,22,22,22,22,22
1,1,61774,4,4,4,4,4,4,4,4,4,4
1,1,61775,0,0,0,0,0,0,0,0,0,0
2,1,61775,0,0,0,0,0,0,0,0,0,0
1,1,61776,9,9,9,9,9,9,9,9,9,9
2,1,61776,0,0,0,4,0,62,44,0,23,0
1,1,61777,0,0,0,0,0,0,10,0,0,0
2,1,61777,0,17,0,8,0,0,26,8,0,14
1,1,61778,0,0,0,0,0,0,0,0,0,0
2,1,61778,0,0,0,0,0,0,0,0,0,0
1,1,61779,22,22,22,22,22,22,22,22,22,22
1,1,61780,0,0,0,13,0,0,0,0,0,0
2,1,61780,0,0,0,0,0,0,0,0,0,0
1,1,61781,0,0,0,0,0,0,0,0,0,0
2,1,61781,0,0,0,0,0,0,22,0,0,0
1,1,61782,0,0,0,0,0,0,0,0,0,0
2,1,61782,0,0,0,0,0,0,0,0,0,0
1,1,61783,2,2,2,2,2,2,2,2,2,2