VEH_NO,PER_NO,ST_CASE,P1,P2,P3,P4,P5,P6,P7,P8,P9,P10
0,1,61784,4,4,4,4,4,4,4,4,4,4
1,1,61784,0,0,0,0,0,0,9,0,0,0
1,1,61785,0,0,0,0,0,0,0,0,0,0
1,1,61786,0,0,0,0,0,0,0,0,0,0
2,1,61786,0,0,0,10,0,0,0,4,0,0
1,1,61787,0,0,0,0,0,0,0,0,0,0
2,1,61787,0,0,0,0,0,0,0,0,0,0
1,1,61788,0,0,0,0,0,0,0,0,0,0
1,1,61789,26,26,26,26,26,26,26,26,26,26
1,1,61790,18,18,18,18,18,18,18,18,18,18
1,1,61791,18,18,18,18,18,18,18,18,18,18
0,1,61792,0,0,0,0,0,0,0,0,0,0
1,1,61792,0,0,0,0,0,0,0,0,0,0
1,1,61793,0,0,0,0,0,0,0,0,0,0
1,1,61794,2,2,2,2,2,2,2,2,2,2
1,1,61795,0,0,0,0,0,0,0,0,0,0
1,1,61796,0,0,0,0,0,0,0,0,0,0
1,1,61797,0,10,2,0,0,21,0,0,0,16
1,1,61798,0,0,0,0,0,0,0,0,0,0
1,1,61799,0,0,0,0,0,0,0,0,0,0
1,1,61800,0,0,0,0,0,0,0,0,0,0
0,1,61801,0,0,0,0,0,0,0,0,0,0
1,1,61801,0,0,0,0,0,0,0,0,0,0
0,1,61802,5,5,5,5,5,5,5,5,5,5
1,1,61802,0,0,0,10,0,0,0,0,0,12
0,1,61803,0,0,0,0,0,0,0,0,0,0
1,1,61803,0,0,0,0,0,0,0,0,0,0
1,1,61804,0,0,0,0,0,0,0,0,0,0
1,1,61805,20,20,20,20,20,20,20,20,20,20
0,1,61806,0,0,0,0,0,0,0,0,0,0
1,1,61806,0,0,0,0,0,0,0,0,0,0
1,1,61807,0,0,0,0,16,0,0,0,0,0
0,1,61808,0,0,0,0,0,0,0,0,0,0
1,1,61808,0,0,0,0,0,0,12,0,0,0
0,1,61809,22,22,22,22,22,22,22,22,22,22
1,1,61809,0,0,0,0,27,12,17,0,0,0
1,1,61810,11,11,11,11,11,11,11,11,11,11
1,1,61811,28,28,28,28,28,28,28,28,28,28
1,1,61812,0,0,0,0,0,0,0,0,0,0
0,1,61813,0,0,0,0,0,0,0,0,0,0
1,1,61813,0,0,0,0,0,0,0,0,0,0
0,1,61814,0,0,0,0,0,0,0,0,0,0
1,1,61814,0,0,0,0,0,0,0,0,0,0
1,1,61815,30,30,30,30,30,30,30,30,30,30
1,1,61816,0,0,0,0,0,0,0,0,0,0
1,1,61817,5,5,5,5,5,5,5,5,5,5
1,1,61818,19,19,19,19,19,19,19,19,19,19
1,1,61819,0,0,0,0,0,0,0,0,0,0
1,1,61820,0,0,0,0,0,0,0,0,0,0
1,1,61821,0,0,0,0,0,0,0,0,0,0
0,1,61822,0,0,0,0,0,0,0,0,0,0
1,1,61822,0,0,15,0,0,0,0,0,0,0
0,1,61823,0,0,0,0,0,0,0,0,0,0
1,1,61823,0,0,0,0,0,0,0,0,0,0
0,1,61824,0,0,0,0,0,0,0,0,0,0
1,1,61824,0,0,0,0,0,0,0,0,0,0
1,1,61825,0,0,0,0,0,0,0,0,0,0
0,1,61826,0,15,0,0,0,0,22,18,12,0
1,1,61826,0,13,0,0,0,0,0,0,10,0
1,1,61827,0,0,0,0,0,0,0,0,0,0
1,1,61828,16,16,16,16,16,16,16,16,16,16
0,1,61829,21,21,21,21,21,21,21,21,21,21
1,1,61829,16,11,10,5,18,11,18,7,16,12
1,1,61830,0,0,0,0,0,0,0,0,0,0
1,1,61831,0,0,0,0,4,0,0,0,0,0
1,1,61832,0,0,0,0,0,0,0,0,0,0
2,1,61832,0,0,0,0,0,0,0,9,0,0
1,1,61833,0,0,0,0,0,0,0,0,0,0
2,1,61833,0,0,0,0,0,0,0,0,0,0
1,1,61834,0,0,0,0,0,0,0,0,0,0
2,1,61834,0,0,0,0,0,0,0,0,0,0
1,1,61835,18,33,23,36,15,31,12,15,23,16
0,1,61836,0,0,0,0,0,0,0,0,0,0
1,1,61836,0,0,0,0,0,0,0,0,0,0
0,1,61837,7,7,7,7,7,7,7,7,7,7
1,1,61837,0,0,0,0,0,0,0,0,0,0
1,1,61838,0,0,0,0,0,0,0,0,0,0
1,1,61839,0,23,0,0,0,0,0,0,6,0
2,1,61839,0,0,0,0,0,0,0,0,0,0
1,1,61840,4,4,4,4,4,4,4,4,4,4
2,1,61840,0,9,7,14,10,0,0,0,0,0
1,1,61841,19,19,19,19,19,19,19,19,19,19
0,1,61842,0,0,0,0,0,0,0,0,0,0
0,2,61842,0,0,0,0,0,0,0,0,0,0
1,1,61842,0,17,0,17,0,0,0,0,0,0
2,1,61842,0,0,0,0,4,0,0,0,0,4
1,1,61843,0,0,0,0,0,0,0,0,0,0
1,1,61844,0,0,0,0,0,16,0,15,0,0
2,1,61844,0,0,0,0,0,0,0,0,0,0
0,1,61845,26,26,26,26,26,26,26,26,26,26
1,1,61845,0,0,0,0,0,0,0,0,0,0
2,1,61845,0,0,0,0,0,0,0,0,0,0
1,1,61846,7,7,7,7,7,7,7,7,7,7
2,1,61846,0,0,0,0,0,0,0,0,0,0
1,1,61847,24,24,24,24,24,24,24,24,24,24
0,1,61848,0,0,0,0,0,0,0,0,0,0
1,1,61848,0,0,0,0,0,0,0,0,0,0
1,1,61849,0,0,0,0,0,0,0,0,0,0
2,1,61849,0,0,0,0,0,0,0,0,0,0
0,1,61850,0,0,0,0,0,0,0,0,0,0
0,2,61850,0,0,0,13,0,0,0,0,0,28
0,3,61850,0,0,0,0,0,0,0,0,0,0
1,1,61850,0,0,0,9,0,0,0,0,0,0
2,1,61850,0,0,0,0,0,0,0,0,0,0
1,1,61851,16,16,16,16,16,16,16,16,16,16
2,1,61851,0,0,0,0,0,0,0,0,0,0
1,1,61852,0,0,0,0,0,0,0,0,0,0
2,1,61852,0,0,0,0,0,0,0,0,0,0
1,1,61853,2,2,2,2,2,2,2,2,2,2
1,1,61854,14,14,14,14,14,14,14,14,14,14
2,1,61854,0,0,0,17,0,0,3,0,0,0
3,1,61854,0,0,3,0,0,0,16,13,0,21
4,1,61854,0,0,7,12,0,14,31,16,18,0
1,1,61855,0,0,0,0,0,0,0,0,0,0
0,1,61856,0,0,0,0,0,0,0,0,0,0
1,1,61856,0,0,11,0,0,0,0,0,0,0
1,1,61857,25,25,25,25,25,25,25,25,25,25
2,1,61857,0,0,0,0,0,0,0,0,0,0
0,1,61858,0,0,0,0,0,0,0,0,0,0
0,2,61858,0,0,0,0,0,0,0,0,0,0
1,1,61858,8,8,8,8,8,8,8,8,8,8
0,1,61859,0,0,0,0,0,0,0,0,0,0
1,1,61859,0,0,0,0,0,0,0,0,0,0
0,1,61860,12,12,12,12,12,12,12,12,12,12
1,1,61860,0,0,0,0,0,0,0,0,11,0
1,1,61861,20,20,20,20,20,20,20,20,20,20
1,1,61862,9,9,9,9,9,9,9,9,9,9
0,1,61863,0,0,0,0,0,0,0,0,0,0
1,1,61863,0,0,0,0,0,0,0,0,0,0
1,1,61864,0,0,0,0,0,0,0,0,0,0
1,1,61865,0,0,0,0,0,0,0,0,0,0
2,1,61865,0,0,0,0,0,0,0,0,0,0
1,1,61866,7,0,0,11,0,0,0,14,0,0
2,1,61866,0,0,0,0,0,0,0,0,0,0
3,1,61866,0,0,0,0,0,0,0,0,0,0
1,1,61867,10,10,10,10,10,10,10,10,10,10
2,1,61867,0,0,0,0,0,0,0,0,0,0
1,1,61868,19,19,19,19,19,19,19,19,19,19
1,1,61869,0,0,0,0,20,0,0,0,0,0
1,1,61870,4,4,4,4,4,4,4,4,4,4
0,1,61871,0,0,0,0,0,0,0,0,0,0
1,1,61871,21,21,21,21,21,21,21,21,21,21
0,1,61872,0,0,0,0,0,0,0,0,0,0
1,1,61872,0,0,0,0,0,0,0,0,0,0
1,1,61873,0,0,0,0,0,0,0,0,0,0
2,1,61873,0,0,0,0,0,0,0,0,0,0
3,1,61873,0,11,0,0,0,0,0,9,0,0
1,1,61874,0,0,0,0,0,0,0,0,0,36
1,1,61875,0,0,0,0,0,0,0,0,0,0
2,1,61875,0,0,0,0,0,0,0,0,0,0
1,1,61876,0,0,0,0,0,0,0,0,0,0
2,1,61876,0,0,0,0,0,0,0,0,0,0
1,1,61877,19,19,19,19,19,19,19,19,19,19
2,1,61877,0,0,0,0,0,0,0,0,0,0
1,1,61878,0,0,0,0,11,10,0,0,0,0
2,1,61878,0,0,0,0,0,0,0,0,0,0
1,1,61879,0,0,0,0,0,0,0,0,0,0
2,1,61879,0,0,0,0,0,0,0,0,0,0
0,1,61880,0,0,0,0,0,0,0,0,0,0
1,1,61880,0,0,0,0,0,0,0,0,0,0
1,1,61881,20,20,20,20,20,20,20,20,20,20
2,1,61881,0,0,0,0,0,0,0,0,0,0
0,1,61882,22,22,22,22,22,22,22,22,22,22
1,1,61882,0,0,18,0,0,0,0,0,8,0
0,1,61883,15,15,15,15,15,15,15,15,15,15
1,1,61883,0,0,0,0,0,0,0,0,0,0
1,1,61884,22,22,22,22,22,22,22,22,22,22
2,1,61884,0,0,0,0,0,0,0,0,0,0
0,1,61885,13,13,13,13,13,13,13,13,13,13
1,1,61885,23,23,23,23,23,23,23,23,23,23
1,1,61886,0,0,0,0,0,0,0,0,0,0
2,1,61886,0,0,0,13,0,0,0,0,0,0
1,1,61887,0,0,0,0,0,0,0,0,0,0
2,1,61887,0,0,12,0,0,0,0,0,0,0
0,1,61888,0,0,0,0,0,0,0,0,0,0
1,1,61888,0,0,0,0,0,0,0,0,0,0
0,1,61889,0,0,0,0,0,0,0,0,0,0
1,1,61889,0,0,0,0,0,0,0,0,0,0
0,1,61890,0,0,0,0,0,0,0,0,0,0
1,1,61890,14,0,0,0,0,24,23,6,0,0
1,1,61891,0,0,0,13,0,0,0,0,0,0
1,1,61892,0,0,0,0,0,0,0,0,0,0
0,1,61893,0,0,0,0,0,0,0,0,0,0
1,1,61893,0,0,0,0,0,0,0,0,0,0
1,1,61894,22,11,24,0,0,0,3,8,19,0
1,1,61895,0,0,0,0,0,0,0,0,0,0
0,1,61896,0,0,0,0,0,0,0,0,0,0
1,1,61896,0,0,0,0,0,0,0,0,0,0
1,1,61897,0,0,0,0,0,0,0,0,0,0
1,1,61898,0,0,0,0,0,0,0,0,0,0
2,1,61898,0,0,0,0,0,0,0,0,0,0
0,1,61899,0,0,0,0,0,0,0,0,0,0
1,1,61899,0,0,0,11,0,0,0,0,0,0
0,1,61900,0,0,0,0,0,0,0,0,0,0
1,1,61900,0,0,0,0,0,0,13,0,0,0
1,1,61901,15,15,15,15,15,15,15,15,15,15
1,1,61902,9,4,20,9,7,14,19,4,25,11
2,1,61902,15,0,0,0,0,0,0,0,0,0
1,1,61903,0,0,0,0,0,0,0,0,0,0
0,1,61904,0,0,0,7,0,0,0,0,0,0
1,1,61904,0,0,0,0,0,0,0,0,0,0
1,1,61905,0,12,12,0,0,0,0,0,0,0
1,1,61906,10,18,14,13,8,11,7,11,14,12
1,1,61907,11,11,11,11,11,11,11,11,11,11
1,1,61908,6,6,6,6,6,6,6,6,6,6
2,1,61908,0,0,0,0,0,0,0,0,0,0
1,1,61909,0,0,0,0,0,0,0,0,0,0
2,1,61909,0,0,0,0,0,0,0,0,0,0
1,1,61910,0,0,0,0,0,0,0,0,0,0
1,1,61911,0,0,6,0,0,0,0,0,4,0
2,1,61911,0,0,0,0,0,0,0,0,0,0
1,1,61912,5,5,5,5,5,5,5,5,5,5
2,1,61912,0,0,0,0,0,0,0,0,0,0
1,1,61913,0,0,0,0,0,0,0,0,0,0
2,1,61913,0,0,0,0,0,0,10,0,0,0
1,1,61914,7,7,7,7,7,7,7,7,7,7
0,1,61915,0,0,0,0,0,0,0,0,0,0
1,1,61915,0,0,0,0,0,0,0,0,0,0
1,1,61916,15,15,15,15,15,15,15,15,15,15
1,1,61917,10,10,10,10,10,10,10,10,10,10
1,1,61918,0,0,0,0,0,0,0,0,0,0
2,1,61918,0,0,0,0,8,0,0,0,0,8
1,1,61919,0,0,0,0,0,0,0,0,0,0
1,1,61920,14,14,14,14,14,14,14,14,14,14
1,1,61921,0,0,0,0,0,0,0,0,0,0
2,1,61921,0,0,0,0,0,0,0,0,0,0
1,1,61922,0,0,10,0,16,0,0,0,0,19
2,1,61922,0,0,0,0,0,0,0,0,0,0
3,1,61922,0,0,0,0,12,0,0,0,0,0
1,1,61923,9,9,9,9,9,9,9,9,9,9
1,1,61924,2,2,2,2,2,2,2,2,2,2
2,1,61924,0,0,0,0,0,0,0,0,0,26
3,1,61924,0,0,0,0,0,0,0,0,0,0
1,1,61925,0,0,0,0,0,0,0,0,0,0
2,1,61925,0,0,0,0,0,0,0,0,0,0
3,1,61925,0,0,0,0,0,0,0,0,0,0
0,1,61926,26,26,26,26,26,26,26,26,26,26
0,2,61926,6,6,6,6,6,6,6,6,6,6
1,1,61926,0,0,0,0,0,0,0,0,0,0
2,1,61926,3,15,0,13,10,32,0,12,11,10
3,1,61926,0,0,0,0,0,0,0,0,0,0
4,1,61926,0,0,0,0,0,0,0,0,0,0
1,1,61927,0,0,0,0,0,0,0,0,0,0
2,1,61927,0,0,0,0,0,0,0,0,0,0
1,1,61928,0,0,0,0,0,0,0,20,0,0
2,1,61928,0,0,0,0,0,0,0,0,0,0
1,1,61929,0,0,0,0,0,0,0,0,0,0
2,1,61929,0,0,0,0,0,0,0,0,0,0
3,1,61929,0,0,0,0,0,0,0,0,0,0
1,1,61930,9,0,0,0,0,0,0,0,0,0
2,1,61930,0,0,0,0,0,0,0,0,0,0
1,1,61931,0,0,0,0,0,0,0,0,0,0
2,1,61931,0,7,0,0,0,0,0,0,0,0
1,1,61932,0,0,0,0,0,0,0,0,0,0
1,1,61933,0,0,0,0,0,0,0,0,0,0
1,1,61934,21,19,26,14,28,31,22,18,12,12
1,1,61935,13,13,13,13,13,13,13,13,13,13
1,1,61936,0,0,0,0,0,0,0,0,0,0
2,1,61936,0,0,0,0,0,0,0,0,0,0
1,1,61937,0,0,0,0,0,0,0,0,0,0
2,1,61937,0,0,0,0,0,0,0,0,0,0
1,1,61938,5,5,5,5,5,5,5,5,5,5
0,1,61939,0,0,0,0,0,0,0,0,0,0
1,1,61939,0,0,6,0,10,0,0,0,26,0
1,1,61940,0,0,0,0,0,0,0,16,2,0
1,1,61941,0,0,0,0,0,0,0,0,0,0
1,1,61942,0,0,0,0,0,0,0,0,0,0
2,1,61942,0,0,0,0,0,0,0,0,0,0
1,1,61943,0,0,0,0,0,0,0,0,0,0
1,1,61944,0,0,0,0,0,14,0,0,0,0
2,1,61944,0,0,0,0,0,0,0,0,0,0
0,1,61945,0,0,0,0,0,0,0,0,0,0
1,1,61945,16,6,0,0,0,0,0,0,0,0
1,1,61946,0,0,0,0,0,0,0,9,0,0
2,1,61946,0,0,0,0,0,0,0,0,0,0
3,1,61946,0,0,0,0,0,0,0,0,0,0
4,1,61946,0,0,0,0,0,0,0,0,13,0
1,1,61947,9,16,0,15,0,16,0,6,14,19
2,1,61947,0,0,0,0,0,0,0,0,0,0
1,1,61948,0,0,0,0,0,0,0,0,0,0
2,1,61948,0,0,0,0,0,0,0,0,0,0
3,1,61948,0,0,0,0,0,0,0,0,0,0
1,1,61949,9,9,9,9,9,9,9,9,9,9
1,1,61950,23,23,23,23,23,23,23,23,23,23
2,1,61950,0,0,0,0,0,0,0,0,0,0
1,1,61951,25,25,25,25,25,25,25,25,25,25
2,1,61951,0,0,0,0,0,0,0,0,0,0
3,1,61951,0,0,0,0,0,0,0,0,0,0
1,1,61952,8,8,8,8,8,8,8,8,8,8
1,1,61953,0,0,0,0,0,0,0,0,0,0
2,1,61953,0,0,0,0,0,0,0,0,0,0
1,1,61954,0,0,0,0,0,0,0,0,0,0
1,1,61955,0,0,0,0,0,0,0,0,0,0
2,1,61955,0,0,0,0,0,0,0,0,0,0
3,1,61955,0,0,0,0,0,0,0,0,0,0
1,1,61956,0,0,0,0,0,0,0,0,0,0
1,1,61957,0,0,0,0,0,0,0,0,0,0
1,1,61958,15,15,15,15,15,15,15,15,15,15
2,1,61958,0,0,4,0,0,0,0,0,0,0
0,1,61959,0,0,0,0,0,0,0,0,0,0
1,1,61959,0,0,0,0,0,0,0,0,0,0
1,1,61960,14,14,14,14,14,14,14,14,14,14
1,1,61961,0,0,0,0,0,0,0,0,0,0
2,1,61961,0,0,0,0,0,0,0,0,0,0
1,1,61962,0,0,0,0,0,0,0,0,0,0
2,1,61962,0,0,0,0,0,0,0,0,0,0
3,1,61962,0,0,0,0,0,0,0,0,0,0
4,1,61962,0,0,0,0,0,0,0,0,0,0
5,1,61962,0,0,0,0,0,0,0,0,0,0
6,1,61962,0,0,0,0,0,0,0,0,8,0
7,1,61962,0,0,0,0,0,0,0,0,0,0
1,1,61963,20,20,20,20,20,20,20,20,20,20
1,1,61964,22,22,22,22,22,22,22,22,22,22
1,1,61965,0,0,0,0,0,0,0,0,0,0
2,1,61965,0,0,0,0,0,0,0,0,0,0
0,1,61966,29,29,29,29,29,29,29,29,29,29
1,1,61966,21,0,0,0,12,0,0,0,18,0
1,1,61967,32,28,28,17,35,7,17,22,18,17
1,1,61968,12,12,12,12,12,12,12,12,12,12
1,1,61969,16,6,17,0,11,0,0,0,0,7
0,1,61970,0,0,0,0,0,0,0,0,0,0
1,1,61970,0,0,16,0,8,0,0,0,0,0
1,1,61971,13,13,13,13,13,13,13,13,13,13
1,1,61972,0,0,0,0,0,0,0,0,0,0
0,1,61973,0,0,0,0,0,0,0,0,0,0
1,1,61973,0,0,0,0,0,0,0,0,0,0
1,1,61974,0,0,0,0,0,0,0,0,0,0
1,1,61975,0,0,0,0,0,0,0,0,0,0
1,1,61976,0,0,0,0,0,0,0,0,0,0
2,1,61976,0,0,0,0,9,0,7,0,0,0
1,1,61977,21,21,21,21,21,21,21,21,21,21
0,1,61978,21,21,21,21,21,21,21,21,21,21
1,1,61978,10,10,10,10,10,10,10,10,10,10
0,1,61979,0,0,0,0,0,0,0,0,0,0
1,1,61979,0,0,0,0,0,0,0,0,0,0
1,1,61980,0,0,0,0,0,0,0,0,0,0
1,1,61981,0,0,0,0,0,0,0,0,0,0
1,1,61982,0,0,0,0,0,0,0,0,0,0
0,1,61983,13,13,13,13,13,13,13,13,13,13
1,1,61983,0,0,0,0,0,0,0,0,0,0
0,1,61984,25,25,25,25,25,25,25,25,25,25
1,1,61984,8,8,8,8,8,8,8,8,8,8
0,1,61985,0,0,0,0,0,0,0,0,0,0
1,1,61985,0,0,0,0,0,0,5,0,0,0
0,1,61986,0,0,0,0,0,0,0,0,0,0
1,1,61986,0,0,0,0,0,0,0,0,0,0
1,1,61987,0,0,0,0,0,0,0,0,0,0
0,1,61988,0,0,0,0,0,0,0,0,0,0
1,1,61988,0,0,0,0,0,0,0,0,0,0
0,1,61989,0,0,0,0,0,0,0,0,0,0
0,2,61989,0,0,0,0,0,0,0,0,0,0
1,1,61989,0,0,0,0,7,0,0,0,0,0
0,1,61990,11,11,11,11,11,11,11,11,11,11
1,1,61990,0,0,0,0,0,0,0,0,0,0
1,1,61991,0,0,0,0,0,0,0,0,0,0
1,1,61992,7,7,7,7,7,7,7,7,7,7
0,1,61993,34,34,34,34,34,34,34,34,34,34
0,2,61993,11,0,0,0,0,0,0,14,13,0
1,1,61993,0,0,0,20,0,16,0,0,0,0
1,1,61994,9,0,0,0,0,0,0,0,0,0
0,1,61995,16,16,16,16,16,16,16,16,16,16
1,1,61995,0,0,0,21,0,0,0,0,0,0
1,1,61996,0,0,0,0,0,0,0,0,0,0
1,1,61997,14,14,14,14,14,14,14,14,14,14
1,1,61998,0,0,0,0,0,0,0,0,0,0
1,1,61999,0,0,0,0,0,0,0,0,0,0
1,1,62000,19,19,19,19,19,19,19,19,19,19
0,1,62001,0,0,0,0,0,0,0,0,0,0
1,1,62001,15,0,0,0,10,0,0,10,0,0
1,1,62002,14,14,14,14,14,14,14,14,14,14
1,1,62003,18,18,18,18,18,18,18,18,18,18
1,1,62004,14,14,14,14,14,14,14,14,14,14
0,1,62005,0,3,0,18,0,0,0,0,23,19
1,1,62005,0,21,23,7,0,3,0,0,0,0
1,1,62006,5,5,5,5,5,5,5,5,5,5
1,1,62007,0,0,0,0,0,0,0,0,0,0
1,1,62008,23,23,23,23,23,23,23,23,23,23
0,1,62009,0,0,0,0,0,0,0,0,0,0
1,1,62009,0,0,0,0,0,0,0,0,0,0
1,1,62010,10,15,48,17,8,21,12,9,5,0
0,1,62011,0,0,0,0,0,0,0,0,0,0
1,1,62011,11,0,0,13,0,0,0,0,0,0
1,1,62012,0,0,0,13,0,0,0,0,0,0
2,1,62012,0,0,0,0,0,0,0,0,0,0
1,1,62013,0,0,0,0,0,0,0,0,0,0
1,1,62014,0,0,0,0,0,0,0,0,0,0
1,1,62015,14,14,14,14,14,14,14,14,14,14
2,1,62015,0,0,0,0,0,0,0,0,0,0
1,1,62016,0,0,0,0,0,0,0,0,0,0
2,1,62016,0,0,0,0,0,0,0,0,0,0
1,1,62017,21,21,21,21,21,21,21,21,21,21
2,1,62017,0,0,0,0,0,0,0,0,0,0
0,1,62018,0,0,0,0,0,0,0,0,0,0
1,1,62018,0,5,0,0,0,26,0,0,0,0
1,1,62019,6,6,6,6,6,6,6,6,6,6
1,1,62020,0,0,0,0,0,0,0,0,0,0
2,1,62020,0,0,0,0,0,0,0,0,0,0
1,1,62021,25,19,10,24,26,0,11,19,0,16
2,1,62021,0,0,0,0,0,0,0,0,0,0
0,1,62022,3,3,3,3,3,3,3,3,3,3
1,1,62022,9,5,0,0,9,0,0,0,0,0
1,1,62023,0,0,0,0,0,0,0,0,0,0
2,1,62023,0,0,0,0,0,0,0,0,0,0
1,1,62024,0,0,0,0,0,0,0,0,0,0
1,1,62025,0,0,0,0,0,0,0,0,0,0
2,1,62025,0,0,0,10,0,0,0,0,0,0
1,1,62026,26,26,26,26,26,26,26,26,26,26
2,1,62026,12,0,0,0,9,0,0,0,0,0
1,1,62027,0,0,0,0,0,0,0,0,0,0
0,1,62028,16,16,16,16,16,16,16,16,16,16
1,1,62028,19,0,0,0,0,0,0,0,0,0
1,1,62029,0,0,0,0,0,0,0,0,0,0
1,1,62030,0,0,0,0,0,0,0,25,0,0
1,1,62031,34,0,0,24,12,23,0,8,0,0
0,1,62032,5,5,5,5,5,5,5,5,5,5
1,1,62032,0,0,0,0,0,0,0,0,0,0
1,1,62033,20,20,20,20,20,20,20,20,20,20
1,1,62034,0,0,0,0,0,0,0,0,0,0
2,1,62034,0,0,0,0,0,0,0,0,0,0
3,1,62034,0,0,0,0,0,0,0,0,0,0
1,1,62035,22,22,22,22,22,22,22,22,22,22
2,1,62035,0,0,0,0,0,0,0,0,0,0
1,1,62036,0,0,0,22,18,0,23,13,19,0
0,1,62037,0,0,0,0,0,0,0,0,0,0
1,1,62037,0,0,0,0,0,0,0,0,0,0
1,1,62038,0,0,0,0,0,0,0,0,0,0
1,1,62039,0,0,0,0,0,0,0,0,0,0
0,1,62040,0,0,0,0,0,0,0,0,0,0
1,1,62040,0,0,0,0,0,0,0,0,0,0
1,1,62041,16,16,16,16,16,16,16,16,16,16
1,1,62042,0,0,0,0,0,0,0,0,0,0
2,1,62042,0,0,0,0,0,0,0,6,0,0
3,1,62042,0,0,0,0,0,0,0,0,0,0
1,1,62043,0,2,0,14,15,0,0,0,7,0
2,1,62043,11,11,11,11,11,11,11,11,11,11
1,1,62044,26,26,26,26,26,26,26,26,26,26
2,1,62044,0,0,0,0,0,10,0,0,0,0
1,1,62045,0,0,0,0,0,0,0,0,0,0
2,1,62045,0,0,0,0,0,0,0,0,0,0
3,1,62045,0,0,0,0,0,0,0,0,0,0
1,1,62046,26,26,26,26,26,26,26,26,26,26
1,1,62047,32,32,32,32,32,32,32,32,32,32
1,1,62048,0,0,0,0,0,0,0,0,0,0
1,1,62049,0,0,0,0,0,0,0,0,0,0
1,1,62050,19,19,19,19,19,19,19,19,19,19
1,1,62051,23,23,23,23,23,23,23,23,23,23
1,1,62052,0,0,0,0,0,0,0,0,0,0
1,1,62053,18,18,18,18,18,18,18,18,18,18
1,1,62054,0,0,0,0,0,0,0,0,0,0
0,1,62055,29,29,29,29,29,29,29,29,29,29
1,1,62055,0,0,0,13,0,0,0,0,0,0
1,1,62056,0,0,0,0,0,0,0,0,0,0
2,1,62056,0,0,0,0,0,0,0,0,0,0
0,1,62057,0,0,0,0,0,0,0,0,0,0
1,1,62058,0,0,0,0,0,0,0,0,0,0
2,1,62058,0,0,0,0,0,0,0,0,0,0
3,1,62058,0,0,0,0,0,0,0,0,0,0
1,1,62059,0,0,0,0,0,0,0,0,0,0
1,1,62060,0,0,0,0,0,0,0,0,0,0
0,1,62061,25,25,25,25,25,25,25,25,25,25
1,1,62061,8,8,8,8,8,8,8,8,8,8
2,1,62061,0,0,0,0,0,0,0,0,0,0
1,1,62062,0,0,0,0,0,0,0,0,0,0
2,1,62062,2,0,0,0,0,0,0,0,0,0
1,1,62063,38,38,38,38,38,38,38,38,38,38
1,1,62064,9,9,9,9,9,9,9,9,9,9
2,1,62064,0,0,0,0,0,0,0,0,0,0
3,1,62064,0,0,0,0,0,0,0,0,0,0
1,1,62065,23,23,23,23,23,23,23,23,23,23
2,1,62065,4,0,0,11,0,0,0,11,0,0
1,1,62066,0,0,0,0,0,0,0,0,0,0
2,1,62066,0,0,0,16,12,0,0,0,0,0
3,1,62066,0,0,0,0,0,0,0,0,0,0
4,1,62066,20,0,0,0,0,0,0,0,0,0
1,1,62067,0,0,0,0,0,0,0,0,0,0
2,1,62067,0,0,0,0,0,0,0,0,0,0
1,1,62068,2,2,2,2,2,2,2,2,2,2
2,1,62068,0,0,0,0,0,0,0,0,0,0
3,1,62068,0,0,0,0,0,0,0,0,0,0
4,1,62068,0,0,0,0,0,0,0,0,0,0
1,1,62069,27,27,27,27,27,27,27,27,27,27
2,1,62069,0,0,0,0,0,0,0,0,0,0
1,1,62070,0,0,0,0,0,0,0,0,0,0
2,1,62070,0,0,0,0,0,0,0,0,0,0
1,1,62071,21,21,21,21,21,21,21,21,21,21
2,1,62071,0,0,0,0,0,0,0,0,0,0
1,1,62072,0,0,0,0,0,0,0,0,0,0
1,1,62073,17,17,17,17,17,17,17,17,17,17
2,1,62073,0,0,0,0,0,0,0,0,0,13
3,1,62073,0,0,0,0,0,0,0,0,0,0
0,1,62074,23,23,23,23,23,23,23,23,23,23
1,1,62074,0,16,0,9,12,0,6,16,0,0
1,1,62075,0,0,0,0,0,0,0,0,0,0
0,1,62076,0,0,0,0,0,0,0,0,0,0
1,1,62076,0,0,26,0,0,0,0,0,13,13
1,1,62077,0,0,0,0,25,5,0,0,0,0
2,1,62077,0,0,0,0,0,0,0,0,0,0
0,1,62078,0,0,0,0,0,0,0,0,8,0
1,1,62078,0,0,0,0,0,0,0,0,0,0
1,1,62079,11,0,5,0,0,0,0,0,0,0
1,1,62080,0,0,0,0,0,0,0,0,0,0
2,1,62080,0,0,0,0,0,0,0,0,0,0
1,1,62081,0,0,0,0,0,0,0,0,0,0
2,1,62081,0,0,0,0,10,0,0,0,11,0
1,1,62082,7,0,0,7,0,24,0,0,0,0
1,1,62083,11,7,13,17,0,17,0,8,8,6
1,1,62084,13,13,13,13,13,13,13,13,13,13
2,1,62084,0,0,0,0,0,0,0,0,0,0
1,1,62085,11,11,11,11,11,11,11,11,11,11
2,1,62085,0,0,0,0,0,0,0,0,0,0
1,1,62086,0,0,0,0,0,0,0,0,0,0
2,1,62086,0,0,0,0,0,0,0,0,0,0
1,1,62087,1,1,1,1,1,1,1,1,1,1
1,1,62088,0,0,0,0,0,0,0,0,0,0
2,1,62088,0,0,0,0,0,0,0,0,0,0
1,1,62089,0,0,0,0,0,0,0,0,0,0
2,1,62089,0,0,0,0,0,0,0,0,0,0