VEH_NO,PER_NO,ST_CASE,P1,P2,P3,P4,P5,P6,P7,P8,P9,P10
3,1,62089,0,19,0,0,0,0,0,0,0,0
1,1,62090,0,0,0,0,0,0,0,0,0,0
2,1,62090,0,0,0,0,0,0,0,0,0,0
1,1,62091,24,24,24,24,24,24,24,24,24,24
2,1,62091,0,0,0,0,0,0,0,0,0,0
0,1,62092,0,0,0,0,0,0,0,0,0,0
1,1,62092,0,0,3,0,0,0,0,0,0,0
1,1,62093,0,0,0,0,0,0,0,0,0,7
2,1,62093,0,0,0,0,0,0,0,0,0,0
0,1,62094,0,0,0,0,0,0,0,0,0,0
1,1,62094,0,0,0,0,0,0,0,0,0,0
1,1,62095,0,0,0,0,0,0,0,0,0,0
2,1,62095,0,0,0,0,0,0,0,0,0,0
0,1,62096,31,31,31,31,31,31,31,31,31,31
1,1,62096,0,0,0,0,0,0,0,0,0,0
2,1,62096,0,0,0,0,0,0,0,0,0,0
1,1,62097,0,0,0,0,0,0,0,0,0,0
2,1,62097,0,0,0,0,0,0,0,0,0,0
1,1,62098,0,0,0,0,0,0,0,0,0,0
2,1,62098,0,0,0,0,0,0,0,0,0,0
3,1,62098,0,0,0,0,0,0,0,0,0,0
1,1,62099,3,3,3,3,3,3,3,3,3,3
2,1,62099,0,0,0,0,0,0,0,0,0,8
0,1,62100,0,0,0,0,0,0,0,0,0,0
1,1,62100,0,0,0,0,0,0,0,0,0,0
1,1,62101,4,4,4,4,4,4,4,4,4,4
1,1,62102,18,18,18,18,18,18,18,18,18,18
1,1,62103,0,0,0,0,0,0,0,0,0,0
2,1,62103,25,0,0,0,0,0,0,0,0,0
1,1,62104,0,0,0,0,0,0,0,0,0,0
1,1,62105,13,13,13,13,13,13,13,13,13,13
2,1,62105,0,0,0,0,0,0,0,0,0,0
1,1,62106,0,0,0,0,0,0,0,0,0,0
2,1,62106,0,0,0,0,0,0,0,0,0,0
1,1,62107,0,0,0,19,0,0,0,0,0,0
1,1,62108,0,0,0,0,0,0,0,0,0,0
2,1,62108,0,0,0,0,0,0,0,0,0,0
1,1,62109,0,0,0,0,0,0,0,0,0,0
2,1,62109,0,0,0,0,0,0,0,0,0,0
0,1,62110,0,0,0,16,0,17,9,0,4,0
1,1,62110,0,0,0,0,0,0,0,0,0,0
1,1,62111,5,5,5,5,5,5,5,5,5,5
2,1,62111,0,0,0,0,0,0,0,0,11,0
1,1,62112,0,0,0,0,0,0,0,0,0,0
0,1,62113,0,0,0,0,0,0,0,0,0,0
1,1,62113,0,0,0,0,0,0,0,0,0,0
1,1,62114,0,0,0,0,0,0,0,0,0,0
2,1,62114,0,0,0,0,0,0,0,0,0,0
1,1,62115,0,0,0,0,0,0,0,0,0,0
1,1,62116,0,0,0,0,0,0,0,0,0,0
1,1,62117,7,7,7,7,7,7,7,7,7,7
0,1,62118,0,0,0,0,0,0,0,0,0,0
1,1,62118,0,0,0,0,0,0,0,0,0,0
1,1,62119,12,12,12,12,12,12,12,12,12,12
2,1,62119,9,13,24,14,37,16,6,22,16,27
3,1,62119,0,0,0,0,0,0,0,0,0,0
0,1,62120,0,0,0,0,0,0,0,0,0,0
1,1,62120,0,12,0,0,0,0,0,0,0,0
1,1,62121,0,0,0,0,0,0,0,0,0,0
1,1,62122,16,16,16,16,16,16,16,16,16,16
1,1,62123,0,0,0,0,0,0,0,0,0,0
1,1,62124,0,0,0,0,0,0,0,0,0,0
2,1,62124,0,0,0,0,0,0,0,0,0,0
1,1,62125,0,0,0,0,0,0,0,0,0,0
1,1,62126,12,33,17,23,20,0,15,23,52,15
1,1,62127,28,28,28,28,28,28,28,28,28,28
1,1,62128,22,22,22,22,22,22,22,22,22,22
1,1,62129,25,25,25,25,25,25,25,25,25,25
2,1,62129,0,0,0,0,0,0,0,0,0,0
1,1,62130,0,0,0,0,0,0,0,0,0,0
1,1,62131,0,0,0,0,0,0,0,0,0,0
2,1,62131,0,0,0,0,0,0,0,0,0,0
1,1,62132,0,0,0,0,0,0,0,0,0,0
1,1,62133,1,1,1,1,1,1,1,1,1,1
1,1,62134,30,30,30,30,30,30,30,30,30,30
1,1,62135,9,9,9,9,9,9,9,9,9,9
0,1,62136,0,0,0,0,0,0,0,0,0,0
1,1,62136,0,16,0,0,9,0,0,0,0,8
0,1,62137,0,0,0,0,0,0,0,0,0,0
1,1,62137,11,28,22,18,0,16,27,0,0,0
1,1,62138,17,17,17,17,17,17,17,17,17,17
2,1,62138,0,0,0,0,0,0,0,0,0,0
1,1,62139,0,0,0,0,0,0,0,0,0,0
0,1,62140,0,0,0,0,0,0,0,0,0,0
1,1,62140,0,0,0,0,0,0,0,0,0,0
1,1,62141,12,12,12,12,12,12,12,12,12,12
1,1,62142,0,0,0,0,0,0,0,0,0,0
1,1,62143,0,0,0,20,0,0,0,0,0,0
2,1,62143,0,0,0,0,0,0,0,0,0,0
1,1,62144,0,0,0,0,0,0,0,0,0,0
1,1,62145,14,14,14,14,14,14,14,14,14,14
1,1,62146,0,0,0,0,0,0,0,0,0,0
1,1,62147,0,0,0,0,0,0,0,0,0,0
2,1,62147,0,0,0,0,0,0,0,0,0,0
0,1,62148,0,0,0,0,0,0,0,0,0,0
1,1,62148,4,0,0,0,0,0,0,0,0,0
1,1,62149,0,0,0,0,0,0,0,0,0,0
2,1,62149,0,0,0,0,0,0,0,0,0,0
0,1,62150,0,0,0,0,0,0,0,0,0,0
1,1,62150,0,13,0,0,0,0,0,0,0,0
2,1,62150,0,0,0,0,0,0,13,0,0,0
0,1,62151,0,0,0,0,0,0,0,0,0,0
1,1,62151,0,15,0,0,0,0,0,46,0,0
1,1,62152,8,8,8,8,8,8,8,8,8,8
2,1,62152,0,0,0,0,0,3,0,0,0,0
1,1,62153,0,0,0,0,0,0,0,0,0,0
2,1,62153,0,0,0,0,0,0,0,0,0,0
1,1,62154,0,0,0,0,0,0,0,0,0,0
2,1,62154,0,0,0,0,0,0,0,0,0,0
1,1,62155,0,0,17,0,0,0,19,16,0,0
1,1,62156,0,0,0,0,0,0,0,0,0,0
2,1,62156,0,0,0,0,0,0,0,0,0,0
1,1,62157,0,0,0,0,0,0,0,0,0,0
1,1,62158,16,17,26,16,22,19,13,0,23,13
1,1,62159,0,0,0,0,0,0,0,0,0,0
2,1,62159,0,0,0,0,0,27,0,0,0,0
1,1,62160,25,25,25,25,25,25,25,25,25,25
2,1,62160,0,0,0,0,0,0,0,0,0,0
1,1,62161,12,10,0,0,7,0,0,0,0,0
2,1,62161,0,0,0,0,0,0,0,0,0,0
3,1,62161,0,0,0,0,0,0,0,0,0,0
0,1,62162,25,25,25,25,25,25,25,25,25,25
1,1,62162,0,0,11,39,13,0,12,0,6,0
1,1,62163,27,3,0,11,0,3,7,0,13,0
1,1,62164,0,0,0,0,0,0,0,0,0,0
2,1,62164,0,0,0,0,0,0,0,0,0,0
3,1,62164,0,0,0,0,0,0,0,0,0,0
1,1,62165,0,0,0,0,0,0,0,0,0,0
2,1,62165,3,3,3,3,3,3,3,3,3,3
0,1,62166,0,29,0,9,0,22,0,0,0,26
1,1,62166,0,0,0,0,0,0,0,0,0,0
0,1,62167,0,21,6,0,25,0,4,13,0,0
0,2,62167,6,20,9,11,0,0,10,9,0,18
1,1,62167,23,0,12,0,0,30,21,9,26,19
1,1,62168,0,0,0,0,0,0,0,0,0,0
2,1,62168,0,0,0,8,0,0,0,0,0,0
1,1,62169,0,0,0,0,0,0,0,0,0,0
2,1,62169,0,0,0,0,0,0,0,0,0,0
1,1,62170,0,0,0,0,0,0,0,0,0,0
2,1,62170,0,0,0,26,0,0,18,0,0,0
3,1,62170,0,0,0,0,0,0,0,0,0,0
4,1,62170,0,0,0,0,16,12,0,0,0,0
0,1,62171,0,0,0,0,0,0,0,0,0,0
1,1,62171,0,0,0,0,0,0,0,0,0,0
1,1,62172,0,0,0,0,0,0,0,0,0,0
2,1,62172,0,0,0,0,0,0,0,0,0,0
1,1,62173,0,0,0,0,0,0,0,0,0,0
2,1,62173,0,0,0,0,0,0,0,0,0,0
1,1,62174,0,0,0,0,0,0,0,0,0,0
2,1,62174,0,0,0,0,0,0,0,0,0,0
0,1,62175,34,34,34,34,34,34,34,34,34,34
1,1,62175,0,0,0,0,0,0,0,0,0,0
1,1,62176,0,0,0,0,0,0,0,0,0,0
1,1,62177,1,1,1,1,1,1,1,1,1,1
2,1,62177,0,0,0,0,0,0,0,0,0,0
1,1,62178,17,17,17,17,17,17,17,17,17,17
0,1,62179,0,0,0,0,0,0,0,0,0,0
1,1,62179,0,0,0,0,0,0,0,0,0,0
1,1,62180,0,0,0,0,0,0,0,0,0,0
1,1,62181,0,0,0,0,0,0,0,0,0,0
2,1,62181,0,0,0,0,0,0,0,0,0,0
1,1,62182,0,0,0,0,0,0,0,0,0,0
2,1,62182,21,0,3,0,14,25,0,0,0,0
1,1,62183,0,0,0,0,0,0,0,0,0,0
2,1,62183,0,0,0,0,0,0,0,0,13,0
3,1,62183,0,0,0,29,0,0,0,0,0,0
1,1,62184,10,10,10,10,10,10,10,10,10,10
2,1,62184,0,0,0,0,0,0,0,0,0,0
1,1,62185,0,0,0,0,0,0,0,0,0,0
2,1,62185,0,0,0,0,0,0,0,0,0,0
1,1,62186,0,0,0,0,0,0,0,0,0,0
2,1,62186,0,0,0,0,0,0,0,0,0,0
1,1,62187,19,19,19,19,19,19,19,19,19,19
0,1,62188,4,0,0,0,0,0,0,0,0,0
1,1,62188,0,0,0,0,0,0,0,0,0,0
1,1,62189,0,0,0,0,0,0,0,0,0,0
3,1,62189,0,0,0,0,0,0,0,0,0,0
1,1,62190,0,0,0,0,0,0,0,0,0,0
2,1,62190,0,0,0,0,0,0,0,0,0,0
1,1,62191,0,0,0,0,0,0,0,0,0,0
2,1,62191,0,0,0,0,0,0,0,0,0,0
1,1,62192,22,22,22,22,22,22,22,22,22,22
1,1,62193,0,0,0,0,0,0,0,0,0,0
2,1,62193,0,0,0,0,0,0,0,0,0,0
1,1,62194,20,20,20,20,20,20,20,20,20,20
1,1,62195,0,0,0,0,0,0,0,0,0,0
1,1,62196,21,21,21,21,21,21,21,21,21,21
2,1,62196,19,0,26,20,0,0,0,36,0,0
0,1,62197,20,20,20,20,20,20,20,20,20,20
1,1,62197,0,0,0,0,0,0,0,0,7,0
1,1,62198,18,18,18,18,18,18,18,18,18,18
2,1,62198,0,0,0,0,0,0,0,0,0,0
1,1,62199,0,0,0,0,0,0,0,0,0,0
1,1,62200,22,22,22,22,22,22,22,22,22,22
0,1,62201,20,20,20,20,20,20,20,20,20,20
1,1,62201,0,0,0,0,0,0,0,0,0,0
0,1,62202,0,0,0,0,0,0,0,0,0,0
1,1,62202,0,0,0,0,0,0,0,0,0,0
0,1,62203,16,16,16,16,16,16,16,16,16,16
1,1,62203,0,0,0,0,0,0,0,0,0,0
1,1,62204,23,23,23,23,23,23,23,23,23,23
2,1,62204,0,0,0,0,0,0,0,0,0,0
1,1,62205,0,0,0,0,0,0,0,0,0,0
2,1,62205,0,0,0,0,0,0,0,0,0,0
1,1,62206,0,0,0,0,0,0,0,0,0,0
2,1,62206,0,0,0,0,0,0,0,0,0,0
0,1,62207,0,0,0,0,0,0,0,0,0,0
1,1,62207,0,0,0,0,0,0,0,0,0,0
1,1,62208,13,13,13,13,13,13,13,13,13,13
1,1,62209,0,0,0,0,0,10,0,0,0,0
2,1,62209,0,0,0,12,0,0,0,0,0,0
3,1,62209,0,0,0,0,0,0,0,0,0,0
4,1,62209,0,0,0,0,0,0,0,0,0,0
0,1,62210,0,0,0,0,0,0,0,0,0,0
1,1,62210,0,0,0,0,0,0,0,0,0,0
0,1,62211,30,14,18,17,0,17,25,0,0,0
1,1,62211,0,0,0,0,0,0,0,0,0,0
0,1,62212,0,0,0,0,0,0,0,0,0,0
1,1,62212,0,0,0,0,0,0,0,0,0,0
1,1,62213,0,0,0,0,0,0,0,0,0,0
2,1,62213,0,0,0,0,0,0,0,0,0,0
1,1,62214,0,0,0,0,0,0,0,0,0,0
2,1,62214,0,0,0,0,0,0,0,0,0,0
1,1,62215,0,0,0,0,0,0,0,0,0,0
2,1,62215,0,0,0,0,0,0,0,0,0,0
0,1,62216,15,15,15,15,15,15,15,15,15,15
1,1,62216,16,0,0,0,0,0,0,0,14,0
1,1,62217,0,29,0,0,10,0,0,0,0,14
1,1,62218,0,0,0,0,0,0,0,0,0,0
1,1,62219,0,0,0,0,0,0,0,0,0,0
2,1,62219,0,0,0,0,0,0,0,0,0,0
1,1,62220,0,0,0,17,0,0,0,0,0,0
2,1,62220,0,0,0,0,0,0,0,0,0,0
1,1,62221,4,4,4,4,4,4,4,4,4,4
0,1,62222,0,0,0,0,0,0,0,0,0,0
1,1,62222,0,0,0,0,0,0,0,0,0,0
1,1,62223,0,0,0,0,0,0,0,0,0,0
1,1,62224,41,41,41,41,41,41,41,41,41,41
2,1,62224,0,0,0,0,0,0,0,0,0,0
3,1,62224,0,0,0,0,0,0,0,0,0,0
1,1,62225,0,0,0,0,0,0,0,0,0,0
2,1,62225,0,0,0,0,0,0,0,0,0,0
1,1,62226,0,0,0,0,0,0,0,0,0,0
2,1,62226,0,0,0,0,0,0,0,0,0,0
0,1,62227,2,2,2,2,2,2,2,2,2,2
1,1,62227,0,0,0,0,0,0,0,0,0,0
0,1,62228,26,26,26,26,26,26,26,26,26,26
1,1,62228,0,0,0,0,0,4,0,0,0,0
2,1,62228,0,0,0,0,0,0,0,0,0,0
1,1,62229,16,16,16,16,16,16,16,16,16,16
1,1,62230,0,0,0,0,0,0,0,0,0,0
2,1,62230,22,22,22,22,22,22,22,22,22,22
1,1,62231,32,32,32,32,32,32,32,32,32,32
1,1,62232,14,14,14,14,14,14,14,14,14,14
0,1,62233,28,28,28,28,28,28,28,28,28,28
1,1,62233,0,0,0,0,0,0,0,0,0,0
2,1,62233,7,0,0,0,0,0,0,0,0,0
3,1,62233,17,2,0,0,8,14,26,0,0,0
1,1,62234,36,31,17,25,9,20,24,18,11,23
1,1,62235,17,17,17,17,17,17,17,17,17,17
1,1,62236,0,0,0,0,0,0,0,0,0,13
2,1,62236,0,0,0,0,0,0,0,0,0,0
1,1,62237,0,0,0,0,0,0,0,0,0,0
0,1,62238,0,0,0,0,0,0,0,0,0,0
1,1,62238,0,0,0,0,0,0,0,0,0,0
1,1,62239,0,0,0,0,0,0,0,0,0,0
1,1,62240,0,0,0,0,0,0,0,0,0,0
1,1,62241,0,0,0,0,0,0,0,0,0,0
1,1,62242,0,0,0,0,0,0,0,0,0,0
2,1,62242,0,0,0,0,0,0,0,0,0,0
0,1,62243,0,0,0,0,0,0,0,0,0,0
1,1,62243,0,0,10,0,0,0,0,0,0,0
1,1,62244,0,0,0,0,0,0,0,0,0,0
2,1,62244,0,0,0,0,0,0,0,0,0,0
1,1,62245,0,0,0,0,0,0,0,0,0,0
1,1,62246,0,0,0,0,0,0,0,6,0,0
2,1,62246,0,0,0,0,0,0,0,0,0,0
0,1,62247,0,0,0,0,0,0,0,0,0,0
1,1,62247,0,0,0,0,0,0,0,0,0,0
1,1,62248,16,16,16,16,16,16,16,16,16,16
1,1,62249,0,0,0,0,0,0,0,0,0,0
1,1,62250,20,0,0,0,0,0,0,0,0,0
2,1,62250,0,0,0,0,0,0,0,0,0,0
1,1,62251,13,13,13,13,13,13,13,13,13,13
1,1,62252,0,0,0,0,0,0,0,0,0,0
1,1,62253,10,10,10,10,10,10,10,10,10,10
1,1,62254,0,0,0,0,0,0,0,0,0,0
1,1,62255,27,27,27,27,27,27,27,27,27,27
0,1,62256,17,17,17,17,17,17,17,17,17,17
1,1,62256,0,0,7,0,0,0,0,0,0,0
0,1,62257,6,6,6,6,6,6,6,6,6,6
1,1,62257,0,0,0,0,0,0,0,0,0,0
1,1,62258,0,0,0,0,0,0,0,0,0,0
0,1,62259,16,16,16,16,16,16,16,16,16,16
1,1,62259,16,0,10,0,25,27,2,0,0,27
1,1,62260,29,29,29,29,29,29,29,29,29,29
2,1,62260,0,0,0,0,0,0,0,0,0,0
1,1,62261,0,0,0,0,0,40,0,0,0,0
2,1,62261,0,0,0,0,0,0,0,0,0,0
1,1,62262,0,0,0,9,0,0,0,0,0,0
2,1,62262,0,0,0,0,0,0,0,0,0,0
1,1,62263,0,0,0,0,0,0,0,0,0,0
1,1,62264,0,0,0,0,0,0,0,0,0,0
2,1,62264,0,0,0,0,0,0,0,0,0,0
0,1,62265,0,0,0,0,0,0,0,0,0,0
1,1,62265,0,0,0,0,0,0,11,0,0,0
1,1,62266,33,33,33,33,33,33,33,33,33,33
2,1,62266,0,0,0,20,0,0,0,0,0,0
1,1,62267,0,0,0,0,0,0,0,0,0,0
2,1,62267,0,0,0,0,0,0,0,0,0,0
1,1,62268,21,21,21,21,21,21,21,21,21,21
0,1,62269,0,0,0,0,0,0,0,0,0,0
1,1,62269,0,0,0,0,0,0,0,0,0,0
1,1,62270,21,21,21,21,21,21,21,21,21,21
1,1,62271,9,9,9,9,9,9,9,9,9,9
1,1,62272,12,12,12,12,12,12,12,12,12,12
1,1,62273,14,14,14,14,14,14,14,14,14,14
2,1,62273,15,14,4,0,21,0,0,15,0,0
1,1,62274,9,9,9,9,9,9,9,9,9,9
2,1,62274,0,0,0,0,0,0,0,0,0,0
1,1,62275,0,0,0,0,0,0,0,0,0,0
2,1,62275,0,0,0,0,0,0,0,0,0,0
1,1,62276,17,17,17,17,17,17,17,17,17,17
2,1,62276,0,0,0,0,0,0,0,0,0,0
1,1,62277,0,0,0,0,0,0,0,0,0,0
0,1,62278,0,0,0,0,0,0,0,0,0,0
1,1,62278,0,0,0,0,0,17,0,0,0,0
1,1,62279,0,0,17,0,0,0,0,0,0,0
1,1,62280,0,0,0,0,0,0,0,0,0,0
1,1,62281,0,0,0,0,0,0,0,0,0,0
1,1,62282,10,10,10,10,10,10,10,10,10,10
1,1,62283,29,29,29,29,29,29,29,29,29,29
1,1,62284,20,20,20,20,20,20,20,20,20,20
0,1,62285,12,12,12,12,12,12,12,12,12,12
1,1,62285,0,0,0,0,0,0,0,0,0,0
1,1,62286,36,0,0,0,0,0,0,0,0,0
1,1,62287,22,22,22,22,22,22,22,22,22,22
1,1,62288,18,18,18,18,18,18,18,18,18,18
1,1,62289,2,2,2,2,2,2,2,2,2,2
0,1,62290,20,20,20,20,20,20,20,20,20,20
1,1,62290,0,0,26,0,0,0,0,8,0,18
0,1,62291,26,26,26,26,26,26,26,26,26,26
1,1,62291,0,0,0,0,0,0,0,0,0,0
0,1,62292,12,15,38,0,0,0,16,0,18,18
1,1,62292,35,0,0,0,0,0,0,0,0,0
1,1,62293,0,0,0,0,0,0,0,0,0,0
1,1,62294,16,16,16,16,16,16,16,16,16,16
0,1,62295,0,0,0,0,0,0,0,0,0,0
1,1,62295,0,0,0,0,0,0,0,0,0,0
1,1,62296,0,0,0,0,0,0,0,0,0,0
1,1,62297,14,14,14,14,14,14,14,14,14,14
2,1,62297,0,0,0,0,0,0,0,0,0,0
1,1,62298,13,13,13,13,13,13,13,13,13,13
1,1,62299,8,14,19,25,16,5,31,18,15,12
0,1,62300,0,0,0,0,0,0,0,0,0,0
1,1,62300,0,0,0,0,11,0,0,0,0,0
1,1,62301,0,0,0,0,0,0,0,0,0,0
1,1,62302,0,0,0,0,0,0,0,0,0,0
2,1,62302,0,0,0,0,0,0,0,0,0,0
1,1,62303,0,0,0,0,9,0,0,21,0,0
2,1,62303,0,0,0,0,0,0,0,0,0,0
3,1,62303,0,0,0,0,0,5,0,0,0,0
4,1,62303,0,0,0,0,0,11,0,0,0,17
5,1,62303,0,0,0,0,16,0,0,0,0,0
6,1,62303,9,0,15,3,21,0,0,0,0,0
1,1,62304,17,17,17,17,17,17,17,17,17,17
0,1,62305,12,24,0,15,21,0,0,0,0,22
1,1,62305,0,0,0,0,0,0,0,0,0,8
1,1,62306,28,28,28,28,28,28,28,28,28,28
2,1,62306,0,0,0,0,0,0,0,0,0,0
3,1,62306,0,0,0,0,0,0,0,0,0,0
1,1,62307,0,0,0,0,0,0,0,0,0,0
2,1,62307,12,0,0,0,0,5,0,0,0,0
1,2,62308,12,0,0,26,0,0,0,0,18,7
1,1,62309,0,0,0,0,0,0,0,0,0,0
2,1,62309,0,0,0,0,0,0,0,0,0,0
1,1,62310,0,0,0,0,0,15,0,0,0,0
2,1,62310,8,8,8,8,8,8,8,8,8,8
0,1,62311,0,0,0,0,0,0,0,0,0,0
1,1,62311,20,0,15,13,0,0,0,0,17,0
1,1,62312,0,0,0,0,0,0,0,0,0,0
2,1,62312,0,0,0,0,0,0,0,0,0,0
1,1,62313,17,17,17,17,17,17,17,17,17,17
2,1,62313,10,10,10,10,10,10,10,10,10,10
1,1,62314,0,0,0,0,0,0,0,0,0,0
2,1,62314,0,0,0,0,0,0,0,0,0,0
1,1,62315,16,13,14,8,11,13,17,13,7,6
2,1,62315,9,9,9,9,9,9,9,9,9,9
1,1,62316,0,0,0,0,0,0,0,0,0,0
1,1,62317,0,0,0,0,0,0,0,0,0,0
2,1,62317,0,0,0,0,0,0,0,0,0,0
1,1,62318,9,9,9,9,9,9,9,9,9,9
2,1,62318,0,0,0,0,0,0,0,0,0,0
1,1,62319,0,0,0,0,0,0,0,0,0,0
2,1,62319,0,0,0,0,0,0,0,0,0,0
0,1,62320,0,0,0,0,0,0,0,0,0,0
1,1,62320,0,0,0,0,0,0,0,0,0,0
0,1,62321,0,0,0,0,0,0,0,0,0,0
1,1,62321,0,0,0,12,4,0,11,0,0,0
0,1,62322,20,20,20,20,20,20,20,20,20,20
1,1,62322,14,0,0,9,0,11,0,0,0,0
1,1,62323,0,0,0,0,0,0,0,0,0,0
2,1,62323,0,0,0,0,0,0,0,0,0,0
1,1,62324,0,0,0,0,0,0,0,0,0,0
2,1,62324,0,0,0,0,0,0,0,0,0,0
1,1,62325,0,0,0,0,0,0,0,0,0,0
0,1,62326,0,0,0,0,0,0,0,0,0,0
1,1,62326,22,15,10,22,11,17,11,14,13,11
1,1,62327,0,0,0,0,0,0,0,0,0,0
2,1,62327,0,0,0,0,0,0,0,0,0,0
3,1,62327,0,0,0,0,0,0,0,0,0,0
4,1,62327,0,0,0,0,0,0,0,0,0,0
1,1,62328,0,0,0,0,12,0,0,0,0,0
2,1,62328,0,0,0,0,0,0,0,0,0,0
1,1,62329,0,0,0,0,0,0,0,0,0,0
2,1,62329,0,0,0,0,0,0,0,0,0,0
1,1,62330,0,0,0,0,0,0,0,0,0,0
2,1,62330,0,0,0,0,0,0,0,0,0,0
1,1,62331,0,0,0,0,0,0,0,0,0,0
2,1,62331,0,0,0,0,0,0,0,0,0,0
1,1,62332,5,5,5,5,5,5,5,5,5,5
2,1,62332,0,0,0,0,0,0,0,0,0,0
1,1,62333,18,18,18,18,18,18,18,18,18,18
2,1,62333,14,10,12,24,14,20,12,26,18,10
1,1,62334,0,0,0,0,0,0,0,0,0,0
2,1,62334,0,0,0,0,0,0,0,0,0,0
1,1,62335,16,16,16,16,16,16,16,16,16,16
2,1,62335,0,14,0,0,0,0,0,0,0,7
1,1,62336,11,11,11,11,11,11,11,11,11,11
1,1,62337,6,6,6,6,6,6,6,6,6,6
2,1,62337,0,0,0,0,0,0,0,0,0,0
1,1,62338,0,0,0,0,0,0,0,0,0,0
1,1,62339,0,0,0,0,0,0,0,0,0,0
2,1,62339,0,0,0,0,0,0,0,0,0,0
1,1,62340,0,0,0,0,0,0,0,0,0,0
1,1,62341,21,21,21,21,21,21,21,21,21,21
1,1,62342,0,0,0,0,0,0,0,0,0,0
1,1,62343,22,22,22,22,22,22,22,22,22,22
1,1,62344,18,0,16,0,10,13,12,23,20,10
2,1,62344,0,0,0,0,0,0,0,0,0,0
1,1,62345,0,0,0,0,0,0,0,0,0,0
2,1,62345,0,0,0,0,0,0,0,0,0,0
1,1,62346,0,0,0,0,0,0,0,0,0,0
1,1,62347,0,0,0,0,0,0,0,0,0,0
2,1,62347,0,0,0,0,0,0,0,0,0,0
1,1,62348,0,0,0,0,0,0,0,0,0,0
2,1,62348,0,0,0,0,0,0,0,0,0,0
1,1,62349,0,0,0,0,0,0,0,0,0,0
2,1,62349,0,0,0,0,0,0,0,0,0,0
0,1,62350,0,0,0,0,0,0,0,0,0,0
1,1,62350,0,0,0,0,0,0,0,0,0,0
1,1,62351,11,11,11,11,11,11,11,11,11,11
1,1,62352,0,0,0,0,0,0,0,0,0,0
2,1,62352,0,0,0,0,0,0,0,0,0,0
0,1,62353,0,0,0,0,12,0,0,0,0,0
1,1,62353,6,6,6,6,6,6,6,6,6,6
1,1,62354,0,0,0,0,0,0,0,0,0,0
1,1,62355,17,17,17,17,17,17,17,17,17,17
2,1,62355,0,0,0,0,0,0,0,0,0,0
1,1,62356,0,0,0,0,0,0,0,0,0,0
1,1,62357,26,26,26,26,26,26,26,26,26,26
2,1,62357,0,0,0,0,0,0,0,25,0,0
1,1,62358,4,4,4,4,4,4,4,4,4,4
2,1,62358,0,0,0,0,0,0,0,0,0,0
3,1,62358,0,0,0,0,0,0,0,0,0,0
0,1,62359,0,0,0,0,0,0,0,0,0,0
1,1,62359,0,0,0,0,0,0,0,0,0,0
2,1,62359,0,7,0,0,0,0,0,0,0,0
0,1,62360,0,0,0,0,0,0,0,0,0,0
1,1,62360,0,0,0,0,0,0,0,0,0,0
1,1,62361,8,8,8,8,8,8,8,8,8,8
1,1,62362,0,29,0,0,0,0,0,0,0,0
0,1,62363,0,0,0,39,15,26,26,0,0,0
1,1,62363,0,0,0,0,0,0,0,0,0,0
1,1,62364,12,12,12,12,12,12,12,12,12,12
1,1,62365,0,0,0,0,0,0,0,0,0,0
2,1,62365,0,0,0,0,0,0,0,0,0,0
0,1,62366,13,0,0,0,9,0,7,14,0,0
1,1,62366,0,0,0,0,0,0,0,0,0,0
1,1,62367,25,25,25,25,25,25,25,25,25,25
2,1,62367,2,2,2,2,2,2,2,2,2,2
1,1,62368,6,0,0,0,4,11,0,0,4,0
2,1,62368,0,0,0,0,0,0,0,0,0,0
0,1,62369,14,14,14,14,14,14,14,14,14,14
1,1,62369,0,21,0,0,0,0,0,0,10,0
1,1,62370,0,0,0,0,3,0,0,0,0,0
2,1,62370,0,0,0,0,0,0,0,0,0,0
1,1,62371,17,17,17,17,17,17,17,17,17,17
0,1,62372,0,0,0,0,0,0,0,0,0,0
1,1,62372,23,23,23,23,23,23,23,23,23,23
1,1,62373,14,14,14,14,14,14,14,14,14,14
1,1,62374,0,0,0,0,0,0,0,0,0,0
1,1,62375,0,0,0,0,0,0,0,0,0,0
1,1,62376,0,0,0,0,0,0,0,0,0,0
2,1,62376,0,0,0,0,0,0,0,0,0,0
1,1,62377,12,12,12,12,12,12,12,12,12,12
2,1,62377,0,0,0,0,0,0,0,0,0,0
1,1,62378,0,0,0,0,0,0,0,0,0,0
2,1,62378,0,0,21,0,0,0,0,0,0,0
1,1,62379,0,0,0,0,0,0,0,0,0,0
2,1,62379,0,0,0,0,0,0,0,0,0,0
1,1,62380,15,15,15,15,15,15,15,15,15,15
2,1,62380,0,0,0,0,0,0,0,0,0,0
1,1,62381,0,0,0,0,0,0,0,0,0,0
1,1,62382,8,8,8,8,8,8,8,8,8,8
1,1,62383,0,0,0,14,0,0,0,0,0,0
1,1,62384,0,0,0,0,0,0,0,0,0,0
1,1,62385,0,0,0,0,0,0,0,0,0,0
1,1,62386,0,0,0,0,0,0,0,0,0,0
2,1,62386,14,0,12,0,0,0,0,0,0,0
1,1,62387,12,12,12,12,12,12,12,12,12,12
1,1,62388,0,0,0,0,0,0,0,0,0,0
1,1,62389,9,9,9,9,9,9,9,9,9,9
0,1,62390,12,12,12,12,12,12,12,12,12,12
1,1,62390,0,0,0,0,0,0,0,0,0,0