VEH_NO,PER_NO,ST_CASE,P1,P2,P3,P4,P5,P6,P7,P8,P9,P10
1,1,62391,16,16,16,16,16,16,16,16,16,16
1,1,62392,0,0,7,0,0,0,17,0,0,0
2,1,62392,0,0,0,0,0,0,0,0,0,0
3,1,62392,0,0,0,0,0,0,0,0,0,0
4,1,62392,0,0,0,0,0,0,0,0,0,0
5,1,62392,0,0,0,0,0,0,0,0,0,0
6,1,62392,0,0,0,0,0,0,0,0,0,0
7,1,62392,0,0,0,0,0,0,0,0,0,0
8,1,62392,0,0,0,0,0,0,0,0,0,0
0,1,62393,9,9,9,9,9,9,9,9,9,9
1,1,62393,16,0,0,9,0,27,0,0,0,0
2,1,62393,13,13,13,13,13,13,13,13,13,13
3,1,62393,0,0,0,0,0,0,0,0,10,0
1,1,62394,0,0,0,0,0,0,0,0,0,0
2,1,62394,0,0,0,0,0,0,0,0,0,0
3,1,62394,0,0,0,0,0,0,0,0,0,0
1,1,62395,0,0,0,0,0,0,0,0,0,0
2,1,62395,9,9,9,9,9,9,9,9,9,9
1,1,62396,15,15,15,15,15,15,15,15,15,15
2,1,62396,0,0,0,0,0,0,0,0,0,0
3,1,62396,0,0,0,0,0,0,0,0,0,0
1,1,62397,0,0,0,0,0,0,0,0,0,0
2,1,62397,0,0,0,0,0,6,0,0,0,0
1,1,62398,0,0,0,0,0,0,0,0,0,0
2,1,62398,0,0,0,0,0,0,0,0,0,0
1,1,62399,30,30,30,30,30,30,30,30,30,30
0,1,62400,21,21,21,21,21,21,21,21,21,21
1,1,62400,0,6,30,0,17,22,18,0,21,0
2,1,62400,9,23,9,0,13,15,10,17,0,0
3,1,62400,6,0,0,0,0,0,0,0,0,23
4,1,62400,0,31,0,18,0,7,0,0,0,0
1,1,62401,0,0,0,0,0,0,0,0,0,0
2,1,62401,0,0,0,0,0,0,0,0,0,0
1,1,62402,18,11,18,20,21,14,12,23,20,7
1,1,62403,0,0,0,0,0,0,0,0,0,0
2,1,62403,0,0,0,11,0,11,0,0,0,0
0,1,62404,0,0,0,0,0,0,0,0,0,0
1,1,62404,11,18,13,0,0,6,0,11,23,17
2,1,62404,0,0,0,0,0,0,0,0,0,0
1,1,62405,0,0,0,0,0,0,0,0,0,0
2,1,62405,0,0,0,0,0,0,0,0,0,0
1,1,62406,0,0,0,0,0,0,0,0,0,0
1,1,62407,0,0,0,0,0,0,0,0,0,0
1,1,62408,20,20,20,20,20,20,20,20,20,20
2,1,62408,0,0,0,0,0,0,0,0,0,0
3,1,62408,0,0,0,0,11,0,0,0,0,0
1,1,62409,0,0,0,0,0,0,0,0,0,0
2,1,62409,15,15,15,15,15,15,15,15,15,15
0,1,62410,0,18,0,29,27,0,0,0,0,0
0,2,62410,0,0,0,0,0,7,14,0,0,23
2,1,62410,0,0,0,0,0,0,0,0,0,0
1,1,62411,0,0,0,0,0,0,0,0,0,0
2,1,62411,0,0,0,0,0,0,0,0,0,0
1,1,62412,0,0,0,0,0,0,0,0,0,0
2,1,62412,0,0,0,0,0,0,0,0,0,0
1,1,62413,20,28,16,17,13,21,18,10,21,7
1,1,62414,11,11,11,11,11,11,11,11,11,11
2,1,62414,0,0,0,0,0,0,0,0,0,0
1,1,62415,8,8,8,8,8,8,8,8,8,8
2,1,62415,0,0,0,0,0,0,0,0,0,0
1,1,62416,4,4,4,4,4,4,4,4,4,4
2,1,62416,0,0,0,0,0,0,0,0,0,0
1,1,62417,15,15,15,15,15,15,15,15,15,15
2,1,62417,0,0,0,0,0,0,0,0,0,0
1,1,62418,0,0,0,0,0,0,0,0,0,0
2,1,62418,0,0,0,0,0,0,0,0,0,0
1,1,62419,0,0,0,0,0,0,0,0,0,0
2,1,62419,0,0,0,0,0,0,0,0,0,0
1,1,62420,17,17,17,17,17,17,17,17,17,17
1,1,62421,0,0,0,0,0,0,0,0,0,0
0,1,62422,0,0,0,0,0,0,0,0,0,0
1,1,62422,0,0,0,0,0,0,0,0,0,0
0,1,62423,20,20,20,20,20,20,20,20,20,20
1,1,62423,0,0,0,0,0,0,0,0,0,0
0,1,62424,0,0,0,0,0,0,0,0,0,0
1,1,62424,0,0,0,0,0,0,0,0,0,0
0,1,62425,35,35,35,35,35,35,35,35,35,35
1,1,62425,0,0,0,0,0,0,18,0,0,0
1,1,62426,0,0,0,0,0,0,0,0,0,0
1,1,62427,2,2,2,2,2,2,2,2,2,2
1,1,62428,55,55,55,55,55,55,55,55,55,55
1,1,62429,3,3,3,3,3,3,3,3,3,3
1,1,62430,0,18,0,0,14,0,0,7,0,0
1,1,62431,11,11,11,11,11,11,11,11,11,11
1,1,62432,0,0,0,0,0,0,0,0,0,0
1,1,62433,11,11,11,11,11,11,11,11,11,11
1,1,62434,2,2,2,2,2,2,2,2,2,2
0,1,62435,0,0,0,0,0,0,0,0,0,0
1,1,62435,0,0,0,0,0,0,0,0,0,0
1,1,62436,0,0,0,0,0,0,0,0,0,0
0,1,62437,0,0,0,0,0,0,0,0,0,0
1,1,62437,0,3,0,0,0,0,15,0,22,0
1,1,62438,13,13,13,13,13,13,13,13,13,13
1,1,62439,0,0,13,0,15,0,25,0,19,18
1,1,62440,0,0,8,0,0,0,0,0,0,0
1,1,62441,23,23,23,23,23,23,23,23,23,23
0,1,62442,18,18,18,18,18,18,18,18,18,18
1,1,62442,0,0,0,13,0,0,24,0,23,0
1,1,62443,0,0,0,0,0,0,3,0,0,0
0,1,62444,23,23,23,23,23,23,23,23,23,23
1,1,62444,0,0,0,0,0,0,0,0,0,0
0,1,62445,0,0,0,0,0,0,0,0,0,0
1,1,62445,0,0,0,0,0,0,0,0,0,0
1,1,62446,17,17,17,17,17,17,17,17,17,17
1,1,62447,19,19,19,19,19,19,19,19,19,19
1,1,62448,27,27,27,27,27,27,27,27,27,27
1,1,62449,0,0,0,0,0,0,0,0,0,0
1,1,62450,0,0,0,0,0,0,0,0,0,0
1,1,62451,0,0,0,0,0,0,0,0,0,0
1,1,62452,28,28,28,28,28,28,28,28,28,28
1,1,62453,0,0,0,0,0,0,0,0,0,0
0,1,62454,0,0,0,0,0,0,0,0,0,0
1,1,62454,0,0,0,0,0,0,0,0,0,0
1,1,62455,0,0,0,0,0,0,0,0,0,0
0,1,62456,39,39,39,39,39,39,39,39,39,39
1,1,62456,0,0,0,0,0,0,0,10,0,0
0,1,62457,0,0,0,0,0,0,0,0,0,0
0,2,62457,14,0,0,0,0,0,0,0,16,0
0,3,62457,0,0,21,17,0,28,15,0,0,0
1,1,62457,0,0,0,0,0,0,0,0,0,0
1,1,62458,11,11,11,11,11,11,11,11,11,11
2,1,62458,0,0,0,0,0,0,0,0,0,0
1,1,62459,29,29,29,29,29,29,29,29,29,29
2,1,62459,0,0,0,0,0,0,0,0,0,0
3,1,62459,0,0,0,0,0,0,0,0,0,0
1,1,62460,0,0,0,0,0,0,0,0,0,0
2,1,62460,0,0,0,0,0,0,0,0,0,0
1,1,62461,0,0,0,0,0,0,0,0,0,0
1,1,62462,0,0,0,0,0,0,0,0,0,0
2,1,62462,0,7,0,0,0,0,0,0,0,0
3,1,62462,0,0,0,0,0,0,0,0,0,0
1,1,62463,0,0,0,0,0,0,0,0,0,0
2,1,62463,0,0,0,0,0,0,0,0,0,0
3,1,62463,0,0,0,0,0,0,0,0,0,0
1,1,62464,0,0,0,0,0,0,0,0,0,0
2,1,62464,0,0,0,0,0,0,0,0,0,0
3,1,62464,0,8,0,0,0,0,0,0,0,21
1,1,62465,0,0,0,0,0,0,0,0,0,0
2,1,62465,0,0,0,0,0,0,0,0,0,0
3,1,62465,0,0,0,0,0,0,0,0,0,0
1,1,62466,0,0,0,0,0,0,0,0,0,0
2,1,62466,0,0,0,0,0,0,0,0,0,0
1,1,62467,0,0,0,0,0,0,0,0,0,0
2,1,62467,0,0,0,0,0,0,0,0,0,0
3,1,62467,0,0,0,0,0,0,0,0,0,0
1,1,62468,8,8,8,8,8,8,8,8,8,8
1,1,62469,0,0,5,0,0,0,0,0,0,0
2,1,62469,0,0,0,0,0,0,0,0,0,0
1,1,62470,21,21,21,21,21,21,21,21,21,21
0,1,62471,0,0,0,0,0,0,0,0,0,0
1,1,62471,0,0,11,0,0,0,6,0,0,0
0,1,62472,0,0,0,0,0,0,0,0,0,0
1,1,62472,0,0,0,0,0,0,0,0,0,0
0,1,62473,32,32,32,32,32,32,32,32,32,32
1,1,62473,0,0,0,0,0,0,0,0,0,0
1,1,62474,0,0,0,0,0,0,0,0,0,0
0,1,62475,0,0,0,0,0,0,0,0,0,0
1,1,62475,13,19,0,19,20,22,7,19,0,10
1,1,62476,0,0,0,0,0,0,0,0,0,0
1,1,62477,20,20,20,20,20,20,20,20,20,20
2,1,62477,0,0,0,0,0,0,0,0,0,0
1,1,62478,0,0,0,0,0,0,0,0,0,0
1,1,62479,8,8,8,8,8,8,8,8,8,8
1,1,62480,0,0,0,0,0,0,0,0,0,0
0,1,62481,26,26,26,26,26,26,26,26,26,26
1,1,62481,0,0,0,0,0,0,0,0,0,0
1,1,62482,0,0,0,0,0,0,0,0,0,0
1,1,62483,0,0,0,0,0,0,0,0,0,0
2,1,62483,0,0,0,0,0,6,0,0,0,0
1,1,62484,0,0,0,0,0,0,0,0,0,0
0,1,62485,22,22,22,22,22,22,22,22,22,22
1,1,62485,0,0,0,0,0,0,0,0,0,0
1,1,62486,6,24,23,27,7,15,16,18,33,8
0,1,62487,0,10,0,0,13,0,0,0,0,21
1,1,62487,0,0,0,0,0,0,0,0,0,0
1,1,62488,0,0,0,0,0,0,0,0,0,0
1,1,62489,0,0,0,0,0,0,0,0,0,20
2,1,62489,0,0,0,0,0,0,0,0,0,0
3,1,62489,0,0,0,0,0,0,0,0,0,0
1,1,62490,0,0,0,0,0,0,0,0,0,0
2,1,62490,0,0,0,0,0,0,0,0,0,0
1,1,62491,8,0,0,8,16,10,0,0,10,0
2,1,62491,0,0,0,0,0,0,0,0,0,0
1,1,62492,0,0,0,0,0,0,0,0,0,0
2,1,62492,0,0,0,0,0,0,0,0,0,0
3,1,62492,24,0,0,0,0,0,0,23,0,0
1,1,62493,0,0,0,0,0,0,0,0,0,18
1,1,62494,13,13,13,13,13,13,13,13,13,13
2,1,62494,0,25,0,0,0,0,0,0,0,6
3,1,62494,0,0,0,0,0,12,0,0,0,0
1,1,62495,0,0,0,0,0,0,0,0,0,0
2,1,62495,0,0,0,0,0,0,0,0,0,0
1,1,62496,0,0,0,0,0,0,0,0,0,0
2,1,62496,0,0,0,0,0,0,0,0,0,0
0,1,62497,0,0,0,0,0,0,0,0,0,0
1,1,62497,0,0,0,0,0,0,0,0,0,0
2,1,62497,0,0,0,0,0,0,0,0,0,0
1,1,62498,9,9,9,9,9,9,9,9,9,9
1,1,62499,23,23,23,23,23,23,23,23,23,23
2,1,62499,0,0,0,0,0,0,0,0,0,0
0,1,62500,0,0,0,0,0,0,0,0,0,0
1,1,62500,0,0,0,0,0,0,0,0,0,0
1,1,62501,0,0,0,0,0,0,0,0,0,0
2,1,62501,0,0,0,8,0,0,0,3,0,0
1,1,62502,0,0,0,0,0,0,0,0,0,0
2,1,62502,0,0,0,0,0,0,0,0,0,0
1,1,62504,8,8,8,8,8,8,8,8,8,8
2,1,62504,0,0,0,0,0,0,0,0,0,0
1,1,62505,0,0,0,0,0,8,0,0,0,0
2,1,62505,0,0,0,0,0,0,0,0,0,0
1,1,62506,12,12,12,12,12,12,12,12,12,12
2,1,62506,0,0,0,0,0,0,0,0,0,0
1,1,62507,0,0,0,0,0,0,0,0,0,0
2,1,62507,0,0,0,0,0,0,0,0,0,0
1,1,62508,0,0,0,0,0,0,0,0,0,0
1,1,62509,0,0,0,0,0,0,0,0,0,0
2,1,62509,0,0,0,0,0,0,0,0,0,0
3,1,62509,0,0,0,0,5,0,0,12,0,0
1,1,62510,0,0,0,0,0,0,0,0,0,0
2,1,62510,0,0,0,0,0,0,0,0,0,0
3,1,62510,0,0,0,0,0,0,0,0,0,0
1,1,62511,0,0,0,0,0,0,0,0,0,0
2,1,62511,0,0,0,0,0,0,0,0,0,0
3,1,62511,0,0,0,0,0,0,0,0,0,0
4,1,62511,0,0,0,0,0,0,0,0,0,0
5,1,62511,0,0,0,0,0,0,0,0,0,0
6,1,62511,0,0,0,6,0,0,0,0,0,0
7,1,62511,0,2,0,0,0,0,0,0,0,0
1,1,62512,0,0,0,0,0,0,0,0,0,0
2,1,62512,0,0,0,0,0,0,0,0,0,0
1,1,62513,0,5,0,0,0,0,0,0,0,0
2,1,62513,0,0,0,0,0,0,0,0,0,17
1,1,62514,16,16,16,16,16,16,16,16,16,16
1,1,62515,0,0,0,0,0,0,0,0,0,0
1,1,62516,0,0,0,0,0,0,0,0,0,0
1,1,62517,0,0,0,0,0,0,0,0,0,0
1,1,62518,16,16,16,16,16,16,16,16,16,16
1,1,62519,0,0,0,0,0,0,0,0,0,0
1,1,62520,0,0,0,0,16,0,24,0,13,0
1,1,62521,27,27,27,27,27,27,27,27,27,27
1,1,62522,14,14,14,14,14,14,14,14,14,14
1,1,62523,10,10,10,10,10,10,10,10,10,10
1,1,62524,20,20,20,20,20,20,20,20,20,20
1,1,62525,11,11,11,11,11,11,11,11,11,11
0,1,62526,0,0,0,0,0,0,0,0,0,0
1,1,62526,0,0,0,0,0,0,0,0,0,0
1,1,62527,0,0,0,0,0,0,0,0,0,0
1,1,62528,0,0,0,0,0,0,0,0,0,0
0,1,62529,0,0,0,0,0,0,0,0,0,0
1,1,62529,0,0,0,0,0,0,0,0,0,0
1,1,62530,0,0,0,0,0,0,0,0,0,0
1,1,62531,0,0,0,0,0,0,0,0,0,0
0,1,62532,23,23,23,23,23,23,23,23,23,23
1,1,62532,0,0,0,0,0,16,0,0,0,0
1,1,62533,3,3,3,3,3,3,3,3,3,3
1,1,62534,24,24,24,24,24,24,24,24,24,24
0,1,62535,21,21,21,21,21,21,21,21,21,21
1,1,62535,0,0,30,0,0,0,0,0,0,0
1,1,62536,13,0,0,0,0,0,0,0,0,0
1,1,62537,0,0,20,0,0,0,0,0,0,0
1,1,62538,10,10,10,10,10,10,10,10,10,10
1,1,62539,26,26,26,26,26,26,26,26,26,26
1,1,62540,14,14,14,14,14,14,14,14,14,14
1,1,62541,2,2,2,2,2,2,2,2,2,2
1,1,62542,0,0,0,0,0,0,0,0,0,0
1,1,62543,13,13,13,13,13,13,13,13,13,13
1,1,62544,8,8,8,8,8,8,8,8,8,8
1,1,62545,8,8,8,8,8,8,8,8,8,8
1,1,62546,19,19,19,19,19,19,19,19,19,19
1,1,62547,0,0,0,0,0,0,0,0,0,0
0,1,62548,0,0,0,0,0,0,0,0,0,0
1,1,62548,15,0,0,0,0,11,0,0,0,0
1,1,62549,11,11,11,11,11,11,11,11,11,11
1,1,62550,0,0,0,0,0,0,0,0,0,0
1,1,62551,0,0,0,0,0,0,0,0,0,0
0,1,62552,0,0,0,0,0,0,0,0,0,0
1,1,62552,0,0,0,0,0,0,0,0,0,0
1,1,62553,0,0,0,0,0,0,0,0,0,0
0,1,62554,0,0,0,0,0,0,0,0,0,0
0,2,62554,0,0,0,24,23,22,0,0,0,15
1,1,62554,0,0,0,0,0,0,0,0,0,0
0,1,62555,0,0,0,0,0,0,0,0,0,0
1,1,62555,0,0,0,9,0,0,0,0,0,0
1,1,62556,0,0,0,0,0,0,0,0,0,0
1,1,62557,0,0,0,0,0,0,0,0,0,4
0,1,62558,7,7,7,7,7,7,7,7,7,7
1,1,62558,0,0,10,0,0,0,0,0,0,0
1,1,62559,0,0,0,0,0,0,0,0,0,0
1,1,62560,14,14,14,14,14,14,14,14,14,14
1,1,62561,0,0,0,0,0,0,0,0,0,0
0,1,62562,0,0,0,0,0,0,0,0,0,0
1,1,62562,0,0,0,0,0,0,0,0,0,0
0,1,62563,0,0,0,0,0,0,0,0,0,0
1,1,62563,0,0,0,0,0,0,0,0,0,0
0,1,62564,0,0,0,0,0,0,0,0,0,0
1,1,62564,0,0,0,0,0,0,0,0,0,0
1,1,62565,2,2,2,2,2,2,2,2,2,2
1,1,62566,0,0,0,0,0,0,0,0,0,0
1,1,62567,0,0,0,0,0,0,0,0,0,0
1,1,62568,2,2,2,2,2,2,2,2,2,2
1,1,62569,22,22,22,22,22,22,22,22,22,22
1,1,62570,0,0,7,0,0,5,0,0,0,0
0,1,62571,0,0,0,0,0,0,0,0,0,0
1,1,62571,0,0,0,13,0,11,0,21,0,0
1,1,62572,5,5,5,5,5,5,5,5,5,5
0,1,62573,0,0,0,0,0,0,0,0,0,0
1,1,62573,0,0,0,2,0,0,12,0,0,0
1,1,62574,0,0,0,0,0,0,0,0,0,26
1,1,62575,17,17,17,17,17,17,17,17,17,17
1,1,62576,15,15,15,15,15,15,15,15,15,15
1,1,62577,0,0,0,0,0,0,0,0,0,0
1,1,62578,0,0,0,0,0,0,0,0,0,0
1,1,62579,0,0,0,0,0,0,0,0,0,0
1,1,62580,20,20,20,20,20,20,20,20,20,20
1,1,62581,11,11,11,11,11,11,11,11,11,11
0,1,62582,0,0,0,0,0,0,0,0,0,0
1,1,62582,0,0,0,0,0,0,0,0,0,0
1,1,62583,0,0,0,0,0,0,0,0,0,0
1,1,62584,0,0,0,0,0,0,0,0,0,0
0,1,62585,2,2,2,2,2,2,2,2,2,2
1,1,62585,0,0,0,0,0,0,0,0,0,0
0,1,62586,0,0,0,0,0,0,0,0,0,0
1,1,62586,3,3,3,3,3,3,3,3,3,3
1,1,62587,0,0,0,0,0,0,0,0,0,0
1,1,62588,24,24,24,24,24,24,24,24,24,24
1,1,62589,10,10,10,10,10,10,10,10,10,10
1,1,62590,0,0,0,0,0,0,0,0,0,0
2,1,62590,4,4,4,4,4,4,4,4,4,4
0,1,62591,17,17,17,17,17,17,17,17,17,17
1,1,62591,0,0,0,0,0,0,0,0,0,0
2,1,62591,0,0,0,0,0,0,0,0,0,0
1,1,62592,22,22,22,22,22,22,22,22,22,22
0,1,62593,0,0,0,0,0,0,0,0,0,0
1,1,62593,0,9,0,0,23,0,22,0,19,0
0,1,62594,38,38,38,38,38,38,38,38,38,38
1,1,62594,0,0,0,0,0,0,0,0,0,0
0,1,62595,17,17,17,17,17,17,17,17,17,17
1,1,62595,6,6,6,6,6,6,6,6,6,6
1,1,62596,7,7,7,7,7,7,7,7,7,7
0,1,62597,26,15,0,0,0,0,0,0,0,0
1,1,62597,0,0,0,0,0,0,0,0,0,12
1,1,62598,0,0,0,0,0,0,0,0,0,0
2,1,62598,0,0,0,0,0,0,0,0,0,0
1,1,62599,0,0,0,0,12,7,0,0,0,0
2,1,62599,0,0,0,0,0,0,0,0,0,0
3,1,62599,0,0,4,0,0,0,0,0,0,0
4,1,62599,0,0,0,0,0,0,0,0,0,0
5,1,62599,0,0,0,0,0,0,0,0,0,0
6,1,62599,0,0,0,0,0,0,0,0,0,0
0,1,62600,0,0,0,0,0,0,0,0,0,0
1,1,62600,0,0,0,0,0,0,0,0,0,0
0,1,62601,0,0,0,0,0,0,0,0,0,0
1,1,62601,0,0,0,0,0,0,0,7,0,0
1,1,62602,0,0,0,0,0,0,0,0,0,0
2,1,62602,0,0,0,0,0,0,0,0,0,0
1,1,62603,0,0,0,0,0,0,0,0,0,0
2,1,62603,0,0,0,0,0,0,0,0,0,0
1,1,62604,0,0,0,0,0,0,7,0,0,0
2,1,62604,0,0,0,0,0,21,0,0,0,0
1,1,62605,0,0,0,0,0,0,0,0,0,0
2,1,62605,0,0,0,0,0,0,0,0,0,0
1,1,62606,0,0,15,0,0,0,0,0,0,9
2,1,62606,0,0,8,0,0,0,0,0,0,0
1,1,62607,1,1,1,1,1,1,1,1,1,1
2,1,62607,0,0,0,0,0,0,0,0,0,0
1,1,62608,0,0,0,0,0,0,0,0,0,0
2,1,62608,11,0,0,0,0,0,0,0,0,0
1,1,62609,0,0,0,0,0,0,0,0,0,4
2,1,62609,0,0,0,0,0,0,0,0,0,0
0,1,62610,13,13,13,13,13,13,13,13,13,13
1,1,62610,0,0,0,0,0,0,0,0,0,0
0,1,62611,30,30,30,30,30,30,30,30,30,30
1,1,62611,0,16,0,0,0,0,0,0,0,0
0,1,62612,0,0,0,0,0,0,0,0,0,0
1,1,62612,0,0,0,0,0,0,0,0,0,0
0,1,62613,0,0,0,0,0,0,0,0,0,0
1,1,62613,0,0,0,0,0,0,0,0,0,0
1,1,62614,13,13,13,13,13,13,13,13,13,13
0,1,62615,0,0,0,0,0,0,0,0,0,0
1,1,62615,13,13,13,13,13,13,13,13,13,13
0,1,62616,22,22,22,22,22,22,22,22,22,22
1,1,62616,3,0,6,4,4,0,0,11,0,16
1,1,62617,0,0,0,0,0,0,0,0,0,0
1,1,62618,0,0,0,0,0,0,0,0,0,17
1,1,62619,10,10,10,10,10,10,10,10,10,10
1,1,62620,12,0,16,4,0,24,16,4,22,0
1,1,62621,26,26,26,26,26,26,26,26,26,26
1,1,62622,19,19,19,19,19,19,19,19,19,19
1,1,62623,19,19,19,19,19,19,19,19,19,19
1,1,62624,0,0,0,0,0,0,16,0,0,0
1,1,62625,0,0,0,0,0,0,0,0,0,0
2,1,62625,0,0,0,0,0,0,0,0,0,0
1,1,62626,0,0,0,0,0,0,0,0,0,0
2,1,62626,0,11,9,0,0,0,0,0,0,0
1,1,62627,0,0,0,0,0,0,0,0,0,0
2,1,62627,0,0,0,0,0,0,0,0,0,0
3,1,62627,0,0,0,0,0,0,0,0,0,0
4,1,62627,0,0,9,0,0,0,0,0,0,0
1,1,62628,17,17,17,17,17,17,17,17,17,17
1,1,62629,0,0,0,0,0,0,0,0,0,0
2,1,62629,0,0,0,0,0,0,0,0,0,0
1,1,62630,0,0,0,0,0,0,0,0,0,0
2,1,62630,0,0,0,0,0,0,0,0,0,0
1,1,62631,13,0,0,0,0,0,5,0,0,0
2,1,62631,0,0,0,0,0,0,0,0,0,0
3,1,62631,0,0,0,0,0,0,0,0,0,0
1,1,62632,1,1,1,1,1,1,1,1,1,1
0,1,62633,0,0,0,0,0,0,0,0,0,0
1,1,62633,0,0,10,0,0,0,0,0,0,0
0,1,62634,14,14,14,14,14,14,14,14,14,14
1,1,62634,19,14,0,0,0,22,0,0,12,5
1,1,62635,0,0,0,0,0,0,0,0,0,0
1,1,62636,0,0,0,0,0,0,0,0,0,0
0,1,62637,0,0,0,0,0,0,0,0,0,0
1,1,62637,0,0,0,0,0,0,0,0,0,0
1,1,62638,0,0,0,0,0,0,0,0,0,0
1,1,62639,10,10,10,10,10,10,10,10,10,10
1,1,62640,19,13,19,8,13,25,8,23,18,18
0,1,62641,0,0,0,0,0,0,0,0,0,0
1,1,62641,0,0,0,0,0,0,0,0,0,0
1,1,62642,0,0,0,0,0,0,0,0,0,0
1,1,62643,0,0,0,0,0,0,0,0,0,0
1,1,62644,0,0,0,0,0,0,0,0,0,0
1,1,62645,36,36,36,36,36,36,36,36,36,36
0,1,62646,0,0,0,0,0,0,0,0,0,0
1,1,62646,12,12,12,12,12,12,12,12,12,12
0,1,62647,32,32,32,32,32,32,32,32,32,32
1,1,62647,0,0,0,0,0,0,0,0,0,0
0,1,62648,16,0,0,0,8,0,4,0,0,0
1,1,62648,22,25,0,6,9,24,0,11,20,21
1,1,62649,0,0,0,0,0,0,0,0,0,0
1,1,62650,2,2,2,2,2,2,2,2,2,2
2,1,62650,0,0,0,0,0,0,0,0,5,0
1,1,62651,0,0,0,0,0,0,0,0,0,0
1,1,62652,0,0,0,0,0,0,0,0,0,0
2,1,62652,0,0,0,0,0,13,0,0,0,0
1,1,62653,0,0,0,0,0,0,0,0,0,0
2,1,62653,0,0,0,0,0,0,0,0,0,0
3,1,62653,0,0,0,0,0,0,0,0,0,0
1,1,62654,19,20,0,0,9,37,0,0,0,14
1,1,62655,0,0,0,0,0,0,0,0,0,0
2,1,62655,0,0,0,0,0,0,8,0,0,0
1,1,62656,0,0,0,0,0,0,0,0,0,0
2,1,62656,0,0,0,0,0,0,0,0,0,0
1,1,62657,0,0,0,0,0,0,0,0,0,0
2,1,62657,0,0,0,0,0,0,0,18,0,0
1,1,62658,0,0,0,0,0,0,0,0,0,0
2,1,62658,0,0,0,0,0,0,0,0,0,0
1,1,62659,12,12,12,12,12,12,12,12,12,12
2,1,62659,0,0,0,0,0,0,0,0,0,0
1,1,62660,34,34,34,34,34,34,34,34,34,34
2,1,62660,0,0,0,0,0,0,0,0,0,0
1,1,62661,0,0,0,0,0,0,0,0,0,0
2,1,62661,0,0,0,0,0,0,0,0,0,0
0,1,62662,0,0,0,0,0,0,0,0,0,0
1,1,62662,0,0,0,0,0,0,0,0,0,0
1,1,62663,14,14,14,14,14,14,14,14,14,14
1,1,62664,11,11,11,11,11,11,11,11,11,11
1,1,62665,1,1,1,1,1,1,1,1,1,1
1,1,62666,11,11,11,11,11,11,11,11,11,11
2,1,62666,0,0,0,0,0,0,0,0,0,0
0,1,62667,0,0,0,0,0,0,0,0,0,0
1,1,62667,0,0,0,0,0,0,0,0,0,0
1,1,62668,0,0,0,0,0,0,0,0,0,0
1,1,62669,0,0,9,0,13,0,19,0,0,0
2,1,62669,3,0,0,0,3,0,4,0,0,0
0,1,62670,0,0,0,0,0,0,0,0,0,0
1,1,62670,0,0,0,0,0,0,0,0,0,0
1,1,62671,0,0,3,0,0,16,0,0,0,0
2,1,62671,0,0,0,0,0,0,0,0,0,0
3,1,62671,0,0,0,0,13,0,0,0,0,0
1,1,62672,0,0,0,0,0,0,0,0,0,0
2,1,62672,0,0,0,0,0,0,0,0,0,0
1,1,62673,0,0,0,0,0,0,0,0,0,0
2,1,62673,0,0,0,0,0,0,0,0,0,0
1,1,62674,0,0,0,0,0,0,0,0,0,0
2,1,62674,0,0,0,0,0,0,0,0,0,0
1,1,62675,0,0,0,0,0,0,0,0,0,0
2,1,62675,0,0,0,0,0,0,0,0,0,0
1,1,62676,0,0,0,0,0,0,0,0,0,0
2,1,62676,0,0,0,0,0,0,0,0,0,0
1,1,62677,0,0,0,0,0,0,0,13,0,0
2,1,62677,0,0,0,0,0,0,0,0,0,0
1,1,62678,0,0,0,0,0,0,0,0,0,0
2,1,62678,7,18,0,4,19,12,0,5,11,25
1,1,62679,0,0,0,0,0,0,0,0,0,0
2,1,62679,0,0,0,0,0,0,0,0,0,0
0,1,62680,28,28,28,28,28,28,28,28,28,28
1,1,62680,0,6,0,0,0,0,0,0,0,0
1,1,62681,0,0,0,0,0,0,0,0,0,0
2,1,62681,0,0,0,0,0,0,0,0,0,0
3,1,62681,0,0,0,0,0,0,0,0,0,0
4,1,62681,0,0,0,0,0,0,0,0,0,0
5,1,62681,0,0,0,0,0,0,0,0,0,0
1,1,62682,0,0,0,0,0,0,0,0,0,0
2,1,62682,0,0,0,0,0,0,0,0,0,0
1,1,62683,16,16,16,16,16,16,16,16,16,16
1,1,62684,0,0,13,0,5,9,0,0,0,9
2,1,62684,0,0,0,0,0,0,0,0,0,0
1,1,62685,0,0,0,0,0,0,0,0,0,0
2,1,62685,0,0,16,0,0,0,0,0,0,0
1,1,62686,15,15,15,15,15,15,15,15,15,15
2,1,62686,0,0,0,0,0,0,0,0,0,0
1,1,62687,17,17,17,17,17,17,17,17,17,17
2,1,62687,0,0,0,0,0,0,0,0,0,0
1,1,62688,0,0,0,0,0,0,0,0,0,0
2,1,62688,0,0,0,0,0,0,0,0,0,0
1,1,62689,22,22,22,22,22,22,22,22,22,22
2,1,62689,0,0,0,0,0,0,0,0,0,0
1,1,62690,39,39,39,39,39,39,39,39,39,39
1,1,62691,20,20,20,20,20,20,20,20,20,20
2,1,62691,0,0,0,0,0,24,0,0,0,0
1,1,62692,6,6,6,6,6,6,6,6,6,6
2,1,62692,11,8,0,14,11,0,0,18,4,24
1,1,62693,0,0,0,0,0,0,0,0,0,0
1,1,62694,0,0,0,0,0,0,0,0,0,0