VEH_NO,PER_NO,ST_CASE,P1,P2,P3,P4,P5,P6,P7,P8,P9,P10
2,1,62694,0,0,0,0,0,0,0,18,0,0
3,1,62694,0,0,0,0,0,0,0,13,0,0
1,1,62695,0,0,0,0,0,0,0,0,0,0
2,1,62695,0,0,0,0,0,0,0,0,0,0
1,1,62696,0,0,0,0,0,0,0,0,0,0
1,1,62697,33,33,33,33,33,33,33,33,33,33
1,1,62698,3,3,3,3,3,3,3,3,3,3
0,1,62699,26,26,26,26,26,26,26,26,26,26
1,1,62699,0,0,0,0,0,0,0,0,0,0
0,1,62700,0,0,0,0,0,0,0,0,0,0
1,1,62700,0,0,0,0,0,0,0,30,0,0
0,1,62701,0,0,0,0,0,0,0,0,0,0
1,1,62701,0,17,0,0,0,0,0,0,0,0
1,1,62702,0,0,0,0,0,0,0,0,0,0
2,1,62702,0,0,0,0,0,12,0,0,0,0
1,1,62703,16,16,16,16,16,16,16,16,16,16
2,1,62703,0,0,0,0,0,0,0,0,0,0
1,1,62704,0,0,0,0,0,0,0,0,0,0
2,1,62704,0,0,0,0,0,0,0,0,0,0
3,1,62704,0,0,0,14,0,0,0,0,0,0
4,1,62704,0,0,0,0,0,0,0,0,0,0
0,1,62705,0,0,0,0,0,0,0,0,0,0
1,1,62705,9,9,9,9,9,9,9,9,9,9
1,1,62706,4,4,4,4,4,4,4,4,4,4
2,1,62706,0,0,0,0,0,0,0,0,0,0
1,1,62707,0,0,0,0,0,0,0,0,0,0
2,1,62707,0,0,0,0,0,0,0,0,0,0
1,1,62708,12,12,12,12,12,12,12,12,12,12
2,1,62708,0,0,0,11,0,0,0,0,0,0
1,1,62709,24,24,24,24,24,24,24,24,24,24
2,1,62709,4,4,4,4,4,4,4,4,4,4
1,1,62710,0,0,0,0,0,0,0,0,0,0
2,1,62710,0,0,0,0,0,0,0,0,0,0
3,1,62710,0,0,0,0,0,0,0,0,0,0
1,1,62711,0,0,0,0,0,0,0,0,0,0
2,1,62711,0,0,0,0,0,24,0,0,0,0
1,1,62712,28,0,24,0,0,0,0,0,19,16
2,1,62712,0,0,0,0,0,23,0,0,0,0
1,1,62713,0,0,0,0,0,0,0,0,0,0
2,1,62713,0,0,0,0,0,0,0,0,0,0
0,1,62714,0,0,0,0,0,0,0,0,0,0
1,1,62714,13,0,0,0,0,0,0,0,0,0
2,1,62714,0,0,0,0,0,0,0,0,0,0
3,1,62714,0,0,8,0,0,18,0,0,0,0
0,1,62715,0,0,0,0,0,0,0,0,0,0
0,2,62715,0,0,0,0,0,0,0,3,0,0
1,1,62715,0,0,0,0,0,0,0,0,6,0
1,1,62716,22,22,22,22,22,22,22,22,22,22
2,1,62716,2,2,2,2,2,2,2,2,2,2
1,1,62717,0,0,0,0,0,0,0,0,0,0
2,1,62717,0,0,0,0,0,0,0,0,0,0
1,1,62718,0,0,0,0,0,0,0,0,0,0
1,1,62719,13,20,31,0,18,0,9,21,21,16
2,1,62719,0,0,0,0,0,0,0,0,0,0
3,1,62719,0,0,0,0,0,0,0,0,0,0
1,1,62720,0,0,0,0,0,0,0,0,0,0
2,1,62720,0,0,0,0,0,0,0,0,0,0
1,1,62721,0,0,0,0,0,0,0,0,0,0
2,1,62721,0,0,0,0,0,0,0,0,0,0
0,1,62722,4,4,4,4,4,4,4,4,4,4
1,1,62722,0,0,8,0,0,0,0,0,0,0
1,1,62723,0,0,0,0,0,15,0,0,0,9
2,1,62723,0,0,0,0,0,0,0,14,0,0
1,1,62724,0,0,0,0,0,0,0,0,0,0
2,1,62724,0,0,0,0,0,0,0,0,0,0
1,1,62725,0,0,0,0,0,0,0,0,0,0
2,1,62725,0,21,0,0,0,0,0,0,0,0
1,1,62726,23,23,23,23,23,23,23,23,23,23
2,1,62726,0,0,0,0,0,0,0,0,0,0
1,1,62727,0,0,0,0,0,0,0,0,0,0
2,1,62727,0,0,0,0,0,0,0,0,0,0
0,1,62728,0,0,0,0,0,0,0,0,0,0
1,1,62728,0,0,0,0,0,0,0,0,0,12
1,1,62729,16,16,16,16,16,16,16,16,16,16
2,1,62729,0,0,0,0,0,0,0,0,0,0
1,1,62730,0,0,0,0,0,0,0,0,0,0
2,1,62730,0,0,0,0,0,0,0,0,0,0
1,1,62731,0,0,0,0,0,0,0,0,0,0
2,1,62731,9,10,0,0,0,0,0,13,0,0
1,1,62732,0,0,0,0,0,0,0,0,0,0
2,1,62732,0,0,0,0,0,0,0,0,0,0
1,1,62733,0,0,0,0,0,0,0,0,0,0
2,1,62733,8,0,0,0,0,0,0,17,0,0
3,1,62733,0,0,0,0,0,0,0,0,0,0
1,1,62734,0,0,0,0,0,0,0,0,0,0
2,1,62734,0,0,0,0,0,0,0,0,0,6
1,1,62735,61,61,61,61,61,61,61,61,61,61
2,1,62735,0,0,0,0,0,0,0,0,0,0
1,1,62736,11,11,11,11,11,11,11,11,11,11
1,1,62737,28,28,28,28,28,28,28,28,28,28
2,1,62737,0,0,0,0,0,0,0,0,4,0
1,1,62738,21,21,21,21,21,21,21,21,21,21
2,1,62738,0,0,0,0,0,0,7,0,0,0
0,1,62739,0,0,0,0,0,0,0,0,0,0
1,1,62739,8,8,8,8,8,8,8,8,8,8
0,1,62740,0,0,0,0,0,0,0,0,0,0
1,1,62740,0,0,0,0,0,0,0,0,0,0
3,1,62740,0,0,0,0,0,0,0,0,0,0
1,1,62741,0,0,0,0,0,0,0,0,0,0
2,1,62741,0,0,0,0,0,0,0,0,0,0
0,1,62742,0,0,0,0,0,0,0,0,0,0
0,2,62742,0,0,0,0,0,0,0,0,0,0
1,1,62742,0,0,0,0,0,0,0,0,0,0
1,1,62743,23,23,23,23,23,23,23,23,23,23
2,1,62743,0,0,0,0,0,0,0,0,0,0
1,1,62744,8,8,8,8,8,8,8,8,8,8
2,1,62744,8,8,8,8,8,8,8,8,8,8
1,1,62745,0,0,0,0,0,0,0,0,0,0
2,1,62745,0,0,0,0,0,0,0,0,0,0
1,1,62746,0,0,0,0,0,0,0,0,0,0
0,1,62747,0,0,0,0,0,0,0,0,0,0
1,1,62747,0,0,0,0,0,0,0,0,0,0
1,1,62748,0,0,0,0,0,0,0,0,0,0
2,1,62748,0,0,0,0,0,0,0,0,0,0
1,1,62749,0,0,0,0,0,0,0,0,0,0
2,1,62749,0,0,0,0,0,0,0,0,0,0
1,1,62750,0,0,0,0,0,0,0,0,0,0
1,1,62751,19,19,19,19,19,19,19,19,19,19
0,1,62752,0,0,0,0,0,0,0,0,0,0
1,1,62752,0,0,0,0,0,15,10,0,0,0
0,1,62753,0,0,0,0,0,0,0,0,0,0
0,2,62753,0,0,0,7,5,0,0,9,0,9
1,1,62753,0,0,0,0,0,0,0,0,0,0
1,1,62754,0,0,0,0,0,0,0,0,0,0
0,1,62755,0,0,0,0,0,0,0,0,0,0
1,1,62755,0,0,32,0,0,11,0,0,0,0
1,1,62756,0,0,0,0,0,0,0,0,0,0
1,1,62757,0,0,0,0,0,0,0,0,0,0
2,1,62757,0,0,0,0,0,0,0,0,0,0
1,1,62758,0,0,0,0,0,0,0,0,0,0
2,1,62758,0,0,0,0,0,0,0,0,0,0
1,1,62759,0,0,0,0,0,0,0,0,0,0
0,1,62760,0,0,0,0,0,0,0,0,0,0
1,1,62760,0,0,0,0,0,0,0,0,0,0
1,1,62761,0,0,0,0,0,0,0,0,0,0
1,1,62762,0,0,0,0,0,0,0,0,0,0
2,1,62762,0,0,0,0,0,0,0,0,0,0
3,1,62762,0,0,0,0,0,0,0,0,0,0
1,1,62763,0,5,0,0,0,0,0,0,0,0
2,1,62763,3,3,3,3,3,3,3,3,3,3
1,1,62764,34,34,34,34,34,34,34,34,34,34
0,1,62765,0,0,0,0,0,0,0,0,0,0
1,1,62765,0,0,0,0,0,0,0,0,0,0
1,1,62766,0,0,0,0,4,0,0,0,0,0
0,1,62767,26,26,26,26,26,26,26,26,26,26
1,1,62767,0,0,0,0,0,0,0,0,0,0
0,1,62768,0,0,0,0,0,0,0,0,0,0
1,1,62768,0,0,0,0,0,0,0,0,0,0
1,1,62769,0,24,0,0,0,0,0,0,0,0
2,1,62769,0,0,0,0,0,0,0,0,0,0
1,1,62770,20,20,20,20,20,20,20,20,20,20
1,1,62771,3,3,3,3,3,3,3,3,3,3
1,1,62772,0,0,0,0,0,0,0,0,0,0
2,1,62772,0,0,0,0,0,0,0,18,0,0
1,1,62773,0,0,0,0,0,0,0,0,0,0
2,1,62773,9,9,9,9,9,9,9,9,9,9
1,1,62774,0,0,0,0,0,0,0,0,0,0
2,1,62774,0,0,0,0,0,0,0,0,0,0
0,1,62775,0,0,0,0,0,0,0,0,0,0
1,1,62775,0,0,0,0,0,0,0,0,0,0
1,1,62776,0,0,0,0,0,0,0,0,0,0
1,1,62777,0,0,0,0,0,0,0,0,0,0
2,1,62777,0,0,0,0,0,0,0,0,0,0
1,1,62778,0,0,0,0,0,0,0,0,0,0
2,1,62778,0,0,0,0,0,0,5,0,0,0
1,1,62779,14,14,14,14,14,14,14,14,14,14
1,1,62780,0,0,0,0,0,0,0,0,0,0
2,1,62780,25,25,25,25,25,25,25,25,25,25
1,1,62781,0,0,0,0,0,0,0,0,0,0
2,1,62781,0,0,0,0,0,0,0,0,0,0
1,1,62782,0,0,0,0,0,0,0,0,0,0
2,1,62782,0,0,0,0,0,0,0,0,0,0
1,1,62783,0,0,0,0,0,0,0,0,0,0
2,1,62783,0,0,0,0,0,0,0,0,0,0
1,1,62784,0,0,0,0,0,0,0,0,0,0
0,1,62785,0,0,0,0,0,0,0,0,0,0
1,1,62785,25,25,25,25,25,25,25,25,25,25
0,1,62786,0,0,0,0,0,0,0,0,0,0
1,1,62786,0,0,0,0,0,0,0,0,0,0
1,1,62787,16,16,16,16,16,16,16,16,16,16
1,1,62788,0,0,0,0,0,0,0,0,0,0
1,1,62789,0,0,0,0,0,0,0,0,0,0
1,1,62790,0,0,0,0,0,0,0,0,0,0
2,1,62790,0,17,0,0,0,8,0,11,0,0
1,1,62791,0,0,0,0,0,0,0,0,0,0
2,1,62791,19,19,19,19,19,19,19,19,19,19
0,1,62792,16,16,16,16,16,16,16,16,16,16
1,1,62792,43,16,0,14,20,11,19,18,11,27
1,1,62793,0,0,0,0,0,0,0,0,0,0
1,1,62794,0,0,0,0,0,0,0,0,0,0
2,1,62794,0,0,0,0,0,0,0,0,0,0
1,1,62795,0,0,0,0,0,0,0,0,0,0
2,1,62795,0,0,0,0,0,0,0,0,0,0
1,1,62796,0,0,0,0,0,0,0,0,0,0
2,1,62796,0,0,0,0,0,0,0,0,0,0
1,1,62797,0,0,0,0,0,0,0,0,0,0
2,1,62797,0,0,0,0,0,16,0,0,0,0
1,1,62798,0,0,0,0,0,0,0,0,0,0
1,1,62799,0,0,0,0,0,0,0,0,0,0
1,1,62800,0,0,0,0,0,0,0,0,0,0
1,1,62801,0,0,0,0,0,0,0,0,0,0
2,1,62801,0,0,0,0,0,0,0,0,0,0
1,1,62802,0,0,0,0,0,0,0,0,0,0
2,1,62802,0,0,0,0,0,0,0,0,0,7
1,1,62803,0,0,0,0,0,0,0,0,0,0
2,1,62803,0,0,0,0,0,0,0,0,0,0
3,1,62803,0,0,0,0,0,0,0,0,0,0
0,1,62804,0,0,0,0,0,0,0,0,0,0
0,2,62804,0,24,0,0,0,0,13,0,0,42
1,1,62804,3,3,3,3,3,3,3,3,3,3
1,1,62805,27,27,27,27,27,27,27,27,27,27
2,1,62805,0,0,0,0,0,0,0,0,0,0
1,1,62806,14,0,0,0,0,6,19,0,7,0
1,1,62807,0,0,0,0,0,0,0,0,0,0
1,1,62808,0,0,0,0,0,0,0,0,0,0
1,1,62809,0,0,0,0,0,0,0,0,0,0
2,1,62809,10,10,10,10,10,10,10,10,10,10
3,1,62809,0,0,0,0,0,0,0,0,0,0
1,1,62810,0,0,0,0,0,0,0,0,0,0
2,1,62810,0,0,0,0,0,0,0,0,0,0
0,1,62811,0,0,0,0,0,0,0,0,0,0
1,1,62811,0,0,0,0,0,0,0,0,0,0
0,1,62812,0,0,0,0,0,0,0,0,0,0
1,1,62812,0,0,17,0,0,0,0,0,0,0
1,1,62813,0,0,0,0,0,0,0,0,0,0
1,1,62814,0,0,0,0,0,0,0,0,0,0
2,1,62814,0,0,0,0,0,0,0,0,0,0
3,1,62814,0,0,0,0,0,0,0,0,0,0
4,1,62814,0,0,0,0,0,0,0,0,0,0
5,1,62814,0,0,0,0,0,0,0,0,0,0
1,1,62815,0,0,0,0,0,0,0,0,0,0
2,1,62815,0,0,0,0,0,0,0,0,0,0
1,1,62816,0,0,0,0,0,0,0,0,0,7
1,1,62817,0,0,0,0,0,0,0,0,0,0
2,1,62817,0,0,0,0,0,0,0,0,0,0
0,1,62818,37,37,37,37,37,37,37,37,37,37
1,1,62818,0,0,0,0,0,0,0,0,0,0
0,1,62819,11,11,11,11,11,11,11,11,11,11
1,1,62819,0,0,0,0,0,0,0,0,0,35
1,1,62820,0,0,0,0,0,0,0,0,0,0
2,1,62820,0,0,0,0,0,0,0,0,0,0
1,1,62821,0,0,0,0,0,0,0,0,0,0
2,1,62821,0,0,0,0,2,0,0,0,0,0
3,1,62821,0,0,0,0,0,0,0,0,0,0
0,1,62822,3,3,3,3,3,3,3,3,3,3
1,1,62822,0,0,0,0,0,0,0,0,0,0
0,1,62823,38,38,38,38,38,38,38,38,38,38
1,1,62823,0,0,16,0,0,0,0,0,9,0
1,1,62824,9,9,9,9,9,9,9,9,9,9
2,1,62824,0,0,0,0,0,0,0,0,0,0
3,1,62824,0,0,0,0,0,9,0,0,0,0
0,1,62825,0,20,0,13,0,0,0,0,0,21
0,2,62825,0,0,0,0,0,0,0,0,0,0
0,3,62825,0,0,0,0,0,0,0,0,0,0
1,1,62825,0,0,0,0,0,0,0,0,0,0
0,1,62826,0,0,0,0,0,0,0,0,0,0
1,1,62826,0,0,0,0,0,0,0,0,0,0
1,1,62827,29,29,29,29,29,29,29,29,29,29
0,1,62828,0,0,0,0,0,0,0,0,0,0
0,2,62828,0,0,0,0,0,0,0,0,0,0
1,1,62828,17,0,21,3,0,27,31,0,0,0
1,1,62829,12,12,12,12,12,12,12,12,12,12
1,1,62830,2,2,2,2,2,2,2,2,2,2
1,1,62831,14,14,14,14,14,14,14,14,14,14
1,1,62832,18,18,18,18,18,18,18,18,18,18
1,1,62833,0,0,0,0,0,0,0,0,0,0
2,1,62833,0,0,0,0,0,0,0,0,0,0
1,1,62834,0,0,0,0,0,0,0,0,0,0
1,1,62835,0,0,5,3,0,0,10,0,0,0
2,1,62835,0,0,0,0,0,0,0,14,0,0
1,1,62836,10,7,16,18,16,0,19,23,6,22
2,1,62836,12,12,12,12,12,12,12,12,12,12
0,1,62837,5,12,19,42,35,28,32,20,35,21
1,1,62837,14,14,14,14,14,14,14,14,14,14
2,1,62837,2,2,2,2,2,2,2,2,2,2
1,1,62838,0,0,0,0,0,0,0,0,0,0
1,1,62839,10,10,10,10,10,10,10,10,10,10
2,1,62839,0,0,0,0,0,0,0,0,0,0
3,1,62839,0,5,8,0,0,0,0,0,7,0
1,1,62840,0,0,0,0,0,0,0,0,0,0
1,1,62841,4,4,4,4,4,4,4,4,4,4
2,1,62841,2,2,2,2,2,2,2,2,2,2
1,1,62842,0,0,0,0,0,0,0,0,0,0
1,1,62843,17,17,17,17,17,17,17,17,17,17
1,1,62844,9,9,9,9,9,9,9,9,9,9
2,1,62844,0,0,0,0,0,0,0,0,0,0
1,1,62845,6,6,6,6,6,6,6,6,6,6
1,1,62846,0,0,0,0,0,0,0,0,0,0
2,1,62846,0,0,0,0,0,0,0,0,0,0
1,1,62847,0,0,0,0,0,0,0,0,0,0
1,1,62848,0,0,0,0,0,0,0,0,0,0
2,1,62848,0,0,0,0,0,0,0,0,0,0
1,1,62849,21,21,21,21,21,21,21,21,21,21
2,1,62849,0,12,0,0,0,0,0,0,0,0
1,1,62850,0,0,0,0,0,0,0,0,0,0
2,1,62850,0,0,0,0,0,0,0,0,0,0
1,1,62851,12,12,12,12,12,12,12,12,12,12
0,1,62852,25,25,25,25,25,25,25,25,25,25
1,1,62852,0,0,0,0,0,0,0,0,16,0
1,1,62853,15,15,15,15,15,15,15,15,15,15
1,1,62854,13,13,13,13,13,13,13,13,13,13
2,1,62854,0,0,0,0,0,0,0,0,0,0
1,1,62855,0,0,0,13,0,0,0,0,0,0
2,1,62855,25,25,25,25,25,25,25,25,25,25
1,1,62856,16,16,16,16,16,16,16,16,16,16
2,1,62856,0,0,0,0,0,0,0,0,0,0
3,1,62856,0,0,0,0,0,0,0,0,0,0
4,1,62856,0,0,0,8,0,0,12,0,0,0
1,1,62857,17,17,17,17,17,17,17,17,17,17
0,1,62858,0,0,0,0,0,0,0,0,0,0
1,1,62858,0,0,0,0,0,0,0,0,0,0
1,1,62859,8,8,8,8,8,8,8,8,8,8
0,1,62860,31,31,31,31,31,31,31,31,31,31
1,1,62860,0,0,0,0,0,0,0,0,0,0
1,1,62861,0,0,0,29,0,0,0,0,23,0
1,1,62862,15,15,15,15,15,15,15,15,15,15
2,1,62862,0,0,0,0,0,0,0,0,0,0
1,1,62863,16,16,16,16,16,16,16,16,16,16
2,1,62863,0,0,0,0,12,0,0,0,0,0
3,1,62863,0,0,0,0,0,0,0,0,3,12
4,1,62863,6,0,0,0,0,0,0,0,0,0
5,1,62863,0,5,0,0,0,0,0,0,0,0
6,1,62863,0,0,0,0,0,0,0,0,0,0
0,1,62864,0,0,0,0,0,0,0,0,0,0
1,1,62864,0,0,0,0,0,0,0,0,0,0
2,1,62864,0,13,26,0,0,0,0,0,0,0
3,1,62864,0,0,0,0,0,0,4,0,0,0
4,1,62864,0,0,0,18,0,0,0,0,0,18
5,1,62864,0,0,0,0,0,0,0,0,0,0
0,1,62865,0,0,0,0,0,0,0,0,0,0
1,1,62865,21,29,0,0,3,0,36,0,0,0
0,1,62866,0,0,0,0,0,0,0,0,0,3
1,1,62866,0,0,0,0,0,0,0,0,0,0
1,1,62867,12,12,12,12,12,12,12,12,12,12
0,1,62868,0,0,0,0,0,0,0,0,0,0
1,1,62868,12,0,26,30,0,0,0,0,0,0
0,1,62869,0,0,0,0,0,0,0,0,0,0
1,1,62869,0,0,0,0,0,0,0,0,0,0
1,1,62870,17,17,17,17,17,17,17,17,17,17
1,1,62871,0,0,0,0,0,0,0,0,0,0
2,1,62871,1,1,1,1,1,1,1,1,1,1
1,1,62872,0,0,0,0,0,0,0,0,0,0
2,1,62872,11,0,0,0,0,0,0,0,0,0
0,1,62873,0,0,0,0,0,0,0,0,0,0
1,1,62873,0,0,0,0,0,0,0,0,0,0
1,1,62874,0,0,0,0,0,0,0,0,0,0
2,1,62874,0,0,0,0,0,0,0,0,0,0
3,1,62874,0,0,0,0,0,0,0,0,0,0
0,1,62875,0,0,0,0,0,0,0,0,0,0
1,1,62875,0,0,7,0,0,0,0,0,0,0
1,1,62876,0,0,0,0,0,0,0,0,0,0
1,1,62877,22,22,22,22,22,22,22,22,22,22
2,1,62877,0,0,0,0,0,0,0,0,0,0
1,1,62878,16,0,24,0,0,0,0,0,0,0
1,1,62879,0,0,0,0,0,0,0,0,0,0
2,1,62879,0,0,0,0,0,0,0,0,0,0
3,1,62879,0,0,0,0,0,0,0,0,0,0
1,1,62880,0,0,0,0,0,0,0,0,0,0
2,1,62880,0,0,0,0,0,0,0,0,0,0
0,1,62881,0,0,0,0,0,0,0,0,0,0
0,2,62881,0,26,0,31,19,0,0,0,0,0
0,3,62881,0,21,33,0,0,0,13,0,0,42
1,1,62881,0,0,0,0,0,0,0,0,0,0
2,1,62881,0,0,0,0,0,0,0,0,16,0
1,1,62882,0,0,0,0,0,0,0,0,0,0
2,1,62882,0,0,0,0,0,0,0,0,0,0
1,1,62883,0,0,0,0,0,0,0,0,0,0
2,1,62883,0,0,0,0,0,0,0,0,0,0
3,1,62883,0,0,0,0,0,0,0,0,0,0
1,1,62884,0,0,0,0,0,0,0,0,0,0
2,1,62884,0,6,0,0,0,0,0,0,0,22
1,1,62885,0,0,0,0,0,0,0,0,0,0
2,1,62885,0,0,0,0,0,0,0,0,0,23
1,1,62886,0,0,0,0,0,0,0,0,0,0
2,1,62886,0,0,0,0,0,14,0,0,0,0
3,1,62886,0,0,0,0,0,0,0,0,0,0
1,1,62887,0,0,0,0,0,0,0,0,0,0
2,1,62887,0,0,0,0,0,9,0,0,8,0
1,1,62888,10,10,10,10,10,10,10,10,10,10
1,1,62889,9,9,9,9,9,9,9,9,9,9
1,1,62890,0,0,0,0,0,0,0,0,0,0
2,1,62890,0,0,0,0,0,0,0,0,0,0
1,1,62891,9,9,9,9,9,9,9,9,9,9
1,1,62892,0,0,0,0,0,0,0,0,0,0
2,1,62892,0,0,0,0,0,0,0,0,0,0
3,1,62892,0,0,0,0,0,0,0,0,0,0
1,1,62893,0,0,0,0,0,0,0,0,0,0
2,1,62893,0,0,0,0,0,0,0,0,0,0
1,1,62894,0,0,0,0,0,0,0,0,0,0
1,1,62895,0,0,0,0,0,0,0,0,0,0
0,1,62896,30,30,30,30,30,30,30,30,30,30
0,2,62896,22,13,42,39,16,18,31,18,10,11
1,1,62896,14,12,0,11,0,0,12,0,15,19
0,1,62897,13,0,0,28,0,0,40,21,37,0
1,1,62897,0,0,0,0,0,10,0,0,4,0
0,1,62898,2,2,2,2,2,2,2,2,2,2
1,1,62898,19,0,0,0,0,0,0,0,0,0
1,1,62899,0,0,0,0,0,0,0,0,0,0
0,1,62900,0,0,0,0,0,0,0,0,0,0
1,1,62900,0,0,0,0,0,0,0,0,0,0
1,1,62901,30,30,30,30,30,30,30,30,30,30
1,1,62902,23,23,23,23,23,23,23,23,23,23
1,1,62903,0,0,0,0,0,0,0,0,0,0
1,1,62904,11,11,11,11,11,11,11,11,11,11
2,1,62904,0,0,0,0,0,0,0,0,0,0
1,1,62905,0,0,0,0,0,0,0,0,0,0
1,1,62906,0,0,0,0,0,0,0,0,0,0
2,1,62906,0,0,0,0,0,0,0,0,0,0
1,1,62907,0,0,0,0,0,0,0,0,0,0
2,1,62907,3,3,3,3,3,3,3,3,3,3
1,1,62908,0,0,0,0,0,0,0,0,0,0
1,1,62909,0,0,0,0,0,0,0,0,0,0
2,1,62909,0,0,0,0,0,0,0,0,0,0
0,1,62910,0,0,0,0,0,0,0,0,0,0
1,1,62910,0,0,0,0,0,0,0,0,0,0
1,1,62911,17,17,17,17,17,17,17,17,17,17
2,1,62911,0,0,0,0,0,0,0,18,0,15
1,1,62912,5,5,5,5,5,5,5,5,5,5
1,1,62913,13,13,13,13,13,13,13,13,13,13
1,1,62914,27,27,27,27,27,27,27,27,27,27
1,1,62915,0,0,7,0,0,0,0,0,0,0
1,1,62916,0,0,0,0,0,0,0,0,0,0
2,1,62916,0,0,0,0,0,0,0,0,0,0
1,1,62917,0,0,0,12,20,0,0,4,0,0
1,1,62918,6,0,0,0,0,0,0,0,0,0
2,1,62918,0,0,17,0,0,0,0,0,0,0
1,1,62919,0,0,0,0,0,0,0,0,0,0
2,1,62919,0,0,0,0,0,0,0,0,0,0
1,1,62920,0,0,0,0,0,0,0,0,0,0
1,1,62921,17,19,8,11,31,7,9,15,26,3
0,1,62922,28,28,28,28,28,28,28,28,28,28
1,1,62922,0,0,0,0,0,0,0,0,7,0
1,1,62923,0,0,0,0,0,0,0,0,0,0
1,1,62924,0,0,0,0,0,0,0,0,0,0
1,1,62925,0,0,0,0,0,0,0,0,0,0
2,1,62925,0,0,0,0,0,0,0,10,0,0
1,1,62926,0,0,0,0,0,0,0,0,0,0
2,1,62926,0,0,0,0,0,0,2,11,0,0
1,1,62927,0,0,0,0,0,0,0,0,0,0
2,1,62927,0,0,0,0,0,0,0,0,0,0
1,1,62928,0,0,0,0,0,0,0,0,0,0
1,1,62929,15,15,15,15,15,15,15,15,15,15
0,1,62930,21,21,21,21,21,21,21,21,21,21
1,1,62930,0,0,0,0,0,0,0,0,0,0
1,1,62931,4,7,0,0,0,0,0,0,0,0
1,1,62932,0,18,29,0,7,12,7,0,12,0
1,1,62933,0,0,0,0,0,0,0,0,0,0
2,1,62933,0,0,0,0,0,0,0,6,0,0
1,1,62934,19,19,19,19,19,19,19,19,19,19
1,1,62935,0,0,0,0,0,0,0,0,0,0
2,1,62935,0,0,0,0,0,0,0,0,0,0
1,1,62936,0,0,0,0,0,0,0,0,0,0
1,1,62937,0,0,0,0,0,0,0,0,0,0
0,1,62938,0,0,0,0,0,0,0,0,0,0
1,1,62938,0,0,0,0,0,0,0,0,0,0
1,1,62939,0,0,0,0,0,0,0,0,0,0
0,1,62940,5,5,5,5,5,5,5,5,5,5
1,1,62940,0,0,0,0,18,0,8,0,12,0
1,1,62941,0,0,0,0,0,0,0,0,0,0
1,1,62942,0,0,0,0,0,0,0,0,0,0
2,1,62942,0,0,0,0,0,0,0,0,0,0
0,1,62943,0,0,0,0,0,0,0,0,0,0
1,1,62943,0,0,4,0,0,0,33,0,17,0
2,1,62943,0,0,0,0,15,0,0,0,0,0
0,1,62944,0,0,0,0,11,12,0,0,0,0
1,1,62944,0,0,0,0,0,0,0,0,0,0
0,1,62945,0,0,0,0,0,0,0,0,0,0
0,2,62945,0,0,0,0,0,0,0,0,0,0
0,3,62945,0,0,0,0,0,0,0,0,0,0
1,1,62945,0,0,0,0,0,0,0,0,0,0
0,1,62946,0,0,0,0,0,0,0,0,0,0
1,1,62946,0,0,0,0,0,0,0,0,0,0
1,1,62947,0,0,0,0,0,0,0,0,0,0
1,1,62948,0,0,0,0,0,0,0,0,0,0
2,1,62948,0,0,0,0,0,0,0,0,0,7
3,1,62948,0,0,0,0,0,0,0,0,5,0
1,1,62949,0,0,0,0,0,0,0,0,0,0
2,1,62949,0,0,0,0,0,0,0,0,0,0
1,1,62950,0,0,0,0,0,0,0,0,0,0
2,1,62950,0,5,19,0,0,0,0,0,8,0
3,1,62950,0,0,0,0,0,0,0,8,11,0
4,1,62950,0,0,0,0,4,0,0,0,0,0
5,1,62950,0,0,0,0,11,0,0,0,0,0
1,1,62951,0,0,0,0,0,0,0,0,0,0
2,1,62951,0,0,0,0,0,0,15,0,0,0
1,1,62952,20,13,16,0,18,10,18,13,2,13
0,1,62953,35,35,35,35,35,35,35,35,35,35
1,1,62953,0,0,0,0,0,0,0,0,0,0
1,1,62954,0,0,0,0,0,0,0,0,0,0
2,1,62954,0,0,0,0,0,0,0,0,0,0
1,1,62955,0,0,0,0,0,0,0,0,0,0
1,1,62956,0,0,0,0,0,0,0,0,0,0
2,1,62956,0,0,0,0,0,0,0,0,0,39
0,1,62957,5,5,5,5,5,5,5,5,5,5
1,1,62957,0,0,0,0,0,0,0,0,0,0
1,1,62958,28,28,28,28,28,28,28,28,28,28
2,1,62958,0,0,0,0,0,0,0,13,0,0
1,1,62959,0,20,12,12,7,24,16,0,15,11
2,1,62959,0,0,0,0,0,0,2,0,0,0
1,1,62960,28,8,0,12,33,6,22,15,24,0
2,1,62960,0,0,0,0,0,0,0,0,0,0
1,1,62961,0,0,0,0,0,0,0,0,0,0
2,1,62961,0,0,0,0,0,0,0,0,0,0
3,1,62961,0,0,0,0,0,0,0,0,0,0
1,1,62962,0,0,0,0,0,0,0,0,0,0
1,1,62963,0,0,0,0,0,0,0,0,0,0
2,1,62963,33,33,33,33,33,33,33,33,33,33
3,1,62963,0,0,0,0,0,0,15,0,0,0
4,1,62963,0,0,0,0,0,0,0,0,0,0
5,1,62963,0,0,0,0,0,0,0,0,0,0
6,1,62963,0,0,0,0,5,0,0,0,0,0
7,1,62963,0,0,0,0,0,0,0,9,0,0
8,1,62963,0,0,0,0,0,5,0,0,0,10
0,1,62964,24,24,24,24,24,24,24,24,24,24
1,1,62964,0,0,0,0,0,0,18,0,0,0
2,1,62964,20,0,0,30,16,0,20,20,0,0
3,1,62964,0,0,0,0,0,13,8,8,0,0
0,1,62965,0,0,0,0,0,0,0,0,0,0
1,1,62965,0,0,0,0,0,0,0,0,0,0
2,1,62965,0,25,0,0,17,0,7,0,0,33
3,1,62965,5,0,0,0,0,8,14,0,12,0
1,1,62966,19,8,26,15,22,11,19,22,26,15