VEH_NO,PER_NO,ST_CASE,P1,P2,P3,P4,P5,P6,P7,P8,P9,P10
2,1,62966,0,0,0,0,0,0,0,21,0,0
0,1,62967,0,0,0,0,0,0,0,0,0,0
1,1,62967,0,0,0,0,0,0,0,0,0,0
0,1,62968,0,0,0,0,0,0,0,0,0,0
1,1,62968,0,0,0,0,0,0,0,0,0,0
1,1,62969,0,0,0,0,0,0,0,0,0,0
1,1,62970,7,7,7,7,7,7,7,7,7,7
1,1,62971,15,0,0,0,0,18,0,0,0,0
2,1,62971,0,0,0,0,0,0,0,0,0,0
1,1,62972,22,22,22,22,22,22,22,22,22,22
0,1,62973,0,0,0,0,0,0,0,0,0,0
1,1,62973,0,0,0,28,0,0,0,0,0,11
1,1,62974,0,0,0,0,0,0,0,12,0,0
2,1,62974,0,0,0,0,0,0,0,0,0,0
3,1,62974,0,0,0,0,0,0,0,0,0,0
4,1,62974,0,0,0,0,0,0,0,0,0,0
1,1,62975,0,0,0,0,0,0,0,0,0,0
1,1,62976,0,0,0,0,0,0,0,0,0,0
1,1,62977,20,7,0,9,24,0,0,0,0,9
1,1,62978,0,0,0,0,0,0,0,0,0,0
2,1,62978,0,0,0,0,0,0,13,0,0,0
1,1,62979,0,0,0,19,0,0,0,0,0,0
2,1,62979,0,0,0,0,0,0,0,0,0,0
1,1,62980,12,12,12,12,12,12,12,12,12,12
2,1,62980,0,0,0,0,0,0,0,0,0,0
3,1,62980,0,0,0,0,0,0,0,0,0,0
1,1,62981,8,8,8,8,8,8,8,8,8,8
1,1,62982,16,16,16,16,16,16,16,16,16,16
1,1,62983,16,16,16,16,16,16,16,16,16,16
2,1,62983,0,0,0,0,0,0,0,0,0,0
1,1,62984,0,0,0,0,0,0,0,0,0,0
0,1,62985,10,10,10,10,10,10,10,10,10,10
1,1,62985,13,2,17,18,8,30,25,0,0,0
0,1,62986,0,0,0,0,0,0,0,0,0,0
1,1,62986,0,0,0,0,13,0,0,0,0,0
1,1,62987,0,0,0,0,0,0,0,12,0,0
2,1,62987,0,0,0,0,0,0,0,0,0,0
3,1,62987,0,0,0,0,0,0,0,0,0,0
1,1,62988,26,0,0,0,0,0,0,16,0,0
1,1,62989,28,16,21,2,26,24,18,3,17,23
0,1,62990,0,0,0,0,0,0,0,0,0,0
1,1,62990,0,0,0,0,0,0,0,0,0,8
1,1,62991,32,32,32,32,32,32,32,32,32,32
2,1,62991,0,0,0,0,0,0,0,0,0,0
0,1,62992,22,22,22,22,22,22,22,22,22,22
1,1,62992,7,10,5,0,0,0,20,0,0,0
1,1,62993,0,0,0,0,0,3,0,0,15,5
0,1,62994,0,0,0,0,0,0,0,0,0,0
1,1,62994,0,0,0,0,0,0,0,0,0,0
1,1,62995,0,0,7,0,0,0,0,23,18,0
1,1,62996,0,0,0,0,0,0,0,0,0,0
2,1,62996,0,0,0,0,0,0,0,0,0,0
1,1,62997,0,0,0,0,0,0,0,0,0,0
2,1,62997,0,0,0,0,0,0,0,0,0,0
1,1,62998,0,0,0,0,0,0,0,0,0,0
0,1,62999,0,0,0,0,0,0,0,0,0,0
1,1,62999,0,0,0,0,0,0,0,0,0,0
0,1,63000,0,0,0,0,0,0,0,0,0,0
0,2,63000,0,0,0,0,0,0,0,0,0,0
1,1,63000,0,0,0,0,0,0,0,0,0,0
0,1,63001,0,0,0,0,0,0,0,0,0,0
1,1,63001,0,0,0,0,0,0,0,0,0,0
1,1,63002,0,0,0,0,0,0,0,0,0,0
2,1,63002,0,0,0,0,0,0,0,0,0,0
1,1,63003,0,0,0,0,0,0,0,0,0,0
2,1,63003,0,0,0,0,0,0,0,0,0,0
1,1,63004,0,0,0,0,0,0,0,0,0,0
2,1,63004,0,0,0,0,0,0,0,0,0,0
1,1,63005,7,5,17,11,15,6,0,7,0,0
2,1,63005,0,0,0,0,0,0,0,0,0,0
0,1,63006,0,0,0,0,0,0,0,0,0,0
1,1,63006,0,0,0,0,0,0,0,0,0,0
1,1,63007,0,0,0,0,0,0,0,0,0,0
2,1,63007,0,0,0,0,0,0,0,0,0,0
1,1,63008,18,18,18,18,18,18,18,18,18,18
1,1,63009,0,0,0,0,0,0,0,0,0,0
2,1,63009,0,0,0,0,0,0,0,0,0,0
0,1,63010,0,0,0,0,0,0,0,0,0,0
1,1,63010,0,0,0,0,0,0,0,0,0,0
0,1,63011,0,0,21,0,0,0,0,21,17,0
1,1,63011,0,6,8,0,0,0,8,0,0,0
2,1,63011,0,0,0,0,0,0,0,9,0,0
1,1,63012,0,0,0,0,0,0,0,0,0,0
2,1,63012,0,0,0,0,0,0,0,0,0,0
3,1,63012,0,0,0,0,0,0,0,0,0,0
1,1,63013,23,23,23,23,23,23,23,23,23,23
2,1,63013,0,0,0,0,0,0,0,0,0,0
0,1,63014,24,24,24,24,24,24,24,24,24,24
1,1,63014,0,0,18,15,18,11,8,12,0,0
2,1,63014,0,0,0,4,0,0,0,0,0,0
0,1,63015,0,0,0,0,0,0,0,0,0,0
1,1,63015,0,0,0,0,0,0,0,0,0,0
1,1,63016,0,0,0,0,0,0,0,0,0,0
2,1,63016,23,23,23,23,23,23,23,23,23,23
1,1,63017,13,13,13,13,13,13,13,13,13,13
2,1,63017,0,0,0,0,0,0,0,0,0,0
0,1,63018,0,0,0,0,0,0,0,0,0,0
1,1,63018,0,0,0,0,0,0,0,0,0,0
2,1,63018,0,0,0,0,0,0,0,0,0,0
1,1,63019,0,0,0,0,0,0,0,0,0,0
2,1,63019,0,0,0,0,0,0,0,24,0,0
1,1,63020,0,0,0,0,0,0,0,0,0,0
2,1,63020,0,14,0,0,0,0,0,0,0,0
0,1,63021,0,0,0,0,0,0,0,0,0,0
1,1,63021,0,0,0,0,0,0,0,0,0,0
0,1,63022,0,0,0,0,0,0,0,0,0,0
1,1,63022,0,0,0,0,0,0,0,0,0,0
1,1,63023,0,0,0,0,0,0,0,0,0,0
2,1,63023,0,0,0,0,0,0,0,0,0,0
1,1,63024,26,26,26,26,26,26,26,26,26,26
1,1,63025,0,0,0,0,0,0,0,0,0,0
2,1,63025,0,0,0,0,0,0,0,0,0,0
1,1,63026,0,0,0,0,0,0,0,0,0,0
2,1,63026,0,0,0,0,0,0,0,0,0,0
3,1,63026,0,0,0,0,0,0,0,0,0,0
4,1,63026,0,0,0,0,0,0,0,0,0,0
1,1,63027,0,0,0,0,0,0,0,0,0,0
1,1,63028,0,0,0,0,0,0,0,0,0,0
2,1,63028,0,0,0,0,0,0,0,0,0,0
1,1,63029,13,13,13,13,13,13,13,13,13,13
1,1,63030,0,0,0,0,0,0,0,0,0,0
2,1,63030,0,0,0,0,0,0,0,0,0,0
1,1,63031,0,0,0,0,0,0,0,0,0,0
2,1,63031,0,0,0,0,0,0,0,0,0,0
1,1,63032,0,0,0,0,0,0,0,0,0,0
2,1,63032,0,0,0,0,0,0,0,0,0,0
3,1,63032,0,0,0,0,0,0,0,0,0,0
1,1,63033,2,2,2,2,2,2,2,2,2,2
2,1,63033,0,0,0,0,0,0,0,0,0,0
1,1,63034,0,0,7,0,0,14,0,0,0,0
0,1,63035,3,3,3,3,3,3,3,3,3,3
1,1,63035,0,0,0,0,10,0,0,0,0,0
1,1,63036,0,0,0,0,0,0,0,0,0,0
2,1,63036,0,0,0,0,0,0,0,0,0,0
1,1,63037,14,14,14,14,14,14,14,14,14,14
0,1,63038,0,0,0,0,0,0,0,0,0,0
1,1,63038,0,0,0,0,0,0,0,0,0,0
1,1,63039,0,0,0,0,0,0,0,0,0,0
0,1,63040,25,25,25,25,25,25,25,25,25,25
1,1,63040,0,0,5,0,0,0,0,0,0,0
2,1,63040,0,0,0,0,0,0,0,0,0,0
3,1,63040,0,0,0,0,0,0,0,0,0,0
1,1,63041,0,0,0,0,0,0,0,0,0,0
2,1,63041,0,0,0,0,0,0,0,0,0,0
1,1,63042,6,5,17,2,7,7,10,6,10,8
2,1,63042,0,0,0,0,0,0,0,0,20,0
1,1,63043,0,0,0,0,0,0,0,0,0,0
2,1,63043,0,0,0,0,0,0,0,0,0,0
1,1,63044,0,0,0,0,0,0,0,0,0,0
2,1,63044,0,0,0,0,0,0,0,0,0,0
3,1,63044,0,0,0,0,0,0,0,0,0,0
4,1,63044,0,0,0,0,0,0,0,0,0,0
0,1,63045,0,0,0,0,0,0,0,0,0,0
1,1,63045,0,0,0,0,0,0,0,0,0,0
0,1,63046,26,26,26,26,26,26,26,26,26,26
1,1,63046,0,11,12,0,0,0,26,11,0,0
1,1,63047,24,24,24,24,24,24,24,24,24,24
1,1,63048,21,21,21,21,21,21,21,21,21,21
1,1,63049,0,0,0,0,0,0,0,0,0,0
1,1,63050,0,0,0,0,0,0,0,0,0,0
2,1,63050,0,0,0,0,0,0,0,0,0,0
1,1,63051,0,0,0,0,0,0,0,0,0,0
2,1,63051,0,0,0,0,0,0,0,0,0,0
1,1,63052,0,0,0,0,0,0,0,0,0,0
2,1,63052,0,0,0,0,0,0,0,0,0,0
3,1,63052,0,0,0,0,0,0,0,0,0,0
0,1,63053,24,24,24,24,24,24,24,24,24,24
0,2,63053,0,8,11,16,0,27,0,17,22,11
1,1,63053,15,11,0,4,0,0,10,0,10,0
0,1,63054,21,21,21,21,21,21,21,21,21,21
1,1,63054,0,0,0,0,0,0,0,0,0,0
1,1,63055,0,0,0,0,0,0,0,0,0,0
1,1,63056,23,23,23,23,23,23,23,23,23,23
2,1,63056,0,0,0,0,0,0,0,0,0,0
1,1,63057,3,3,3,3,3,3,3,3,3,3
2,1,63057,0,0,0,0,0,0,0,0,0,0
1,1,63058,0,0,0,0,0,0,0,0,0,0
2,1,63058,0,0,0,0,0,0,0,0,0,0
3,1,63058,0,0,0,0,0,0,0,0,0,0
1,1,63059,0,0,0,0,0,0,0,0,0,0
2,1,63059,0,0,0,0,0,0,0,0,0,0
1,1,63060,0,0,0,0,0,0,0,0,0,0
1,1,63061,0,0,0,0,0,0,0,0,0,0
1,1,63062,20,20,20,20,20,20,20,20,20,20
1,1,63063,9,9,9,9,9,9,9,9,9,9
1,1,63064,0,0,0,0,0,0,0,0,0,0
0,1,63065,0,0,0,0,0,0,0,0,0,0
1,1,63065,0,0,0,0,0,0,0,0,0,0
1,1,63066,0,0,0,0,0,0,0,0,0,0
2,1,63066,0,0,0,0,0,0,0,0,12,0
1,1,63067,0,0,0,0,0,0,0,0,0,0
2,1,63067,0,0,0,0,0,0,0,0,0,0
0,1,63068,27,27,27,27,27,27,27,27,27,27
1,1,63068,0,0,0,0,0,0,0,0,0,0
1,1,63069,23,23,23,23,23,23,23,23,23,23
2,1,63069,0,0,0,0,7,0,0,0,0,0
1,1,63070,0,0,0,0,0,0,0,0,0,0
2,1,63070,0,0,0,0,0,0,0,0,0,0
1,1,63071,15,15,15,15,15,15,15,15,15,15
1,1,63072,10,10,10,10,10,10,10,10,10,10
1,1,63073,0,0,0,0,0,0,0,0,0,0
1,1,63074,0,0,0,0,0,0,0,0,0,0
2,1,63074,0,0,0,0,0,0,0,0,0,0
0,1,63075,0,0,0,0,0,0,0,0,0,0
1,1,63075,18,0,0,0,0,0,9,0,0,5
1,1,63076,0,0,0,0,0,0,0,0,0,0
1,1,63077,0,0,0,0,0,0,0,0,0,0
2,1,63077,0,0,0,0,0,0,0,0,0,0
1,1,63078,0,0,0,0,0,0,0,0,0,0
1,1,63079,0,0,0,0,0,0,0,0,0,0
0,1,63080,0,0,0,0,0,0,0,0,0,0
1,1,63080,0,0,0,0,0,16,20,0,0,0
1,1,63081,14,14,14,14,14,14,14,14,14,14
2,1,63081,0,0,0,0,0,0,0,0,0,0
1,1,63082,16,16,16,16,16,16,16,16,16,16
1,1,63083,0,0,0,0,0,0,0,0,0,0
1,1,63084,21,21,21,21,21,21,21,21,21,21
1,1,63085,6,6,6,6,6,6,6,6,6,6
1,1,63086,0,0,0,0,0,0,0,0,0,0
1,1,63087,0,0,0,0,0,0,0,0,0,0
1,1,63088,0,0,0,0,0,0,0,0,0,0
2,1,63088,0,0,0,0,0,0,0,0,0,4
1,1,63089,32,16,17,22,0,17,25,22,24,15
1,1,63090,0,0,0,0,0,0,0,0,0,0
1,1,63091,0,0,0,13,0,0,0,0,0,0
0,1,63092,0,0,0,0,0,0,0,0,0,0
1,1,63092,0,0,0,0,0,0,0,0,0,0
1,1,63093,15,15,15,15,15,15,15,15,15,15
0,1,63094,0,0,0,0,0,0,0,0,0,0
1,1,63094,17,14,0,0,0,0,21,0,10,0
0,1,63095,0,0,0,0,0,0,0,0,0,0
1,1,63095,0,0,0,13,0,0,0,0,0,0
0,1,63096,33,33,33,33,33,33,33,33,33,33
1,1,63096,0,0,0,0,0,0,0,0,0,0
1,1,63097,0,0,0,0,0,0,0,0,0,0
1,1,63098,0,0,0,0,0,0,0,0,0,0
0,1,63099,15,15,15,15,15,15,15,15,15,15
1,1,63099,0,0,0,0,0,0,0,13,0,0
0,1,63100,12,14,0,8,10,3,17,30,0,20
1,1,63100,0,0,0,0,0,0,0,0,7,0
0,1,63101,0,9,0,0,0,0,0,0,0,0
1,1,63101,0,0,0,0,0,0,0,10,0,0
1,1,63102,0,0,0,0,0,0,0,0,0,0
0,1,63103,0,0,0,0,0,0,0,0,0,0
1,1,63103,0,0,0,0,0,5,0,0,0,0
0,1,63104,0,9,0,0,0,17,0,0,0,24
1,1,63104,0,0,0,0,0,0,0,0,0,0
1,1,63105,0,0,0,0,0,30,0,0,0,0
0,1,63106,0,0,0,0,0,0,0,0,0,0
1,1,63106,0,0,0,0,0,0,0,18,9,0
1,1,63107,24,12,0,0,0,0,0,0,9,0
1,1,63108,0,0,0,0,0,0,0,0,0,0
2,1,63108,0,0,0,0,0,0,0,0,0,0
3,1,63108,0,0,0,0,0,0,0,0,0,0
1,1,63109,0,0,0,0,0,0,0,0,0,0
2,1,63109,0,0,0,33,0,0,0,0,0,0
3,1,63109,0,0,0,0,0,0,0,0,0,0
0,1,63110,0,0,0,0,0,0,0,0,0,0
1,1,63110,0,0,0,0,0,0,0,0,0,0
1,1,63111,0,0,0,0,0,0,0,0,0,0
2,1,63111,0,0,0,0,0,0,0,0,0,0
1,1,63112,25,25,25,25,25,25,25,25,25,25
0,1,63113,0,0,0,0,0,0,0,0,0,0
1,1,63113,0,0,0,0,0,0,0,0,0,0
0,1,63114,0,0,0,0,0,0,0,0,0,0
1,1,63114,0,0,0,0,0,0,0,0,0,0
1,1,63115,21,21,21,21,21,21,21,21,21,21
1,1,63116,0,0,0,0,0,0,0,0,0,0
1,1,63117,16,18,15,20,7,7,11,18,23,11
1,1,63118,0,0,0,0,0,0,0,0,0,0
1,1,63119,0,0,0,0,0,13,0,11,12,6
0,1,63120,0,0,0,0,0,0,0,0,0,0
1,1,63120,0,0,0,0,0,0,8,0,0,0
1,1,63121,0,0,0,0,0,0,0,7,0,0
2,1,63121,0,0,0,0,0,0,0,0,0,0
1,1,63122,0,0,0,0,0,0,0,0,0,0
2,1,63122,0,0,0,0,0,0,0,0,0,0
1,1,63123,0,0,0,0,0,0,0,0,0,0
2,1,63123,0,0,11,0,0,0,0,0,0,0
1,1,63124,0,0,0,0,0,0,0,0,0,0
2,1,63124,0,0,0,0,0,0,0,0,0,0
1,1,63125,0,0,0,0,0,0,0,0,0,0
2,1,63125,0,19,0,9,0,22,0,0,0,0
1,1,63126,0,0,0,0,0,0,0,0,0,0
2,1,63126,0,0,0,0,0,0,0,0,0,0
1,1,63127,25,25,25,25,25,25,25,25,25,25
2,1,63127,10,13,7,11,16,11,0,5,5,9
1,1,63128,0,0,0,0,0,0,0,0,0,0
2,1,63128,0,0,0,0,0,0,0,0,0,0
3,1,63128,0,0,0,0,0,0,0,0,0,0
1,1,63129,0,0,0,0,0,0,0,0,0,0
2,1,63129,0,0,0,0,0,0,0,0,0,0
1,1,63130,0,0,0,0,0,0,0,0,0,0
0,1,63131,6,6,6,6,6,6,6,6,6,6
0,2,63131,16,14,12,8,19,11,16,43,29,28
1,1,63131,0,0,4,0,10,0,13,10,0,7
1,1,63132,14,14,14,14,14,14,14,14,14,14
1,1,63133,0,0,0,0,0,0,0,0,0,0
1,1,63134,11,11,11,11,11,11,11,11,11,11
1,1,63135,0,0,0,0,0,0,0,0,0,0
2,1,63135,0,0,0,0,0,0,0,0,0,0
3,1,63135,0,0,0,0,0,0,0,0,0,0
1,1,63136,0,0,0,0,0,0,0,0,0,0
2,1,63136,0,0,0,0,0,0,0,0,0,0
1,1,63137,0,0,0,13,0,0,0,0,0,11
2,1,63137,0,0,0,0,0,0,0,0,0,0
1,1,63138,13,13,13,13,13,13,13,13,13,13
1,1,63139,0,0,0,0,0,22,0,0,0,15
2,1,63139,0,0,0,0,0,0,0,0,0,0
3,1,63139,0,0,0,0,0,0,0,0,0,0
1,1,63140,0,0,23,0,24,7,10,19,0,0
2,1,63140,0,0,0,0,0,0,0,27,0,0
0,1,63141,22,22,22,22,22,22,22,22,22,22
1,1,63141,0,0,0,0,0,0,0,0,0,0
0,1,63142,25,25,25,25,25,25,25,25,25,25
1,1,63142,0,0,0,0,7,0,0,0,0,16
1,1,63143,12,12,12,12,12,12,12,12,12,12
2,1,63143,0,0,0,8,0,0,0,0,0,0
1,1,63144,0,0,0,0,0,0,0,0,0,0
2,1,63144,0,0,0,0,0,0,0,0,0,0
1,1,63145,0,0,0,0,0,0,0,0,0,0
1,1,63146,0,0,0,0,0,0,0,0,0,0
2,1,63146,0,0,0,0,0,0,0,0,0,0
0,1,63147,24,24,24,24,24,24,24,24,24,24
1,1,63147,0,0,0,0,0,0,0,0,0,0
0,1,63148,0,0,0,0,0,0,0,0,17,0
1,1,63148,0,0,6,0,0,0,0,0,0,0
0,1,63149,0,0,0,0,0,0,0,0,0,0
1,1,63149,0,0,0,0,9,0,0,0,0,0
1,1,63150,0,0,0,0,0,0,0,0,0,0
1,1,63151,22,22,22,22,22,22,22,22,22,22
1,1,63152,26,26,26,26,26,26,26,26,26,26
2,1,63152,0,0,6,0,0,0,15,0,0,0
1,1,63153,0,0,0,0,0,0,0,0,0,0
2,1,63153,17,0,0,0,0,0,0,0,0,0
3,1,63153,0,4,0,0,0,0,0,0,0,0
1,1,63154,0,0,0,0,0,0,0,0,0,0
2,1,63154,10,0,0,0,0,0,0,0,0,0
3,1,63154,0,0,0,0,0,0,0,0,0,0
1,1,63155,0,0,0,0,0,0,0,0,0,0
2,1,63155,0,0,0,0,0,0,0,0,0,0
3,1,63155,0,0,0,0,0,0,0,0,0,0
4,1,63155,0,0,0,0,0,0,0,0,0,0
1,1,63156,0,0,0,0,0,0,0,0,0,0
1,1,63157,2,2,2,2,2,2,2,2,2,2
2,1,63157,0,0,0,0,0,0,0,0,0,0
1,1,63158,0,0,8,7,0,0,0,0,0,0
0,1,63159,0,0,0,0,0,0,0,0,0,0
1,1,63159,0,0,0,0,0,0,0,0,0,0
0,1,63160,7,7,7,7,7,7,7,7,7,7
1,1,63160,0,0,0,0,0,0,0,0,22,0
1,1,63161,25,25,25,25,25,25,25,25,25,25
1,1,63162,21,21,21,21,21,21,21,21,21,21
1,1,63163,10,10,10,10,10,10,10,10,10,10
1,1,63164,3,3,3,3,3,3,3,3,3,3
1,1,63165,18,18,18,18,18,18,18,18,18,18
1,1,63166,9,9,9,9,9,9,9,9,9,9
1,1,63167,0,0,0,0,0,0,0,0,0,0
2,1,63167,0,0,0,0,0,0,0,0,0,0
3,1,63167,0,0,0,0,0,0,0,0,0,0
1,1,63168,17,17,17,17,17,17,17,17,17,17
1,1,63169,0,0,0,0,0,1,0,0,0,0
2,1,63169,0,0,0,0,0,0,0,12,0,0
1,1,63170,0,0,0,0,0,0,0,0,0,0
1,1,63171,0,0,0,0,0,0,0,0,0,0
2,1,63171,0,0,0,0,0,0,0,0,0,0
1,1,63172,0,0,0,0,0,0,0,0,0,0
2,1,63172,0,0,0,0,0,0,0,0,0,0
3,1,63172,0,0,0,0,0,0,0,0,0,0
1,1,63173,0,0,0,0,0,0,0,0,0,0
1,1,63174,0,0,0,0,0,0,0,0,0,0
1,1,63175,0,0,0,0,0,0,0,0,0,0
1,1,63176,1,1,1,1,1,1,1,1,1,1
1,1,63177,0,0,0,0,0,0,0,0,0,0
0,1,63178,0,0,0,0,0,0,0,0,0,0
1,1,63178,0,0,0,0,0,0,0,0,0,0
1,1,63179,0,0,0,0,0,0,0,0,0,0
1,1,63180,8,0,0,0,0,0,0,0,0,5
2,1,63180,0,0,0,0,0,0,0,0,0,0
3,1,63180,0,0,0,0,0,0,0,0,0,0
1,1,63181,16,16,16,16,16,16,16,16,16,16
0,1,63182,0,0,0,4,0,0,0,0,0,0
1,1,63182,0,2,0,8,13,0,0,0,4,0
1,1,63183,0,0,0,0,0,0,0,0,0,0
2,1,63183,16,16,16,16,16,16,16,16,16,16
1,1,63184,13,13,13,13,13,13,13,13,13,13
1,1,63185,24,24,24,24,24,24,24,24,24,24
1,1,63186,0,0,0,0,0,0,0,0,0,0
2,1,63186,0,0,0,0,0,0,0,0,0,0
3,1,63186,0,0,0,0,0,0,0,0,0,0
0,1,63187,0,0,0,0,0,0,0,0,0,0
1,1,63187,0,0,0,0,0,0,0,0,0,0
1,1,63188,17,17,17,17,17,17,17,17,17,17
0,1,63189,25,25,25,25,25,25,25,25,25,25
1,1,63189,0,0,0,0,0,0,0,0,20,0
1,1,63190,22,22,22,22,22,22,22,22,22,22
0,1,63191,18,18,18,18,18,18,18,18,18,18
1,1,63191,0,17,0,15,0,0,0,6,0,0
2,1,63191,0,0,0,0,0,0,0,0,0,0
0,1,63192,16,17,14,20,9,12,29,25,5,23
1,1,63192,11,0,18,0,0,13,25,0,19,0
1,1,63193,11,11,11,11,11,11,11,11,11,11
0,1,63194,0,0,0,0,0,0,0,0,0,0
1,1,63194,6,6,6,6,6,6,6,6,6,6
1,1,63195,0,0,0,0,0,0,0,0,0,0
2,1,63195,0,11,0,0,0,0,0,18,0,0
1,1,63196,0,0,0,0,0,7,0,0,0,0
2,1,63196,0,0,0,0,0,0,0,0,0,0
1,1,63197,19,19,19,19,19,19,19,19,19,19
1,1,63198,14,14,14,14,14,14,14,14,14,14
1,1,63199,0,0,0,0,0,0,0,0,0,0
2,1,63199,13,13,13,13,13,13,13,13,13,13
1,1,63200,6,6,6,6,6,6,6,6,6,6
1,1,63201,0,0,0,0,0,0,0,0,0,9
2,1,63201,0,0,0,0,0,21,0,8,0,5
3,1,63201,0,23,0,0,25,0,0,0,0,0
0,1,63202,0,0,0,0,0,0,0,0,0,0
1,1,63202,0,0,0,0,0,0,0,0,0,0
1,1,63203,18,14,17,24,0,5,11,10,28,0
1,1,63204,0,0,0,0,0,0,0,0,0,0
0,1,63205,20,20,20,20,20,20,20,20,20,20
1,1,63205,0,0,0,0,0,0,0,0,0,0
1,1,63206,0,0,0,0,0,0,0,0,0,0
1,1,63207,0,0,0,0,0,0,0,0,0,0
2,1,63207,0,0,0,0,0,0,0,0,0,0
1,1,63208,17,17,17,17,17,17,17,17,17,17
1,1,63209,10,10,10,10,10,10,10,10,10,10
1,1,63210,0,0,0,0,0,0,0,0,0,0
1,1,63211,0,0,0,0,0,0,0,15,0,0
2,1,63211,0,0,0,0,0,0,0,0,0,0
1,1,63212,0,0,0,0,0,0,0,0,0,0
2,1,63212,0,0,0,0,0,0,0,0,0,0
1,1,63213,0,0,0,0,0,0,0,0,0,0
1,1,63214,8,8,8,8,8,8,8,8,8,8
1,1,63215,18,18,18,18,18,18,18,18,18,18
1,1,63216,0,0,0,0,0,0,0,0,0,0
2,1,63216,0,0,0,0,11,0,5,15,0,0
1,1,63217,0,0,0,0,0,0,0,0,0,0
2,1,63217,21,21,21,21,21,21,21,21,21,21
1,1,63218,0,0,0,0,0,0,0,0,0,0
2,1,63218,0,0,0,0,0,0,0,0,0,0
1,1,63219,0,0,0,0,15,0,0,0,0,0
1,1,63220,10,10,10,10,10,10,10,10,10,10
2,1,63220,0,0,0,0,0,0,0,0,0,0
1,1,63221,0,0,0,0,0,0,0,0,0,0
2,1,63221,6,6,6,6,6,6,6,6,6,6
0,1,63222,20,20,20,20,20,20,20,20,20,20
1,1,63222,0,28,0,0,0,0,0,0,0,15
2,1,63222,0,12,0,0,0,18,0,0,0,12
1,1,63223,0,0,0,0,0,0,0,0,0,0
1,1,63224,0,0,0,0,0,0,0,0,0,0
1,1,63225,20,20,20,20,20,20,20,20,20,20
1,1,63226,2,2,2,2,2,2,2,2,2,2
1,1,63227,0,0,0,0,0,0,0,0,0,0
1,1,63228,10,10,10,10,10,10,10,10,10,10
1,1,63229,18,18,18,18,18,18,18,18,18,18
1,1,63230,14,14,14,14,14,14,14,14,14,14
0,1,63231,15,15,15,15,15,15,15,15,15,15
1,1,63231,0,12,0,0,12,0,0,0,0,7
1,1,63232,0,0,0,0,0,0,0,0,0,0
1,1,63233,10,10,10,10,10,10,10,10,10,10
1,1,63234,0,0,0,0,0,0,0,0,0,0
2,1,63234,0,0,0,0,0,0,18,0,0,0
1,1,63235,32,32,32,32,32,32,32,32,32,32
1,1,63236,0,0,0,0,0,0,0,0,0,0
2,1,63236,0,0,0,0,0,0,0,0,0,0
1,1,63237,0,0,0,0,0,0,0,0,0,0
0,1,63238,0,0,0,0,0,0,0,0,0,0
1,1,63238,0,0,0,0,0,0,0,0,0,0
1,1,63239,0,0,0,0,0,0,0,0,0,0
2,1,63239,0,0,0,0,0,0,0,0,0,0
1,1,63240,0,0,0,0,0,0,0,0,0,0
1,1,63241,0,0,0,0,0,0,0,0,0,0
1,1,63242,23,23,23,23,23,23,23,23,23,23
1,1,63243,0,0,0,0,0,0,0,0,0,0
1,1,63244,15,15,15,15,15,15,15,15,15,15
1,1,63245,14,14,14,14,14,14,14,14,14,14
1,1,63246,4,4,4,4,4,4,4,4,4,4
2,1,63246,0,10,0,0,0,10,20,0,0,0
0,1,63247,17,17,17,17,17,17,17,17,17,17
1,1,63247,9,9,9,9,9,9,9,9,9,9
0,1,63248,0,0,0,0,0,0,0,0,0,0
1,1,63248,0,0,0,0,0,0,0,0,0,0
0,1,63249,33,33,33,33,33,33,33,33,33,33
1,1,63249,0,9,9,0,0,0,0,0,0,0
1,1,63250,0,0,0,0,0,0,0,0,0,0
1,1,63251,0,0,0,0,0,0,0,0,0,0
1,1,63252,16,16,16,16,16,16,16,16,16,16
1,1,63253,0,0,0,0,0,0,0,0,0,0
2,1,63253,0,0,0,0,0,0,0,0,0,0
1,1,63254,0,0,0,0,0,0,0,0,0,0
1,1,63255,0,0,0,0,0,0,0,0,0,0
1,1,63256,9,9,9,9,9,9,9,9,9,9
0,1,63257,0,0,0,0,0,0,0,0,0,0
1,1,63257,0,0,0,0,0,0,0,0,0,0
1,1,63258,12,12,12,12,12,12,12,12,12,12
2,1,63258,0,0,0,0,0,0,0,0,15,0
1,1,63259,0,0,0,0,0,0,0,0,0,0
2,1,63259,0,0,0,0,0,0,0,0,0,0
1,1,63260,0,0,0,0,0,0,0,0,0,0
1,1,63261,0,0,0,0,0,0,0,0,0,0
2,1,63261,0,0,0,0,0,0,0,0,0,0
3,1,63261,0,0,0,0,0,0,0,0,0,0
1,1,63262,0,0,0,0,0,0,0,0,0,0
2,1,63262,0,0,0,0,0,0,0,0,0,0
1,1,63263,0,0,0,0,0,0,0,0,0,0
2,1,63263,0,0,0,0,0,0,0,7,0,0
1,1,63264,0,0,0,0,0,0,0,0,0,0
1,1,63265,0,0,0,0,0,0,0,0,0,0
1,1,63266,0,0,0,0,0,0,0,0,0,0
2,1,63266,0,0,0,0,0,0,0,0,0,0
1,1,63267,0,0,0,0,0,0,0,0,0,0
1,1,63268,0,0,0,0,0,0,0,0,0,0
1,1,63269,0,0,0,0,0,0,0,0,0,0
1,1,63270,0,0,0,0,0,0,0,0,0,0
2,1,63270,0,0,0,0,0,0,0,0,0,0
1,1,63271,0,0,0,0,0,0,0,0,0,0
1,1,63272,0,0,0,0,0,0,0,0,0,0