VEH_NO,PER_NO,ST_CASE,P1,P2,P3,P4,P5,P6,P7,P8,P9,P10
1,1,63273,26,26,26,26,26,26,26,26,26,26
0,1,63274,16,16,16,16,16,16,16,16,16,16
1,1,63274,0,0,0,0,0,5,0,0,0,0
0,1,63275,0,0,0,0,0,0,0,0,0,0
1,1,63275,0,0,0,0,0,0,16,21,0,0
1,1,63276,0,0,0,0,0,0,0,0,0,0
2,1,63276,0,0,0,0,0,0,0,0,0,0
1,1,63277,0,0,0,0,0,6,0,9,0,0
1,1,63278,0,0,0,0,0,0,0,0,0,0
2,1,63278,0,0,0,0,0,0,0,0,0,0
1,1,63279,0,0,0,0,0,0,0,0,0,0
2,1,63279,0,0,0,0,0,0,0,0,0,0
0,1,63280,10,0,14,28,15,0,28,0,28,3
1,1,63281,0,0,0,0,0,0,0,0,0,0
1,1,63282,0,0,0,0,0,0,0,0,0,0
2,1,63282,0,0,0,0,0,0,0,0,0,0
3,1,63282,0,18,0,0,0,7,0,0,0,0
1,1,63283,23,23,23,23,23,23,23,23,23,23
1,1,63284,21,21,21,21,21,21,21,21,21,21
2,1,63284,0,0,0,0,9,0,0,0,0,0
0,1,63285,0,0,0,0,0,0,0,0,0,0
0,2,63285,0,0,0,0,0,0,5,0,0,0
0,3,63285,0,0,0,9,0,0,0,0,0,0
1,1,63285,0,0,0,0,0,0,0,0,0,0
1,1,63286,0,0,0,0,0,0,0,0,0,0
1,1,63287,0,0,0,0,0,0,0,0,0,0
2,1,63287,0,0,0,0,0,0,0,0,0,0
1,1,63288,0,0,0,0,0,0,0,0,0,0
2,1,63288,2,2,2,2,2,2,2,2,2,2
1,1,63289,0,0,0,0,0,0,0,0,0,0
2,1,63289,0,0,0,0,0,0,0,0,0,0
1,1,63290,0,0,0,0,0,0,0,0,0,0
2,1,63290,0,0,0,0,0,0,0,0,0,0
1,1,63291,0,0,0,0,0,0,0,0,0,0
2,1,63291,0,0,0,0,0,0,0,0,0,0
0,1,63292,0,0,0,0,0,0,0,0,0,0
0,2,63292,0,0,0,0,5,29,14,22,0,0
1,1,63292,1,1,1,1,1,1,1,1,1,1
1,1,63293,0,0,0,0,0,0,0,0,0,11
2,1,63293,15,15,15,15,15,15,15,15,15,15
0,1,63294,29,29,29,29,29,29,29,29,29,29
1,1,63294,0,0,0,0,0,13,0,0,0,0
2,1,63294,0,0,0,0,0,0,0,0,8,0
1,1,63295,21,21,21,21,21,21,21,21,21,21
2,1,63295,0,0,0,0,0,0,0,0,0,0
1,1,63296,0,0,0,0,0,0,0,0,0,0
2,1,63296,0,0,12,0,11,26,2,0,0,0
1,1,63297,0,0,0,0,0,0,0,0,0,0
1,1,63298,0,0,0,0,0,0,0,0,0,0
2,1,63298,0,0,0,0,0,0,0,0,0,0
1,1,63299,0,0,0,0,0,0,0,0,0,0
1,1,63300,26,26,26,26,26,26,26,26,26,26
2,1,63300,17,0,0,0,0,14,0,0,0,14
0,1,63301,8,8,8,8,8,8,8,8,8,8
1,1,63301,0,0,0,0,9,0,0,0,32,14
1,1,63302,0,0,0,0,0,0,0,0,0,0
0,1,63303,0,0,0,0,0,0,0,0,0,0
1,1,63303,0,0,0,0,0,0,11,0,0,0
1,1,63304,0,0,0,0,0,0,0,0,0,0
2,1,63304,0,0,0,0,0,0,0,0,0,0
1,1,63305,0,0,0,0,0,0,0,0,0,0
1,1,63306,16,16,16,16,16,16,16,16,16,16
0,1,63307,0,0,0,0,0,0,0,0,0,0
1,1,63307,0,0,0,0,0,0,0,0,0,0
1,1,63308,22,22,22,22,22,22,22,22,22,22
1,1,63309,23,23,23,23,23,23,23,23,23,23
2,1,63309,0,0,0,0,0,0,0,0,0,0
0,1,63310,0,0,0,0,0,0,0,0,0,0
1,1,63310,7,21,0,30,0,5,12,21,0,20
1,1,63311,0,0,0,0,0,0,0,0,0,0
2,1,63311,0,0,0,0,0,0,0,0,0,0
1,1,63312,0,0,0,0,0,0,0,0,0,0
2,1,63312,0,0,0,0,0,0,0,0,0,0
1,1,63313,0,0,0,0,0,0,0,0,0,0
0,1,63314,36,36,36,36,36,36,36,36,36,36
1,1,63314,0,0,0,0,0,0,0,0,0,0
1,1,63315,15,15,15,15,15,15,15,15,15,15
1,1,63316,0,0,0,0,0,0,13,0,0,0
2,1,63316,0,0,0,0,0,0,0,0,0,0
1,1,63317,0,0,0,0,0,0,0,0,0,0
2,1,63317,0,10,0,19,0,0,0,0,0,0
1,1,63318,0,0,0,0,0,0,0,0,0,0
2,1,63318,0,0,0,0,0,0,0,0,0,0
1,1,63319,0,0,0,0,0,0,0,0,0,0
2,1,63319,0,0,0,0,0,0,0,0,0,0
1,1,63320,20,20,20,20,20,20,20,20,20,20
2,1,63320,0,0,0,0,24,0,0,28,20,0
3,1,63320,0,0,0,0,0,0,0,9,0,0
1,1,63321,0,0,0,0,0,0,0,0,0,0
1,1,63322,26,26,26,26,26,26,26,26,26,26
1,1,63323,0,0,0,0,0,0,0,0,0,0
0,1,63324,0,0,0,0,0,0,0,0,0,0
1,1,63324,0,24,0,20,13,0,0,0,0,0
1,1,63325,17,17,17,17,17,17,17,17,17,17
2,1,63325,0,0,0,0,0,0,0,0,0,0
1,1,63326,20,16,32,12,15,28,23,9,27,20
2,1,63326,0,0,0,0,0,0,0,0,0,0
3,1,63326,13,0,0,0,16,0,0,0,0,23
1,1,63327,0,13,18,0,0,9,0,0,0,0
2,1,63327,16,16,16,16,16,16,16,16,16,16
1,1,63328,13,13,13,13,13,13,13,13,13,13
0,1,63329,0,0,0,0,0,0,0,0,0,0
1,1,63329,0,0,18,0,0,27,0,28,0,0
0,1,63330,17,17,17,17,17,17,17,17,17,17
1,1,63330,0,0,0,0,0,0,0,0,0,0
1,1,63331,0,0,0,0,0,0,0,0,0,0
1,1,63332,20,20,20,20,20,20,20,20,20,20
1,1,63333,23,0,11,0,16,11,20,0,28,29
1,1,63334,11,6,19,19,29,22,0,0,0,0
1,1,63335,0,0,0,0,0,0,0,0,0,0
1,1,63336,25,20,8,5,26,12,35,8,19,9
0,1,63337,9,30,0,0,8,0,0,8,25,0
1,1,63337,0,0,0,21,0,0,0,12,0,0
0,1,63338,0,0,0,0,0,0,0,0,0,0
1,1,63338,0,0,0,13,13,0,0,0,0,0
0,1,63339,11,11,11,11,11,11,11,11,11,11
1,1,63339,0,0,0,0,0,0,0,0,0,0
0,1,63340,22,22,22,22,22,22,22,22,22,22
1,1,63340,0,0,0,0,0,0,0,12,0,0
1,1,63341,0,0,0,0,0,0,0,0,0,0
1,1,63342,5,5,5,5,5,5,5,5,5,5
1,1,63343,21,21,21,21,21,21,21,21,21,21
0,1,63344,0,0,0,0,0,0,0,0,0,0
1,1,63344,0,0,0,0,0,0,0,0,0,0
1,1,63345,15,15,15,15,15,15,15,15,15,15
2,1,63345,10,10,10,10,10,10,10,10,10,10
0,1,63346,0,0,0,0,0,0,0,0,0,0
1,1,63346,0,0,0,0,0,0,0,0,0,0
0,1,63347,0,0,0,0,0,0,0,0,0,0
1,1,63347,0,0,0,0,0,0,0,0,0,0
1,1,63348,0,0,0,0,0,0,0,0,0,0
2,1,63348,0,0,0,0,0,0,0,0,0,0
1,1,63349,10,10,10,10,10,10,10,10,10,10
1,1,63350,0,20,0,0,0,0,0,0,31,0
2,1,63350,0,0,0,0,0,0,0,0,0,0
1,1,63351,0,0,0,0,0,0,0,0,0,0
2,1,63351,0,0,0,0,0,0,0,0,0,0
0,1,63352,5,5,5,5,5,5,5,5,5,5
1,1,63352,9,0,0,0,0,0,0,0,0,0
2,1,63352,0,0,0,0,0,0,0,0,0,0
1,1,63353,20,20,20,20,20,20,20,20,20,20
1,1,63354,16,16,16,16,16,16,16,16,16,16
1,1,63355,0,0,0,0,0,0,0,0,0,0
2,1,63355,0,0,0,0,0,0,0,0,0,0
1,1,63356,0,0,0,0,0,0,0,0,0,0
2,1,63356,0,0,0,0,0,0,0,0,0,0
1,1,63357,0,0,0,0,0,0,0,0,0,0
2,1,63357,0,0,0,0,0,0,0,0,0,0
1,1,63358,0,0,0,0,0,0,0,0,0,0
2,1,63358,0,0,0,0,0,0,0,0,0,0
1,1,63359,18,18,18,18,18,18,18,18,18,18
2,1,63359,0,0,0,0,0,0,0,0,0,0
0,1,63360,0,0,0,0,0,0,0,0,0,0
1,1,63360,0,0,3,0,0,0,0,0,0,0
1,1,63361,0,0,0,0,0,0,0,0,0,0
2,1,63361,0,0,0,0,0,0,0,0,0,0
1,1,63362,0,0,0,0,0,0,0,0,0,0
2,1,63362,0,0,0,0,0,0,0,0,0,0
1,1,63363,0,0,0,0,0,0,0,0,0,0
0,1,63364,3,3,3,3,3,3,3,3,3,3
1,1,63364,0,0,0,0,0,0,0,0,0,0
0,1,63365,1,1,1,1,1,1,1,1,1,1
0,2,63365,0,0,0,0,0,0,0,0,0,0
1,1,63365,0,0,0,0,0,0,0,0,0,0
1,1,63366,0,0,0,0,0,0,16,0,0,0
1,1,63367,0,0,0,0,0,0,0,0,0,0
2,1,63367,0,0,0,0,0,0,0,0,0,0
1,1,63368,9,9,9,9,9,9,9,9,9,9
2,1,63368,0,0,0,0,0,0,0,0,0,0
1,1,63369,18,18,18,18,18,18,18,18,18,18
1,1,63370,0,0,0,0,0,0,0,0,0,0
2,1,63370,0,0,0,0,0,0,0,0,0,0
0,1,63371,26,26,26,26,26,26,26,26,26,26
1,1,63371,23,0,0,0,0,11,5,0,0,0
1,1,63372,0,0,0,0,0,0,0,0,0,0
2,1,63372,0,0,0,0,0,0,0,0,0,0
1,1,63373,0,0,0,0,0,0,0,0,0,0
1,1,63374,0,0,0,0,0,0,0,0,0,0
2,1,63374,0,0,0,0,0,0,0,0,0,0
1,1,63375,0,0,0,0,0,0,0,0,0,0
1,1,63376,0,0,16,0,0,0,0,0,0,0
2,1,63376,0,0,0,0,0,0,0,0,0,0
3,1,63376,0,0,0,0,0,0,0,0,0,0
1,1,63377,9,6,0,11,0,9,0,0,0,0
1,1,63378,0,0,0,0,0,0,0,0,0,0
2,1,63378,0,0,0,0,0,0,0,0,0,0
0,1,63379,0,0,0,0,0,0,0,0,0,0
1,1,63379,0,0,0,0,0,0,0,0,0,0
1,1,63380,0,0,0,0,0,0,0,0,0,0
2,1,63380,26,7,0,0,0,0,0,0,0,0
1,1,63381,0,0,0,0,0,0,0,0,0,0
1,1,63382,0,0,0,0,0,0,0,0,0,0
2,1,63382,8,8,8,8,8,8,8,8,8,8
3,1,63382,0,0,0,0,0,0,0,0,0,0
1,1,63383,0,0,0,0,0,0,0,0,0,0
1,1,63384,0,0,0,0,0,0,0,0,0,0
1,1,63385,0,0,0,0,0,0,0,0,0,0
1,1,63386,0,0,0,0,0,0,0,0,0,0
2,1,63386,0,0,0,0,0,0,0,0,0,0
1,1,63387,0,0,0,0,0,0,0,0,0,0
2,1,63387,0,0,0,0,0,0,0,0,0,0
1,1,63388,0,0,0,0,0,0,0,0,0,0
2,1,63388,0,0,0,0,0,0,0,0,0,0
0,1,63389,0,0,0,0,0,0,0,0,0,0
1,1,63389,0,0,0,0,0,0,19,0,0,0
1,1,63390,19,19,19,19,19,19,19,19,19,19
1,1,63391,20,20,20,20,20,20,20,20,20,20
0,1,63392,0,0,0,0,0,0,0,0,0,0
1,1,63392,0,0,0,0,0,0,0,0,0,0
1,1,63393,12,12,12,12,12,12,12,12,12,12
1,1,63394,8,8,8,8,8,8,8,8,8,8
0,1,63395,0,0,0,0,0,0,0,0,0,0
1,1,63395,0,0,0,0,0,0,0,0,0,0
0,1,63396,0,0,0,0,0,0,0,0,0,0
1,1,63396,0,0,0,0,0,0,0,0,0,0
1,1,63397,2,2,2,2,2,2,2,2,2,2
2,1,63397,0,0,0,0,0,0,0,0,0,0
1,1,63398,0,0,0,0,0,0,0,0,0,0
1,1,63399,0,0,13,0,0,0,0,0,0,0
2,1,63399,0,0,0,0,0,0,0,0,0,0
1,1,63400,0,0,0,0,0,0,0,0,0,0
2,1,63400,0,0,0,0,0,0,0,0,0,0
0,1,63401,21,21,21,21,21,21,21,21,21,21
1,1,63401,0,0,0,0,0,0,0,0,0,0
0,1,63402,0,0,0,0,0,0,0,0,0,0
1,1,63402,0,0,0,0,0,0,0,0,0,0
1,1,63403,0,0,0,0,0,0,0,0,0,0
1,1,63404,0,0,0,0,0,0,0,0,0,0
2,1,63404,0,0,0,0,0,0,0,0,0,0
1,1,63405,0,0,0,0,0,0,0,0,0,0
2,1,63405,0,0,0,0,0,0,0,0,0,0
1,1,63406,15,8,14,16,14,6,22,21,15,22
1,1,63407,0,0,0,0,0,0,0,0,0,0
2,1,63407,0,0,0,0,0,0,0,0,0,0
1,1,63408,20,20,20,20,20,20,20,20,20,20
1,1,63409,15,15,15,15,15,15,15,15,15,15
0,1,63410,0,0,0,0,0,0,0,0,0,0
1,1,63410,0,0,0,0,0,7,0,0,17,0
0,1,63411,21,5,0,0,23,0,25,0,17,0
1,1,63411,0,0,0,0,0,4,0,0,0,0
1,1,63412,0,0,0,0,0,0,0,0,0,0
2,1,63412,0,0,0,0,0,0,0,0,0,0
1,1,63413,0,0,0,0,0,0,0,0,0,0
1,1,63414,0,0,0,0,0,0,0,0,0,0
2,1,63414,0,0,0,0,0,0,0,0,0,0
1,1,63415,0,0,0,0,0,0,0,0,0,0
1,1,63416,0,0,0,0,0,0,0,0,0,0
1,1,63417,0,15,5,5,0,0,21,0,0,9
2,1,63417,0,0,0,0,0,0,0,0,0,0
1,1,63418,0,0,0,0,0,0,0,0,0,0
2,1,63418,0,0,0,0,0,0,0,0,0,0
1,1,63419,0,0,0,0,0,0,0,0,0,0
0,1,63420,0,0,0,0,0,0,0,0,0,0
1,1,63420,0,0,0,0,0,0,0,0,0,0
1,1,63421,0,0,12,11,0,14,16,0,0,0
1,1,63422,0,0,0,0,0,0,0,0,0,0
2,1,63422,0,0,0,0,0,0,0,0,0,0
0,1,63423,0,0,0,0,0,0,0,0,0,0
1,1,63423,0,0,0,0,0,0,0,0,0,0
0,1,63424,35,35,35,35,35,35,35,35,35,35
1,1,63424,0,0,0,0,0,0,0,0,0,0
1,1,63425,21,21,21,21,21,21,21,21,21,21
2,1,63425,0,30,0,14,0,0,0,17,6,0
1,1,63426,0,0,0,0,0,0,0,0,0,0
1,1,63427,16,16,16,16,16,16,16,16,16,16
0,1,63428,0,0,0,0,0,0,0,0,0,0
1,1,63428,0,0,0,0,0,0,9,0,0,0
2,1,63428,0,0,0,0,0,0,0,0,0,0
0,1,63429,17,22,0,12,0,15,0,0,0,0
0,2,63429,0,0,0,40,0,0,0,0,0,0
1,1,63429,10,0,0,0,22,13,0,0,0,0
0,1,63430,0,0,0,0,0,0,0,0,0,0
1,1,63430,0,0,0,0,0,0,0,0,0,0
0,1,63431,0,0,0,0,0,0,0,0,0,0
1,1,63431,0,11,0,0,10,0,0,0,0,0
1,1,63432,3,3,3,3,3,3,3,3,3,3
1,1,63433,0,0,0,0,0,0,0,0,0,0
2,1,63433,0,0,0,0,0,0,0,0,0,0
1,1,63434,0,0,0,0,0,0,0,0,0,0
2,1,63434,0,0,0,0,0,0,0,0,0,0
1,1,63435,0,0,0,0,0,0,0,0,0,0
2,1,63435,0,0,0,0,0,0,0,0,0,0
1,1,63436,0,0,0,0,0,0,0,0,0,0
2,1,63436,0,0,0,0,0,0,0,0,0,0
1,1,63437,0,0,0,0,0,0,0,0,0,0
2,1,63437,0,0,0,0,0,0,0,0,0,0
0,1,63438,0,0,0,0,0,0,0,0,0,0
1,1,63438,0,0,0,0,0,0,0,0,0,0
1,1,63439,3,3,3,3,3,3,3,3,3,3
1,1,63440,0,0,0,0,0,0,0,0,0,0
2,1,63440,0,0,0,0,0,0,0,0,0,0
1,1,63441,0,0,0,0,0,0,0,0,0,0
2,1,63441,0,0,0,0,0,0,0,0,0,0
0,1,63442,0,0,0,0,0,0,0,0,0,0
1,1,63442,0,0,0,0,0,0,0,0,0,0
1,1,63443,10,0,0,0,0,0,12,0,0,0
2,1,63443,0,0,0,0,16,0,0,0,0,0
1,1,63444,0,0,0,0,0,8,0,0,0,0
2,1,63444,0,0,0,0,0,0,0,0,0,0
3,1,63444,0,0,0,0,0,0,0,0,0,0
1,1,63445,19,19,19,19,19,19,19,19,19,19
2,1,63445,0,0,0,0,0,0,0,0,0,5
0,1,63446,30,30,30,30,30,30,30,30,30,30
1,1,63446,0,6,0,0,32,0,0,0,0,0
2,1,63446,0,0,0,0,0,0,0,0,0,0
3,1,63446,0,0,0,0,0,0,0,0,0,0
0,1,63447,0,38,0,19,18,0,0,10,25,20
0,2,63447,0,0,0,6,0,21,0,0,0,0
1,1,63447,7,7,7,7,7,7,7,7,7,7
2,1,63447,0,0,0,0,0,0,0,0,0,0
1,1,63448,16,16,16,16,16,16,16,16,16,16
2,1,63448,0,0,0,0,0,0,0,0,0,0
3,1,63448,0,0,0,0,0,0,0,0,0,0
0,1,63449,0,0,0,0,0,0,0,0,0,0
0,2,63449,27,0,0,0,0,0,18,0,26,0
2,1,63449,0,0,0,0,0,0,0,15,22,0
1,1,63450,0,0,0,0,0,0,0,0,0,0
2,1,63450,0,0,0,0,0,0,0,0,0,0
3,1,63450,0,10,0,0,0,2,10,0,0,18
4,1,63450,0,0,0,0,0,0,0,0,0,0
1,1,63451,0,0,0,5,0,0,0,0,0,0
2,1,63451,0,0,0,0,0,0,0,0,0,38
3,1,63451,0,0,0,0,0,0,0,0,0,0
0,1,63452,0,0,0,0,0,0,0,0,0,0
1,1,63452,0,0,0,0,0,0,0,0,0,0
1,1,63453,0,0,0,0,0,0,0,0,0,0
2,1,63453,0,0,0,0,0,0,0,0,0,0
1,1,63454,0,0,0,0,0,0,0,0,0,0
2,1,63454,0,0,0,0,0,0,0,0,0,0
0,1,63455,0,0,0,0,0,0,0,0,0,0
1,1,63455,0,0,0,0,0,0,0,0,0,0
1,1,63456,0,0,0,0,0,0,0,0,0,0
1,1,63457,18,18,18,18,18,18,18,18,18,18
2,1,63457,0,0,0,0,0,0,0,0,0,0
3,1,63457,0,0,0,0,0,0,0,0,0,0
4,1,63457,0,0,0,0,0,0,0,0,0,0
5,1,63457,0,0,0,0,0,0,0,0,0,0
1,1,63458,0,0,0,0,0,0,0,0,0,0
2,1,63458,0,0,4,0,20,17,21,0,0,16
0,1,63459,0,0,0,0,0,0,0,0,0,0
0,2,63459,0,0,0,0,0,0,0,0,0,0
0,3,63459,0,0,0,0,0,0,0,0,0,0
0,4,63459,0,0,0,0,0,0,0,0,0,0
1,1,63459,0,0,0,0,0,0,0,0,0,0
0,1,63460,19,19,19,19,19,19,19,19,19,19
1,1,63460,0,0,0,0,0,0,0,0,0,0
1,1,63461,0,0,0,0,0,0,0,0,0,0
2,1,63461,0,0,0,0,0,0,0,0,0,0
1,1,63462,0,0,0,0,0,0,0,0,0,0
1,1,63463,20,20,20,20,20,20,20,20,20,20
2,1,63463,3,0,0,7,0,0,0,0,0,22
1,1,63464,0,0,0,0,0,0,0,0,0,0
2,1,63464,0,0,0,0,0,0,0,0,0,0
0,1,63465,20,20,20,20,20,20,20,20,20,20
1,1,63465,29,0,0,0,0,0,10,0,0,0
0,1,63466,0,0,0,0,0,0,0,0,8,0
1,1,63466,0,0,0,0,0,0,0,0,0,0
1,1,63467,0,0,0,0,0,0,0,0,0,0
2,1,63467,0,0,0,0,0,0,0,0,0,0
1,1,63468,0,0,0,0,0,0,0,0,0,0
1,1,63469,19,19,19,19,19,19,19,19,19,19
2,1,63469,1,1,1,1,1,1,1,1,1,1
3,1,63469,0,0,22,3,7,0,0,0,0,0
4,1,63469,0,3,0,0,0,0,0,0,0,0
1,1,63470,0,0,0,0,0,0,0,0,0,0
2,1,63470,0,0,0,0,0,0,0,0,0,0
1,1,63471,0,0,0,0,0,0,0,0,0,0
1,1,63472,0,0,0,0,0,0,0,0,0,0
2,1,63472,0,0,0,0,0,0,0,0,0,0
1,1,63473,0,0,0,0,0,0,0,0,0,0
2,1,63473,0,0,0,0,0,0,0,0,0,0
0,1,63474,0,0,0,0,0,0,0,0,0,0
1,1,63474,0,0,0,0,0,0,0,0,0,0
0,1,63475,10,10,10,10,10,10,10,10,10,10
1,1,63475,0,0,0,0,0,0,0,0,0,0
2,1,63475,0,0,0,0,0,0,0,0,0,0
0,1,63476,20,20,20,20,20,20,20,20,20,20
1,1,63476,0,0,20,0,0,0,0,0,0,0
1,1,63477,0,0,0,0,0,0,0,0,0,0
2,1,63477,0,0,0,0,0,0,0,0,0,0
1,1,63478,0,0,11,0,0,24,0,0,0,0
1,1,63479,0,0,0,0,0,0,0,0,0,10
2,1,63479,0,0,0,0,0,0,0,0,0,0
3,1,63479,0,16,0,3,15,10,0,0,0,6
1,1,63480,0,0,0,0,0,0,0,0,0,0
1,1,63481,0,0,0,0,0,0,0,11,0,0
2,1,63481,0,0,0,0,0,0,0,0,0,0
0,1,63482,26,26,26,26,26,26,26,26,26,26
1,1,63482,0,0,0,0,0,0,0,0,0,0
0,1,63483,21,21,21,21,21,21,21,21,21,21
1,1,63483,3,3,3,3,3,3,3,3,3,3
1,1,63484,17,17,17,17,17,17,17,17,17,17
1,1,63485,0,0,0,0,0,0,0,0,0,0
2,1,63485,4,14,13,11,21,0,12,0,17,16
1,1,63486,0,0,0,0,0,0,0,0,0,0
1,1,63487,0,0,0,0,22,0,0,20,0,0
0,1,63488,5,5,5,5,5,5,5,5,5,5
0,1,63489,0,0,0,0,0,0,0,0,0,0
1,1,63489,0,0,0,0,0,0,0,0,0,0
2,1,63489,0,0,0,0,0,0,0,0,0,10
0,1,63490,0,0,0,0,0,0,0,0,0,0
1,1,63490,0,0,0,11,10,0,0,0,0,0
1,1,63491,0,0,0,0,0,0,0,0,0,0
2,1,63491,17,0,0,0,0,0,0,24,0,0
1,1,63492,0,0,0,0,0,0,0,0,0,0
2,1,63492,0,0,0,0,0,0,0,0,0,0
1,1,63493,0,0,0,0,0,0,0,0,0,0
2,1,63493,0,0,0,0,0,0,0,0,0,0
3,1,63493,0,0,0,0,0,0,0,0,0,0
4,1,63493,0,0,0,0,0,0,0,0,0,0
0,1,63494,0,0,0,0,0,0,0,0,0,0
1,1,63494,0,0,0,0,0,0,0,0,0,0
0,1,63495,23,23,23,23,23,23,23,23,23,23
1,1,63495,0,0,0,0,0,0,0,0,0,0
1,1,63496,20,20,20,20,20,20,20,20,20,20
2,1,63496,0,0,0,0,0,0,0,0,0,0
1,1,63497,10,10,10,10,10,10,10,10,10,10
2,1,63497,0,0,0,0,0,0,0,0,0,0
1,1,63498,35,16,0,0,0,0,0,9,0,0
1,1,63499,13,13,13,13,13,13,13,13,13,13
1,1,63500,0,0,0,0,0,0,0,11,13,18
2,1,63500,0,0,0,0,0,0,0,0,0,0
1,1,63501,0,0,0,0,0,0,0,0,0,0
2,1,63501,0,0,0,0,0,0,0,0,0,0
1,1,63502,0,0,0,0,0,0,0,0,0,0
0,1,63503,4,0,7,0,0,0,0,0,0,0
1,1,63503,13,13,13,13,13,13,13,13,13,13
1,1,63504,0,0,0,0,0,0,0,0,0,0
1,1,63505,0,0,0,0,0,0,0,0,0,0
1,1,63506,19,19,19,19,19,19,19,19,19,19
2,1,63506,0,0,0,0,0,0,0,0,0,0
3,1,63506,0,0,0,0,0,0,0,0,0,0
1,1,63507,0,0,0,0,0,0,0,0,0,0
1,1,63508,0,0,0,9,16,0,0,0,0,0
2,1,63508,0,0,0,0,0,0,0,0,0,0
0,1,63509,27,27,27,27,27,27,27,27,27,27
1,1,63509,0,0,0,0,0,0,0,0,0,0
1,1,63510,0,0,0,0,0,0,0,0,0,0
2,1,63510,0,0,0,0,0,0,0,0,0,0
1,1,63511,0,0,0,0,0,0,0,0,0,0
2,1,63511,0,0,0,0,0,0,0,0,0,0
0,1,63512,0,0,0,0,0,0,0,0,0,0
1,1,63512,0,0,0,0,0,0,0,0,0,0
1,1,63513,0,0,0,0,0,0,0,0,0,0
1,1,63514,0,0,0,0,0,0,0,0,0,0
0,1,63515,0,0,0,6,0,0,0,0,0,0
1,1,63515,0,0,0,0,0,0,0,0,0,0
1,1,63516,0,0,0,0,0,0,0,0,0,0
2,1,63516,0,0,0,0,0,0,0,0,0,0
1,1,63517,0,0,0,0,0,0,0,0,0,0
2,1,63517,0,0,0,0,0,0,0,0,0,0
1,1,63518,0,0,0,0,0,0,0,0,0,0
2,1,63518,0,0,0,0,0,0,0,0,0,0
2,1,63519,0,0,0,0,0,0,0,0,0,0
3,1,63519,0,0,0,0,0,0,0,0,0,0
4,1,63519,0,0,0,0,0,0,0,0,0,0
5,1,63519,0,0,0,0,0,0,0,0,0,0
1,1,63520,0,0,0,0,0,0,0,0,0,0
2,1,63520,0,0,0,0,4,0,0,0,0,0
1,1,63521,0,0,0,0,0,0,0,0,0,11
2,1,63521,0,0,0,0,0,0,0,0,0,0
1,1,63522,0,0,0,0,0,0,0,0,0,0
2,1,63522,0,0,0,0,0,0,0,0,0,0
3,1,63522,0,0,0,7,0,0,0,0,0,0
1,1,63523,0,0,0,0,0,0,0,0,0,0
0,1,63524,0,0,0,0,0,0,0,0,0,0
1,1,63524,0,0,0,0,0,0,0,0,0,0
1,1,63525,0,0,0,0,0,0,0,0,0,0
2,1,63525,2,2,2,2,2,2,2,2,2,2
1,1,63526,18,18,18,18,18,18,18,18,18,18
2,1,63526,0,0,0,0,0,0,0,0,0,0
0,1,63527,28,28,28,28,28,28,28,28,28,28
1,1,63527,0,0,0,0,8,0,0,0,0,0
2,1,63527,0,0,16,0,0,0,0,0,0,0
1,1,63528,0,0,0,0,0,0,0,0,0,0
2,1,63528,0,0,0,0,0,0,0,0,0,0
1,1,63529,0,0,0,0,0,0,0,0,0,0
2,1,63529,0,0,0,0,0,0,0,0,0,0
1,1,63530,0,0,0,0,0,0,0,0,0,0
2,1,63530,0,0,17,0,0,0,0,6,0,0
1,1,63531,0,0,0,0,0,0,0,0,0,0
2,1,63531,0,0,0,0,0,0,0,0,0,0
1,1,63532,0,0,0,0,0,0,0,0,0,0
2,1,63532,0,0,0,0,0,0,0,0,0,0
1,1,63533,0,0,0,0,0,0,0,0,0,0
2,1,63533,0,0,0,0,0,0,0,0,0,0
0,1,63534,0,0,0,0,0,0,0,0,0,0
1,1,63534,0,0,0,0,8,0,0,0,0,0
1,1,63535,0,0,0,0,0,0,0,0,0,0
2,1,63535,0,0,0,0,0,0,0,0,0,0
1,1,63536,0,0,0,0,0,0,0,0,0,6
2,1,63536,0,0,0,0,0,0,0,0,0,0
0,1,63537,1,1,1,1,1,1,1,1,1,1
1,1,63537,14,0,0,0,0,0,0,0,0,0
1,1,63538,3,3,3,3,3,3,3,3,3,3
1,1,63539,0,0,0,0,0,0,0,0,0,0
2,1,63539,0,0,0,0,0,0,0,0,0,0
1,1,63540,0,0,0,0,0,0,0,0,0,0
2,1,63540,0,0,0,0,0,0,0,0,0,0
1,1,63541,0,0,0,0,0,0,0,0,0,0
2,1,63541,0,0,0,0,0,0,0,0,0,0
1,1,63542,0,0,0,0,0,0,0,0,0,0
2,1,63542,0,0,0,0,0,0,0,0,0,0
1,1,63543,0,0,0,0,0,0,0,0,0,0
2,1,63543,0,0,0,0,0,0,0,0,0,0
1,1,63544,17,17,17,17,17,17,17,17,17,17
0,1,63545,0,0,0,0,0,0,0,0,0,0
1,1,63545,0,0,0,0,0,0,0,0,0,0
1,1,63546,10,10,10,10,10,10,10,10,10,10
1,1,63547,0,12,0,0,0,9,0,0,13,0
2,1,63547,0,15,0,0,0,10,0,0,0,0
0,1,63548,36,36,36,36,36,36,36,36,36,36
1,1,63548,0,0,0,0,0,0,0,0,0,0
1,1,63549,0,0,0,0,0,0,0,0,0,0
2,1,63549,0,0,0,0,0,0,0,0,0,0
1,1,63550,0,23,0,13,5,0,0,0,0,14
2,1,63550,0,0,0,0,0,0,0,0,0,0
0,1,63551,1,1,1,1,1,1,1,1,1,1
1,1,63551,0,0,0,0,0,0,0,0,0,0
0,1,63552,0,0,0,0,0,0,0,0,0,0
1,1,63552,0,0,0,0,5,0,0,0,0,0
2,1,63552,28,0,16,0,0,0,0,19,0,0
0,1,63553,0,0,0,0,0,0,0,0,0,0