VEH_NO,PER_NO,ST_CASE,P1,P2,P3,P4,P5,P6,P7,P8,P9,P10
1,1,63553,0,0,0,0,0,0,0,20,0,0
2,1,63553,0,0,0,0,0,0,0,0,0,0
1,1,63554,13,13,13,13,13,13,13,13,13,13
1,1,63555,0,0,0,0,0,16,0,0,9,0
2,1,63555,0,0,0,0,0,0,0,0,0,0
1,1,63556,0,0,0,0,0,0,0,0,0,0
1,1,63557,0,0,0,0,0,0,0,0,0,0
1,1,63558,36,36,36,36,36,36,36,36,36,36
1,1,63559,0,0,0,0,0,0,0,0,0,0
2,1,63559,0,0,0,0,0,0,0,0,0,0
0,1,63560,0,11,0,0,0,16,13,0,0,0
1,1,63560,0,0,0,0,0,0,0,0,0,0
1,1,63561,0,0,0,0,0,0,0,0,0,0
1,1,63562,0,0,0,0,0,0,0,0,0,0
2,1,63562,0,0,0,0,0,0,0,0,0,0
0,1,63563,20,0,0,0,11,36,30,21,0,0
1,1,63563,0,0,0,0,0,0,0,0,0,0
1,1,63564,17,17,17,17,17,17,17,17,17,17
2,1,63564,0,0,0,0,0,0,0,0,0,0
1,1,63565,0,0,0,0,0,0,0,0,0,0
2,1,63565,0,0,0,0,0,0,0,0,0,0
1,1,63566,0,0,0,0,0,0,0,0,0,0
2,1,63566,0,0,0,0,0,0,0,0,0,0
1,1,63567,18,0,0,27,0,0,0,0,0,0
2,1,63567,0,0,0,0,0,0,0,0,0,0
3,1,63567,0,0,0,0,0,0,0,0,0,0
0,1,63568,0,0,0,0,0,0,0,0,0,0
2,1,63568,0,0,0,0,0,0,0,0,0,0
1,1,63569,0,0,0,0,0,0,0,0,0,0
2,1,63569,0,0,0,0,0,0,0,0,0,0
3,1,63569,0,0,0,0,0,0,0,0,0,0
1,1,63570,0,0,0,0,0,0,0,0,0,0
2,1,63570,0,15,0,0,0,0,0,0,0,0
3,1,63570,0,0,0,0,0,0,0,0,0,0
0,1,63571,0,0,0,0,0,0,0,0,0,0
1,1,63571,8,8,8,8,8,8,8,8,8,8
1,1,63572,0,0,0,0,0,0,0,0,0,0
2,1,63572,0,0,0,0,0,0,0,0,0,0
1,1,63573,0,7,0,0,0,0,0,7,0,0
2,1,63573,0,0,0,0,0,0,0,0,0,0
1,1,63574,29,29,29,29,29,29,29,29,29,29
1,1,63575,5,5,5,5,5,5,5,5,5,5
1,1,63576,26,26,26,26,26,26,26,26,26,26
2,1,63576,0,0,0,0,0,0,0,0,0,12
1,1,63577,13,13,13,13,13,13,13,13,13,13
2,1,63577,0,0,0,0,0,0,0,0,0,0
3,1,63577,0,0,0,0,0,0,0,0,0,0
1,1,63578,0,0,0,0,0,0,0,0,0,0
0,1,63579,40,40,40,40,40,40,40,40,40,40
1,1,63579,0,0,0,0,0,0,0,0,0,0
1,1,63580,0,0,0,0,0,0,0,0,0,0
0,1,63581,0,0,0,0,0,0,0,0,0,0
1,1,63581,0,0,0,12,0,0,0,0,0,0
0,1,63582,7,7,7,7,7,7,7,7,7,7
1,1,63582,14,0,0,2,0,0,0,0,0,0
1,1,63583,0,0,0,0,0,0,0,0,0,0
2,1,63583,0,0,0,0,0,0,0,0,0,0
0,1,63584,0,0,0,0,0,0,0,0,0,0
0,2,63584,0,0,0,0,0,0,0,0,0,0
1,1,63584,0,0,0,0,0,0,0,0,0,0
2,1,63584,0,0,0,0,0,0,0,0,0,0
0,1,63585,0,0,0,0,0,0,0,0,0,0
1,1,63585,0,0,0,0,0,0,0,0,0,0
1,1,63586,6,6,6,6,6,6,6,6,6,6
1,1,63587,2,2,2,2,2,2,2,2,2,2
2,1,63587,18,19,17,4,19,12,18,26,0,4
1,1,63588,20,20,20,20,20,20,20,20,20,20
1,1,63589,0,0,0,0,0,0,0,0,0,0
1,1,63590,0,0,0,0,0,0,0,0,0,0
2,1,63590,0,0,0,0,0,0,0,0,0,0
1,1,63591,23,23,23,23,23,23,23,23,23,23
1,1,63592,0,0,0,0,0,0,0,0,0,0
1,1,63593,0,0,0,0,0,0,14,0,0,12
1,1,63594,0,0,0,0,0,0,0,0,0,0
2,1,63594,0,4,0,0,20,0,10,0,0,20
1,1,63595,20,20,20,20,20,20,20,20,20,20
1,1,63596,0,0,0,0,0,0,0,0,0,0
2,1,63596,0,0,0,0,0,0,0,0,0,0
0,1,63597,19,19,19,19,19,19,19,19,19,19
1,1,63597,10,15,23,7,5,0,0,11,0,0
1,1,63598,0,0,0,0,0,0,0,0,0,0
0,1,63599,0,0,0,0,0,0,0,0,0,0
1,1,63599,0,0,0,0,0,0,0,0,0,0
1,1,63600,0,0,0,0,0,0,0,0,0,0
2,1,63600,0,0,0,0,0,0,0,0,0,0
3,1,63600,0,0,0,0,0,0,0,0,0,0
1,1,63601,10,10,10,10,10,10,10,10,10,10
2,1,63601,15,27,0,0,0,0,0,0,0,0
3,1,63601,0,0,0,0,0,0,0,0,14,0
0,1,63602,0,0,0,0,0,0,0,0,0,0
0,2,63602,0,0,0,0,0,0,0,0,0,0
1,1,63602,16,16,16,16,16,16,16,16,16,16
0,1,63603,0,0,0,0,0,0,0,0,0,0
1,1,63603,0,0,0,0,0,0,0,0,0,0
0,1,63604,0,0,0,0,0,0,0,0,0,0
1,1,63604,0,0,0,0,0,0,0,0,0,0
1,1,63605,0,0,0,0,0,0,0,0,0,0
2,1,63605,0,0,0,0,0,0,0,0,0,0
1,1,63606,10,10,10,10,10,10,10,10,10,10
2,1,63606,11,11,11,11,11,11,11,11,11,11
1,1,63607,0,0,0,0,31,0,0,12,0,5
2,1,63607,0,0,0,0,0,0,0,0,0,0
3,1,63607,0,0,0,0,0,0,0,0,0,0
4,1,63607,0,0,0,0,0,0,0,0,0,0
1,1,63608,0,0,0,0,0,0,0,0,4,0
2,1,63608,0,0,0,0,0,0,0,0,0,0
0,1,63609,0,8,0,21,32,0,19,16,0,22
1,1,63609,0,0,0,0,0,0,0,0,0,0
1,1,63610,0,0,0,0,0,0,0,0,0,0
2,1,63610,0,0,0,0,0,0,0,0,0,0
3,1,63610,0,0,0,0,0,0,0,0,0,0
1,1,63611,0,0,0,0,0,0,0,0,0,0
2,1,63611,0,0,0,0,0,0,0,0,0,0
3,1,63611,0,0,0,0,0,0,0,0,0,0
4,1,63611,0,0,0,0,0,0,0,0,0,0
1,1,63612,0,0,0,0,0,0,0,0,0,0
1,1,63613,0,0,0,0,0,0,0,0,0,4
2,1,63613,0,0,0,0,0,0,0,0,0,0
3,1,63613,0,6,0,0,0,0,0,0,0,0
1,1,63614,0,0,0,14,0,0,0,0,0,0
2,1,63614,20,18,15,3,2,26,13,5,0,6
3,1,63614,0,2,7,0,0,0,0,0,0,0
4,1,63614,0,0,0,0,0,0,0,0,0,0
1,1,63615,0,0,0,0,0,0,0,0,0,0
2,1,63615,0,0,0,0,0,0,0,0,10,0
3,1,63615,0,0,0,0,0,0,0,0,0,0
1,1,63616,0,0,0,0,0,0,0,0,0,0
2,1,63616,0,0,0,0,0,0,0,0,0,0
1,1,63617,0,0,0,0,0,0,0,0,0,0
1,1,63618,0,0,0,0,0,0,0,0,0,0
1,1,63619,23,37,21,8,19,12,30,8,13,17
1,1,63620,25,25,25,25,25,25,25,25,25,25
2,1,63620,0,0,0,0,0,0,0,0,0,0
1,1,63621,18,18,18,18,18,18,18,18,18,18
2,1,63621,0,0,0,0,0,0,0,0,0,0
1,1,63622,0,0,0,0,0,13,0,0,0,0
2,1,63622,0,0,4,0,0,0,0,0,0,0
0,1,63623,0,0,0,0,0,0,0,0,0,0
1,1,63623,0,0,0,0,0,0,0,0,0,0
0,1,63624,0,0,0,0,0,0,0,0,0,0
0,2,63624,0,0,0,0,0,0,0,0,0,0
1,1,63624,0,0,6,0,0,0,0,0,0,0
1,1,63625,11,11,11,11,11,11,11,11,11,11
2,1,63625,0,0,0,6,0,0,0,0,0,0
0,1,63626,0,0,0,0,25,0,0,7,0,0
1,1,63626,0,0,0,0,0,0,0,0,0,0
1,1,63627,37,12,0,0,12,0,0,0,0,6
1,1,63628,19,19,19,19,19,19,19,19,19,19
1,1,63629,0,0,0,0,0,0,0,11,0,0
1,1,63630,0,0,0,0,0,0,0,0,0,0
2,1,63630,0,0,0,0,0,0,0,0,0,0
1,1,63631,0,0,0,0,0,0,0,0,0,0
1,1,63632,27,27,27,27,27,27,27,27,27,27
1,1,63633,10,10,10,10,10,10,10,10,10,10
1,1,63634,0,0,0,0,0,0,0,0,0,0
1,1,63635,0,0,0,0,0,0,0,0,0,0
2,1,63635,0,0,0,0,0,4,0,0,0,0
0,1,63636,0,0,12,0,0,0,23,0,0,0
1,1,63636,0,0,0,0,0,0,0,0,0,0
1,1,63637,21,21,21,21,21,21,21,21,21,21
1,1,63638,27,27,27,27,27,27,27,27,27,27
2,1,63638,0,0,0,0,0,0,0,0,0,0
1,1,63639,7,11,32,43,26,0,0,0,15,0
1,1,63640,21,21,21,21,21,21,21,21,21,21
1,1,63641,0,0,0,0,0,0,0,0,0,0
0,1,63642,5,5,5,5,5,5,5,5,5,5
1,1,63642,0,15,0,0,38,0,25,0,9,6
1,1,63643,0,0,0,0,0,0,0,0,0,0
0,1,63644,0,0,0,0,0,0,0,0,0,0
1,1,63644,0,0,0,0,0,0,0,0,0,0
0,1,63645,0,0,0,0,0,0,0,0,0,0
1,1,63645,0,0,0,0,0,0,0,0,0,0
0,1,63646,0,0,0,0,0,0,0,0,0,0
1,1,63646,0,0,0,14,0,8,0,0,0,0
1,1,63647,29,12,19,14,25,0,28,20,41,20
1,1,63648,18,18,18,18,18,18,18,18,18,18
1,1,63649,0,0,6,5,14,0,5,0,0,0
1,1,63650,0,0,0,0,0,0,0,0,0,0
0,1,63651,17,17,17,17,17,17,17,17,17,17
1,1,63651,11,0,14,0,6,0,0,0,0,0
0,1,63652,0,0,0,0,0,0,0,0,0,0
1,1,63652,0,0,0,0,0,0,0,0,0,0
0,1,63653,0,0,0,0,0,0,0,0,0,0
1,1,63653,0,0,0,0,0,0,0,0,0,0
1,1,63654,0,0,0,0,0,0,0,0,0,0
1,1,63655,19,19,19,19,19,19,19,19,19,19
0,1,63656,0,0,0,0,0,0,0,0,0,0
1,1,63656,0,0,0,0,0,0,0,0,0,0
0,1,63657,0,0,0,0,0,0,0,0,0,0
1,1,63657,0,0,0,0,0,0,0,0,0,0
1,1,63658,4,4,4,4,4,4,4,4,4,4
1,1,63659,19,19,19,19,19,19,19,19,19,19
0,1,63660,0,0,0,0,0,0,0,0,0,0
1,1,63660,0,0,0,0,0,0,0,0,0,0
0,1,63661,0,0,0,0,0,0,0,0,0,0
1,1,63661,0,0,0,0,0,0,0,0,0,0
1,1,63662,0,0,0,0,0,0,0,0,0,0
2,1,63662,0,0,0,0,0,0,0,0,16,0
1,1,63663,0,0,0,0,0,0,0,0,0,0
2,1,63663,0,0,0,0,0,0,0,0,0,0
1,1,63664,0,0,0,0,0,0,0,0,0,0
2,1,63664,0,0,0,0,0,0,0,0,0,0
1,1,63665,0,0,0,0,0,0,0,0,0,0
2,1,63665,0,0,0,0,0,0,10,0,0,0
1,1,63666,0,0,0,0,0,0,0,0,0,0
0,1,63667,0,0,0,0,0,0,0,0,0,0
1,1,63667,0,19,0,19,0,0,16,0,0,0
0,1,63668,0,0,0,0,0,0,0,0,0,0
1,1,63668,0,0,0,0,0,0,0,0,0,0
1,1,63669,21,21,21,21,21,21,21,21,21,21
2,1,63669,0,0,0,0,7,0,0,0,0,0
3,1,63669,0,0,0,0,0,0,0,0,0,0
0,1,63670,0,0,0,0,0,0,0,0,0,0
1,1,63670,29,26,6,0,15,0,0,0,0,0
1,1,63671,0,13,0,0,8,0,0,0,0,0
1,1,63672,0,0,0,0,0,0,0,0,0,0
2,1,63672,0,0,0,0,0,0,0,0,0,0
1,1,63673,0,0,0,0,18,0,0,0,0,0
2,1,63673,0,0,0,0,0,0,0,0,0,0
1,1,63674,0,0,0,0,0,0,0,0,0,0
2,1,63674,0,0,0,0,0,0,0,0,0,0
1,1,63675,0,0,0,0,0,0,0,0,0,0
2,1,63675,0,0,0,0,0,0,0,0,0,13
3,1,63675,0,0,0,0,0,0,19,0,0,7
1,1,63676,0,0,0,15,0,0,0,0,10,0
1,1,63677,0,0,0,0,0,0,0,0,0,0
2,1,63677,0,0,0,0,0,0,0,0,0,0
3,1,63677,0,0,0,0,0,0,0,0,0,0
0,1,63678,0,0,0,0,0,0,0,0,0,0
1,1,63678,0,0,0,9,0,0,0,0,0,0
0,1,63679,0,0,0,0,27,0,0,0,0,0
1,1,63679,0,6,0,0,10,0,0,0,0,14
1,1,63680,11,11,11,11,11,11,11,11,11,11
2,1,63680,0,0,0,0,0,0,0,0,0,0
1,1,63681,0,14,0,0,16,0,0,0,0,0
2,1,63681,7,7,7,7,7,7,7,7,7,7
1,1,63682,0,0,0,0,0,0,0,0,18,0
2,1,63682,0,0,0,0,0,0,0,0,0,0
1,1,63683,5,5,5,5,5,5,5,5,5,5
1,1,63684,16,0,16,16,12,1,34,11,17,13
1,1,63685,27,27,27,27,27,27,27,27,27,27
2,1,63685,0,0,0,0,0,0,0,0,0,0
0,1,63686,0,0,0,0,0,0,0,0,0,0
1,1,63686,0,0,0,0,0,0,0,0,0,0
1,1,63687,0,0,0,0,0,0,0,0,0,0
2,1,63687,0,0,0,0,0,0,0,0,0,0
3,1,63687,0,0,0,0,0,0,0,0,0,0
4,1,63687,0,0,0,0,0,0,0,0,0,0
1,1,63688,0,0,0,0,0,0,0,0,0,0
2,1,63688,0,0,0,0,0,0,0,0,0,0
1,1,63689,0,0,0,0,0,0,0,0,0,0
1,1,63690,0,0,0,0,0,0,0,2,0,0
2,1,63690,0,0,0,0,0,0,0,0,0,0
1,1,63691,9,9,9,9,9,9,9,9,9,9
1,1,63692,7,7,7,7,7,7,7,7,7,7
1,1,63693,20,20,20,20,20,20,20,20,20,20
1,1,63694,18,19,15,15,19,10,9,4,16,22
1,1,63695,17,17,17,17,17,17,17,17,17,17
0,1,63696,0,0,0,0,0,0,0,0,0,0
1,1,63696,0,0,0,0,0,0,0,0,0,0
0,1,63697,3,3,3,3,3,3,3,3,3,3
1,1,63697,0,0,0,0,0,0,0,0,0,0
0,1,63698,20,20,20,20,20,20,20,20,20,20
1,1,63698,0,0,0,0,0,0,0,0,0,0
1,1,63699,31,31,31,31,31,31,31,31,31,31
1,1,63700,0,0,0,0,0,0,0,0,0,0
1,1,63701,23,23,23,23,23,23,23,23,23,23
0,1,63702,0,0,0,0,0,0,0,0,0,0
1,1,63702,0,0,0,0,0,0,0,0,0,0
1,1,63703,11,9,20,22,11,11,12,41,13,17
1,1,63704,0,0,0,0,0,0,0,0,0,0
1,1,63705,17,17,17,17,17,17,17,17,17,17
1,1,63706,0,0,0,0,0,0,0,0,0,0
0,1,63707,22,22,22,22,22,22,22,22,22,22
1,1,63707,0,0,0,0,14,0,0,0,16,0
1,1,63708,0,0,0,0,0,0,0,0,0,0
2,1,63708,0,0,0,0,0,0,0,0,0,0
0,1,63709,0,0,0,0,0,0,0,0,0,0
1,1,63709,0,0,0,0,0,0,0,0,0,0
1,1,63710,0,0,0,0,0,0,0,0,0,0
2,1,63710,0,0,0,0,0,0,0,0,0,0
1,1,63711,0,0,0,0,0,0,0,0,0,0
2,1,63711,0,0,0,0,0,0,0,0,0,0
1,1,63712,20,20,20,20,20,20,20,20,20,20
2,1,63712,0,0,6,0,0,0,0,0,0,0
3,1,63712,0,0,0,0,0,0,0,0,0,0
1,1,63713,0,0,0,0,0,0,0,0,0,0
2,1,63713,0,0,0,0,0,0,0,0,0,0
3,1,63713,0,0,0,0,0,0,0,0,0,0
1,1,63714,0,0,0,0,0,0,0,0,0,0
2,1,63714,0,0,0,0,0,0,0,0,0,0
3,1,63714,0,0,0,0,0,0,0,0,0,0
4,1,63714,0,0,0,0,0,0,0,0,29,0
0,1,63715,0,0,0,0,0,0,0,0,0,0
0,2,63715,0,0,0,0,0,0,0,0,0,0
0,3,63715,0,0,0,0,0,0,0,0,0,0
0,4,63715,0,0,0,0,0,0,0,0,0,0
1,1,63715,0,0,0,0,0,0,0,0,0,0
2,1,63715,0,0,0,0,0,0,0,0,0,0
0,1,63716,0,0,0,0,0,0,0,0,0,0
1,1,63716,0,0,0,0,0,0,0,0,0,0
1,1,63717,8,0,19,14,15,10,14,36,18,8
2,1,63717,0,0,0,0,0,0,0,0,0,0
1,1,63718,0,0,0,0,0,0,0,0,0,0
2,1,63718,0,0,0,0,0,0,0,0,0,0
1,1,63719,16,16,16,16,16,16,16,16,16,16
0,1,63720,22,22,22,22,22,22,22,22,22,22
1,1,63720,0,0,19,0,0,0,15,0,0,0
1,1,63721,15,15,15,15,15,15,15,15,15,15
0,1,63722,0,24,33,11,11,0,20,0,0,24
0,2,63722,18,0,0,0,2,0,0,0,0,17
1,1,63722,0,0,0,0,0,0,0,0,15,0
2,1,63722,0,0,0,0,0,0,0,0,0,0
1,1,63723,14,14,14,14,14,14,14,14,14,14
0,1,63724,0,0,0,0,0,0,0,0,0,0
1,1,63724,0,0,0,0,0,0,0,0,0,0
0,1,63725,0,0,0,0,0,0,0,0,0,0
1,1,63725,0,0,0,8,0,0,0,0,0,0
1,1,63726,0,0,0,0,0,0,0,0,0,0
0,1,63727,0,0,0,0,0,0,0,0,0,0
1,1,63727,0,0,0,0,0,0,0,0,0,0
1,1,63728,0,0,0,0,0,0,15,0,0,0
2,1,63728,0,0,0,0,0,0,0,0,0,0
1,1,63729,23,23,23,23,23,23,23,23,23,23
1,1,63730,0,0,0,0,0,0,0,0,0,0
1,1,63731,0,0,0,0,0,0,0,0,0,0
2,1,63731,0,0,0,0,0,0,0,0,0,7
1,1,63732,0,0,0,0,0,0,0,0,0,0
0,1,63733,0,0,0,0,0,0,0,0,0,0
1,1,63733,0,0,0,0,0,0,0,0,0,0
1,1,63734,0,0,0,0,0,0,0,0,0,0
2,1,63734,0,0,0,0,0,0,0,0,0,0
1,1,63735,13,13,13,13,13,13,13,13,13,13
2,1,63735,13,0,31,5,0,26,0,0,13,0
1,1,63736,30,30,30,30,30,30,30,30,30,30
2,1,63736,0,0,0,0,0,0,0,0,0,0
1,1,63737,0,0,0,0,0,0,0,0,0,0
2,1,63737,0,0,0,0,0,0,0,0,0,0
1,1,63738,0,0,0,0,0,0,0,0,0,0
2,1,63738,0,0,0,0,0,0,0,0,0,0
1,1,63739,0,0,0,0,0,0,0,0,33,16
2,1,63739,0,0,0,0,0,0,0,0,0,0
1,1,63740,0,0,0,0,0,0,0,0,0,0
1,1,63741,15,15,15,15,15,15,15,15,15,15
1,1,63742,12,12,12,12,12,12,12,12,12,12
2,1,63742,20,0,49,0,38,7,0,22,0,0
1,1,63743,2,2,2,2,2,2,2,2,2,2
1,1,63744,5,5,5,5,5,5,5,5,5,5
0,1,63745,0,0,0,0,0,0,0,0,0,0
1,1,63745,0,0,0,0,0,0,0,6,0,0
1,1,63746,0,0,0,0,0,0,0,0,0,0
1,1,63747,0,0,0,0,0,0,0,0,0,0
1,1,63748,18,18,18,18,18,18,18,18,18,18
1,1,63749,22,22,22,22,22,22,22,22,22,22
1,1,63750,0,0,0,0,0,0,0,0,0,0
1,1,63751,10,13,0,12,11,10,0,8,34,19
2,1,63751,0,0,0,0,0,0,0,0,0,0
1,1,63752,0,0,0,0,0,0,0,0,0,0
0,1,63753,0,0,0,0,0,0,0,0,0,0
1,1,63753,0,0,11,0,0,0,20,8,0,0
1,1,63754,3,3,3,3,3,3,3,3,3,3
0,1,63755,0,0,0,0,0,0,0,0,0,0
1,1,63755,0,0,0,0,0,0,0,0,0,0
1,1,63756,0,0,0,0,0,0,0,0,0,0
1,1,63757,0,0,0,0,0,0,0,0,0,0
1,1,63758,20,20,20,20,20,20,20,20,20,20
0,1,63759,12,12,12,12,12,12,12,12,12,12
1,1,63759,0,18,0,0,7,0,0,29,0,0
0,1,63760,17,17,17,17,17,17,17,17,17,17
1,1,63760,0,0,0,0,0,0,0,0,0,0
1,1,63761,0,0,0,0,0,0,0,0,0,0
1,1,63762,0,0,0,0,0,0,0,0,0,0
1,1,63763,26,26,26,26,26,26,26,26,26,26
1,1,63764,22,22,22,22,22,22,22,22,22,22
1,1,63765,30,16,13,11,13,20,8,16,13,8
0,1,63766,0,0,0,0,0,0,0,0,0,0
1,1,63766,0,0,0,0,0,0,0,0,0,0
0,1,63767,0,0,0,0,0,0,0,0,0,0
1,1,63767,18,0,0,0,0,0,0,0,0,0
1,1,63768,0,0,0,0,0,0,8,0,0,0
1,1,63769,0,0,0,0,0,0,0,0,0,0
2,1,63769,0,0,0,0,0,0,0,0,0,0
1,1,63770,30,14,8,28,13,31,30,28,12,35
1,1,63771,14,14,14,14,14,14,14,14,14,14
2,1,63771,0,0,0,0,0,0,0,0,0,0
3,1,63771,0,0,0,0,0,0,0,0,0,0
1,1,63772,21,21,21,21,21,21,21,21,21,21
2,1,63772,0,0,0,0,0,0,0,0,0,0
1,1,63773,14,14,14,14,14,14,14,14,14,14
2,1,63773,0,13,0,0,0,0,0,0,25,0
1,1,63774,24,24,24,24,24,24,24,24,24,24
1,1,63775,15,15,15,15,15,15,15,15,15,15
0,1,63776,0,0,0,0,18,0,0,0,0,0
1,1,63776,0,0,0,0,0,0,0,0,0,0
1,1,63777,0,0,0,0,0,0,0,0,0,0
1,1,63778,0,0,0,0,0,0,0,0,0,0
2,1,63778,0,0,0,0,0,0,0,0,0,0
1,1,63779,5,5,5,5,5,5,5,5,5,5
2,1,63779,0,0,0,0,0,0,0,0,0,0
1,1,63780,13,13,13,13,13,13,13,13,13,13
2,1,63780,0,0,0,0,0,0,0,0,0,0
1,1,63781,23,23,23,23,23,23,23,23,23,23
2,1,63781,0,0,0,0,0,0,0,0,0,0
1,1,63782,23,23,23,23,23,23,23,23,23,23
2,1,63782,0,0,0,0,0,0,0,0,0,0
3,1,63782,0,0,0,0,0,0,0,0,0,0
1,1,63783,0,0,0,0,0,0,0,0,0,0
2,1,63783,0,0,0,0,0,0,0,0,0,0
3,1,63783,0,0,0,0,0,0,0,0,0,0
1,1,63784,0,0,0,0,0,0,0,0,0,0
2,1,63784,0,0,0,0,0,0,0,0,0,0
0,1,63785,0,0,0,0,0,0,0,0,0,0
1,1,63785,13,18,12,24,9,22,16,19,22,16
0,1,63786,20,20,20,20,20,20,20,20,20,20
1,1,63786,0,0,0,0,9,0,0,26,12,0
0,1,63787,28,25,0,0,0,0,0,0,0,30
1,1,63787,0,0,0,0,0,0,0,0,0,0
1,1,63788,20,20,20,20,20,20,20,20,20,20
0,1,63789,20,0,0,0,0,0,0,0,0,0
1,1,63789,0,0,0,0,0,0,0,0,0,0
1,1,63790,11,11,11,11,11,11,11,11,11,11
0,1,63791,0,0,0,18,0,1,3,0,0,0
1,1,63791,0,0,0,0,0,0,0,0,0,0
1,1,63792,11,11,11,11,11,11,11,11,11,11
0,1,63793,0,0,0,0,0,0,0,0,0,0
1,1,63793,0,0,0,0,0,0,0,0,0,0
1,1,63794,0,0,0,0,0,0,0,0,0,0
2,1,63794,0,0,0,0,0,0,0,0,0,0
1,1,63795,0,0,0,0,0,0,0,0,0,0
2,1,63795,0,0,0,0,0,0,0,0,0,0
3,1,63795,0,0,0,0,0,0,0,0,0,0
4,1,63795,0,0,0,0,0,0,0,0,0,0
1,1,63796,0,0,0,0,6,0,0,0,0,0
2,1,63796,0,0,0,0,0,0,0,0,0,0
0,1,63797,0,0,0,0,0,0,0,0,0,0
1,1,63797,0,0,0,0,0,0,0,0,0,0
1,1,63798,0,0,0,0,0,0,0,0,0,0
1,1,63799,0,0,0,0,0,0,0,0,0,0
2,1,63799,0,0,0,0,0,0,0,0,0,0
0,1,63800,0,0,0,0,0,0,0,0,0,0
1,1,63800,5,0,0,0,19,0,7,0,0,0
0,1,63801,14,14,14,14,14,14,14,14,14,14
1,1,63801,18,0,17,18,11,14,10,25,29,19
1,1,63802,16,16,16,16,16,16,16,16,16,16
1,1,63803,0,0,0,0,0,0,0,0,0,0
2,1,63803,0,0,0,11,0,0,0,0,0,0
1,1,63804,10,10,10,10,10,10,10,10,10,10
1,1,63805,0,0,0,0,0,0,0,0,0,0
2,1,63805,10,7,9,0,0,0,12,0,26,0
1,1,63806,0,0,0,0,0,0,0,0,0,0
2,1,63806,0,0,0,0,0,0,0,0,0,0
1,1,63807,0,0,0,0,0,0,0,0,0,0
2,1,63807,0,0,0,0,0,0,0,0,0,0
1,1,63808,0,0,0,0,0,0,0,0,0,0
1,1,63809,0,0,13,0,18,21,11,0,5,0
0,1,63810,0,0,0,0,0,0,0,0,0,0
1,1,63810,0,0,0,0,0,0,13,0,0,0
1,1,63811,0,0,0,0,0,0,0,0,17,0
0,1,63812,0,0,0,0,0,0,0,0,0,0
1,1,63812,0,20,28,0,3,0,11,0,0,0
1,1,63813,15,6,15,0,0,20,35,0,24,0
2,1,63813,0,0,0,0,0,0,0,0,0,0
0,1,63814,39,32,22,16,27,0,15,31,0,0
1,1,63814,0,10,0,0,0,12,0,17,0,0
1,1,63815,31,31,31,31,31,31,31,31,31,31
1,1,63816,0,0,0,0,0,0,0,0,0,0
2,1,63816,0,0,0,0,0,0,0,0,0,0
3,1,63816,0,0,0,0,0,0,0,0,0,0
1,1,63817,6,14,18,5,8,0,15,25,22,15
2,1,63817,0,0,0,0,0,0,0,0,0,0
0,1,63818,27,20,28,18,38,24,19,9,24,16
1,1,63818,0,22,0,0,0,0,0,0,0,0
2,1,63818,0,0,0,0,0,0,0,0,0,0
1,1,63819,0,0,0,0,0,0,0,0,0,0
2,1,63819,0,0,0,0,0,0,0,0,0,0
3,1,63819,0,0,0,0,0,0,0,0,0,0
0,1,63820,0,0,0,0,0,0,0,0,0,0
1,1,63820,40,0,0,21,0,0,0,0,0,0
1,1,63821,11,11,11,11,11,11,11,11,11,11
2,1,63821,0,0,0,0,0,6,0,19,0,0
3,1,63821,24,0,0,0,0,0,0,0,0,0
0,1,63822,20,38,26,6,18,38,20,30,48,33
1,1,63822,0,0,0,0,0,0,0,0,0,33
1,1,63823,0,0,0,0,0,0,0,0,0,0
2,1,63823,0,0,0,0,0,0,0,0,0,0
0,1,63824,0,0,0,0,0,0,0,0,0,0
1,1,63824,9,0,22,14,21,3,0,16,28,15
1,1,63825,0,0,0,0,0,0,0,0,0,0
1,1,63826,13,0,0,0,0,0,0,0,0,0
1,1,63827,0,0,0,0,0,0,8,26,0,0
2,1,63827,0,0,0,0,0,0,0,0,0,0
1,1,63828,0,0,0,0,0,0,0,0,0,0
2,1,63828,0,0,0,0,0,0,0,0,0,0
3,1,63828,0,0,0,0,0,0,0,0,0,0
4,1,63828,0,0,0,0,0,0,0,0,0,0
1,1,63829,0,0,0,0,0,0,0,0,0,0
1,1,63830,14,14,14,14,14,14,14,14,14,14
1,1,63831,18,18,18,18,18,18,18,18,18,18
0,1,63832,0,0,0,0,0,0,0,0,0,0
1,1,63832,0,0,0,0,26,0,15,7,0,0
1,1,63833,0,0,0,0,0,0,0,0,0,0
2,1,63833,0,0,0,0,0,0,0,0,0,0
1,1,63834,0,0,30,0,0,0,0,0,0,0
2,1,63834,0,0,0,0,0,0,0,0,0,0
1,1,63835,0,0,24,36,17,0,10,0,0,0
2,1,63835,0,0,0,0,0,0,0,0,0,0
3,1,63835,0,0,0,0,0,0,0,0,0,0
1,1,63836,0,0,31,0,0,9,0,0,0,0
0,1,63837,20,20,20,20,20,20,20,20,20,20
1,1,63837,0,0,0,0,0,0,0,0,10,0
2,1,63837,0,0,0,0,0,0,0,0,0,0
1,1,63838,0,0,0,0,0,0,10,0,0,0
2,1,63838,26,26,26,26,26,26,26,26,26,26
0,1,63839,0,0,0,0,0,0,0,0,0,0
1,1,63839,0,0,0,0,0,0,0,0,0,0
1,1,63840,23,23,23,23,23,23,23,23,23,23